===== 2026-07-01 18:10:01 +0530 11:00 SEO tracker run start =====
2026-07-01 18:10:03  INFO     phone_seo                 phone crawl-only run: 5 domains
2026-07-01 18:10:03  INFO     phone_seo                   -> ambimat
2026-07-01 18:10:03  INFO     seo_tracker.keyword_engine  fetching sitemap: https://ambimat.com/sitemap.xml
2026-07-01 18:10:08  INFO     seo_tracker.keyword_engine  fetching sitemap: https://ambimat.com/post-sitemap.xml
2026-07-01 18:10:09  INFO     seo_tracker.keyword_engine  sitemap returned 190 URLs
2026-07-01 18:10:09  INFO     seo_tracker.keyword_engine  fetching sitemap: https://ambimat.com/page-sitemap.xml
2026-07-01 18:10:10  INFO     seo_tracker.keyword_engine  sitemap returned 75 URLs
2026-07-01 18:10:10  INFO     seo_tracker.keyword_engine  fetching sitemap: https://ambimat.com/timeline-sitemap.xml
2026-07-01 18:10:10  INFO     seo_tracker.keyword_engine  sitemap returned 27 URLs
2026-07-01 18:10:10  INFO     seo_tracker.keyword_engine  fetching sitemap: https://ambimat.com/case_study-sitemap.xml
2026-07-01 18:10:11  INFO     seo_tracker.keyword_engine  sitemap returned 4 URLs
2026-07-01 18:10:11  INFO     seo_tracker.keyword_engine  fetching sitemap: https://ambimat.com/category-sitemap.xml
2026-07-01 18:10:11  INFO     seo_tracker.keyword_engine  sitemap returned 2 URLs
2026-07-01 18:10:12  INFO     seo_tracker.keyword_engine  fetching sitemap: https://ambimat.com/post_tag-sitemap.xml
2026-07-01 18:10:12  INFO     seo_tracker.keyword_engine  sitemap returned 124 URLs
2026-07-01 18:10:12  INFO     seo_tracker.keyword_engine  fetching sitemap: https://ambimat.com/event-sitemap.xml
2026-07-01 18:10:13  INFO     seo_tracker.keyword_engine  sitemap returned 1 URLs
2026-07-01 18:10:13  INFO     seo_tracker.keyword_engine  fetching sitemap: https://ambimat.com/product_categories-sitemap.xml
2026-07-01 18:10:14  INFO     seo_tracker.keyword_engine  sitemap returned 11 URLs
2026-07-01 18:10:14  INFO     seo_tracker.keyword_engine  sitemap returned 434 URLs
2026-07-01 18:12:12  INFO     seo_tracker.keyword_engine  inventory built: 180 keywords (40 pages crawled) for slug=ambimat
2026-07-01 18:12:12  INFO     seo_tracker.internal_links  internal-link analysis [ambimat]: 1 orphan, 35 under-linked, 1 over-linked, 2394 broken outbound, 9 recs
2026-07-01 18:12:12  INFO     seo_tracker.weak_pages    weak-page findings: 73 (high=3 medium=56 low=14)
2026-07-01 18:12:12  INFO     phone_seo                   -> ambisecure
2026-07-01 18:12:12  INFO     seo_tracker.keyword_engine  fetching sitemap: https://ambisecure.ambimat.com/sitemap.xml
2026-07-01 18:12:13  INFO     seo_tracker.keyword_engine  sitemap returned 318 URLs
2026-07-01 18:13:08  INFO     seo_tracker.keyword_engine  inventory built: 183 keywords (40 pages crawled) for slug=ambisecure
2026-07-01 18:13:08  INFO     seo_tracker.internal_links  internal-link analysis [ambisecure]: 0 orphan, 6 under-linked, 17 over-linked, 527 broken outbound, 21 recs
2026-07-01 18:13:08  INFO     seo_tracker.weak_pages    weak-page findings: 83 (high=0 medium=49 low=34)
2026-07-01 18:13:08  INFO     phone_seo                   -> esim
2026-07-01 18:13:08  INFO     seo_tracker.keyword_engine  fetching sitemap: https://esim.ambimat.com/sitemap.xml
2026-07-01 18:13:08  INFO     seo_tracker.keyword_engine  sitemap returned 33 URLs
2026-07-01 18:13:43  INFO     seo_tracker.keyword_engine  inventory built: 102 keywords (33 pages crawled) for slug=esim
2026-07-01 18:13:43  INFO     seo_tracker.internal_links  internal-link analysis [esim]: 1 orphan, 5 under-linked, 14 over-linked, 66 broken outbound, 17 recs
2026-07-01 18:13:43  INFO     seo_tracker.weak_pages    weak-page findings: 63 (high=0 medium=32 low=31)
2026-07-01 18:13:43  INFO     phone_seo                   -> ambipower
2026-07-01 18:13:43  INFO     seo_tracker.keyword_engine  fetching sitemap: https://ambipower.ambimat.com/sitemap.xml
2026-07-01 18:13:44  INFO     seo_tracker.keyword_engine  sitemap returned 1 URLs
2026-07-01 18:13:47  INFO     seo_tracker.keyword_engine  inventory built: 8 keywords (1 pages crawled) for slug=ambipower
2026-07-01 18:13:47  INFO     seo_tracker.internal_links  internal-link analysis [ambipower]: 1 orphan, 0 under-linked, 0 over-linked, 32 broken outbound, 0 recs
2026-07-01 18:13:47  INFO     seo_tracker.weak_pages    weak-page findings: 3 (high=0 medium=2 low=1)
2026-07-01 18:13:47  INFO     phone_seo                   -> ambiautomation
2026-07-01 18:13:47  INFO     seo_tracker.keyword_engine  fetching sitemap: https://ambiautomation.ambimat.com/sitemap.xml
2026-07-01 18:13:48  INFO     seo_tracker.keyword_engine  sitemap returned 22 URLs
2026-07-01 18:14:10  INFO     seo_tracker.keyword_engine  inventory built: 72 keywords (22 pages crawled) for slug=ambiautomation
2026-07-01 18:14:11  INFO     seo_tracker.internal_links  internal-link analysis [ambiautomation]: 0 orphan, 8 under-linked, 0 over-linked, 0 broken outbound, 1 recs
2026-07-01 18:14:11  INFO     seo_tracker.weak_pages    weak-page findings: 50 (high=0 medium=29 low=21)
2026-07-01 18:14:11  INFO     phone_seo                 cross-domain: topical authority / overlap / opportunities
2026-07-01 18:14:11  INFO     seo_tracker.topic_authority  topic authority: 65 cells, 12 clusters with a strongest domain, 67 isolated pages
2026-07-01 18:14:12  INFO     seo_tracker.domain_overlap  domain-overlap: 0 keyword overlaps, 0 page duplicates
2026-07-01 18:14:12  INFO     seo_tracker.content_opportunities  content opportunities: 30 (HIGH=5 MEDIUM=6 LOW=19)
2026-07-01 18:14:12  INFO     phone_seo                 recommendations
2026-07-01 18:14:12  INFO     seo_tracker.weak_pages    weak-page findings: 272 (high=3 medium=168 low=101)

Phone SEO run complete (crawl-only).
------------------------------------
  json_timestamped /data/data/com.termux/files/home/seo_tracker_reports/report_20260701_181412.json
  md_timestamped   /data/data/com.termux/files/home/seo_tracker_reports/report_20260701_181412.md
  json_latest      /data/data/com.termux/files/home/seo_tracker_reports/report_latest.json
  md_latest        /data/data/com.termux/files/home/seo_tracker_reports/report_latest.md
  html_latest      /data/data/com.termux/files/home/seo_tracker_reports/report_latest.html
===== 2026-07-01 18:14:12 +0530 run end (rc=0) =====
===== 2026-07-01 18:47:58 +0530 11:00 SEO tracker run start =====
2026-07-01 18:48:00  INFO     phone_seo                 phone crawl-only run: 5 domains
2026-07-01 18:48:00  INFO     phone_seo                   -> ambimat
2026-07-01 18:48:00  INFO     seo_tracker.keyword_engine  fetching sitemap: https://ambimat.com/sitemap.xml
2026-07-01 18:48:03  INFO     seo_tracker.keyword_engine  fetching sitemap: https://ambimat.com/post-sitemap.xml
2026-07-01 18:48:05  INFO     seo_tracker.keyword_engine  sitemap returned 190 URLs
2026-07-01 18:48:05  INFO     seo_tracker.keyword_engine  fetching sitemap: https://ambimat.com/page-sitemap.xml
2026-07-01 18:48:05  INFO     seo_tracker.keyword_engine  sitemap returned 75 URLs
2026-07-01 18:48:05  INFO     seo_tracker.keyword_engine  fetching sitemap: https://ambimat.com/timeline-sitemap.xml
2026-07-01 18:48:06  INFO     seo_tracker.keyword_engine  sitemap returned 27 URLs
2026-07-01 18:48:06  INFO     seo_tracker.keyword_engine  fetching sitemap: https://ambimat.com/case_study-sitemap.xml
2026-07-01 18:48:06  INFO     seo_tracker.keyword_engine  sitemap returned 4 URLs
2026-07-01 18:48:06  INFO     seo_tracker.keyword_engine  fetching sitemap: https://ambimat.com/category-sitemap.xml
2026-07-01 18:48:07  INFO     seo_tracker.keyword_engine  sitemap returned 2 URLs
2026-07-01 18:48:07  INFO     seo_tracker.keyword_engine  fetching sitemap: https://ambimat.com/post_tag-sitemap.xml
2026-07-01 18:48:08  INFO     seo_tracker.keyword_engine  sitemap returned 124 URLs
2026-07-01 18:48:08  INFO     seo_tracker.keyword_engine  fetching sitemap: https://ambimat.com/event-sitemap.xml
2026-07-01 18:48:09  INFO     seo_tracker.keyword_engine  sitemap returned 1 URLs
2026-07-01 18:48:09  INFO     seo_tracker.keyword_engine  fetching sitemap: https://ambimat.com/product_categories-sitemap.xml
2026-07-01 18:48:09  INFO     seo_tracker.keyword_engine  sitemap returned 11 URLs
2026-07-01 18:48:09  INFO     seo_tracker.keyword_engine  sitemap returned 434 URLs
2026-07-01 18:50:03  INFO     seo_tracker.keyword_engine  inventory built: 180 keywords (40 pages crawled) for slug=ambimat
2026-07-01 18:50:03  INFO     seo_tracker.internal_links  internal-link analysis [ambimat]: 1 orphan, 35 under-linked, 1 over-linked, 2394 broken outbound, 9 recs
2026-07-01 18:50:04  INFO     seo_tracker.weak_pages    weak-page findings: 73 (high=3 medium=56 low=14)
2026-07-01 18:50:18  INFO     seo_tracker.keyword_engine  fetching sitemap: https://ambimat.com/sitemap_index.xml
2026-07-01 18:50:18  INFO     seo_tracker.keyword_engine  fetching sitemap: https://ambimat.com/post-sitemap.xml
2026-07-01 18:50:19  INFO     seo_tracker.keyword_engine  sitemap returned 190 URLs
2026-07-01 18:50:19  INFO     seo_tracker.keyword_engine  fetching sitemap: https://ambimat.com/page-sitemap.xml
2026-07-01 18:50:20  INFO     seo_tracker.keyword_engine  sitemap returned 75 URLs
2026-07-01 18:50:20  INFO     seo_tracker.keyword_engine  fetching sitemap: https://ambimat.com/timeline-sitemap.xml
2026-07-01 18:50:20  INFO     seo_tracker.keyword_engine  sitemap returned 27 URLs
2026-07-01 18:50:20  INFO     seo_tracker.keyword_engine  fetching sitemap: https://ambimat.com/case_study-sitemap.xml
2026-07-01 18:50:21  INFO     seo_tracker.keyword_engine  sitemap returned 4 URLs
2026-07-01 18:50:21  INFO     seo_tracker.keyword_engine  fetching sitemap: https://ambimat.com/category-sitemap.xml
2026-07-01 18:50:21  INFO     seo_tracker.keyword_engine  sitemap returned 2 URLs
2026-07-01 18:50:21  INFO     seo_tracker.keyword_engine  fetching sitemap: https://ambimat.com/post_tag-sitemap.xml
2026-07-01 18:50:22  INFO     seo_tracker.keyword_engine  sitemap returned 124 URLs
2026-07-01 18:50:22  INFO     seo_tracker.keyword_engine  fetching sitemap: https://ambimat.com/event-sitemap.xml
2026-07-01 18:50:23  INFO     seo_tracker.keyword_engine  sitemap returned 1 URLs
2026-07-01 18:50:23  INFO     seo_tracker.keyword_engine  fetching sitemap: https://ambimat.com/product_categories-sitemap.xml
2026-07-01 18:50:23  INFO     seo_tracker.keyword_engine  sitemap returned 11 URLs
2026-07-01 18:50:23  INFO     seo_tracker.keyword_engine  sitemap returned 434 URLs
2026-07-01 18:50:23  INFO     seo_tracker.keyword_engine  fetching sitemap: https://ambimat.com/sitemap.xml
2026-07-01 18:50:25  INFO     seo_tracker.keyword_engine  fetching sitemap: https://ambimat.com/post-sitemap.xml
2026-07-01 18:50:26  INFO     seo_tracker.keyword_engine  sitemap returned 190 URLs
2026-07-01 18:50:26  INFO     seo_tracker.keyword_engine  fetching sitemap: https://ambimat.com/page-sitemap.xml
2026-07-01 18:50:27  INFO     seo_tracker.keyword_engine  sitemap returned 75 URLs
2026-07-01 18:50:27  INFO     seo_tracker.keyword_engine  fetching sitemap: https://ambimat.com/timeline-sitemap.xml
2026-07-01 18:50:27  INFO     seo_tracker.keyword_engine  sitemap returned 27 URLs
2026-07-01 18:50:27  INFO     seo_tracker.keyword_engine  fetching sitemap: https://ambimat.com/case_study-sitemap.xml
2026-07-01 18:50:28  INFO     seo_tracker.keyword_engine  sitemap returned 4 URLs
2026-07-01 18:50:28  INFO     seo_tracker.keyword_engine  fetching sitemap: https://ambimat.com/category-sitemap.xml
2026-07-01 18:50:28  INFO     seo_tracker.keyword_engine  sitemap returned 2 URLs
2026-07-01 18:50:28  INFO     seo_tracker.keyword_engine  fetching sitemap: https://ambimat.com/post_tag-sitemap.xml
2026-07-01 18:50:29  INFO     seo_tracker.keyword_engine  sitemap returned 124 URLs
2026-07-01 18:50:29  INFO     seo_tracker.keyword_engine  fetching sitemap: https://ambimat.com/event-sitemap.xml
2026-07-01 18:50:30  INFO     seo_tracker.keyword_engine  sitemap returned 1 URLs
2026-07-01 18:50:30  INFO     seo_tracker.keyword_engine  fetching sitemap: https://ambimat.com/product_categories-sitemap.xml
2026-07-01 18:50:30  INFO     seo_tracker.keyword_engine  sitemap returned 11 URLs
2026-07-01 18:50:30  INFO     seo_tracker.keyword_engine  sitemap returned 434 URLs
2026-07-01 18:50:31  INFO     phone_seo                   -> ambisecure
2026-07-01 18:50:31  INFO     seo_tracker.keyword_engine  fetching sitemap: https://ambisecure.ambimat.com/sitemap.xml
2026-07-01 18:50:31  INFO     seo_tracker.keyword_engine  sitemap returned 318 URLs
2026-07-01 18:51:18  INFO     seo_tracker.keyword_engine  inventory built: 183 keywords (40 pages crawled) for slug=ambisecure
2026-07-01 18:51:18  INFO     seo_tracker.internal_links  internal-link analysis [ambisecure]: 0 orphan, 6 under-linked, 17 over-linked, 527 broken outbound, 21 recs
2026-07-01 18:51:18  INFO     seo_tracker.weak_pages    weak-page findings: 83 (high=0 medium=49 low=34)
2026-07-01 18:51:20  INFO     seo_tracker.keyword_engine  fetching sitemap: https://ambisecure.ambimat.com/sitemap.xml
2026-07-01 18:51:20  INFO     seo_tracker.keyword_engine  sitemap returned 318 URLs
2026-07-01 18:51:20  INFO     phone_seo                   -> esim
2026-07-01 18:51:20  INFO     seo_tracker.keyword_engine  fetching sitemap: https://esim.ambimat.com/sitemap.xml
2026-07-01 18:51:21  INFO     seo_tracker.keyword_engine  sitemap returned 33 URLs
2026-07-01 18:52:02  INFO     seo_tracker.keyword_engine  inventory built: 102 keywords (33 pages crawled) for slug=esim
2026-07-01 18:52:02  INFO     seo_tracker.internal_links  internal-link analysis [esim]: 1 orphan, 5 under-linked, 14 over-linked, 66 broken outbound, 17 recs
2026-07-01 18:52:02  INFO     seo_tracker.weak_pages    weak-page findings: 63 (high=0 medium=32 low=31)
2026-07-01 18:52:05  INFO     seo_tracker.keyword_engine  fetching sitemap: https://esim.ambimat.com/sitemap.xml
2026-07-01 18:52:05  INFO     seo_tracker.keyword_engine  sitemap returned 33 URLs
2026-07-01 18:52:05  INFO     phone_seo                   -> ambipower
2026-07-01 18:52:05  INFO     seo_tracker.keyword_engine  fetching sitemap: https://ambipower.ambimat.com/sitemap.xml
2026-07-01 18:52:05  INFO     seo_tracker.keyword_engine  sitemap returned 1 URLs
2026-07-01 18:52:08  INFO     seo_tracker.keyword_engine  inventory built: 8 keywords (1 pages crawled) for slug=ambipower
2026-07-01 18:52:08  INFO     seo_tracker.internal_links  internal-link analysis [ambipower]: 1 orphan, 0 under-linked, 0 over-linked, 32 broken outbound, 0 recs
2026-07-01 18:52:08  INFO     seo_tracker.weak_pages    weak-page findings: 3 (high=0 medium=2 low=1)
2026-07-01 18:52:11  INFO     seo_tracker.keyword_engine  fetching sitemap: https://ambipower.ambimat.com/sitemap.xml
2026-07-01 18:52:11  INFO     seo_tracker.keyword_engine  sitemap returned 1 URLs
2026-07-01 18:52:11  INFO     seo_tracker.keyword_engine  fetching sitemap: https://ambipower.ambimat.com/sitemap_index.xml
2026-07-01 18:52:12  INFO     seo_tracker.keyword_engine  sitemap returned 1 URLs
2026-07-01 18:52:12  INFO     seo_tracker.keyword_engine  fetching sitemap: https://ambipower.ambimat.com/sitemap-index.xml
2026-07-01 18:52:12  INFO     seo_tracker.keyword_engine  sitemap returned 1 URLs
2026-07-01 18:52:12  INFO     seo_tracker.keyword_engine  fetching sitemap: https://ambipower.ambimat.com/wp-sitemap.xml
2026-07-01 18:52:13  INFO     seo_tracker.keyword_engine  sitemap returned 1 URLs
2026-07-01 18:52:13  INFO     phone_seo                   -> ambiautomation
2026-07-01 18:52:13  INFO     seo_tracker.keyword_engine  fetching sitemap: https://ambiautomation.ambimat.com/sitemap.xml
2026-07-01 18:52:13  INFO     seo_tracker.keyword_engine  sitemap returned 22 URLs
2026-07-01 18:52:37  INFO     seo_tracker.keyword_engine  inventory built: 72 keywords (22 pages crawled) for slug=ambiautomation
2026-07-01 18:52:37  INFO     seo_tracker.internal_links  internal-link analysis [ambiautomation]: 0 orphan, 8 under-linked, 0 over-linked, 0 broken outbound, 1 recs
2026-07-01 18:52:37  INFO     seo_tracker.weak_pages    weak-page findings: 50 (high=0 medium=29 low=21)
2026-07-01 18:52:40  INFO     seo_tracker.keyword_engine  fetching sitemap: https://ambiautomation.ambimat.com/sitemap.xml
2026-07-01 18:52:40  INFO     seo_tracker.keyword_engine  sitemap returned 22 URLs
2026-07-01 18:52:40  INFO     phone_seo                 cross-domain: topical authority / overlap / opportunities
2026-07-01 18:52:41  INFO     seo_tracker.topic_authority  topic authority: 65 cells, 12 clusters with a strongest domain, 67 isolated pages
2026-07-01 18:52:41  INFO     seo_tracker.domain_overlap  domain-overlap: 0 keyword overlaps, 0 page duplicates
2026-07-01 18:52:42  INFO     seo_tracker.content_opportunities  content opportunities: 30 (HIGH=5 MEDIUM=6 LOW=19)
2026-07-01 18:52:42  INFO     phone_seo                 recommendations
2026-07-01 18:52:42  INFO     seo_tracker.weak_pages    weak-page findings: 272 (high=3 medium=168 low=101)

Phone SEO run complete (crawl-only).
------------------------------------
  json_timestamped /data/data/com.termux/files/home/seo_tracker_reports/report_20260701_185242.json
  md_timestamped   /data/data/com.termux/files/home/seo_tracker_reports/report_20260701_185242.md
  json_latest      /data/data/com.termux/files/home/seo_tracker_reports/report_latest.json
  md_latest        /data/data/com.termux/files/home/seo_tracker_reports/report_latest.md
  html_latest      /data/data/com.termux/files/home/seo_tracker_reports/report_latest.html
===== 2026-07-01 18:52:42 +0530 run end (rc=0) =====
===== 2026-07-01 18:53:44 +0530 11:00 SEO tracker run start =====
2026-07-01 18:53:46  INFO     phone_seo                 phone crawl-only run: 5 domains
2026-07-01 18:53:46  INFO     phone_seo                   -> ambimat
2026-07-01 18:53:46  INFO     seo_tracker.keyword_engine  fetching sitemap: https://ambimat.com/sitemap.xml
2026-07-01 18:53:48  INFO     seo_tracker.keyword_engine  fetching sitemap: https://ambimat.com/post-sitemap.xml
2026-07-01 18:53:49  INFO     seo_tracker.keyword_engine  sitemap returned 190 URLs
2026-07-01 18:53:49  INFO     seo_tracker.keyword_engine  fetching sitemap: https://ambimat.com/page-sitemap.xml
2026-07-01 18:53:51  INFO     seo_tracker.keyword_engine  sitemap returned 75 URLs
2026-07-01 18:53:51  INFO     seo_tracker.keyword_engine  fetching sitemap: https://ambimat.com/timeline-sitemap.xml
2026-07-01 18:53:51  INFO     seo_tracker.keyword_engine  sitemap returned 27 URLs
2026-07-01 18:53:52  INFO     seo_tracker.keyword_engine  fetching sitemap: https://ambimat.com/case_study-sitemap.xml
2026-07-01 18:53:52  INFO     seo_tracker.keyword_engine  sitemap returned 4 URLs
2026-07-01 18:53:52  INFO     seo_tracker.keyword_engine  fetching sitemap: https://ambimat.com/category-sitemap.xml
2026-07-01 18:53:53  INFO     seo_tracker.keyword_engine  sitemap returned 2 URLs
2026-07-01 18:53:53  INFO     seo_tracker.keyword_engine  fetching sitemap: https://ambimat.com/post_tag-sitemap.xml
2026-07-01 18:53:54  INFO     seo_tracker.keyword_engine  sitemap returned 124 URLs
2026-07-01 18:53:54  INFO     seo_tracker.keyword_engine  fetching sitemap: https://ambimat.com/event-sitemap.xml
2026-07-01 18:53:55  INFO     seo_tracker.keyword_engine  sitemap returned 1 URLs
2026-07-01 18:53:55  INFO     seo_tracker.keyword_engine  fetching sitemap: https://ambimat.com/product_categories-sitemap.xml
2026-07-01 18:53:56  INFO     seo_tracker.keyword_engine  sitemap returned 11 URLs
2026-07-01 18:53:56  INFO     seo_tracker.keyword_engine  sitemap returned 434 URLs
2026-07-01 18:55:04  INFO     seo_tracker.keyword_engine  inventory built: 180 keywords (40 pages crawled) for slug=ambimat
2026-07-01 18:55:04  INFO     seo_tracker.internal_links  internal-link analysis [ambimat]: 1 orphan, 35 under-linked, 1 over-linked, 2394 broken outbound, 9 recs
2026-07-01 18:55:04  INFO     seo_tracker.weak_pages    weak-page findings: 73 (high=3 medium=56 low=14)
2026-07-01 18:55:13  INFO     seo_tracker.keyword_engine  fetching sitemap: https://ambimat.com/sitemap_index.xml
2026-07-01 18:55:13  INFO     seo_tracker.keyword_engine  fetching sitemap: https://ambimat.com/post-sitemap.xml
2026-07-01 18:55:14  INFO     seo_tracker.keyword_engine  sitemap returned 190 URLs
2026-07-01 18:55:14  INFO     seo_tracker.keyword_engine  fetching sitemap: https://ambimat.com/page-sitemap.xml
2026-07-01 18:55:15  INFO     seo_tracker.keyword_engine  sitemap returned 75 URLs
2026-07-01 18:55:15  INFO     seo_tracker.keyword_engine  fetching sitemap: https://ambimat.com/timeline-sitemap.xml
2026-07-01 18:55:15  INFO     seo_tracker.keyword_engine  sitemap returned 27 URLs
2026-07-01 18:55:15  INFO     seo_tracker.keyword_engine  fetching sitemap: https://ambimat.com/case_study-sitemap.xml
2026-07-01 18:55:16  INFO     seo_tracker.keyword_engine  sitemap returned 4 URLs
2026-07-01 18:55:16  INFO     seo_tracker.keyword_engine  fetching sitemap: https://ambimat.com/category-sitemap.xml
2026-07-01 18:55:16  INFO     seo_tracker.keyword_engine  sitemap returned 2 URLs
2026-07-01 18:55:16  INFO     seo_tracker.keyword_engine  fetching sitemap: https://ambimat.com/post_tag-sitemap.xml
2026-07-01 18:55:17  INFO     seo_tracker.keyword_engine  sitemap returned 124 URLs
2026-07-01 18:55:17  INFO     seo_tracker.keyword_engine  fetching sitemap: https://ambimat.com/event-sitemap.xml
2026-07-01 18:55:17  INFO     seo_tracker.keyword_engine  sitemap returned 1 URLs
2026-07-01 18:55:17  INFO     seo_tracker.keyword_engine  fetching sitemap: https://ambimat.com/product_categories-sitemap.xml
2026-07-01 18:55:18  INFO     seo_tracker.keyword_engine  sitemap returned 11 URLs
2026-07-01 18:55:18  INFO     seo_tracker.keyword_engine  sitemap returned 434 URLs
2026-07-01 18:55:18  INFO     seo_tracker.keyword_engine  fetching sitemap: https://ambimat.com/sitemap.xml
2026-07-01 18:55:20  INFO     seo_tracker.keyword_engine  fetching sitemap: https://ambimat.com/post-sitemap.xml
2026-07-01 18:55:20  INFO     seo_tracker.keyword_engine  sitemap returned 190 URLs
2026-07-01 18:55:20  INFO     seo_tracker.keyword_engine  fetching sitemap: https://ambimat.com/page-sitemap.xml
2026-07-01 18:55:21  INFO     seo_tracker.keyword_engine  sitemap returned 75 URLs
2026-07-01 18:55:21  INFO     seo_tracker.keyword_engine  fetching sitemap: https://ambimat.com/timeline-sitemap.xml
2026-07-01 18:55:21  INFO     seo_tracker.keyword_engine  sitemap returned 27 URLs
2026-07-01 18:55:21  INFO     seo_tracker.keyword_engine  fetching sitemap: https://ambimat.com/case_study-sitemap.xml
2026-07-01 18:55:22  INFO     seo_tracker.keyword_engine  sitemap returned 4 URLs
2026-07-01 18:55:22  INFO     seo_tracker.keyword_engine  fetching sitemap: https://ambimat.com/category-sitemap.xml
2026-07-01 18:55:22  INFO     seo_tracker.keyword_engine  sitemap returned 2 URLs
2026-07-01 18:55:22  INFO     seo_tracker.keyword_engine  fetching sitemap: https://ambimat.com/post_tag-sitemap.xml
2026-07-01 18:55:23  INFO     seo_tracker.keyword_engine  sitemap returned 124 URLs
2026-07-01 18:55:23  INFO     seo_tracker.keyword_engine  fetching sitemap: https://ambimat.com/event-sitemap.xml
2026-07-01 18:55:24  INFO     seo_tracker.keyword_engine  sitemap returned 1 URLs
2026-07-01 18:55:24  INFO     seo_tracker.keyword_engine  fetching sitemap: https://ambimat.com/product_categories-sitemap.xml
2026-07-01 18:55:25  INFO     seo_tracker.keyword_engine  sitemap returned 11 URLs
2026-07-01 18:55:25  INFO     seo_tracker.keyword_engine  sitemap returned 434 URLs
2026-07-01 18:55:25  INFO     phone_seo                   -> ambisecure
2026-07-01 18:55:25  INFO     seo_tracker.keyword_engine  fetching sitemap: https://ambisecure.ambimat.com/sitemap.xml
2026-07-01 18:55:26  INFO     seo_tracker.keyword_engine  sitemap returned 318 URLs
2026-07-01 18:56:14  INFO     seo_tracker.keyword_engine  inventory built: 183 keywords (40 pages crawled) for slug=ambisecure
2026-07-01 18:56:14  INFO     seo_tracker.internal_links  internal-link analysis [ambisecure]: 0 orphan, 6 under-linked, 17 over-linked, 527 broken outbound, 21 recs
2026-07-01 18:56:14  INFO     seo_tracker.weak_pages    weak-page findings: 83 (high=0 medium=49 low=34)
2026-07-01 18:56:16  INFO     seo_tracker.keyword_engine  fetching sitemap: https://ambisecure.ambimat.com/sitemap.xml
2026-07-01 18:56:17  INFO     seo_tracker.keyword_engine  sitemap returned 318 URLs
2026-07-01 18:56:17  INFO     phone_seo                   -> esim
2026-07-01 18:56:17  INFO     seo_tracker.keyword_engine  fetching sitemap: https://esim.ambimat.com/sitemap.xml
2026-07-01 18:56:18  INFO     seo_tracker.keyword_engine  sitemap returned 33 URLs
2026-07-01 18:56:54  INFO     seo_tracker.keyword_engine  inventory built: 102 keywords (33 pages crawled) for slug=esim
2026-07-01 18:56:54  INFO     seo_tracker.internal_links  internal-link analysis [esim]: 1 orphan, 5 under-linked, 14 over-linked, 66 broken outbound, 17 recs
2026-07-01 18:56:54  INFO     seo_tracker.weak_pages    weak-page findings: 63 (high=0 medium=32 low=31)
2026-07-01 18:56:55  INFO     seo_tracker.keyword_engine  fetching sitemap: https://esim.ambimat.com/sitemap.xml
2026-07-01 18:56:56  INFO     seo_tracker.keyword_engine  sitemap returned 33 URLs
2026-07-01 18:56:56  INFO     phone_seo                   -> ambipower
2026-07-01 18:56:56  INFO     seo_tracker.keyword_engine  fetching sitemap: https://ambipower.ambimat.com/sitemap.xml
2026-07-01 18:56:56  INFO     seo_tracker.keyword_engine  sitemap returned 1 URLs
2026-07-01 18:56:59  INFO     seo_tracker.keyword_engine  inventory built: 8 keywords (1 pages crawled) for slug=ambipower
2026-07-01 18:56:59  INFO     seo_tracker.internal_links  internal-link analysis [ambipower]: 1 orphan, 0 under-linked, 0 over-linked, 32 broken outbound, 0 recs
2026-07-01 18:56:59  INFO     seo_tracker.weak_pages    weak-page findings: 3 (high=0 medium=2 low=1)
2026-07-01 18:57:01  INFO     seo_tracker.keyword_engine  fetching sitemap: https://ambipower.ambimat.com/sitemap.xml
2026-07-01 18:57:01  INFO     seo_tracker.keyword_engine  sitemap returned 1 URLs
2026-07-01 18:57:01  INFO     seo_tracker.keyword_engine  fetching sitemap: https://ambipower.ambimat.com/sitemap_index.xml
2026-07-01 18:57:02  INFO     seo_tracker.keyword_engine  sitemap returned 1 URLs
2026-07-01 18:57:02  INFO     seo_tracker.keyword_engine  fetching sitemap: https://ambipower.ambimat.com/sitemap-index.xml
2026-07-01 18:57:02  INFO     seo_tracker.keyword_engine  sitemap returned 1 URLs
2026-07-01 18:57:02  INFO     seo_tracker.keyword_engine  fetching sitemap: https://ambipower.ambimat.com/wp-sitemap.xml
2026-07-01 18:57:03  INFO     seo_tracker.keyword_engine  sitemap returned 1 URLs
2026-07-01 18:57:03  INFO     phone_seo                   -> ambiautomation
2026-07-01 18:57:03  INFO     seo_tracker.keyword_engine  fetching sitemap: https://ambiautomation.ambimat.com/sitemap.xml
2026-07-01 18:57:03  INFO     seo_tracker.keyword_engine  sitemap returned 22 URLs
2026-07-01 18:57:27  INFO     seo_tracker.keyword_engine  inventory built: 72 keywords (22 pages crawled) for slug=ambiautomation
2026-07-01 18:57:27  INFO     seo_tracker.internal_links  internal-link analysis [ambiautomation]: 0 orphan, 8 under-linked, 0 over-linked, 0 broken outbound, 1 recs
2026-07-01 18:57:27  INFO     seo_tracker.weak_pages    weak-page findings: 50 (high=0 medium=29 low=21)
2026-07-01 18:57:30  INFO     seo_tracker.keyword_engine  fetching sitemap: https://ambiautomation.ambimat.com/sitemap.xml
2026-07-01 18:57:31  INFO     seo_tracker.keyword_engine  sitemap returned 22 URLs
2026-07-01 18:57:31  INFO     phone_seo                 cross-domain: topical authority / overlap / opportunities
2026-07-01 18:57:32  INFO     seo_tracker.topic_authority  topic authority: 65 cells, 12 clusters with a strongest domain, 67 isolated pages
2026-07-01 18:57:32  INFO     seo_tracker.domain_overlap  domain-overlap: 0 keyword overlaps, 0 page duplicates
2026-07-01 18:57:32  INFO     seo_tracker.content_opportunities  content opportunities: 30 (HIGH=5 MEDIUM=6 LOW=19)
2026-07-01 18:57:32  INFO     phone_seo                 recommendations
2026-07-01 18:57:32  INFO     seo_tracker.weak_pages    weak-page findings: 272 (high=3 medium=168 low=101)

Phone SEO run complete (crawl-only).
------------------------------------
  json_timestamped /data/data/com.termux/files/home/seo_tracker_reports/report_20260701_185733.json
  md_timestamped   /data/data/com.termux/files/home/seo_tracker_reports/report_20260701_185733.md
  json_latest      /data/data/com.termux/files/home/seo_tracker_reports/report_latest.json
  md_latest        /data/data/com.termux/files/home/seo_tracker_reports/report_latest.md
  html_latest      /data/data/com.termux/files/home/seo_tracker_reports/report_latest.html
===== 2026-07-01 18:57:33 +0530 run end (rc=0) =====
===== 2026-07-06 15:10:48 +0530 SEO run start =====
2026-07-06 15:10:50  INFO     phone_seo                 phone crawl-only run: 5 domains
2026-07-06 15:10:50  INFO     phone_seo                   -> ambimat
2026-07-06 15:10:50  INFO     seo_tracker.keyword_engine  fetching sitemap: https://ambimat.com/sitemap.xml
2026-07-06 15:10:53  INFO     seo_tracker.keyword_engine  fetching sitemap: https://ambimat.com/post-sitemap.xml
2026-07-06 15:10:54  INFO     seo_tracker.keyword_engine  sitemap returned 190 URLs
2026-07-06 15:10:54  INFO     seo_tracker.keyword_engine  fetching sitemap: https://ambimat.com/page-sitemap.xml
2026-07-06 15:10:57  INFO     seo_tracker.keyword_engine  sitemap returned 75 URLs
2026-07-06 15:10:57  INFO     seo_tracker.keyword_engine  fetching sitemap: https://ambimat.com/timeline-sitemap.xml
2026-07-06 15:10:58  INFO     seo_tracker.keyword_engine  sitemap returned 27 URLs
2026-07-06 15:10:58  INFO     seo_tracker.keyword_engine  fetching sitemap: https://ambimat.com/case_study-sitemap.xml
2026-07-06 15:10:59  INFO     seo_tracker.keyword_engine  sitemap returned 4 URLs
2026-07-06 15:10:59  INFO     seo_tracker.keyword_engine  fetching sitemap: https://ambimat.com/category-sitemap.xml
2026-07-06 15:11:00  INFO     seo_tracker.keyword_engine  sitemap returned 2 URLs
2026-07-06 15:11:00  INFO     seo_tracker.keyword_engine  fetching sitemap: https://ambimat.com/post_tag-sitemap.xml
2026-07-06 15:11:02  INFO     seo_tracker.keyword_engine  sitemap returned 124 URLs
2026-07-06 15:11:02  INFO     seo_tracker.keyword_engine  fetching sitemap: https://ambimat.com/event-sitemap.xml
2026-07-06 15:11:05  INFO     seo_tracker.keyword_engine  sitemap returned 1 URLs
2026-07-06 15:11:05  INFO     seo_tracker.keyword_engine  fetching sitemap: https://ambimat.com/product_categories-sitemap.xml
2026-07-06 15:11:07  INFO     seo_tracker.keyword_engine  sitemap returned 11 URLs
2026-07-06 15:11:07  INFO     seo_tracker.keyword_engine  sitemap returned 434 URLs
2026-07-06 15:12:44  INFO     seo_tracker.keyword_engine  inventory built: 180 keywords (40 pages crawled) for slug=ambimat
2026-07-06 15:12:44  INFO     seo_tracker.internal_links  internal-link analysis [ambimat]: 1 orphan, 35 under-linked, 1 over-linked, 2394 broken outbound, 9 recs
2026-07-06 15:12:44  INFO     seo_tracker.weak_pages    weak-page findings: 73 (high=3 medium=56 low=14)
2026-07-06 15:12:53  INFO     seo_tracker.keyword_engine  fetching sitemap: https://ambimat.com/sitemap_index.xml
2026-07-06 15:12:54  INFO     seo_tracker.keyword_engine  fetching sitemap: https://ambimat.com/post-sitemap.xml
2026-07-06 15:12:54  INFO     seo_tracker.keyword_engine  sitemap returned 190 URLs
2026-07-06 15:12:54  INFO     seo_tracker.keyword_engine  fetching sitemap: https://ambimat.com/page-sitemap.xml
2026-07-06 15:12:55  INFO     seo_tracker.keyword_engine  sitemap returned 75 URLs
2026-07-06 15:12:55  INFO     seo_tracker.keyword_engine  fetching sitemap: https://ambimat.com/timeline-sitemap.xml
2026-07-06 15:12:56  INFO     seo_tracker.keyword_engine  sitemap returned 27 URLs
2026-07-06 15:12:56  INFO     seo_tracker.keyword_engine  fetching sitemap: https://ambimat.com/case_study-sitemap.xml
2026-07-06 15:12:57  INFO     seo_tracker.keyword_engine  sitemap returned 4 URLs
2026-07-06 15:12:57  INFO     seo_tracker.keyword_engine  fetching sitemap: https://ambimat.com/category-sitemap.xml
2026-07-06 15:12:58  INFO     seo_tracker.keyword_engine  sitemap returned 2 URLs
2026-07-06 15:12:58  INFO     seo_tracker.keyword_engine  fetching sitemap: https://ambimat.com/post_tag-sitemap.xml
2026-07-06 15:12:59  INFO     seo_tracker.keyword_engine  sitemap returned 124 URLs
2026-07-06 15:12:59  INFO     seo_tracker.keyword_engine  fetching sitemap: https://ambimat.com/event-sitemap.xml
2026-07-06 15:12:59  INFO     seo_tracker.keyword_engine  sitemap returned 1 URLs
2026-07-06 15:12:59  INFO     seo_tracker.keyword_engine  fetching sitemap: https://ambimat.com/product_categories-sitemap.xml
2026-07-06 15:13:00  INFO     seo_tracker.keyword_engine  sitemap returned 11 URLs
2026-07-06 15:13:00  INFO     seo_tracker.keyword_engine  sitemap returned 434 URLs
2026-07-06 15:13:00  INFO     seo_tracker.keyword_engine  fetching sitemap: https://ambimat.com/sitemap.xml
2026-07-06 15:13:03  INFO     seo_tracker.keyword_engine  fetching sitemap: https://ambimat.com/post-sitemap.xml
2026-07-06 15:13:04  INFO     seo_tracker.keyword_engine  sitemap returned 190 URLs
2026-07-06 15:13:04  INFO     seo_tracker.keyword_engine  fetching sitemap: https://ambimat.com/page-sitemap.xml
2026-07-06 15:13:04  INFO     seo_tracker.keyword_engine  sitemap returned 75 URLs
2026-07-06 15:13:04  INFO     seo_tracker.keyword_engine  fetching sitemap: https://ambimat.com/timeline-sitemap.xml
2026-07-06 15:13:05  INFO     seo_tracker.keyword_engine  sitemap returned 27 URLs
2026-07-06 15:13:05  INFO     seo_tracker.keyword_engine  fetching sitemap: https://ambimat.com/case_study-sitemap.xml
2026-07-06 15:13:06  INFO     seo_tracker.keyword_engine  sitemap returned 4 URLs
2026-07-06 15:13:06  INFO     seo_tracker.keyword_engine  fetching sitemap: https://ambimat.com/category-sitemap.xml
2026-07-06 15:13:07  INFO     seo_tracker.keyword_engine  sitemap returned 2 URLs
2026-07-06 15:13:07  INFO     seo_tracker.keyword_engine  fetching sitemap: https://ambimat.com/post_tag-sitemap.xml
2026-07-06 15:13:08  INFO     seo_tracker.keyword_engine  sitemap returned 124 URLs
2026-07-06 15:13:08  INFO     seo_tracker.keyword_engine  fetching sitemap: https://ambimat.com/event-sitemap.xml
2026-07-06 15:13:08  INFO     seo_tracker.keyword_engine  sitemap returned 1 URLs
2026-07-06 15:13:08  INFO     seo_tracker.keyword_engine  fetching sitemap: https://ambimat.com/product_categories-sitemap.xml
2026-07-06 15:13:09  INFO     seo_tracker.keyword_engine  sitemap returned 11 URLs
2026-07-06 15:13:09  INFO     seo_tracker.keyword_engine  sitemap returned 434 URLs
2026-07-06 15:13:10  INFO     phone_seo                   -> ambisecure
2026-07-06 15:13:10  INFO     seo_tracker.keyword_engine  fetching sitemap: https://ambisecure.ambimat.com/sitemap.xml
2026-07-06 15:13:10  INFO     seo_tracker.keyword_engine  sitemap returned 319 URLs
2026-07-06 15:13:50  INFO     seo_tracker.keyword_engine  inventory built: 183 keywords (40 pages crawled) for slug=ambisecure
2026-07-06 15:13:50  INFO     seo_tracker.internal_links  internal-link analysis [ambisecure]: 0 orphan, 5 under-linked, 17 over-linked, 547 broken outbound, 20 recs
2026-07-06 15:13:50  INFO     seo_tracker.weak_pages    weak-page findings: 83 (high=0 medium=49 low=34)
2026-07-06 15:13:52  INFO     seo_tracker.keyword_engine  fetching sitemap: https://ambisecure.ambimat.com/sitemap.xml
2026-07-06 15:13:52  INFO     seo_tracker.keyword_engine  sitemap returned 319 URLs
2026-07-06 15:13:52  INFO     phone_seo                   -> esim
2026-07-06 15:13:52  INFO     seo_tracker.keyword_engine  fetching sitemap: https://esim.ambimat.com/sitemap.xml
2026-07-06 15:13:52  INFO     seo_tracker.keyword_engine  sitemap returned 33 URLs
2026-07-06 15:14:24  INFO     seo_tracker.keyword_engine  inventory built: 102 keywords (33 pages crawled) for slug=esim
2026-07-06 15:14:24  INFO     seo_tracker.internal_links  internal-link analysis [esim]: 1 orphan, 5 under-linked, 14 over-linked, 66 broken outbound, 17 recs
2026-07-06 15:14:24  INFO     seo_tracker.weak_pages    weak-page findings: 63 (high=0 medium=32 low=31)
2026-07-06 15:14:25  INFO     seo_tracker.keyword_engine  fetching sitemap: https://esim.ambimat.com/sitemap.xml
2026-07-06 15:14:25  INFO     seo_tracker.keyword_engine  sitemap returned 33 URLs
2026-07-06 15:14:25  INFO     phone_seo                   -> ambipower
2026-07-06 15:14:25  INFO     seo_tracker.keyword_engine  fetching sitemap: https://ambipower.ambimat.com/sitemap.xml
2026-07-06 15:14:26  INFO     seo_tracker.keyword_engine  sitemap returned 1 URLs
2026-07-06 15:14:30  INFO     seo_tracker.keyword_engine  inventory built: 8 keywords (1 pages crawled) for slug=ambipower
2026-07-06 15:14:30  INFO     seo_tracker.internal_links  internal-link analysis [ambipower]: 1 orphan, 0 under-linked, 0 over-linked, 32 broken outbound, 0 recs
2026-07-06 15:14:30  INFO     seo_tracker.weak_pages    weak-page findings: 3 (high=0 medium=2 low=1)
2026-07-06 15:14:32  INFO     seo_tracker.keyword_engine  fetching sitemap: https://ambipower.ambimat.com/sitemap.xml
2026-07-06 15:14:33  INFO     seo_tracker.keyword_engine  sitemap returned 1 URLs
2026-07-06 15:14:33  INFO     seo_tracker.keyword_engine  fetching sitemap: https://ambipower.ambimat.com/sitemap_index.xml
2026-07-06 15:14:33  INFO     seo_tracker.keyword_engine  sitemap returned 1 URLs
2026-07-06 15:14:33  INFO     seo_tracker.keyword_engine  fetching sitemap: https://ambipower.ambimat.com/sitemap-index.xml
2026-07-06 15:14:33  INFO     seo_tracker.keyword_engine  sitemap returned 1 URLs
2026-07-06 15:14:34  INFO     seo_tracker.keyword_engine  fetching sitemap: https://ambipower.ambimat.com/wp-sitemap.xml
2026-07-06 15:14:34  INFO     seo_tracker.keyword_engine  sitemap returned 1 URLs
2026-07-06 15:14:34  INFO     phone_seo                   -> ambiautomation
2026-07-06 15:14:34  INFO     seo_tracker.keyword_engine  fetching sitemap: https://ambiautomation.ambimat.com/sitemap.xml
2026-07-06 15:14:34  INFO     seo_tracker.keyword_engine  sitemap returned 22 URLs
2026-07-06 15:14:55  INFO     seo_tracker.keyword_engine  inventory built: 72 keywords (22 pages crawled) for slug=ambiautomation
2026-07-06 15:14:55  INFO     seo_tracker.internal_links  internal-link analysis [ambiautomation]: 0 orphan, 8 under-linked, 0 over-linked, 0 broken outbound, 1 recs
2026-07-06 15:14:55  INFO     seo_tracker.weak_pages    weak-page findings: 50 (high=0 medium=29 low=21)
2026-07-06 15:14:56  INFO     seo_tracker.keyword_engine  fetching sitemap: https://ambiautomation.ambimat.com/sitemap.xml
2026-07-06 15:14:57  INFO     seo_tracker.keyword_engine  sitemap returned 22 URLs
2026-07-06 15:14:57  INFO     phone_seo                 cross-domain: topical authority / overlap / opportunities
2026-07-06 15:14:58  INFO     seo_tracker.topic_authority  topic authority: 65 cells, 12 clusters with a strongest domain, 67 isolated pages
2026-07-06 15:14:58  INFO     seo_tracker.domain_overlap  domain-overlap: 0 keyword overlaps, 0 page duplicates
2026-07-06 15:14:58  INFO     seo_tracker.content_opportunities  content opportunities: 29 (HIGH=4 MEDIUM=6 LOW=19)
2026-07-06 15:14:58  INFO     phone_seo                 recommendations
2026-07-06 15:14:58  INFO     seo_tracker.weak_pages    weak-page findings: 272 (high=3 medium=168 low=101)

Phone SEO run complete (crawl-only).
------------------------------------
  json_timestamped /data/data/com.termux/files/home/seo_tracker_reports/report_20260706_151458.json
  md_timestamped   /data/data/com.termux/files/home/seo_tracker_reports/report_20260706_151458.md
  json_latest      /data/data/com.termux/files/home/seo_tracker_reports/report_latest.json
  md_latest        /data/data/com.termux/files/home/seo_tracker_reports/report_latest.md
  html_latest      /data/data/com.termux/files/home/seo_tracker_reports/report_latest.html
===== 2026-07-06 15:14:59 +0530 SEO run end (rc=0) =====
===== 2026-07-07 11:00:01 +0530 SEO run start =====
2026-07-07 11:00:03  INFO     phone_seo                 phone crawl-only run: 5 domains
2026-07-07 11:00:03  INFO     phone_seo                   -> ambimat
2026-07-07 11:00:03  INFO     seo_tracker.keyword_engine  fetching sitemap: https://ambimat.com/sitemap.xml
2026-07-07 11:00:03 +0530 another SEO run holds the lock; skipping
2026-07-07 11:00:06  INFO     seo_tracker.keyword_engine  fetching sitemap: https://ambimat.com/post-sitemap.xml
2026-07-07 11:00:07  INFO     seo_tracker.keyword_engine  sitemap returned 190 URLs
2026-07-07 11:00:07  INFO     seo_tracker.keyword_engine  fetching sitemap: https://ambimat.com/page-sitemap.xml
2026-07-07 11:00:08  INFO     seo_tracker.keyword_engine  sitemap returned 75 URLs
2026-07-07 11:00:08  INFO     seo_tracker.keyword_engine  fetching sitemap: https://ambimat.com/timeline-sitemap.xml
2026-07-07 11:00:08  INFO     seo_tracker.keyword_engine  sitemap returned 27 URLs
2026-07-07 11:00:08  INFO     seo_tracker.keyword_engine  fetching sitemap: https://ambimat.com/case_study-sitemap.xml
2026-07-07 11:00:09  INFO     seo_tracker.keyword_engine  sitemap returned 4 URLs
2026-07-07 11:00:09  INFO     seo_tracker.keyword_engine  fetching sitemap: https://ambimat.com/category-sitemap.xml
2026-07-07 11:00:10  INFO     seo_tracker.keyword_engine  sitemap returned 2 URLs
2026-07-07 11:00:10  INFO     seo_tracker.keyword_engine  fetching sitemap: https://ambimat.com/post_tag-sitemap.xml
2026-07-07 11:00:12  INFO     seo_tracker.keyword_engine  sitemap returned 124 URLs
2026-07-07 11:00:12  INFO     seo_tracker.keyword_engine  fetching sitemap: https://ambimat.com/event-sitemap.xml
2026-07-07 11:00:14  INFO     seo_tracker.keyword_engine  sitemap returned 1 URLs
2026-07-07 11:00:14  INFO     seo_tracker.keyword_engine  fetching sitemap: https://ambimat.com/product_categories-sitemap.xml
2026-07-07 11:00:15  INFO     seo_tracker.keyword_engine  sitemap returned 11 URLs
2026-07-07 11:00:15  INFO     seo_tracker.keyword_engine  sitemap returned 434 URLs
2026-07-07 11:01:47  INFO     seo_tracker.keyword_engine  inventory built: 180 keywords (40 pages crawled) for slug=ambimat
2026-07-07 11:01:48  INFO     seo_tracker.internal_links  internal-link analysis [ambimat]: 1 orphan, 35 under-linked, 1 over-linked, 2394 broken outbound, 9 recs
2026-07-07 11:01:48  INFO     seo_tracker.weak_pages    weak-page findings: 73 (high=3 medium=56 low=14)
2026-07-07 11:01:55  INFO     seo_tracker.keyword_engine  fetching sitemap: https://ambimat.com/sitemap_index.xml
2026-07-07 11:01:56  INFO     seo_tracker.keyword_engine  fetching sitemap: https://ambimat.com/post-sitemap.xml
2026-07-07 11:01:57  INFO     seo_tracker.keyword_engine  sitemap returned 190 URLs
2026-07-07 11:01:57  INFO     seo_tracker.keyword_engine  fetching sitemap: https://ambimat.com/page-sitemap.xml
2026-07-07 11:01:57  INFO     seo_tracker.keyword_engine  sitemap returned 75 URLs
2026-07-07 11:01:57  INFO     seo_tracker.keyword_engine  fetching sitemap: https://ambimat.com/timeline-sitemap.xml
2026-07-07 11:01:58  INFO     seo_tracker.keyword_engine  sitemap returned 27 URLs
2026-07-07 11:01:58  INFO     seo_tracker.keyword_engine  fetching sitemap: https://ambimat.com/case_study-sitemap.xml
2026-07-07 11:01:59  INFO     seo_tracker.keyword_engine  sitemap returned 4 URLs
2026-07-07 11:01:59  INFO     seo_tracker.keyword_engine  fetching sitemap: https://ambimat.com/category-sitemap.xml
2026-07-07 11:02:00  INFO     seo_tracker.keyword_engine  sitemap returned 2 URLs
2026-07-07 11:02:00  INFO     seo_tracker.keyword_engine  fetching sitemap: https://ambimat.com/post_tag-sitemap.xml
2026-07-07 11:02:01  INFO     seo_tracker.keyword_engine  sitemap returned 124 URLs
2026-07-07 11:02:01  INFO     seo_tracker.keyword_engine  fetching sitemap: https://ambimat.com/event-sitemap.xml
2026-07-07 11:02:02  INFO     seo_tracker.keyword_engine  sitemap returned 1 URLs
2026-07-07 11:02:02  INFO     seo_tracker.keyword_engine  fetching sitemap: https://ambimat.com/product_categories-sitemap.xml
2026-07-07 11:02:04  INFO     seo_tracker.keyword_engine  sitemap returned 11 URLs
2026-07-07 11:02:04  INFO     seo_tracker.keyword_engine  sitemap returned 434 URLs
2026-07-07 11:02:04  INFO     seo_tracker.keyword_engine  fetching sitemap: https://ambimat.com/sitemap.xml
2026-07-07 11:02:06  INFO     seo_tracker.keyword_engine  fetching sitemap: https://ambimat.com/post-sitemap.xml
2026-07-07 11:02:09  INFO     seo_tracker.keyword_engine  sitemap returned 190 URLs
2026-07-07 11:02:09  INFO     seo_tracker.keyword_engine  fetching sitemap: https://ambimat.com/page-sitemap.xml
2026-07-07 11:02:10  INFO     seo_tracker.keyword_engine  sitemap returned 75 URLs
2026-07-07 11:02:10  INFO     seo_tracker.keyword_engine  fetching sitemap: https://ambimat.com/timeline-sitemap.xml
2026-07-07 11:02:11  INFO     seo_tracker.keyword_engine  sitemap returned 27 URLs
2026-07-07 11:02:11  INFO     seo_tracker.keyword_engine  fetching sitemap: https://ambimat.com/case_study-sitemap.xml
2026-07-07 11:02:12  INFO     seo_tracker.keyword_engine  sitemap returned 4 URLs
2026-07-07 11:02:12  INFO     seo_tracker.keyword_engine  fetching sitemap: https://ambimat.com/category-sitemap.xml
2026-07-07 11:02:13  INFO     seo_tracker.keyword_engine  sitemap returned 2 URLs
2026-07-07 11:02:13  INFO     seo_tracker.keyword_engine  fetching sitemap: https://ambimat.com/post_tag-sitemap.xml
2026-07-07 11:02:13  INFO     seo_tracker.keyword_engine  sitemap returned 124 URLs
2026-07-07 11:02:13  INFO     seo_tracker.keyword_engine  fetching sitemap: https://ambimat.com/event-sitemap.xml
2026-07-07 11:02:14  INFO     seo_tracker.keyword_engine  sitemap returned 1 URLs
2026-07-07 11:02:14  INFO     seo_tracker.keyword_engine  fetching sitemap: https://ambimat.com/product_categories-sitemap.xml
2026-07-07 11:02:15  INFO     seo_tracker.keyword_engine  sitemap returned 11 URLs
2026-07-07 11:02:15  INFO     seo_tracker.keyword_engine  sitemap returned 434 URLs
2026-07-07 11:02:16  INFO     phone_seo                   -> ambisecure
2026-07-07 11:02:16  INFO     seo_tracker.keyword_engine  fetching sitemap: https://ambisecure.ambimat.com/sitemap.xml
2026-07-07 11:02:16  INFO     seo_tracker.keyword_engine  sitemap returned 319 URLs
2026-07-07 11:02:58  INFO     seo_tracker.keyword_engine  inventory built: 183 keywords (40 pages crawled) for slug=ambisecure
2026-07-07 11:02:58  INFO     seo_tracker.internal_links  internal-link analysis [ambisecure]: 0 orphan, 5 under-linked, 17 over-linked, 547 broken outbound, 20 recs
2026-07-07 11:02:58  INFO     seo_tracker.weak_pages    weak-page findings: 83 (high=0 medium=49 low=34)
2026-07-07 11:02:59  INFO     seo_tracker.keyword_engine  fetching sitemap: https://ambisecure.ambimat.com/sitemap.xml
2026-07-07 11:03:00  INFO     seo_tracker.keyword_engine  sitemap returned 319 URLs
2026-07-07 11:03:00  INFO     phone_seo                   -> esim
2026-07-07 11:03:00  INFO     seo_tracker.keyword_engine  fetching sitemap: https://esim.ambimat.com/sitemap.xml
2026-07-07 11:03:00  INFO     seo_tracker.keyword_engine  sitemap returned 33 URLs
2026-07-07 11:03:32  INFO     seo_tracker.keyword_engine  inventory built: 102 keywords (33 pages crawled) for slug=esim
2026-07-07 11:03:32  INFO     seo_tracker.internal_links  internal-link analysis [esim]: 1 orphan, 5 under-linked, 14 over-linked, 66 broken outbound, 17 recs
2026-07-07 11:03:32  INFO     seo_tracker.weak_pages    weak-page findings: 63 (high=0 medium=32 low=31)
2026-07-07 11:03:34  INFO     seo_tracker.keyword_engine  fetching sitemap: https://esim.ambimat.com/sitemap.xml
2026-07-07 11:03:34  INFO     seo_tracker.keyword_engine  sitemap returned 33 URLs
2026-07-07 11:03:34  INFO     phone_seo                   -> ambipower
2026-07-07 11:03:34  INFO     seo_tracker.keyword_engine  fetching sitemap: https://ambipower.ambimat.com/sitemap.xml
2026-07-07 11:03:35  INFO     seo_tracker.keyword_engine  sitemap returned 1 URLs
2026-07-07 11:03:37  INFO     seo_tracker.keyword_engine  inventory built: 8 keywords (1 pages crawled) for slug=ambipower
2026-07-07 11:03:37  INFO     seo_tracker.internal_links  internal-link analysis [ambipower]: 1 orphan, 0 under-linked, 0 over-linked, 32 broken outbound, 0 recs
2026-07-07 11:03:37  INFO     seo_tracker.weak_pages    weak-page findings: 3 (high=0 medium=2 low=1)
2026-07-07 11:03:39  INFO     seo_tracker.keyword_engine  fetching sitemap: https://ambipower.ambimat.com/sitemap.xml
2026-07-07 11:03:39  INFO     seo_tracker.keyword_engine  sitemap returned 1 URLs
2026-07-07 11:03:39  INFO     seo_tracker.keyword_engine  fetching sitemap: https://ambipower.ambimat.com/sitemap_index.xml
2026-07-07 11:03:40  INFO     seo_tracker.keyword_engine  sitemap returned 1 URLs
2026-07-07 11:03:40  INFO     seo_tracker.keyword_engine  fetching sitemap: https://ambipower.ambimat.com/sitemap-index.xml
2026-07-07 11:03:40  INFO     seo_tracker.keyword_engine  sitemap returned 1 URLs
2026-07-07 11:03:40  INFO     seo_tracker.keyword_engine  fetching sitemap: https://ambipower.ambimat.com/wp-sitemap.xml
2026-07-07 11:03:41  INFO     seo_tracker.keyword_engine  sitemap returned 1 URLs
2026-07-07 11:03:41  INFO     phone_seo                   -> ambiautomation
2026-07-07 11:03:41  INFO     seo_tracker.keyword_engine  fetching sitemap: https://ambiautomation.ambimat.com/sitemap.xml
2026-07-07 11:03:41  INFO     seo_tracker.keyword_engine  sitemap returned 22 URLs
2026-07-07 11:04:03  INFO     seo_tracker.keyword_engine  inventory built: 72 keywords (22 pages crawled) for slug=ambiautomation
2026-07-07 11:04:03  INFO     seo_tracker.internal_links  internal-link analysis [ambiautomation]: 0 orphan, 8 under-linked, 0 over-linked, 0 broken outbound, 1 recs
2026-07-07 11:04:03  INFO     seo_tracker.weak_pages    weak-page findings: 50 (high=0 medium=29 low=21)
2026-07-07 11:04:05  INFO     seo_tracker.keyword_engine  fetching sitemap: https://ambiautomation.ambimat.com/sitemap.xml
2026-07-07 11:04:06  INFO     seo_tracker.keyword_engine  sitemap returned 22 URLs
2026-07-07 11:04:06  INFO     phone_seo                 cross-domain: topical authority / overlap / opportunities
2026-07-07 11:04:07  INFO     seo_tracker.topic_authority  topic authority: 65 cells, 12 clusters with a strongest domain, 67 isolated pages
2026-07-07 11:04:07  INFO     seo_tracker.domain_overlap  domain-overlap: 0 keyword overlaps, 0 page duplicates
2026-07-07 11:04:07  INFO     seo_tracker.content_opportunities  content opportunities: 29 (HIGH=4 MEDIUM=6 LOW=19)
2026-07-07 11:04:07  INFO     phone_seo                 recommendations
2026-07-07 11:04:07  INFO     seo_tracker.weak_pages    weak-page findings: 272 (high=3 medium=168 low=101)

Phone SEO run complete (crawl-only).
------------------------------------
  json_timestamped /data/data/com.termux/files/home/seo_tracker_reports/report_20260707_110407.json
  md_timestamped   /data/data/com.termux/files/home/seo_tracker_reports/report_20260707_110407.md
  json_latest      /data/data/com.termux/files/home/seo_tracker_reports/report_latest.json
  md_latest        /data/data/com.termux/files/home/seo_tracker_reports/report_latest.md
  html_latest      /data/data/com.termux/files/home/seo_tracker_reports/report_latest.html
===== 2026-07-07 11:04:08 +0530 SEO run end (rc=0) =====
===== 2026-07-08 11:00:01 +0530 SEO run start =====
2026-07-08 11:00:03  INFO     phone_seo                 phone crawl-only run: 5 domains
2026-07-08 11:00:03  INFO     phone_seo                   -> ambimat
2026-07-08 11:00:03  INFO     seo_tracker.keyword_engine  fetching sitemap: https://ambimat.com/sitemap.xml
2026-07-08 11:00:03 +0530 another SEO run holds the lock; skipping
2026-07-08 11:00:06  INFO     seo_tracker.keyword_engine  fetching sitemap: https://ambimat.com/post-sitemap.xml
2026-07-08 11:00:08  INFO     seo_tracker.keyword_engine  sitemap returned 190 URLs
2026-07-08 11:00:08  INFO     seo_tracker.keyword_engine  fetching sitemap: https://ambimat.com/page-sitemap.xml
2026-07-08 11:00:10  INFO     seo_tracker.keyword_engine  sitemap returned 75 URLs
2026-07-08 11:00:10  INFO     seo_tracker.keyword_engine  fetching sitemap: https://ambimat.com/timeline-sitemap.xml
2026-07-08 11:00:12  INFO     seo_tracker.keyword_engine  sitemap returned 27 URLs
2026-07-08 11:00:12  INFO     seo_tracker.keyword_engine  fetching sitemap: https://ambimat.com/case_study-sitemap.xml
2026-07-08 11:00:14  INFO     seo_tracker.keyword_engine  sitemap returned 4 URLs
2026-07-08 11:00:14  INFO     seo_tracker.keyword_engine  fetching sitemap: https://ambimat.com/category-sitemap.xml
2026-07-08 11:00:16  INFO     seo_tracker.keyword_engine  sitemap returned 2 URLs
2026-07-08 11:00:16  INFO     seo_tracker.keyword_engine  fetching sitemap: https://ambimat.com/post_tag-sitemap.xml
2026-07-08 11:00:18  INFO     seo_tracker.keyword_engine  sitemap returned 124 URLs
2026-07-08 11:00:18  INFO     seo_tracker.keyword_engine  fetching sitemap: https://ambimat.com/event-sitemap.xml
2026-07-08 11:00:20  INFO     seo_tracker.keyword_engine  sitemap returned 1 URLs
2026-07-08 11:00:20  INFO     seo_tracker.keyword_engine  fetching sitemap: https://ambimat.com/product_categories-sitemap.xml
2026-07-08 11:00:22  INFO     seo_tracker.keyword_engine  sitemap returned 11 URLs
2026-07-08 11:00:22  INFO     seo_tracker.keyword_engine  sitemap returned 434 URLs
2026-07-08 11:02:37  INFO     seo_tracker.keyword_engine  inventory built: 180 keywords (40 pages crawled) for slug=ambimat
2026-07-08 11:02:37  INFO     seo_tracker.internal_links  internal-link analysis [ambimat]: 1 orphan, 35 under-linked, 1 over-linked, 2394 broken outbound, 9 recs
2026-07-08 11:02:37  INFO     seo_tracker.weak_pages    weak-page findings: 73 (high=3 medium=56 low=14)
2026-07-08 11:02:44  INFO     seo_tracker.keyword_engine  fetching sitemap: https://ambimat.com/sitemap_index.xml
2026-07-08 11:02:45  INFO     seo_tracker.keyword_engine  fetching sitemap: https://ambimat.com/post-sitemap.xml
2026-07-08 11:02:45  INFO     seo_tracker.keyword_engine  sitemap returned 190 URLs
2026-07-08 11:02:45  INFO     seo_tracker.keyword_engine  fetching sitemap: https://ambimat.com/page-sitemap.xml
2026-07-08 11:02:46  INFO     seo_tracker.keyword_engine  sitemap returned 75 URLs
2026-07-08 11:02:46  INFO     seo_tracker.keyword_engine  fetching sitemap: https://ambimat.com/timeline-sitemap.xml
2026-07-08 11:02:47  INFO     seo_tracker.keyword_engine  sitemap returned 27 URLs
2026-07-08 11:02:47  INFO     seo_tracker.keyword_engine  fetching sitemap: https://ambimat.com/case_study-sitemap.xml
2026-07-08 11:02:47  INFO     seo_tracker.keyword_engine  sitemap returned 4 URLs
2026-07-08 11:02:47  INFO     seo_tracker.keyword_engine  fetching sitemap: https://ambimat.com/category-sitemap.xml
2026-07-08 11:02:48  INFO     seo_tracker.keyword_engine  sitemap returned 2 URLs
2026-07-08 11:02:48  INFO     seo_tracker.keyword_engine  fetching sitemap: https://ambimat.com/post_tag-sitemap.xml
2026-07-08 11:02:48  INFO     seo_tracker.keyword_engine  sitemap returned 124 URLs
2026-07-08 11:02:48  INFO     seo_tracker.keyword_engine  fetching sitemap: https://ambimat.com/event-sitemap.xml
2026-07-08 11:02:49  INFO     seo_tracker.keyword_engine  sitemap returned 1 URLs
2026-07-08 11:02:49  INFO     seo_tracker.keyword_engine  fetching sitemap: https://ambimat.com/product_categories-sitemap.xml
2026-07-08 11:02:50  INFO     seo_tracker.keyword_engine  sitemap returned 11 URLs
2026-07-08 11:02:50  INFO     seo_tracker.keyword_engine  sitemap returned 434 URLs
2026-07-08 11:02:50  INFO     seo_tracker.keyword_engine  fetching sitemap: https://ambimat.com/sitemap.xml
2026-07-08 11:02:51  INFO     seo_tracker.keyword_engine  fetching sitemap: https://ambimat.com/post-sitemap.xml
2026-07-08 11:02:52  INFO     seo_tracker.keyword_engine  sitemap returned 190 URLs
2026-07-08 11:02:52  INFO     seo_tracker.keyword_engine  fetching sitemap: https://ambimat.com/page-sitemap.xml
2026-07-08 11:02:52  INFO     seo_tracker.keyword_engine  sitemap returned 75 URLs
2026-07-08 11:02:52  INFO     seo_tracker.keyword_engine  fetching sitemap: https://ambimat.com/timeline-sitemap.xml
2026-07-08 11:02:53  INFO     seo_tracker.keyword_engine  sitemap returned 27 URLs
2026-07-08 11:02:53  INFO     seo_tracker.keyword_engine  fetching sitemap: https://ambimat.com/case_study-sitemap.xml
2026-07-08 11:02:54  INFO     seo_tracker.keyword_engine  sitemap returned 4 URLs
2026-07-08 11:02:54  INFO     seo_tracker.keyword_engine  fetching sitemap: https://ambimat.com/category-sitemap.xml
2026-07-08 11:02:54  INFO     seo_tracker.keyword_engine  sitemap returned 2 URLs
2026-07-08 11:02:54  INFO     seo_tracker.keyword_engine  fetching sitemap: https://ambimat.com/post_tag-sitemap.xml
2026-07-08 11:02:55  INFO     seo_tracker.keyword_engine  sitemap returned 124 URLs
2026-07-08 11:02:55  INFO     seo_tracker.keyword_engine  fetching sitemap: https://ambimat.com/event-sitemap.xml
2026-07-08 11:02:56  INFO     seo_tracker.keyword_engine  sitemap returned 1 URLs
2026-07-08 11:02:56  INFO     seo_tracker.keyword_engine  fetching sitemap: https://ambimat.com/product_categories-sitemap.xml
2026-07-08 11:02:56  INFO     seo_tracker.keyword_engine  sitemap returned 11 URLs
2026-07-08 11:02:56  INFO     seo_tracker.keyword_engine  sitemap returned 434 URLs
2026-07-08 11:02:57  INFO     phone_seo                   -> ambisecure
2026-07-08 11:02:57  INFO     seo_tracker.keyword_engine  fetching sitemap: https://ambisecure.ambimat.com/sitemap.xml
2026-07-08 11:02:58  INFO     seo_tracker.keyword_engine  sitemap returned 319 URLs
2026-07-08 11:03:41  INFO     seo_tracker.keyword_engine  inventory built: 183 keywords (40 pages crawled) for slug=ambisecure
2026-07-08 11:03:41  INFO     seo_tracker.internal_links  internal-link analysis [ambisecure]: 0 orphan, 5 under-linked, 17 over-linked, 547 broken outbound, 20 recs
2026-07-08 11:03:41  INFO     seo_tracker.weak_pages    weak-page findings: 83 (high=0 medium=49 low=34)
2026-07-08 11:03:44  INFO     seo_tracker.keyword_engine  fetching sitemap: https://ambisecure.ambimat.com/sitemap.xml
2026-07-08 11:03:44  INFO     seo_tracker.keyword_engine  sitemap returned 319 URLs
2026-07-08 11:03:45  INFO     phone_seo                   -> esim
2026-07-08 11:03:45  INFO     seo_tracker.keyword_engine  fetching sitemap: https://esim.ambimat.com/sitemap.xml
2026-07-08 11:03:45  INFO     seo_tracker.keyword_engine  sitemap returned 33 URLs
2026-07-08 11:04:19  INFO     seo_tracker.keyword_engine  inventory built: 102 keywords (33 pages crawled) for slug=esim
2026-07-08 11:04:20  INFO     seo_tracker.internal_links  internal-link analysis [esim]: 1 orphan, 5 under-linked, 14 over-linked, 66 broken outbound, 17 recs
2026-07-08 11:04:20  INFO     seo_tracker.weak_pages    weak-page findings: 63 (high=0 medium=32 low=31)
2026-07-08 11:04:21  INFO     seo_tracker.keyword_engine  fetching sitemap: https://esim.ambimat.com/sitemap.xml
2026-07-08 11:04:21  INFO     seo_tracker.keyword_engine  sitemap returned 33 URLs
2026-07-08 11:04:21  INFO     phone_seo                   -> ambipower
2026-07-08 11:04:21  INFO     seo_tracker.keyword_engine  fetching sitemap: https://ambipower.ambimat.com/sitemap.xml
2026-07-08 11:04:22  INFO     seo_tracker.keyword_engine  sitemap returned 1 URLs
2026-07-08 11:04:24  INFO     seo_tracker.keyword_engine  inventory built: 8 keywords (1 pages crawled) for slug=ambipower
2026-07-08 11:04:24  INFO     seo_tracker.internal_links  internal-link analysis [ambipower]: 1 orphan, 0 under-linked, 0 over-linked, 32 broken outbound, 0 recs
2026-07-08 11:04:24  INFO     seo_tracker.weak_pages    weak-page findings: 3 (high=0 medium=2 low=1)
2026-07-08 11:04:28  INFO     seo_tracker.keyword_engine  fetching sitemap: https://ambipower.ambimat.com/sitemap.xml
2026-07-08 11:04:28  INFO     seo_tracker.keyword_engine  sitemap returned 1 URLs
2026-07-08 11:04:28  INFO     seo_tracker.keyword_engine  fetching sitemap: https://ambipower.ambimat.com/sitemap_index.xml
2026-07-08 11:04:29  INFO     seo_tracker.keyword_engine  sitemap returned 1 URLs
2026-07-08 11:04:29  INFO     seo_tracker.keyword_engine  fetching sitemap: https://ambipower.ambimat.com/sitemap-index.xml
2026-07-08 11:04:29  INFO     seo_tracker.keyword_engine  sitemap returned 1 URLs
2026-07-08 11:04:29  INFO     seo_tracker.keyword_engine  fetching sitemap: https://ambipower.ambimat.com/wp-sitemap.xml
2026-07-08 11:04:30  INFO     seo_tracker.keyword_engine  sitemap returned 1 URLs
2026-07-08 11:04:30  INFO     phone_seo                   -> ambiautomation
2026-07-08 11:04:30  INFO     seo_tracker.keyword_engine  fetching sitemap: https://ambiautomation.ambimat.com/sitemap.xml
2026-07-08 11:04:31  INFO     seo_tracker.keyword_engine  sitemap returned 22 URLs
2026-07-08 11:04:55  INFO     seo_tracker.keyword_engine  inventory built: 72 keywords (22 pages crawled) for slug=ambiautomation
2026-07-08 11:04:55  INFO     seo_tracker.internal_links  internal-link analysis [ambiautomation]: 0 orphan, 8 under-linked, 0 over-linked, 0 broken outbound, 1 recs
2026-07-08 11:04:55  INFO     seo_tracker.weak_pages    weak-page findings: 50 (high=0 medium=29 low=21)
2026-07-08 11:04:57  INFO     seo_tracker.keyword_engine  fetching sitemap: https://ambiautomation.ambimat.com/sitemap.xml
2026-07-08 11:04:57  INFO     seo_tracker.keyword_engine  sitemap returned 22 URLs
2026-07-08 11:04:57  INFO     phone_seo                 cross-domain: topical authority / overlap / opportunities
2026-07-08 11:04:58  INFO     seo_tracker.topic_authority  topic authority: 65 cells, 12 clusters with a strongest domain, 67 isolated pages
2026-07-08 11:04:59  INFO     seo_tracker.domain_overlap  domain-overlap: 0 keyword overlaps, 0 page duplicates
2026-07-08 11:04:59  INFO     seo_tracker.content_opportunities  content opportunities: 29 (HIGH=4 MEDIUM=6 LOW=19)
2026-07-08 11:04:59  INFO     phone_seo                 recommendations
2026-07-08 11:04:59  INFO     seo_tracker.weak_pages    weak-page findings: 272 (high=3 medium=168 low=101)

Phone SEO run complete (crawl-only).
------------------------------------
  json_timestamped /data/data/com.termux/files/home/seo_tracker_reports/report_20260708_110459.json
  md_timestamped   /data/data/com.termux/files/home/seo_tracker_reports/report_20260708_110459.md
  json_latest      /data/data/com.termux/files/home/seo_tracker_reports/report_latest.json
  md_latest        /data/data/com.termux/files/home/seo_tracker_reports/report_latest.md
  html_latest      /data/data/com.termux/files/home/seo_tracker_reports/report_latest.html
===== 2026-07-08 11:04:59 +0530 SEO run end (rc=0) =====
===== 2026-07-09 11:00:01 +0530 SEO run start =====
2026-07-09 11:00:03 +0530 another SEO run holds the lock; skipping
2026-07-09 11:00:03  INFO     phone_seo                 phone crawl-only run: 5 domains
2026-07-09 11:00:03  INFO     phone_seo                   -> ambimat
2026-07-09 11:00:03  INFO     seo_tracker.keyword_engine  fetching sitemap: https://ambimat.com/sitemap.xml
2026-07-09 11:00:05  INFO     seo_tracker.keyword_engine  fetching sitemap: https://ambimat.com/post-sitemap.xml
2026-07-09 11:00:07  INFO     seo_tracker.keyword_engine  sitemap returned 190 URLs
2026-07-09 11:00:07  INFO     seo_tracker.keyword_engine  fetching sitemap: https://ambimat.com/page-sitemap.xml
2026-07-09 11:00:09  INFO     seo_tracker.keyword_engine  sitemap returned 75 URLs
2026-07-09 11:00:09  INFO     seo_tracker.keyword_engine  fetching sitemap: https://ambimat.com/timeline-sitemap.xml
2026-07-09 11:00:11  INFO     seo_tracker.keyword_engine  sitemap returned 27 URLs
2026-07-09 11:00:11  INFO     seo_tracker.keyword_engine  fetching sitemap: https://ambimat.com/case_study-sitemap.xml
2026-07-09 11:00:12  INFO     seo_tracker.keyword_engine  sitemap returned 4 URLs
2026-07-09 11:00:12  INFO     seo_tracker.keyword_engine  fetching sitemap: https://ambimat.com/category-sitemap.xml
2026-07-09 11:00:14  INFO     seo_tracker.keyword_engine  sitemap returned 2 URLs
2026-07-09 11:00:14  INFO     seo_tracker.keyword_engine  fetching sitemap: https://ambimat.com/post_tag-sitemap.xml
2026-07-09 11:00:15  INFO     seo_tracker.keyword_engine  sitemap returned 124 URLs
2026-07-09 11:00:15  INFO     seo_tracker.keyword_engine  fetching sitemap: https://ambimat.com/event-sitemap.xml
2026-07-09 11:00:17  INFO     seo_tracker.keyword_engine  sitemap returned 1 URLs
2026-07-09 11:00:17  INFO     seo_tracker.keyword_engine  fetching sitemap: https://ambimat.com/product_categories-sitemap.xml
2026-07-09 11:00:18  INFO     seo_tracker.keyword_engine  sitemap returned 11 URLs
2026-07-09 11:00:18  INFO     seo_tracker.keyword_engine  sitemap returned 434 URLs
2026-07-09 11:02:06  INFO     seo_tracker.keyword_engine  inventory built: 180 keywords (40 pages crawled) for slug=ambimat
2026-07-09 11:02:06  INFO     seo_tracker.internal_links  internal-link analysis [ambimat]: 1 orphan, 35 under-linked, 1 over-linked, 2394 broken outbound, 9 recs
2026-07-09 11:02:06  INFO     seo_tracker.weak_pages    weak-page findings: 73 (high=3 medium=56 low=14)
2026-07-09 11:02:12  INFO     seo_tracker.keyword_engine  fetching sitemap: https://ambimat.com/sitemap_index.xml
2026-07-09 11:02:13  INFO     seo_tracker.keyword_engine  fetching sitemap: https://ambimat.com/post-sitemap.xml
2026-07-09 11:02:13  INFO     seo_tracker.keyword_engine  sitemap returned 190 URLs
2026-07-09 11:02:13  INFO     seo_tracker.keyword_engine  fetching sitemap: https://ambimat.com/page-sitemap.xml
2026-07-09 11:02:14  INFO     seo_tracker.keyword_engine  sitemap returned 75 URLs
2026-07-09 11:02:14  INFO     seo_tracker.keyword_engine  fetching sitemap: https://ambimat.com/timeline-sitemap.xml
2026-07-09 11:02:14  INFO     seo_tracker.keyword_engine  sitemap returned 27 URLs
2026-07-09 11:02:14  INFO     seo_tracker.keyword_engine  fetching sitemap: https://ambimat.com/case_study-sitemap.xml
2026-07-09 11:02:15  INFO     seo_tracker.keyword_engine  sitemap returned 4 URLs
2026-07-09 11:02:15  INFO     seo_tracker.keyword_engine  fetching sitemap: https://ambimat.com/category-sitemap.xml
2026-07-09 11:02:15  INFO     seo_tracker.keyword_engine  sitemap returned 2 URLs
2026-07-09 11:02:15  INFO     seo_tracker.keyword_engine  fetching sitemap: https://ambimat.com/post_tag-sitemap.xml
2026-07-09 11:02:16  INFO     seo_tracker.keyword_engine  sitemap returned 124 URLs
2026-07-09 11:02:16  INFO     seo_tracker.keyword_engine  fetching sitemap: https://ambimat.com/event-sitemap.xml
2026-07-09 11:02:17  INFO     seo_tracker.keyword_engine  sitemap returned 1 URLs
2026-07-09 11:02:17  INFO     seo_tracker.keyword_engine  fetching sitemap: https://ambimat.com/product_categories-sitemap.xml
2026-07-09 11:02:17  INFO     seo_tracker.keyword_engine  sitemap returned 11 URLs
2026-07-09 11:02:17  INFO     seo_tracker.keyword_engine  sitemap returned 434 URLs
2026-07-09 11:02:17  INFO     seo_tracker.keyword_engine  fetching sitemap: https://ambimat.com/sitemap.xml
2026-07-09 11:02:19  INFO     seo_tracker.keyword_engine  fetching sitemap: https://ambimat.com/post-sitemap.xml
2026-07-09 11:02:19  INFO     seo_tracker.keyword_engine  sitemap returned 190 URLs
2026-07-09 11:02:19  INFO     seo_tracker.keyword_engine  fetching sitemap: https://ambimat.com/page-sitemap.xml
2026-07-09 11:02:20  INFO     seo_tracker.keyword_engine  sitemap returned 75 URLs
2026-07-09 11:02:20  INFO     seo_tracker.keyword_engine  fetching sitemap: https://ambimat.com/timeline-sitemap.xml
2026-07-09 11:02:21  INFO     seo_tracker.keyword_engine  sitemap returned 27 URLs
2026-07-09 11:02:21  INFO     seo_tracker.keyword_engine  fetching sitemap: https://ambimat.com/case_study-sitemap.xml
2026-07-09 11:02:21  INFO     seo_tracker.keyword_engine  sitemap returned 4 URLs
2026-07-09 11:02:21  INFO     seo_tracker.keyword_engine  fetching sitemap: https://ambimat.com/category-sitemap.xml
2026-07-09 11:02:22  INFO     seo_tracker.keyword_engine  sitemap returned 2 URLs
2026-07-09 11:02:22  INFO     seo_tracker.keyword_engine  fetching sitemap: https://ambimat.com/post_tag-sitemap.xml
2026-07-09 11:02:22  INFO     seo_tracker.keyword_engine  sitemap returned 124 URLs
2026-07-09 11:02:22  INFO     seo_tracker.keyword_engine  fetching sitemap: https://ambimat.com/event-sitemap.xml
2026-07-09 11:02:23  INFO     seo_tracker.keyword_engine  sitemap returned 1 URLs
2026-07-09 11:02:23  INFO     seo_tracker.keyword_engine  fetching sitemap: https://ambimat.com/product_categories-sitemap.xml
2026-07-09 11:02:23  INFO     seo_tracker.keyword_engine  sitemap returned 11 URLs
2026-07-09 11:02:23  INFO     seo_tracker.keyword_engine  sitemap returned 434 URLs
2026-07-09 11:02:24  INFO     phone_seo                   -> ambisecure
2026-07-09 11:02:24  INFO     seo_tracker.keyword_engine  fetching sitemap: https://ambisecure.ambimat.com/sitemap.xml
2026-07-09 11:02:24  INFO     seo_tracker.keyword_engine  sitemap returned 319 URLs
2026-07-09 11:03:04  INFO     seo_tracker.keyword_engine  inventory built: 183 keywords (40 pages crawled) for slug=ambisecure
2026-07-09 11:03:04  INFO     seo_tracker.internal_links  internal-link analysis [ambisecure]: 0 orphan, 5 under-linked, 17 over-linked, 547 broken outbound, 20 recs
2026-07-09 11:03:04  INFO     seo_tracker.weak_pages    weak-page findings: 69 (high=0 medium=35 low=34)
2026-07-09 11:03:05  INFO     seo_tracker.keyword_engine  fetching sitemap: https://ambisecure.ambimat.com/sitemap.xml
2026-07-09 11:03:05  INFO     seo_tracker.keyword_engine  sitemap returned 319 URLs
2026-07-09 11:03:06  INFO     phone_seo                   -> esim
2026-07-09 11:03:06  INFO     seo_tracker.keyword_engine  fetching sitemap: https://esim.ambimat.com/sitemap.xml
2026-07-09 11:03:06  INFO     seo_tracker.keyword_engine  sitemap returned 33 URLs
2026-07-09 11:03:42  INFO     seo_tracker.keyword_engine  inventory built: 102 keywords (33 pages crawled) for slug=esim
2026-07-09 11:03:43  INFO     seo_tracker.internal_links  internal-link analysis [esim]: 0 orphan, 1 under-linked, 15 over-linked, 33 broken outbound, 15 recs
2026-07-09 11:03:43  INFO     seo_tracker.weak_pages    weak-page findings: 42 (high=1 medium=10 low=31)
2026-07-09 11:03:44  INFO     seo_tracker.keyword_engine  fetching sitemap: https://esim.ambimat.com/sitemap.xml
2026-07-09 11:03:44  INFO     seo_tracker.keyword_engine  sitemap returned 33 URLs
2026-07-09 11:03:45  INFO     phone_seo                   -> ambipower
2026-07-09 11:03:45  INFO     seo_tracker.keyword_engine  fetching sitemap: https://ambipower.ambimat.com/sitemap.xml
2026-07-09 11:03:46  INFO     seo_tracker.keyword_engine  sitemap returned 1 URLs
2026-07-09 11:03:48  INFO     seo_tracker.keyword_engine  inventory built: 8 keywords (1 pages crawled) for slug=ambipower
2026-07-09 11:03:48  INFO     seo_tracker.internal_links  internal-link analysis [ambipower]: 1 orphan, 0 under-linked, 0 over-linked, 32 broken outbound, 0 recs
2026-07-09 11:03:48  INFO     seo_tracker.weak_pages    weak-page findings: 3 (high=0 medium=2 low=1)
2026-07-09 11:03:52  INFO     seo_tracker.keyword_engine  fetching sitemap: https://ambipower.ambimat.com/sitemap.xml
2026-07-09 11:03:52  INFO     seo_tracker.keyword_engine  sitemap returned 1 URLs
2026-07-09 11:03:52  INFO     seo_tracker.keyword_engine  fetching sitemap: https://ambipower.ambimat.com/sitemap_index.xml
2026-07-09 11:03:53  INFO     seo_tracker.keyword_engine  sitemap returned 1 URLs
2026-07-09 11:03:53  INFO     seo_tracker.keyword_engine  fetching sitemap: https://ambipower.ambimat.com/sitemap-index.xml
2026-07-09 11:03:53  INFO     seo_tracker.keyword_engine  sitemap returned 1 URLs
2026-07-09 11:03:53  INFO     seo_tracker.keyword_engine  fetching sitemap: https://ambipower.ambimat.com/wp-sitemap.xml
2026-07-09 11:03:54  INFO     seo_tracker.keyword_engine  sitemap returned 1 URLs
2026-07-09 11:03:54  INFO     phone_seo                   -> ambiautomation
2026-07-09 11:03:54  INFO     seo_tracker.keyword_engine  fetching sitemap: https://ambiautomation.ambimat.com/sitemap.xml
2026-07-09 11:03:55  INFO     seo_tracker.keyword_engine  sitemap returned 22 URLs
2026-07-09 11:04:37  INFO     seo_tracker.keyword_engine  inventory built: 71 keywords (22 pages crawled) for slug=ambiautomation
2026-07-09 11:04:37  INFO     seo_tracker.internal_links  internal-link analysis [ambiautomation]: 0 orphan, 0 under-linked, 0 over-linked, 0 broken outbound, 0 recs
2026-07-09 11:04:37  INFO     seo_tracker.weak_pages    weak-page findings: 30 (high=0 medium=9 low=21)
2026-07-09 11:05:02  INFO     seo_tracker.keyword_engine  fetching sitemap: https://ambiautomation.ambimat.com/sitemap.xml
2026-07-09 11:05:02  INFO     seo_tracker.keyword_engine  sitemap returned 22 URLs
2026-07-09 11:05:02  INFO     phone_seo                 cross-domain: topical authority / overlap / opportunities
2026-07-09 11:05:03  INFO     seo_tracker.topic_authority  topic authority: 65 cells, 12 clusters with a strongest domain, 66 isolated pages
2026-07-09 11:05:04  INFO     seo_tracker.domain_overlap  domain-overlap: 0 keyword overlaps, 0 page duplicates
2026-07-09 11:05:04  INFO     seo_tracker.content_opportunities  content opportunities: 29 (HIGH=4 MEDIUM=6 LOW=19)
2026-07-09 11:05:04  INFO     phone_seo                 recommendations
2026-07-09 11:05:04  INFO     seo_tracker.weak_pages    weak-page findings: 217 (high=4 medium=112 low=101)

Phone SEO run complete (crawl-only).
------------------------------------
  json_timestamped /data/data/com.termux/files/home/seo_tracker_reports/report_20260709_110504.json
  md_timestamped   /data/data/com.termux/files/home/seo_tracker_reports/report_20260709_110504.md
  json_latest      /data/data/com.termux/files/home/seo_tracker_reports/report_latest.json
  md_latest        /data/data/com.termux/files/home/seo_tracker_reports/report_latest.md
  html_latest      /data/data/com.termux/files/home/seo_tracker_reports/report_latest.html
===== 2026-07-09 11:05:04 +0530 SEO run end (rc=0) =====
===== 2026-07-10 11:00:02 +0530 SEO run start =====
2026-07-10 11:00:04 +0530 another SEO run holds the lock; skipping
2026-07-10 11:00:04  INFO     phone_seo                 phone crawl-only run: 5 domains
2026-07-10 11:00:04  INFO     phone_seo                   -> ambimat
2026-07-10 11:00:04  INFO     seo_tracker.keyword_engine  fetching sitemap: https://ambimat.com/sitemap.xml
2026-07-10 11:00:08  INFO     seo_tracker.keyword_engine  fetching sitemap: https://ambimat.com/post-sitemap.xml
2026-07-10 11:00:10  INFO     seo_tracker.keyword_engine  sitemap returned 190 URLs
2026-07-10 11:00:10  INFO     seo_tracker.keyword_engine  fetching sitemap: https://ambimat.com/page-sitemap.xml
2026-07-10 11:00:12  INFO     seo_tracker.keyword_engine  sitemap returned 75 URLs
2026-07-10 11:00:12  INFO     seo_tracker.keyword_engine  fetching sitemap: https://ambimat.com/timeline-sitemap.xml
2026-07-10 11:00:13  INFO     seo_tracker.keyword_engine  sitemap returned 27 URLs
2026-07-10 11:00:13  INFO     seo_tracker.keyword_engine  fetching sitemap: https://ambimat.com/case_study-sitemap.xml
2026-07-10 11:00:15  INFO     seo_tracker.keyword_engine  sitemap returned 4 URLs
2026-07-10 11:00:15  INFO     seo_tracker.keyword_engine  fetching sitemap: https://ambimat.com/category-sitemap.xml
2026-07-10 11:00:16  INFO     seo_tracker.keyword_engine  sitemap returned 2 URLs
2026-07-10 11:00:16  INFO     seo_tracker.keyword_engine  fetching sitemap: https://ambimat.com/post_tag-sitemap.xml
2026-07-10 11:00:18  INFO     seo_tracker.keyword_engine  sitemap returned 124 URLs
2026-07-10 11:00:18  INFO     seo_tracker.keyword_engine  fetching sitemap: https://ambimat.com/event-sitemap.xml
2026-07-10 11:00:20  INFO     seo_tracker.keyword_engine  sitemap returned 1 URLs
2026-07-10 11:00:20  INFO     seo_tracker.keyword_engine  fetching sitemap: https://ambimat.com/product_categories-sitemap.xml
2026-07-10 11:00:21  INFO     seo_tracker.keyword_engine  sitemap returned 11 URLs
2026-07-10 11:00:21  INFO     seo_tracker.keyword_engine  sitemap returned 434 URLs
2026-07-10 11:02:17  INFO     seo_tracker.keyword_engine  inventory built: 180 keywords (40 pages crawled) for slug=ambimat
2026-07-10 11:02:17  INFO     seo_tracker.internal_links  internal-link analysis [ambimat]: 1 orphan, 35 under-linked, 1 over-linked, 2394 broken outbound, 9 recs
2026-07-10 11:02:17  INFO     seo_tracker.weak_pages    weak-page findings: 73 (high=3 medium=56 low=14)
2026-07-10 11:02:24  INFO     seo_tracker.keyword_engine  fetching sitemap: https://ambimat.com/sitemap_index.xml
2026-07-10 11:02:25  INFO     seo_tracker.keyword_engine  fetching sitemap: https://ambimat.com/post-sitemap.xml
2026-07-10 11:02:26  INFO     seo_tracker.keyword_engine  sitemap returned 190 URLs
2026-07-10 11:02:26  INFO     seo_tracker.keyword_engine  fetching sitemap: https://ambimat.com/page-sitemap.xml
2026-07-10 11:02:27  INFO     seo_tracker.keyword_engine  sitemap returned 75 URLs
2026-07-10 11:02:27  INFO     seo_tracker.keyword_engine  fetching sitemap: https://ambimat.com/timeline-sitemap.xml
2026-07-10 11:02:28  INFO     seo_tracker.keyword_engine  sitemap returned 27 URLs
2026-07-10 11:02:28  INFO     seo_tracker.keyword_engine  fetching sitemap: https://ambimat.com/case_study-sitemap.xml
2026-07-10 11:02:28  INFO     seo_tracker.keyword_engine  sitemap returned 4 URLs
2026-07-10 11:02:28  INFO     seo_tracker.keyword_engine  fetching sitemap: https://ambimat.com/category-sitemap.xml
2026-07-10 11:02:29  INFO     seo_tracker.keyword_engine  sitemap returned 2 URLs
2026-07-10 11:02:29  INFO     seo_tracker.keyword_engine  fetching sitemap: https://ambimat.com/post_tag-sitemap.xml
2026-07-10 11:02:30  INFO     seo_tracker.keyword_engine  sitemap returned 124 URLs
2026-07-10 11:02:30  INFO     seo_tracker.keyword_engine  fetching sitemap: https://ambimat.com/event-sitemap.xml
2026-07-10 11:02:31  INFO     seo_tracker.keyword_engine  sitemap returned 1 URLs
2026-07-10 11:02:31  INFO     seo_tracker.keyword_engine  fetching sitemap: https://ambimat.com/product_categories-sitemap.xml
2026-07-10 11:02:31  INFO     seo_tracker.keyword_engine  sitemap returned 11 URLs
2026-07-10 11:02:31  INFO     seo_tracker.keyword_engine  sitemap returned 434 URLs
2026-07-10 11:02:31  INFO     seo_tracker.keyword_engine  fetching sitemap: https://ambimat.com/sitemap.xml
2026-07-10 11:02:33  INFO     seo_tracker.keyword_engine  fetching sitemap: https://ambimat.com/post-sitemap.xml
2026-07-10 11:02:34  INFO     seo_tracker.keyword_engine  sitemap returned 190 URLs
2026-07-10 11:02:34  INFO     seo_tracker.keyword_engine  fetching sitemap: https://ambimat.com/page-sitemap.xml
2026-07-10 11:02:34  INFO     seo_tracker.keyword_engine  sitemap returned 75 URLs
2026-07-10 11:02:34  INFO     seo_tracker.keyword_engine  fetching sitemap: https://ambimat.com/timeline-sitemap.xml
2026-07-10 11:02:35  INFO     seo_tracker.keyword_engine  sitemap returned 27 URLs
2026-07-10 11:02:35  INFO     seo_tracker.keyword_engine  fetching sitemap: https://ambimat.com/case_study-sitemap.xml
2026-07-10 11:02:35  INFO     seo_tracker.keyword_engine  sitemap returned 4 URLs
2026-07-10 11:02:35  INFO     seo_tracker.keyword_engine  fetching sitemap: https://ambimat.com/category-sitemap.xml
2026-07-10 11:02:36  INFO     seo_tracker.keyword_engine  sitemap returned 2 URLs
2026-07-10 11:02:36  INFO     seo_tracker.keyword_engine  fetching sitemap: https://ambimat.com/post_tag-sitemap.xml
2026-07-10 11:02:37  INFO     seo_tracker.keyword_engine  sitemap returned 124 URLs
2026-07-10 11:02:37  INFO     seo_tracker.keyword_engine  fetching sitemap: https://ambimat.com/event-sitemap.xml
2026-07-10 11:02:37  INFO     seo_tracker.keyword_engine  sitemap returned 1 URLs
2026-07-10 11:02:37  INFO     seo_tracker.keyword_engine  fetching sitemap: https://ambimat.com/product_categories-sitemap.xml
2026-07-10 11:02:38  INFO     seo_tracker.keyword_engine  sitemap returned 11 URLs
2026-07-10 11:02:38  INFO     seo_tracker.keyword_engine  sitemap returned 434 URLs
2026-07-10 11:02:38  INFO     phone_seo                   -> ambisecure
2026-07-10 11:02:38  INFO     seo_tracker.keyword_engine  fetching sitemap: https://ambisecure.ambimat.com/sitemap.xml
2026-07-10 11:02:39  INFO     seo_tracker.keyword_engine  sitemap returned 319 URLs
2026-07-10 11:03:22  INFO     seo_tracker.keyword_engine  inventory built: 183 keywords (40 pages crawled) for slug=ambisecure
2026-07-10 11:03:22  INFO     seo_tracker.internal_links  internal-link analysis [ambisecure]: 0 orphan, 5 under-linked, 17 over-linked, 547 broken outbound, 20 recs
2026-07-10 11:03:22  INFO     seo_tracker.weak_pages    weak-page findings: 69 (high=0 medium=35 low=34)
2026-07-10 11:03:24  INFO     seo_tracker.keyword_engine  fetching sitemap: https://ambisecure.ambimat.com/sitemap.xml
2026-07-10 11:03:24  INFO     seo_tracker.keyword_engine  sitemap returned 319 URLs
2026-07-10 11:03:24  INFO     phone_seo                   -> esim
2026-07-10 11:03:24  INFO     seo_tracker.keyword_engine  fetching sitemap: https://esim.ambimat.com/sitemap.xml
2026-07-10 11:03:25  INFO     seo_tracker.keyword_engine  sitemap returned 33 URLs
2026-07-10 11:04:02  INFO     seo_tracker.keyword_engine  inventory built: 102 keywords (33 pages crawled) for slug=esim
2026-07-10 11:04:02  INFO     seo_tracker.internal_links  internal-link analysis [esim]: 0 orphan, 1 under-linked, 15 over-linked, 33 broken outbound, 15 recs
2026-07-10 11:04:02  INFO     seo_tracker.weak_pages    weak-page findings: 42 (high=1 medium=10 low=31)
2026-07-10 11:04:03  INFO     seo_tracker.keyword_engine  fetching sitemap: https://esim.ambimat.com/sitemap.xml
2026-07-10 11:04:03  INFO     seo_tracker.keyword_engine  sitemap returned 33 URLs
2026-07-10 11:04:04  INFO     phone_seo                   -> ambipower
2026-07-10 11:04:04  INFO     seo_tracker.keyword_engine  fetching sitemap: https://ambipower.ambimat.com/sitemap.xml
2026-07-10 11:04:05  INFO     seo_tracker.keyword_engine  sitemap returned 1 URLs
2026-07-10 11:04:07  INFO     seo_tracker.keyword_engine  inventory built: 8 keywords (1 pages crawled) for slug=ambipower
2026-07-10 11:04:07  INFO     seo_tracker.internal_links  internal-link analysis [ambipower]: 1 orphan, 0 under-linked, 0 over-linked, 32 broken outbound, 0 recs
2026-07-10 11:04:07  INFO     seo_tracker.weak_pages    weak-page findings: 3 (high=0 medium=2 low=1)
2026-07-10 11:04:09  INFO     seo_tracker.keyword_engine  fetching sitemap: https://ambipower.ambimat.com/sitemap.xml
2026-07-10 11:04:09  INFO     seo_tracker.keyword_engine  sitemap returned 1 URLs
2026-07-10 11:04:09  INFO     seo_tracker.keyword_engine  fetching sitemap: https://ambipower.ambimat.com/sitemap_index.xml
2026-07-10 11:04:09  INFO     seo_tracker.keyword_engine  sitemap returned 1 URLs
2026-07-10 11:04:09  INFO     seo_tracker.keyword_engine  fetching sitemap: https://ambipower.ambimat.com/sitemap-index.xml
2026-07-10 11:04:10  INFO     seo_tracker.keyword_engine  sitemap returned 1 URLs
2026-07-10 11:04:10  INFO     seo_tracker.keyword_engine  fetching sitemap: https://ambipower.ambimat.com/wp-sitemap.xml
2026-07-10 11:04:10  INFO     seo_tracker.keyword_engine  sitemap returned 1 URLs
2026-07-10 11:04:10  INFO     phone_seo                   -> ambiautomation
2026-07-10 11:04:10  INFO     seo_tracker.keyword_engine  fetching sitemap: https://ambiautomation.ambimat.com/sitemap.xml
2026-07-10 11:04:11  INFO     seo_tracker.keyword_engine  sitemap returned 22 URLs
2026-07-10 11:04:34  INFO     seo_tracker.keyword_engine  inventory built: 71 keywords (22 pages crawled) for slug=ambiautomation
2026-07-10 11:04:34  INFO     seo_tracker.internal_links  internal-link analysis [ambiautomation]: 0 orphan, 0 under-linked, 0 over-linked, 0 broken outbound, 0 recs
2026-07-10 11:04:34  INFO     seo_tracker.weak_pages    weak-page findings: 30 (high=0 medium=9 low=21)
2026-07-10 11:04:36  INFO     seo_tracker.keyword_engine  fetching sitemap: https://ambiautomation.ambimat.com/sitemap.xml
2026-07-10 11:04:36  INFO     seo_tracker.keyword_engine  sitemap returned 22 URLs
2026-07-10 11:04:36  INFO     phone_seo                 cross-domain: topical authority / overlap / opportunities
2026-07-10 11:04:37  INFO     seo_tracker.topic_authority  topic authority: 65 cells, 12 clusters with a strongest domain, 66 isolated pages
2026-07-10 11:04:37  INFO     seo_tracker.domain_overlap  domain-overlap: 0 keyword overlaps, 0 page duplicates
2026-07-10 11:04:37  INFO     seo_tracker.content_opportunities  content opportunities: 29 (HIGH=4 MEDIUM=6 LOW=19)
2026-07-10 11:04:37  INFO     phone_seo                 recommendations
2026-07-10 11:04:37  INFO     seo_tracker.weak_pages    weak-page findings: 217 (high=4 medium=112 low=101)

Phone SEO run complete (crawl-only).
------------------------------------
  json_timestamped /data/data/com.termux/files/home/seo_tracker_reports/report_20260710_110437.json
  md_timestamped   /data/data/com.termux/files/home/seo_tracker_reports/report_20260710_110437.md
  json_latest      /data/data/com.termux/files/home/seo_tracker_reports/report_latest.json
  md_latest        /data/data/com.termux/files/home/seo_tracker_reports/report_latest.md
  html_latest      /data/data/com.termux/files/home/seo_tracker_reports/report_latest.html
===== 2026-07-10 11:04:38 +0530 SEO run end (rc=0) =====
===== 2026-07-11 11:00:01 +0530 SEO run start =====
2026-07-11 11:00:04  INFO     phone_seo                 phone crawl-only run: 5 domains
2026-07-11 11:00:04  INFO     phone_seo                   -> ambimat
2026-07-11 11:00:04  INFO     seo_tracker.keyword_engine  fetching sitemap: https://ambimat.com/sitemap.xml
2026-07-11 11:00:04 +0530 another SEO run holds the lock; skipping
2026-07-11 11:00:07  INFO     seo_tracker.keyword_engine  fetching sitemap: https://ambimat.com/post-sitemap.xml
2026-07-11 11:00:10  INFO     seo_tracker.keyword_engine  sitemap returned 190 URLs
2026-07-11 11:00:10  INFO     seo_tracker.keyword_engine  fetching sitemap: https://ambimat.com/page-sitemap.xml
2026-07-11 11:00:12  INFO     seo_tracker.keyword_engine  sitemap returned 73 URLs
2026-07-11 11:00:12  INFO     seo_tracker.keyword_engine  fetching sitemap: https://ambimat.com/timeline-sitemap.xml
2026-07-11 11:00:15  INFO     seo_tracker.keyword_engine  sitemap returned 27 URLs
2026-07-11 11:00:15  INFO     seo_tracker.keyword_engine  fetching sitemap: https://ambimat.com/case_study-sitemap.xml
2026-07-11 11:00:17  INFO     seo_tracker.keyword_engine  sitemap returned 4 URLs
2026-07-11 11:00:17  INFO     seo_tracker.keyword_engine  fetching sitemap: https://ambimat.com/category-sitemap.xml
2026-07-11 11:00:20  INFO     seo_tracker.keyword_engine  sitemap returned 2 URLs
2026-07-11 11:00:20  INFO     seo_tracker.keyword_engine  fetching sitemap: https://ambimat.com/post_tag-sitemap.xml
2026-07-11 11:00:22  INFO     seo_tracker.keyword_engine  sitemap returned 124 URLs
2026-07-11 11:00:22  INFO     seo_tracker.keyword_engine  fetching sitemap: https://ambimat.com/event-sitemap.xml
2026-07-11 11:00:25  INFO     seo_tracker.keyword_engine  sitemap returned 1 URLs
2026-07-11 11:00:25  INFO     seo_tracker.keyword_engine  fetching sitemap: https://ambimat.com/product_categories-sitemap.xml
2026-07-11 11:00:28  INFO     seo_tracker.keyword_engine  sitemap returned 13 URLs
2026-07-11 11:00:28  INFO     seo_tracker.keyword_engine  sitemap returned 434 URLs
2026-07-11 11:02:34  INFO     seo_tracker.keyword_engine  inventory built: 180 keywords (40 pages crawled) for slug=ambimat
2026-07-11 11:02:34  INFO     seo_tracker.internal_links  internal-link analysis [ambimat]: 1 orphan, 35 under-linked, 1 over-linked, 2431 broken outbound, 9 recs
2026-07-11 11:02:34  INFO     seo_tracker.weak_pages    weak-page findings: 73 (high=3 medium=56 low=14)
2026-07-11 11:02:46  INFO     seo_tracker.keyword_engine  fetching sitemap: https://ambimat.com/sitemap_index.xml
2026-07-11 11:02:47  INFO     seo_tracker.keyword_engine  fetching sitemap: https://ambimat.com/post-sitemap.xml
2026-07-11 11:02:48  INFO     seo_tracker.keyword_engine  sitemap returned 190 URLs
2026-07-11 11:02:48  INFO     seo_tracker.keyword_engine  fetching sitemap: https://ambimat.com/page-sitemap.xml
2026-07-11 11:02:48  INFO     seo_tracker.keyword_engine  sitemap returned 73 URLs
2026-07-11 11:02:48  INFO     seo_tracker.keyword_engine  fetching sitemap: https://ambimat.com/timeline-sitemap.xml
2026-07-11 11:02:49  INFO     seo_tracker.keyword_engine  sitemap returned 27 URLs
2026-07-11 11:02:49  INFO     seo_tracker.keyword_engine  fetching sitemap: https://ambimat.com/case_study-sitemap.xml
2026-07-11 11:02:50  INFO     seo_tracker.keyword_engine  sitemap returned 4 URLs
2026-07-11 11:02:50  INFO     seo_tracker.keyword_engine  fetching sitemap: https://ambimat.com/category-sitemap.xml
2026-07-11 11:02:50  INFO     seo_tracker.keyword_engine  sitemap returned 2 URLs
2026-07-11 11:02:50  INFO     seo_tracker.keyword_engine  fetching sitemap: https://ambimat.com/post_tag-sitemap.xml
2026-07-11 11:02:51  INFO     seo_tracker.keyword_engine  sitemap returned 124 URLs
2026-07-11 11:02:51  INFO     seo_tracker.keyword_engine  fetching sitemap: https://ambimat.com/event-sitemap.xml
2026-07-11 11:02:51  INFO     seo_tracker.keyword_engine  sitemap returned 1 URLs
2026-07-11 11:02:51  INFO     seo_tracker.keyword_engine  fetching sitemap: https://ambimat.com/product_categories-sitemap.xml
2026-07-11 11:02:52  INFO     seo_tracker.keyword_engine  sitemap returned 13 URLs
2026-07-11 11:02:52  INFO     seo_tracker.keyword_engine  sitemap returned 434 URLs
2026-07-11 11:02:52  INFO     seo_tracker.keyword_engine  fetching sitemap: https://ambimat.com/sitemap.xml
2026-07-11 11:02:54  INFO     seo_tracker.keyword_engine  fetching sitemap: https://ambimat.com/post-sitemap.xml
2026-07-11 11:02:54  INFO     seo_tracker.keyword_engine  sitemap returned 190 URLs
2026-07-11 11:02:54  INFO     seo_tracker.keyword_engine  fetching sitemap: https://ambimat.com/page-sitemap.xml
2026-07-11 11:02:55  INFO     seo_tracker.keyword_engine  sitemap returned 73 URLs
2026-07-11 11:02:55  INFO     seo_tracker.keyword_engine  fetching sitemap: https://ambimat.com/timeline-sitemap.xml
2026-07-11 11:02:55  INFO     seo_tracker.keyword_engine  sitemap returned 27 URLs
2026-07-11 11:02:55  INFO     seo_tracker.keyword_engine  fetching sitemap: https://ambimat.com/case_study-sitemap.xml
2026-07-11 11:02:56  INFO     seo_tracker.keyword_engine  sitemap returned 4 URLs
2026-07-11 11:02:56  INFO     seo_tracker.keyword_engine  fetching sitemap: https://ambimat.com/category-sitemap.xml
2026-07-11 11:02:57  INFO     seo_tracker.keyword_engine  sitemap returned 2 URLs
2026-07-11 11:02:57  INFO     seo_tracker.keyword_engine  fetching sitemap: https://ambimat.com/post_tag-sitemap.xml
2026-07-11 11:02:58  INFO     seo_tracker.keyword_engine  sitemap returned 124 URLs
2026-07-11 11:02:58  INFO     seo_tracker.keyword_engine  fetching sitemap: https://ambimat.com/event-sitemap.xml
2026-07-11 11:02:59  INFO     seo_tracker.keyword_engine  sitemap returned 1 URLs
2026-07-11 11:02:59  INFO     seo_tracker.keyword_engine  fetching sitemap: https://ambimat.com/product_categories-sitemap.xml
2026-07-11 11:03:00  INFO     seo_tracker.keyword_engine  sitemap returned 13 URLs
2026-07-11 11:03:00  INFO     seo_tracker.keyword_engine  sitemap returned 434 URLs
2026-07-11 11:03:00  INFO     phone_seo                   -> ambisecure
2026-07-11 11:03:00  INFO     seo_tracker.keyword_engine  fetching sitemap: https://ambisecure.ambimat.com/sitemap.xml
2026-07-11 11:03:01  INFO     seo_tracker.keyword_engine  sitemap returned 319 URLs
2026-07-11 11:03:42  INFO     seo_tracker.keyword_engine  inventory built: 183 keywords (40 pages crawled) for slug=ambisecure
2026-07-11 11:03:43  INFO     seo_tracker.internal_links  internal-link analysis [ambisecure]: 0 orphan, 5 under-linked, 17 over-linked, 547 broken outbound, 20 recs
2026-07-11 11:03:43  INFO     seo_tracker.weak_pages    weak-page findings: 69 (high=0 medium=35 low=34)
2026-07-11 11:03:44  INFO     seo_tracker.keyword_engine  fetching sitemap: https://ambisecure.ambimat.com/sitemap.xml
2026-07-11 11:03:45  INFO     seo_tracker.keyword_engine  sitemap returned 319 URLs
2026-07-11 11:03:45  INFO     phone_seo                   -> esim
2026-07-11 11:03:45  INFO     seo_tracker.keyword_engine  fetching sitemap: https://esim.ambimat.com/sitemap.xml
2026-07-11 11:03:46  INFO     seo_tracker.keyword_engine  sitemap returned 33 URLs
2026-07-11 11:04:19  INFO     seo_tracker.keyword_engine  inventory built: 102 keywords (33 pages crawled) for slug=esim
2026-07-11 11:04:19  INFO     seo_tracker.internal_links  internal-link analysis [esim]: 0 orphan, 1 under-linked, 15 over-linked, 33 broken outbound, 15 recs
2026-07-11 11:04:19  INFO     seo_tracker.weak_pages    weak-page findings: 42 (high=1 medium=10 low=31)
2026-07-11 11:04:20  INFO     seo_tracker.keyword_engine  fetching sitemap: https://esim.ambimat.com/sitemap.xml
2026-07-11 11:04:21  INFO     seo_tracker.keyword_engine  sitemap returned 33 URLs
2026-07-11 11:04:21  INFO     phone_seo                   -> ambipower
2026-07-11 11:04:21  INFO     seo_tracker.keyword_engine  fetching sitemap: https://ambipower.ambimat.com/sitemap.xml
2026-07-11 11:04:22  INFO     seo_tracker.keyword_engine  sitemap returned 1 URLs
2026-07-11 11:04:24  INFO     seo_tracker.keyword_engine  inventory built: 8 keywords (1 pages crawled) for slug=ambipower
2026-07-11 11:04:24  INFO     seo_tracker.internal_links  internal-link analysis [ambipower]: 1 orphan, 0 under-linked, 0 over-linked, 32 broken outbound, 0 recs
2026-07-11 11:04:24  INFO     seo_tracker.weak_pages    weak-page findings: 3 (high=0 medium=2 low=1)
2026-07-11 11:04:27  INFO     seo_tracker.keyword_engine  fetching sitemap: https://ambipower.ambimat.com/sitemap.xml
2026-07-11 11:04:28  INFO     seo_tracker.keyword_engine  sitemap returned 1 URLs
2026-07-11 11:04:28  INFO     seo_tracker.keyword_engine  fetching sitemap: https://ambipower.ambimat.com/sitemap_index.xml
2026-07-11 11:04:28  INFO     seo_tracker.keyword_engine  sitemap returned 1 URLs
2026-07-11 11:04:28  INFO     seo_tracker.keyword_engine  fetching sitemap: https://ambipower.ambimat.com/sitemap-index.xml
2026-07-11 11:04:29  INFO     seo_tracker.keyword_engine  sitemap returned 1 URLs
2026-07-11 11:04:29  INFO     seo_tracker.keyword_engine  fetching sitemap: https://ambipower.ambimat.com/wp-sitemap.xml
2026-07-11 11:04:29  INFO     seo_tracker.keyword_engine  sitemap returned 1 URLs
2026-07-11 11:04:29  INFO     phone_seo                   -> ambiautomation
2026-07-11 11:04:29  INFO     seo_tracker.keyword_engine  fetching sitemap: https://ambiautomation.ambimat.com/sitemap.xml
2026-07-11 11:04:29  INFO     seo_tracker.keyword_engine  sitemap returned 22 URLs
2026-07-11 11:04:55  INFO     seo_tracker.keyword_engine  inventory built: 71 keywords (22 pages crawled) for slug=ambiautomation
2026-07-11 11:04:55  INFO     seo_tracker.internal_links  internal-link analysis [ambiautomation]: 0 orphan, 0 under-linked, 0 over-linked, 0 broken outbound, 0 recs
2026-07-11 11:04:55  INFO     seo_tracker.weak_pages    weak-page findings: 30 (high=0 medium=9 low=21)
2026-07-11 11:04:57  INFO     seo_tracker.keyword_engine  fetching sitemap: https://ambiautomation.ambimat.com/sitemap.xml
2026-07-11 11:04:57  INFO     seo_tracker.keyword_engine  sitemap returned 22 URLs
2026-07-11 11:04:57  INFO     phone_seo                 cross-domain: topical authority / overlap / opportunities
2026-07-11 11:04:58  INFO     seo_tracker.topic_authority  topic authority: 65 cells, 12 clusters with a strongest domain, 66 isolated pages
2026-07-11 11:04:58  INFO     seo_tracker.domain_overlap  domain-overlap: 0 keyword overlaps, 0 page duplicates
2026-07-11 11:04:58  INFO     seo_tracker.content_opportunities  content opportunities: 29 (HIGH=4 MEDIUM=6 LOW=19)
2026-07-11 11:04:58  INFO     phone_seo                 recommendations
2026-07-11 11:04:58  INFO     seo_tracker.weak_pages    weak-page findings: 217 (high=4 medium=112 low=101)

Phone SEO run complete (crawl-only).
------------------------------------
  json_timestamped /data/data/com.termux/files/home/seo_tracker_reports/report_20260711_110458.json
  md_timestamped   /data/data/com.termux/files/home/seo_tracker_reports/report_20260711_110458.md
  json_latest      /data/data/com.termux/files/home/seo_tracker_reports/report_latest.json
  md_latest        /data/data/com.termux/files/home/seo_tracker_reports/report_latest.md
  html_latest      /data/data/com.termux/files/home/seo_tracker_reports/report_latest.html
===== 2026-07-11 11:04:59 +0530 SEO run end (rc=0) =====
===== 2026-07-12 11:00:01 +0530 SEO run start =====
2026-07-12 11:00:03  INFO     phone_seo                 phone crawl-only run: 5 domains
2026-07-12 11:00:03  INFO     phone_seo                   -> ambimat
2026-07-12 11:00:03  INFO     seo_tracker.keyword_engine  fetching sitemap: https://ambimat.com/sitemap.xml
2026-07-12 11:00:06  INFO     seo_tracker.keyword_engine  fetching sitemap: https://ambimat.com/post-sitemap.xml
2026-07-12 11:00:10  INFO     seo_tracker.keyword_engine  sitemap returned 188 URLs
2026-07-12 11:00:10  INFO     seo_tracker.keyword_engine  fetching sitemap: https://ambimat.com/page-sitemap.xml
2026-07-12 11:00:10  INFO     seo_tracker.keyword_engine  sitemap returned 75 URLs
2026-07-12 11:00:10  INFO     seo_tracker.keyword_engine  fetching sitemap: https://ambimat.com/timeline-sitemap.xml
2026-07-12 11:00:13  INFO     seo_tracker.keyword_engine  sitemap returned 27 URLs
2026-07-12 11:00:13  INFO     seo_tracker.keyword_engine  fetching sitemap: https://ambimat.com/case_study-sitemap.xml
2026-07-12 11:00:13  INFO     seo_tracker.keyword_engine  sitemap returned 4 URLs
2026-07-12 11:00:13  INFO     seo_tracker.keyword_engine  fetching sitemap: https://ambimat.com/category-sitemap.xml
2026-07-12 11:00:15  INFO     seo_tracker.keyword_engine  sitemap returned 2 URLs
2026-07-12 11:00:15  INFO     seo_tracker.keyword_engine  fetching sitemap: https://ambimat.com/post_tag-sitemap.xml
2026-07-12 11:00:17  INFO     seo_tracker.keyword_engine  sitemap returned 124 URLs
2026-07-12 11:00:17  INFO     seo_tracker.keyword_engine  fetching sitemap: https://ambimat.com/event-sitemap.xml
2026-07-12 11:00:19  INFO     seo_tracker.keyword_engine  sitemap returned 1 URLs
2026-07-12 11:00:19  INFO     seo_tracker.keyword_engine  fetching sitemap: https://ambimat.com/product_categories-sitemap.xml
2026-07-12 11:00:20  INFO     seo_tracker.keyword_engine  sitemap returned 14 URLs
2026-07-12 11:00:20  INFO     seo_tracker.keyword_engine  sitemap returned 435 URLs
2026-07-12 11:02:26  INFO     seo_tracker.keyword_engine  inventory built: 162 keywords (40 pages crawled) for slug=ambimat
2026-07-12 11:02:26  INFO     seo_tracker.internal_links  internal-link analysis [ambimat]: 3 orphan, 35 under-linked, 1 over-linked, 2201 broken outbound, 8 recs
2026-07-12 11:02:26  INFO     seo_tracker.weak_pages    weak-page findings: 64 (high=0 medium=41 low=23)
2026-07-12 11:02:37  INFO     seo_tracker.keyword_engine  fetching sitemap: https://ambimat.com/sitemap_index.xml
2026-07-12 11:02:38  INFO     seo_tracker.keyword_engine  fetching sitemap: https://ambimat.com/post-sitemap.xml
2026-07-12 11:02:39  INFO     seo_tracker.keyword_engine  sitemap returned 188 URLs
2026-07-12 11:02:39  INFO     seo_tracker.keyword_engine  fetching sitemap: https://ambimat.com/page-sitemap.xml
2026-07-12 11:02:40  INFO     seo_tracker.keyword_engine  sitemap returned 75 URLs
2026-07-12 11:02:40  INFO     seo_tracker.keyword_engine  fetching sitemap: https://ambimat.com/timeline-sitemap.xml
2026-07-12 11:02:41  INFO     seo_tracker.keyword_engine  sitemap returned 27 URLs
2026-07-12 11:02:41  INFO     seo_tracker.keyword_engine  fetching sitemap: https://ambimat.com/case_study-sitemap.xml
2026-07-12 11:02:42  INFO     seo_tracker.keyword_engine  sitemap returned 4 URLs
2026-07-12 11:02:42  INFO     seo_tracker.keyword_engine  fetching sitemap: https://ambimat.com/category-sitemap.xml
2026-07-12 11:02:42  INFO     seo_tracker.keyword_engine  sitemap returned 2 URLs
2026-07-12 11:02:42  INFO     seo_tracker.keyword_engine  fetching sitemap: https://ambimat.com/post_tag-sitemap.xml
2026-07-12 11:02:43  INFO     seo_tracker.keyword_engine  sitemap returned 124 URLs
2026-07-12 11:02:43  INFO     seo_tracker.keyword_engine  fetching sitemap: https://ambimat.com/event-sitemap.xml
2026-07-12 11:02:43  INFO     seo_tracker.keyword_engine  sitemap returned 1 URLs
2026-07-12 11:02:43  INFO     seo_tracker.keyword_engine  fetching sitemap: https://ambimat.com/product_categories-sitemap.xml
2026-07-12 11:02:44  INFO     seo_tracker.keyword_engine  sitemap returned 14 URLs
2026-07-12 11:02:44  INFO     seo_tracker.keyword_engine  sitemap returned 435 URLs
2026-07-12 11:02:44  INFO     seo_tracker.keyword_engine  fetching sitemap: https://ambimat.com/sitemap.xml
2026-07-12 11:02:46  INFO     seo_tracker.keyword_engine  fetching sitemap: https://ambimat.com/post-sitemap.xml
2026-07-12 11:02:46  INFO     seo_tracker.keyword_engine  sitemap returned 188 URLs
2026-07-12 11:02:46  INFO     seo_tracker.keyword_engine  fetching sitemap: https://ambimat.com/page-sitemap.xml
2026-07-12 11:02:47  INFO     seo_tracker.keyword_engine  sitemap returned 75 URLs
2026-07-12 11:02:47  INFO     seo_tracker.keyword_engine  fetching sitemap: https://ambimat.com/timeline-sitemap.xml
2026-07-12 11:02:47  INFO     seo_tracker.keyword_engine  sitemap returned 27 URLs
2026-07-12 11:02:47  INFO     seo_tracker.keyword_engine  fetching sitemap: https://ambimat.com/case_study-sitemap.xml
2026-07-12 11:02:48  INFO     seo_tracker.keyword_engine  sitemap returned 4 URLs
2026-07-12 11:02:48  INFO     seo_tracker.keyword_engine  fetching sitemap: https://ambimat.com/category-sitemap.xml
2026-07-12 11:02:48  INFO     seo_tracker.keyword_engine  sitemap returned 2 URLs
2026-07-12 11:02:49  INFO     seo_tracker.keyword_engine  fetching sitemap: https://ambimat.com/post_tag-sitemap.xml
2026-07-12 11:02:49  INFO     seo_tracker.keyword_engine  sitemap returned 124 URLs
2026-07-12 11:02:49  INFO     seo_tracker.keyword_engine  fetching sitemap: https://ambimat.com/event-sitemap.xml
2026-07-12 11:02:49  INFO     seo_tracker.keyword_engine  sitemap returned 1 URLs
2026-07-12 11:02:49  INFO     seo_tracker.keyword_engine  fetching sitemap: https://ambimat.com/product_categories-sitemap.xml
2026-07-12 11:02:50  INFO     seo_tracker.keyword_engine  sitemap returned 14 URLs
2026-07-12 11:02:50  INFO     seo_tracker.keyword_engine  sitemap returned 435 URLs
2026-07-12 11:02:50  INFO     phone_seo                   -> ambisecure
2026-07-12 11:02:50  INFO     seo_tracker.keyword_engine  fetching sitemap: https://ambisecure.ambimat.com/sitemap.xml
2026-07-12 11:02:51  INFO     seo_tracker.keyword_engine  sitemap returned 319 URLs
2026-07-12 11:03:31  INFO     seo_tracker.keyword_engine  inventory built: 183 keywords (40 pages crawled) for slug=ambisecure
2026-07-12 11:03:31  INFO     seo_tracker.internal_links  internal-link analysis [ambisecure]: 0 orphan, 5 under-linked, 17 over-linked, 547 broken outbound, 20 recs
2026-07-12 11:03:31  INFO     seo_tracker.weak_pages    weak-page findings: 69 (high=0 medium=35 low=34)
2026-07-12 11:03:32  INFO     seo_tracker.keyword_engine  fetching sitemap: https://ambisecure.ambimat.com/sitemap.xml
2026-07-12 11:03:33  INFO     seo_tracker.keyword_engine  sitemap returned 319 URLs
2026-07-12 11:03:33  INFO     phone_seo                   -> esim
2026-07-12 11:03:33  INFO     seo_tracker.keyword_engine  fetching sitemap: https://esim.ambimat.com/sitemap.xml
2026-07-12 11:03:33  INFO     seo_tracker.keyword_engine  sitemap returned 33 URLs
2026-07-12 11:04:06  INFO     seo_tracker.keyword_engine  inventory built: 102 keywords (33 pages crawled) for slug=esim
2026-07-12 11:04:06  INFO     seo_tracker.internal_links  internal-link analysis [esim]: 0 orphan, 1 under-linked, 15 over-linked, 33 broken outbound, 15 recs
2026-07-12 11:04:06  INFO     seo_tracker.weak_pages    weak-page findings: 42 (high=1 medium=10 low=31)
2026-07-12 11:04:08  INFO     seo_tracker.keyword_engine  fetching sitemap: https://esim.ambimat.com/sitemap.xml
2026-07-12 11:04:08  INFO     seo_tracker.keyword_engine  sitemap returned 33 URLs
2026-07-12 11:04:08  INFO     phone_seo                   -> ambipower
2026-07-12 11:04:08  INFO     seo_tracker.keyword_engine  fetching sitemap: https://ambipower.ambimat.com/sitemap.xml
2026-07-12 11:04:14  INFO     seo_tracker.keyword_engine  sitemap returned 1 URLs
2026-07-12 11:04:16  INFO     seo_tracker.keyword_engine  inventory built: 8 keywords (1 pages crawled) for slug=ambipower
2026-07-12 11:04:16  INFO     seo_tracker.internal_links  internal-link analysis [ambipower]: 1 orphan, 0 under-linked, 0 over-linked, 32 broken outbound, 0 recs
2026-07-12 11:04:16  INFO     seo_tracker.weak_pages    weak-page findings: 3 (high=0 medium=2 low=1)
2026-07-12 11:04:19  INFO     seo_tracker.keyword_engine  fetching sitemap: https://ambipower.ambimat.com/sitemap.xml
2026-07-12 11:04:19  INFO     seo_tracker.keyword_engine  sitemap returned 1 URLs
2026-07-12 11:04:19  INFO     seo_tracker.keyword_engine  fetching sitemap: https://ambipower.ambimat.com/sitemap_index.xml
2026-07-12 11:04:20  INFO     seo_tracker.keyword_engine  sitemap returned 1 URLs
2026-07-12 11:04:20  INFO     seo_tracker.keyword_engine  fetching sitemap: https://ambipower.ambimat.com/sitemap-index.xml
2026-07-12 11:04:20  INFO     seo_tracker.keyword_engine  sitemap returned 1 URLs
2026-07-12 11:04:20  INFO     seo_tracker.keyword_engine  fetching sitemap: https://ambipower.ambimat.com/wp-sitemap.xml
2026-07-12 11:04:21  INFO     seo_tracker.keyword_engine  sitemap returned 1 URLs
2026-07-12 11:04:21  INFO     phone_seo                   -> ambiautomation
2026-07-12 11:04:21  INFO     seo_tracker.keyword_engine  fetching sitemap: https://ambiautomation.ambimat.com/sitemap.xml
2026-07-12 11:04:21  INFO     seo_tracker.keyword_engine  sitemap returned 22 URLs
2026-07-12 11:04:43  INFO     seo_tracker.keyword_engine  inventory built: 71 keywords (22 pages crawled) for slug=ambiautomation
2026-07-12 11:04:43  INFO     seo_tracker.internal_links  internal-link analysis [ambiautomation]: 0 orphan, 0 under-linked, 0 over-linked, 0 broken outbound, 0 recs
2026-07-12 11:04:43  INFO     seo_tracker.weak_pages    weak-page findings: 30 (high=0 medium=9 low=21)
2026-07-12 11:04:45  INFO     seo_tracker.keyword_engine  fetching sitemap: https://ambiautomation.ambimat.com/sitemap.xml
2026-07-12 11:04:45  INFO     seo_tracker.keyword_engine  sitemap returned 22 URLs
2026-07-12 11:04:45  INFO     phone_seo                 cross-domain: topical authority / overlap / opportunities
2026-07-12 11:04:46  INFO     seo_tracker.topic_authority  topic authority: 65 cells, 12 clusters with a strongest domain, 68 isolated pages
2026-07-12 11:04:46  INFO     seo_tracker.domain_overlap  domain-overlap: 0 keyword overlaps, 0 page duplicates
2026-07-12 11:04:46  INFO     seo_tracker.content_opportunities  content opportunities: 30 (HIGH=4 MEDIUM=7 LOW=19)
2026-07-12 11:04:46  INFO     phone_seo                 recommendations
2026-07-12 11:04:46  INFO     seo_tracker.weak_pages    weak-page findings: 208 (high=1 medium=97 low=110)

Phone SEO run complete (crawl-only).
------------------------------------
  json_timestamped /data/data/com.termux/files/home/seo_tracker_reports/report_20260712_110446.json
  md_timestamped   /data/data/com.termux/files/home/seo_tracker_reports/report_20260712_110446.md
  json_latest      /data/data/com.termux/files/home/seo_tracker_reports/report_latest.json
  md_latest        /data/data/com.termux/files/home/seo_tracker_reports/report_latest.md
  html_latest      /data/data/com.termux/files/home/seo_tracker_reports/report_latest.html
===== 2026-07-12 11:04:47 +0530 SEO run end (rc=0) =====
===== 2026-07-13 11:00:02 +0530 SEO run start =====
2026-07-13 11:00:04  INFO     phone_seo                 phone crawl-only run: 5 domains
2026-07-13 11:00:04  INFO     phone_seo                   -> ambimat
2026-07-13 11:00:04  INFO     seo_tracker.keyword_engine  fetching sitemap: https://ambimat.com/sitemap.xml
2026-07-13 11:00:09  INFO     seo_tracker.keyword_engine  fetching sitemap: https://ambimat.com/post-sitemap.xml
2026-07-13 11:00:14  INFO     seo_tracker.keyword_engine  sitemap returned 188 URLs
2026-07-13 11:00:14  INFO     seo_tracker.keyword_engine  fetching sitemap: https://ambimat.com/page-sitemap.xml
2026-07-13 11:00:17  INFO     seo_tracker.keyword_engine  sitemap returned 75 URLs
2026-07-13 11:00:17  INFO     seo_tracker.keyword_engine  fetching sitemap: https://ambimat.com/timeline-sitemap.xml
2026-07-13 11:00:20  INFO     seo_tracker.keyword_engine  sitemap returned 27 URLs
2026-07-13 11:00:20  INFO     seo_tracker.keyword_engine  fetching sitemap: https://ambimat.com/case_study-sitemap.xml
2026-07-13 11:00:23  INFO     seo_tracker.keyword_engine  sitemap returned 4 URLs
2026-07-13 11:00:23  INFO     seo_tracker.keyword_engine  fetching sitemap: https://ambimat.com/category-sitemap.xml
2026-07-13 11:00:23  INFO     seo_tracker.keyword_engine  sitemap returned 2 URLs
2026-07-13 11:00:23  INFO     seo_tracker.keyword_engine  fetching sitemap: https://ambimat.com/post_tag-sitemap.xml
2026-07-13 11:00:25  INFO     seo_tracker.keyword_engine  sitemap returned 124 URLs
2026-07-13 11:00:25  INFO     seo_tracker.keyword_engine  fetching sitemap: https://ambimat.com/event-sitemap.xml
2026-07-13 11:00:28  INFO     seo_tracker.keyword_engine  sitemap returned 1 URLs
2026-07-13 11:00:28  INFO     seo_tracker.keyword_engine  fetching sitemap: https://ambimat.com/product_categories-sitemap.xml
2026-07-13 11:00:30  INFO     seo_tracker.keyword_engine  sitemap returned 14 URLs
2026-07-13 11:00:30  INFO     seo_tracker.keyword_engine  sitemap returned 435 URLs
2026-07-13 11:02:57  INFO     seo_tracker.keyword_engine  inventory built: 162 keywords (40 pages crawled) for slug=ambimat
2026-07-13 11:02:57  INFO     seo_tracker.internal_links  internal-link analysis [ambimat]: 3 orphan, 35 under-linked, 1 over-linked, 2201 broken outbound, 8 recs
2026-07-13 11:02:57  INFO     seo_tracker.weak_pages    weak-page findings: 64 (high=0 medium=41 low=23)
2026-07-13 11:03:08  INFO     seo_tracker.keyword_engine  fetching sitemap: https://ambimat.com/sitemap_index.xml
2026-07-13 11:03:09  INFO     seo_tracker.keyword_engine  fetching sitemap: https://ambimat.com/post-sitemap.xml
2026-07-13 11:03:11  INFO     seo_tracker.keyword_engine  sitemap returned 188 URLs
2026-07-13 11:03:11  INFO     seo_tracker.keyword_engine  fetching sitemap: https://ambimat.com/page-sitemap.xml
2026-07-13 11:03:12  INFO     seo_tracker.keyword_engine  sitemap returned 75 URLs
2026-07-13 11:03:12  INFO     seo_tracker.keyword_engine  fetching sitemap: https://ambimat.com/timeline-sitemap.xml
2026-07-13 11:03:13  INFO     seo_tracker.keyword_engine  sitemap returned 27 URLs
2026-07-13 11:03:13  INFO     seo_tracker.keyword_engine  fetching sitemap: https://ambimat.com/case_study-sitemap.xml
2026-07-13 11:03:14  INFO     seo_tracker.keyword_engine  sitemap returned 4 URLs
2026-07-13 11:03:14  INFO     seo_tracker.keyword_engine  fetching sitemap: https://ambimat.com/category-sitemap.xml
2026-07-13 11:03:15  INFO     seo_tracker.keyword_engine  sitemap returned 2 URLs
2026-07-13 11:03:15  INFO     seo_tracker.keyword_engine  fetching sitemap: https://ambimat.com/post_tag-sitemap.xml
2026-07-13 11:03:16  INFO     seo_tracker.keyword_engine  sitemap returned 124 URLs
2026-07-13 11:03:16  INFO     seo_tracker.keyword_engine  fetching sitemap: https://ambimat.com/event-sitemap.xml
2026-07-13 11:03:18  INFO     seo_tracker.keyword_engine  sitemap returned 1 URLs
2026-07-13 11:03:18  INFO     seo_tracker.keyword_engine  fetching sitemap: https://ambimat.com/product_categories-sitemap.xml
2026-07-13 11:03:22  INFO     seo_tracker.keyword_engine  sitemap returned 14 URLs
2026-07-13 11:03:22  INFO     seo_tracker.keyword_engine  sitemap returned 435 URLs
2026-07-13 11:03:22  INFO     seo_tracker.keyword_engine  fetching sitemap: https://ambimat.com/sitemap.xml
2026-07-13 11:03:25  INFO     seo_tracker.keyword_engine  fetching sitemap: https://ambimat.com/post-sitemap.xml
2026-07-13 11:03:26  INFO     seo_tracker.keyword_engine  sitemap returned 188 URLs
2026-07-13 11:03:26  INFO     seo_tracker.keyword_engine  fetching sitemap: https://ambimat.com/page-sitemap.xml
2026-07-13 11:03:27  INFO     seo_tracker.keyword_engine  sitemap returned 75 URLs
2026-07-13 11:03:27  INFO     seo_tracker.keyword_engine  fetching sitemap: https://ambimat.com/timeline-sitemap.xml
2026-07-13 11:03:28  INFO     seo_tracker.keyword_engine  sitemap returned 27 URLs
2026-07-13 11:03:28  INFO     seo_tracker.keyword_engine  fetching sitemap: https://ambimat.com/case_study-sitemap.xml
2026-07-13 11:03:29  INFO     seo_tracker.keyword_engine  sitemap returned 4 URLs
2026-07-13 11:03:29  INFO     seo_tracker.keyword_engine  fetching sitemap: https://ambimat.com/category-sitemap.xml
2026-07-13 11:03:30  INFO     seo_tracker.keyword_engine  sitemap returned 2 URLs
2026-07-13 11:03:30  INFO     seo_tracker.keyword_engine  fetching sitemap: https://ambimat.com/post_tag-sitemap.xml
2026-07-13 11:03:32  INFO     seo_tracker.keyword_engine  sitemap returned 124 URLs
2026-07-13 11:03:32  INFO     seo_tracker.keyword_engine  fetching sitemap: https://ambimat.com/event-sitemap.xml
2026-07-13 11:03:33  INFO     seo_tracker.keyword_engine  sitemap returned 1 URLs
2026-07-13 11:03:33  INFO     seo_tracker.keyword_engine  fetching sitemap: https://ambimat.com/product_categories-sitemap.xml
2026-07-13 11:03:34  INFO     seo_tracker.keyword_engine  sitemap returned 14 URLs
2026-07-13 11:03:34  INFO     seo_tracker.keyword_engine  sitemap returned 435 URLs
2026-07-13 11:03:34  INFO     phone_seo                   -> ambisecure
2026-07-13 11:03:34  INFO     seo_tracker.keyword_engine  fetching sitemap: https://ambisecure.ambimat.com/sitemap.xml
2026-07-13 11:03:35  INFO     seo_tracker.keyword_engine  sitemap returned 319 URLs
2026-07-13 11:04:16  INFO     seo_tracker.keyword_engine  inventory built: 183 keywords (40 pages crawled) for slug=ambisecure
2026-07-13 11:04:16  INFO     seo_tracker.internal_links  internal-link analysis [ambisecure]: 0 orphan, 5 under-linked, 17 over-linked, 547 broken outbound, 20 recs
2026-07-13 11:04:16  INFO     seo_tracker.weak_pages    weak-page findings: 69 (high=0 medium=35 low=34)
2026-07-13 11:04:19  INFO     seo_tracker.keyword_engine  fetching sitemap: https://ambisecure.ambimat.com/sitemap.xml
2026-07-13 11:04:20  INFO     seo_tracker.keyword_engine  sitemap returned 319 URLs
2026-07-13 11:04:20  INFO     phone_seo                   -> esim
2026-07-13 11:04:20  INFO     seo_tracker.keyword_engine  fetching sitemap: https://esim.ambimat.com/sitemap.xml
2026-07-13 11:04:21  INFO     seo_tracker.keyword_engine  sitemap returned 33 URLs
2026-07-13 11:04:55  INFO     seo_tracker.keyword_engine  inventory built: 102 keywords (33 pages crawled) for slug=esim
2026-07-13 11:04:55  INFO     seo_tracker.internal_links  internal-link analysis [esim]: 0 orphan, 1 under-linked, 15 over-linked, 33 broken outbound, 15 recs
2026-07-13 11:04:55  INFO     seo_tracker.weak_pages    weak-page findings: 42 (high=1 medium=10 low=31)
2026-07-13 11:04:56  INFO     seo_tracker.keyword_engine  fetching sitemap: https://esim.ambimat.com/sitemap.xml
2026-07-13 11:04:56  INFO     seo_tracker.keyword_engine  sitemap returned 33 URLs
2026-07-13 11:04:56  INFO     phone_seo                   -> ambipower
2026-07-13 11:04:56  INFO     seo_tracker.keyword_engine  fetching sitemap: https://ambipower.ambimat.com/sitemap.xml
2026-07-13 11:04:57  INFO     seo_tracker.keyword_engine  sitemap returned 1 URLs
2026-07-13 11:04:59  INFO     seo_tracker.keyword_engine  inventory built: 8 keywords (1 pages crawled) for slug=ambipower
2026-07-13 11:04:59  INFO     seo_tracker.internal_links  internal-link analysis [ambipower]: 1 orphan, 0 under-linked, 0 over-linked, 32 broken outbound, 0 recs
2026-07-13 11:04:59  INFO     seo_tracker.weak_pages    weak-page findings: 3 (high=0 medium=2 low=1)
2026-07-13 11:05:01  INFO     seo_tracker.keyword_engine  fetching sitemap: https://ambipower.ambimat.com/sitemap.xml
2026-07-13 11:05:01  INFO     seo_tracker.keyword_engine  sitemap returned 1 URLs
2026-07-13 11:05:01  INFO     seo_tracker.keyword_engine  fetching sitemap: https://ambipower.ambimat.com/sitemap_index.xml
2026-07-13 11:05:02  INFO     seo_tracker.keyword_engine  sitemap returned 1 URLs
2026-07-13 11:05:02  INFO     seo_tracker.keyword_engine  fetching sitemap: https://ambipower.ambimat.com/sitemap-index.xml
2026-07-13 11:05:02  INFO     seo_tracker.keyword_engine  sitemap returned 1 URLs
2026-07-13 11:05:02  INFO     seo_tracker.keyword_engine  fetching sitemap: https://ambipower.ambimat.com/wp-sitemap.xml
2026-07-13 11:05:03  INFO     seo_tracker.keyword_engine  sitemap returned 1 URLs
2026-07-13 11:05:03  INFO     phone_seo                   -> ambiautomation
2026-07-13 11:05:03  INFO     seo_tracker.keyword_engine  fetching sitemap: https://ambiautomation.ambimat.com/sitemap.xml
2026-07-13 11:05:03  INFO     seo_tracker.keyword_engine  sitemap returned 22 URLs
2026-07-13 11:05:27  INFO     seo_tracker.keyword_engine  inventory built: 71 keywords (22 pages crawled) for slug=ambiautomation
2026-07-13 11:05:27  INFO     seo_tracker.internal_links  internal-link analysis [ambiautomation]: 0 orphan, 0 under-linked, 0 over-linked, 0 broken outbound, 0 recs
2026-07-13 11:05:27  INFO     seo_tracker.weak_pages    weak-page findings: 30 (high=0 medium=9 low=21)
2026-07-13 11:05:29  INFO     seo_tracker.keyword_engine  fetching sitemap: https://ambiautomation.ambimat.com/sitemap.xml
2026-07-13 11:05:30  INFO     seo_tracker.keyword_engine  sitemap returned 22 URLs
2026-07-13 11:05:30  INFO     phone_seo                 cross-domain: topical authority / overlap / opportunities
2026-07-13 11:05:31  INFO     seo_tracker.topic_authority  topic authority: 65 cells, 12 clusters with a strongest domain, 68 isolated pages
2026-07-13 11:05:31  INFO     seo_tracker.domain_overlap  domain-overlap: 0 keyword overlaps, 0 page duplicates
2026-07-13 11:05:31  INFO     seo_tracker.content_opportunities  content opportunities: 30 (HIGH=4 MEDIUM=7 LOW=19)
2026-07-13 11:05:31  INFO     phone_seo                 recommendations
2026-07-13 11:05:31  INFO     seo_tracker.weak_pages    weak-page findings: 208 (high=1 medium=97 low=110)

Phone SEO run complete (crawl-only).
------------------------------------
  json_timestamped /data/data/com.termux/files/home/seo_tracker_reports/report_20260713_110531.json
  md_timestamped   /data/data/com.termux/files/home/seo_tracker_reports/report_20260713_110531.md
  json_latest      /data/data/com.termux/files/home/seo_tracker_reports/report_latest.json
  md_latest        /data/data/com.termux/files/home/seo_tracker_reports/report_latest.md
  html_latest      /data/data/com.termux/files/home/seo_tracker_reports/report_latest.html
===== 2026-07-13 11:05:32 +0530 SEO run end (rc=0) =====
===== 2026-07-14 11:00:03 +0530 SEO run start =====
2026-07-14 11:00:05  INFO     phone_seo                 phone crawl-only run: 5 domains
2026-07-14 11:00:05  INFO     phone_seo                   -> ambimat
2026-07-14 11:00:05  INFO     seo_tracker.keyword_engine  fetching sitemap: https://ambimat.com/sitemap.xml
2026-07-14 11:00:08  INFO     seo_tracker.keyword_engine  fetching sitemap: https://ambimat.com/post-sitemap.xml
2026-07-14 11:00:13  INFO     seo_tracker.keyword_engine  sitemap returned 188 URLs
2026-07-14 11:00:13  INFO     seo_tracker.keyword_engine  fetching sitemap: https://ambimat.com/page-sitemap.xml
2026-07-14 11:00:16  INFO     seo_tracker.keyword_engine  sitemap returned 74 URLs
2026-07-14 11:00:16  INFO     seo_tracker.keyword_engine  fetching sitemap: https://ambimat.com/timeline-sitemap.xml
2026-07-14 11:00:18  INFO     seo_tracker.keyword_engine  sitemap returned 27 URLs
2026-07-14 11:00:18  INFO     seo_tracker.keyword_engine  fetching sitemap: https://ambimat.com/case_study-sitemap.xml
2026-07-14 11:00:19  INFO     seo_tracker.keyword_engine  sitemap returned 4 URLs
2026-07-14 11:00:19  INFO     seo_tracker.keyword_engine  fetching sitemap: https://ambimat.com/category-sitemap.xml
2026-07-14 11:00:21  INFO     seo_tracker.keyword_engine  sitemap returned 2 URLs
2026-07-14 11:00:21  INFO     seo_tracker.keyword_engine  fetching sitemap: https://ambimat.com/post_tag-sitemap.xml
2026-07-14 11:00:23  INFO     seo_tracker.keyword_engine  sitemap returned 124 URLs
2026-07-14 11:00:23  INFO     seo_tracker.keyword_engine  fetching sitemap: https://ambimat.com/event-sitemap.xml
2026-07-14 11:00:27  INFO     seo_tracker.keyword_engine  sitemap returned 1 URLs
2026-07-14 11:00:27  INFO     seo_tracker.keyword_engine  fetching sitemap: https://ambimat.com/product_categories-sitemap.xml
2026-07-14 11:00:32  INFO     seo_tracker.keyword_engine  sitemap returned 14 URLs
2026-07-14 11:00:32  INFO     seo_tracker.keyword_engine  sitemap returned 434 URLs
2026-07-14 11:03:07  INFO     seo_tracker.keyword_engine  inventory built: 162 keywords (40 pages crawled) for slug=ambimat
2026-07-14 11:03:07  INFO     seo_tracker.internal_links  internal-link analysis [ambimat]: 3 orphan, 35 under-linked, 1 over-linked, 2201 broken outbound, 8 recs
2026-07-14 11:03:07  INFO     seo_tracker.weak_pages    weak-page findings: 64 (high=0 medium=41 low=23)
2026-07-14 11:03:19  INFO     seo_tracker.keyword_engine  fetching sitemap: https://ambimat.com/sitemap_index.xml
2026-07-14 11:03:20  INFO     seo_tracker.keyword_engine  fetching sitemap: https://ambimat.com/post-sitemap.xml
2026-07-14 11:03:22  INFO     seo_tracker.keyword_engine  sitemap returned 188 URLs
2026-07-14 11:03:22  INFO     seo_tracker.keyword_engine  fetching sitemap: https://ambimat.com/page-sitemap.xml
2026-07-14 11:03:23  INFO     seo_tracker.keyword_engine  sitemap returned 74 URLs
2026-07-14 11:03:23  INFO     seo_tracker.keyword_engine  fetching sitemap: https://ambimat.com/timeline-sitemap.xml
2026-07-14 11:03:24  INFO     seo_tracker.keyword_engine  sitemap returned 27 URLs
2026-07-14 11:03:24  INFO     seo_tracker.keyword_engine  fetching sitemap: https://ambimat.com/case_study-sitemap.xml
2026-07-14 11:03:25  INFO     seo_tracker.keyword_engine  sitemap returned 4 URLs
2026-07-14 11:03:25  INFO     seo_tracker.keyword_engine  fetching sitemap: https://ambimat.com/category-sitemap.xml
2026-07-14 11:03:27  INFO     seo_tracker.keyword_engine  sitemap returned 2 URLs
2026-07-14 11:03:27  INFO     seo_tracker.keyword_engine  fetching sitemap: https://ambimat.com/post_tag-sitemap.xml
2026-07-14 11:03:28  INFO     seo_tracker.keyword_engine  sitemap returned 124 URLs
2026-07-14 11:03:28  INFO     seo_tracker.keyword_engine  fetching sitemap: https://ambimat.com/event-sitemap.xml
2026-07-14 11:03:29  INFO     seo_tracker.keyword_engine  sitemap returned 1 URLs
2026-07-14 11:03:29  INFO     seo_tracker.keyword_engine  fetching sitemap: https://ambimat.com/product_categories-sitemap.xml
2026-07-14 11:03:30  INFO     seo_tracker.keyword_engine  sitemap returned 14 URLs
2026-07-14 11:03:30  INFO     seo_tracker.keyword_engine  sitemap returned 434 URLs
2026-07-14 11:03:30  INFO     seo_tracker.keyword_engine  fetching sitemap: https://ambimat.com/sitemap.xml
2026-07-14 11:03:33  INFO     seo_tracker.keyword_engine  fetching sitemap: https://ambimat.com/post-sitemap.xml
2026-07-14 11:03:34  INFO     seo_tracker.keyword_engine  sitemap returned 188 URLs
2026-07-14 11:03:34  INFO     seo_tracker.keyword_engine  fetching sitemap: https://ambimat.com/page-sitemap.xml
2026-07-14 11:03:35  INFO     seo_tracker.keyword_engine  sitemap returned 74 URLs
2026-07-14 11:03:35  INFO     seo_tracker.keyword_engine  fetching sitemap: https://ambimat.com/timeline-sitemap.xml
2026-07-14 11:03:37  INFO     seo_tracker.keyword_engine  sitemap returned 27 URLs
2026-07-14 11:03:37  INFO     seo_tracker.keyword_engine  fetching sitemap: https://ambimat.com/case_study-sitemap.xml
2026-07-14 11:03:38  INFO     seo_tracker.keyword_engine  sitemap returned 4 URLs
2026-07-14 11:03:38  INFO     seo_tracker.keyword_engine  fetching sitemap: https://ambimat.com/category-sitemap.xml
2026-07-14 11:03:39  INFO     seo_tracker.keyword_engine  sitemap returned 2 URLs
2026-07-14 11:03:39  INFO     seo_tracker.keyword_engine  fetching sitemap: https://ambimat.com/post_tag-sitemap.xml
2026-07-14 11:03:40  INFO     seo_tracker.keyword_engine  sitemap returned 124 URLs
2026-07-14 11:03:40  INFO     seo_tracker.keyword_engine  fetching sitemap: https://ambimat.com/event-sitemap.xml
2026-07-14 11:03:42  INFO     seo_tracker.keyword_engine  sitemap returned 1 URLs
2026-07-14 11:03:42  INFO     seo_tracker.keyword_engine  fetching sitemap: https://ambimat.com/product_categories-sitemap.xml
2026-07-14 11:03:43  INFO     seo_tracker.keyword_engine  sitemap returned 14 URLs
2026-07-14 11:03:43  INFO     seo_tracker.keyword_engine  sitemap returned 434 URLs
2026-07-14 11:03:44  INFO     phone_seo                   -> ambisecure
2026-07-14 11:03:44  INFO     seo_tracker.keyword_engine  fetching sitemap: https://ambisecure.ambimat.com/sitemap.xml
2026-07-14 11:03:44  INFO     seo_tracker.keyword_engine  sitemap returned 319 URLs
2026-07-14 11:04:23  INFO     seo_tracker.keyword_engine  inventory built: 183 keywords (40 pages crawled) for slug=ambisecure
2026-07-14 11:04:23  INFO     seo_tracker.internal_links  internal-link analysis [ambisecure]: 0 orphan, 5 under-linked, 17 over-linked, 547 broken outbound, 20 recs
2026-07-14 11:04:23  INFO     seo_tracker.weak_pages    weak-page findings: 69 (high=0 medium=35 low=34)
2026-07-14 11:04:26  INFO     seo_tracker.keyword_engine  fetching sitemap: https://ambisecure.ambimat.com/sitemap.xml
2026-07-14 11:04:26  INFO     seo_tracker.keyword_engine  sitemap returned 319 URLs
2026-07-14 11:04:27  INFO     phone_seo                   -> esim
2026-07-14 11:04:27  INFO     seo_tracker.keyword_engine  fetching sitemap: https://esim.ambimat.com/sitemap.xml
2026-07-14 11:04:27  INFO     seo_tracker.keyword_engine  sitemap returned 33 URLs
2026-07-14 11:04:59  INFO     seo_tracker.keyword_engine  inventory built: 102 keywords (33 pages crawled) for slug=esim
2026-07-14 11:05:00  INFO     seo_tracker.internal_links  internal-link analysis [esim]: 0 orphan, 1 under-linked, 15 over-linked, 33 broken outbound, 15 recs
2026-07-14 11:05:00  INFO     seo_tracker.weak_pages    weak-page findings: 42 (high=1 medium=10 low=31)
2026-07-14 11:05:02  INFO     seo_tracker.keyword_engine  fetching sitemap: https://esim.ambimat.com/sitemap.xml
2026-07-14 11:05:02  INFO     seo_tracker.keyword_engine  sitemap returned 33 URLs
2026-07-14 11:05:02  INFO     phone_seo                   -> ambipower
2026-07-14 11:05:02  INFO     seo_tracker.keyword_engine  fetching sitemap: https://ambipower.ambimat.com/sitemap.xml
2026-07-14 11:05:04  INFO     seo_tracker.keyword_engine  sitemap returned 1 URLs
2026-07-14 11:05:05  INFO     seo_tracker.keyword_engine  inventory built: 8 keywords (1 pages crawled) for slug=ambipower
2026-07-14 11:05:06  INFO     seo_tracker.internal_links  internal-link analysis [ambipower]: 1 orphan, 0 under-linked, 0 over-linked, 32 broken outbound, 0 recs
2026-07-14 11:05:06  INFO     seo_tracker.weak_pages    weak-page findings: 3 (high=0 medium=2 low=1)
2026-07-14 11:05:08  INFO     seo_tracker.keyword_engine  fetching sitemap: https://ambipower.ambimat.com/sitemap.xml
2026-07-14 11:05:10  INFO     seo_tracker.keyword_engine  sitemap returned 1 URLs
2026-07-14 11:05:10  INFO     seo_tracker.keyword_engine  fetching sitemap: https://ambipower.ambimat.com/sitemap_index.xml
2026-07-14 11:05:10  INFO     seo_tracker.keyword_engine  sitemap returned 1 URLs
2026-07-14 11:05:10  INFO     seo_tracker.keyword_engine  fetching sitemap: https://ambipower.ambimat.com/sitemap-index.xml
2026-07-14 11:05:11  INFO     seo_tracker.keyword_engine  sitemap returned 1 URLs
2026-07-14 11:05:11  INFO     seo_tracker.keyword_engine  fetching sitemap: https://ambipower.ambimat.com/wp-sitemap.xml
2026-07-14 11:05:12  INFO     seo_tracker.keyword_engine  sitemap returned 1 URLs
2026-07-14 11:05:12  INFO     phone_seo                   -> ambiautomation
2026-07-14 11:05:12  INFO     seo_tracker.keyword_engine  fetching sitemap: https://ambiautomation.ambimat.com/sitemap.xml
2026-07-14 11:05:13  INFO     seo_tracker.keyword_engine  sitemap returned 22 URLs
2026-07-14 11:05:35  INFO     seo_tracker.keyword_engine  inventory built: 71 keywords (22 pages crawled) for slug=ambiautomation
2026-07-14 11:05:35  INFO     seo_tracker.internal_links  internal-link analysis [ambiautomation]: 0 orphan, 0 under-linked, 0 over-linked, 0 broken outbound, 0 recs
2026-07-14 11:05:35  INFO     seo_tracker.weak_pages    weak-page findings: 30 (high=0 medium=9 low=21)
2026-07-14 11:05:36  INFO     seo_tracker.keyword_engine  fetching sitemap: https://ambiautomation.ambimat.com/sitemap.xml
2026-07-14 11:05:37  INFO     seo_tracker.keyword_engine  sitemap returned 22 URLs
2026-07-14 11:05:37  INFO     phone_seo                 cross-domain: topical authority / overlap / opportunities
2026-07-14 11:05:38  INFO     seo_tracker.topic_authority  topic authority: 65 cells, 12 clusters with a strongest domain, 68 isolated pages
2026-07-14 11:05:38  INFO     seo_tracker.domain_overlap  domain-overlap: 0 keyword overlaps, 0 page duplicates
2026-07-14 11:05:38  INFO     seo_tracker.content_opportunities  content opportunities: 30 (HIGH=4 MEDIUM=7 LOW=19)
2026-07-14 11:05:38  INFO     phone_seo                 recommendations
2026-07-14 11:05:38  INFO     seo_tracker.weak_pages    weak-page findings: 208 (high=1 medium=97 low=110)

Phone SEO run complete (crawl-only).
------------------------------------
  json_timestamped /data/data/com.termux/files/home/seo_tracker_reports/report_20260714_110538.json
  md_timestamped   /data/data/com.termux/files/home/seo_tracker_reports/report_20260714_110538.md
  json_latest      /data/data/com.termux/files/home/seo_tracker_reports/report_latest.json
  md_latest        /data/data/com.termux/files/home/seo_tracker_reports/report_latest.md
  html_latest      /data/data/com.termux/files/home/seo_tracker_reports/report_latest.html
===== 2026-07-14 11:05:39 +0530 SEO run end (rc=0) =====
===== 2026-07-15 11:00:02 +0530 SEO run start =====
2026-07-15 11:00:04  INFO     phone_seo                 phone crawl-only run: 5 domains
2026-07-15 11:00:04  INFO     phone_seo                   -> ambimat
2026-07-15 11:00:04  INFO     seo_tracker.keyword_engine  fetching sitemap: https://ambimat.com/sitemap.xml
2026-07-15 11:00:06  INFO     seo_tracker.keyword_engine  fetching sitemap: https://ambimat.com/post-sitemap.xml
2026-07-15 11:00:10  INFO     seo_tracker.keyword_engine  sitemap returned 188 URLs
2026-07-15 11:00:10  INFO     seo_tracker.keyword_engine  fetching sitemap: https://ambimat.com/page-sitemap.xml
2026-07-15 11:00:12  INFO     seo_tracker.keyword_engine  sitemap returned 68 URLs
2026-07-15 11:00:12  INFO     seo_tracker.keyword_engine  fetching sitemap: https://ambimat.com/timeline-sitemap.xml
2026-07-15 11:00:16  INFO     seo_tracker.keyword_engine  sitemap returned 27 URLs
2026-07-15 11:00:16  INFO     seo_tracker.keyword_engine  fetching sitemap: https://ambimat.com/case_study-sitemap.xml
2026-07-15 11:00:19  INFO     seo_tracker.keyword_engine  sitemap returned 4 URLs
2026-07-15 11:00:19  INFO     seo_tracker.keyword_engine  fetching sitemap: https://ambimat.com/category-sitemap.xml
2026-07-15 11:00:21  INFO     seo_tracker.keyword_engine  sitemap returned 2 URLs
2026-07-15 11:00:21  INFO     seo_tracker.keyword_engine  fetching sitemap: https://ambimat.com/post_tag-sitemap.xml
2026-07-15 11:00:23  INFO     seo_tracker.keyword_engine  sitemap returned 124 URLs
2026-07-15 11:00:23  INFO     seo_tracker.keyword_engine  fetching sitemap: https://ambimat.com/event-sitemap.xml
2026-07-15 11:00:25  INFO     seo_tracker.keyword_engine  sitemap returned 1 URLs
2026-07-15 11:00:25  INFO     seo_tracker.keyword_engine  fetching sitemap: https://ambimat.com/product_categories-sitemap.xml
2026-07-15 11:00:28  INFO     seo_tracker.keyword_engine  sitemap returned 14 URLs
2026-07-15 11:00:28  INFO     seo_tracker.keyword_engine  sitemap returned 428 URLs
2026-07-15 11:02:48  INFO     seo_tracker.keyword_engine  inventory built: 162 keywords (40 pages crawled) for slug=ambimat
2026-07-15 11:02:48  INFO     seo_tracker.internal_links  internal-link analysis [ambimat]: 3 orphan, 35 under-linked, 1 over-linked, 2241 broken outbound, 8 recs
2026-07-15 11:02:48  INFO     seo_tracker.weak_pages    weak-page findings: 64 (high=0 medium=41 low=23)
2026-07-15 11:03:00  INFO     seo_tracker.keyword_engine  fetching sitemap: https://ambimat.com/sitemap_index.xml
2026-07-15 11:03:00  INFO     seo_tracker.keyword_engine  fetching sitemap: https://ambimat.com/post-sitemap.xml
2026-07-15 11:03:01  INFO     seo_tracker.keyword_engine  sitemap returned 188 URLs
2026-07-15 11:03:01  INFO     seo_tracker.keyword_engine  fetching sitemap: https://ambimat.com/page-sitemap.xml
2026-07-15 11:03:02  INFO     seo_tracker.keyword_engine  sitemap returned 68 URLs
2026-07-15 11:03:02  INFO     seo_tracker.keyword_engine  fetching sitemap: https://ambimat.com/timeline-sitemap.xml
2026-07-15 11:03:03  INFO     seo_tracker.keyword_engine  sitemap returned 27 URLs
2026-07-15 11:03:03  INFO     seo_tracker.keyword_engine  fetching sitemap: https://ambimat.com/case_study-sitemap.xml
2026-07-15 11:03:03  INFO     seo_tracker.keyword_engine  sitemap returned 4 URLs
2026-07-15 11:03:03  INFO     seo_tracker.keyword_engine  fetching sitemap: https://ambimat.com/category-sitemap.xml
2026-07-15 11:03:04  INFO     seo_tracker.keyword_engine  sitemap returned 2 URLs
2026-07-15 11:03:04  INFO     seo_tracker.keyword_engine  fetching sitemap: https://ambimat.com/post_tag-sitemap.xml
2026-07-15 11:03:05  INFO     seo_tracker.keyword_engine  sitemap returned 124 URLs
2026-07-15 11:03:05  INFO     seo_tracker.keyword_engine  fetching sitemap: https://ambimat.com/event-sitemap.xml
2026-07-15 11:03:06  INFO     seo_tracker.keyword_engine  sitemap returned 1 URLs
2026-07-15 11:03:06  INFO     seo_tracker.keyword_engine  fetching sitemap: https://ambimat.com/product_categories-sitemap.xml
2026-07-15 11:03:08  INFO     seo_tracker.keyword_engine  sitemap returned 14 URLs
2026-07-15 11:03:08  INFO     seo_tracker.keyword_engine  sitemap returned 428 URLs
2026-07-15 11:03:08  INFO     seo_tracker.keyword_engine  fetching sitemap: https://ambimat.com/sitemap.xml
2026-07-15 11:03:10  INFO     seo_tracker.keyword_engine  fetching sitemap: https://ambimat.com/post-sitemap.xml
2026-07-15 11:03:11  INFO     seo_tracker.keyword_engine  sitemap returned 188 URLs
2026-07-15 11:03:11  INFO     seo_tracker.keyword_engine  fetching sitemap: https://ambimat.com/page-sitemap.xml
2026-07-15 11:03:11  INFO     seo_tracker.keyword_engine  sitemap returned 68 URLs
2026-07-15 11:03:11  INFO     seo_tracker.keyword_engine  fetching sitemap: https://ambimat.com/timeline-sitemap.xml
2026-07-15 11:03:12  INFO     seo_tracker.keyword_engine  sitemap returned 27 URLs
2026-07-15 11:03:12  INFO     seo_tracker.keyword_engine  fetching sitemap: https://ambimat.com/case_study-sitemap.xml
2026-07-15 11:03:13  INFO     seo_tracker.keyword_engine  sitemap returned 4 URLs
2026-07-15 11:03:13  INFO     seo_tracker.keyword_engine  fetching sitemap: https://ambimat.com/category-sitemap.xml
2026-07-15 11:03:15  INFO     seo_tracker.keyword_engine  sitemap returned 2 URLs
2026-07-15 11:03:15  INFO     seo_tracker.keyword_engine  fetching sitemap: https://ambimat.com/post_tag-sitemap.xml
2026-07-15 11:03:15  INFO     seo_tracker.keyword_engine  sitemap returned 124 URLs
2026-07-15 11:03:15  INFO     seo_tracker.keyword_engine  fetching sitemap: https://ambimat.com/event-sitemap.xml
2026-07-15 11:03:16  INFO     seo_tracker.keyword_engine  sitemap returned 1 URLs
2026-07-15 11:03:16  INFO     seo_tracker.keyword_engine  fetching sitemap: https://ambimat.com/product_categories-sitemap.xml
2026-07-15 11:03:17  INFO     seo_tracker.keyword_engine  sitemap returned 14 URLs
2026-07-15 11:03:17  INFO     seo_tracker.keyword_engine  sitemap returned 428 URLs
2026-07-15 11:03:17  INFO     phone_seo                   -> ambisecure
2026-07-15 11:03:17  INFO     seo_tracker.keyword_engine  fetching sitemap: https://ambisecure.ambimat.com/sitemap.xml
2026-07-15 11:03:17  INFO     seo_tracker.keyword_engine  sitemap returned 319 URLs
2026-07-15 11:03:58  INFO     seo_tracker.keyword_engine  inventory built: 183 keywords (40 pages crawled) for slug=ambisecure
2026-07-15 11:03:58  INFO     seo_tracker.internal_links  internal-link analysis [ambisecure]: 0 orphan, 5 under-linked, 17 over-linked, 547 broken outbound, 20 recs
2026-07-15 11:03:58  INFO     seo_tracker.weak_pages    weak-page findings: 69 (high=0 medium=35 low=34)
2026-07-15 11:03:59  INFO     seo_tracker.keyword_engine  fetching sitemap: https://ambisecure.ambimat.com/sitemap.xml
2026-07-15 11:04:00  INFO     seo_tracker.keyword_engine  sitemap returned 319 URLs
2026-07-15 11:04:00  INFO     phone_seo                   -> esim
2026-07-15 11:04:00  INFO     seo_tracker.keyword_engine  fetching sitemap: https://esim.ambimat.com/sitemap.xml
2026-07-15 11:04:00  INFO     seo_tracker.keyword_engine  sitemap returned 33 URLs
2026-07-15 11:04:35  INFO     seo_tracker.keyword_engine  inventory built: 102 keywords (33 pages crawled) for slug=esim
2026-07-15 11:04:35  INFO     seo_tracker.internal_links  internal-link analysis [esim]: 0 orphan, 1 under-linked, 15 over-linked, 33 broken outbound, 15 recs
2026-07-15 11:04:35  INFO     seo_tracker.weak_pages    weak-page findings: 42 (high=1 medium=10 low=31)
2026-07-15 11:04:38  INFO     seo_tracker.keyword_engine  fetching sitemap: https://esim.ambimat.com/sitemap.xml
2026-07-15 11:04:38  INFO     seo_tracker.keyword_engine  sitemap returned 33 URLs
2026-07-15 11:04:39  INFO     phone_seo                   -> ambipower
2026-07-15 11:04:39  INFO     seo_tracker.keyword_engine  fetching sitemap: https://ambipower.ambimat.com/sitemap.xml
2026-07-15 11:04:39  INFO     seo_tracker.keyword_engine  sitemap returned 1 URLs
2026-07-15 11:04:41  INFO     seo_tracker.keyword_engine  inventory built: 8 keywords (1 pages crawled) for slug=ambipower
2026-07-15 11:04:41  INFO     seo_tracker.internal_links  internal-link analysis [ambipower]: 1 orphan, 0 under-linked, 0 over-linked, 32 broken outbound, 0 recs
2026-07-15 11:04:41  INFO     seo_tracker.weak_pages    weak-page findings: 3 (high=0 medium=2 low=1)
2026-07-15 11:04:43  INFO     seo_tracker.keyword_engine  fetching sitemap: https://ambipower.ambimat.com/sitemap.xml
2026-07-15 11:04:44  INFO     seo_tracker.keyword_engine  sitemap returned 1 URLs
2026-07-15 11:04:44  INFO     seo_tracker.keyword_engine  fetching sitemap: https://ambipower.ambimat.com/sitemap_index.xml
2026-07-15 11:04:44  INFO     seo_tracker.keyword_engine  sitemap returned 1 URLs
2026-07-15 11:04:44  INFO     seo_tracker.keyword_engine  fetching sitemap: https://ambipower.ambimat.com/sitemap-index.xml
2026-07-15 11:04:45  INFO     seo_tracker.keyword_engine  sitemap returned 1 URLs
2026-07-15 11:04:45  INFO     seo_tracker.keyword_engine  fetching sitemap: https://ambipower.ambimat.com/wp-sitemap.xml
2026-07-15 11:04:45  INFO     seo_tracker.keyword_engine  sitemap returned 1 URLs
2026-07-15 11:04:45  INFO     phone_seo                   -> ambiautomation
2026-07-15 11:04:45  INFO     seo_tracker.keyword_engine  fetching sitemap: https://ambiautomation.ambimat.com/sitemap.xml
2026-07-15 11:04:46  INFO     seo_tracker.keyword_engine  sitemap returned 22 URLs
2026-07-15 11:05:07  INFO     seo_tracker.keyword_engine  inventory built: 71 keywords (22 pages crawled) for slug=ambiautomation
2026-07-15 11:05:08  INFO     seo_tracker.internal_links  internal-link analysis [ambiautomation]: 0 orphan, 0 under-linked, 0 over-linked, 0 broken outbound, 0 recs
2026-07-15 11:05:08  INFO     seo_tracker.weak_pages    weak-page findings: 30 (high=0 medium=9 low=21)
2026-07-15 11:05:10  INFO     seo_tracker.keyword_engine  fetching sitemap: https://ambiautomation.ambimat.com/sitemap.xml
2026-07-15 11:05:10  INFO     seo_tracker.keyword_engine  sitemap returned 22 URLs
2026-07-15 11:05:10  INFO     phone_seo                 cross-domain: topical authority / overlap / opportunities
2026-07-15 11:05:11  INFO     seo_tracker.topic_authority  topic authority: 65 cells, 12 clusters with a strongest domain, 68 isolated pages
2026-07-15 11:05:11  INFO     seo_tracker.domain_overlap  domain-overlap: 0 keyword overlaps, 0 page duplicates
2026-07-15 11:05:12  INFO     seo_tracker.content_opportunities  content opportunities: 30 (HIGH=4 MEDIUM=7 LOW=19)
2026-07-15 11:05:12  INFO     phone_seo                 recommendations
2026-07-15 11:05:12  INFO     seo_tracker.weak_pages    weak-page findings: 208 (high=1 medium=97 low=110)

Phone SEO run complete (crawl-only).
------------------------------------
  json_timestamped /data/data/com.termux/files/home/seo_tracker_reports/report_20260715_110512.json
  md_timestamped   /data/data/com.termux/files/home/seo_tracker_reports/report_20260715_110512.md
  json_latest      /data/data/com.termux/files/home/seo_tracker_reports/report_latest.json
  md_latest        /data/data/com.termux/files/home/seo_tracker_reports/report_latest.md
  html_latest      /data/data/com.termux/files/home/seo_tracker_reports/report_latest.html
===== 2026-07-15 11:05:12 +0530 SEO run end (rc=0) =====
===== 2026-07-16 11:00:01 +0530 SEO run start =====
2026-07-16 11:00:03  INFO     phone_seo                 phone crawl-only run: 5 domains
2026-07-16 11:00:03  INFO     phone_seo                   -> ambimat
2026-07-16 11:00:03  INFO     seo_tracker.keyword_engine  fetching sitemap: https://ambimat.com/sitemap.xml
2026-07-16 11:00:07  INFO     seo_tracker.keyword_engine  fetching sitemap: https://ambimat.com/post-sitemap.xml
2026-07-16 11:00:08  INFO     seo_tracker.keyword_engine  sitemap returned 188 URLs
2026-07-16 11:00:08  INFO     seo_tracker.keyword_engine  fetching sitemap: https://ambimat.com/page-sitemap.xml
2026-07-16 11:00:09  INFO     seo_tracker.keyword_engine  sitemap returned 68 URLs
2026-07-16 11:00:09  INFO     seo_tracker.keyword_engine  fetching sitemap: https://ambimat.com/timeline-sitemap.xml
2026-07-16 11:00:12  INFO     seo_tracker.keyword_engine  sitemap returned 27 URLs
2026-07-16 11:00:12  INFO     seo_tracker.keyword_engine  fetching sitemap: https://ambimat.com/case_study-sitemap.xml
2026-07-16 11:00:16  INFO     seo_tracker.keyword_engine  sitemap returned 4 URLs
2026-07-16 11:00:16  INFO     seo_tracker.keyword_engine  fetching sitemap: https://ambimat.com/category-sitemap.xml
2026-07-16 11:00:17  INFO     seo_tracker.keyword_engine  sitemap returned 2 URLs
2026-07-16 11:00:17  INFO     seo_tracker.keyword_engine  fetching sitemap: https://ambimat.com/post_tag-sitemap.xml
2026-07-16 11:00:18  INFO     seo_tracker.keyword_engine  sitemap returned 124 URLs
2026-07-16 11:00:18  INFO     seo_tracker.keyword_engine  fetching sitemap: https://ambimat.com/event-sitemap.xml
2026-07-16 11:00:21  INFO     seo_tracker.keyword_engine  sitemap returned 1 URLs
2026-07-16 11:00:21  INFO     seo_tracker.keyword_engine  fetching sitemap: https://ambimat.com/product_categories-sitemap.xml
2026-07-16 11:00:22  INFO     seo_tracker.keyword_engine  sitemap returned 14 URLs
2026-07-16 11:00:22  INFO     seo_tracker.keyword_engine  sitemap returned 428 URLs
2026-07-16 11:03:17  INFO     seo_tracker.keyword_engine  inventory built: 162 keywords (40 pages crawled) for slug=ambimat
2026-07-16 11:03:17  INFO     seo_tracker.internal_links  internal-link analysis [ambimat]: 3 orphan, 35 under-linked, 1 over-linked, 2241 broken outbound, 8 recs
2026-07-16 11:03:17  INFO     seo_tracker.weak_pages    weak-page findings: 64 (high=0 medium=41 low=23)
2026-07-16 11:03:29  INFO     seo_tracker.keyword_engine  fetching sitemap: https://ambimat.com/sitemap_index.xml
2026-07-16 11:03:29  INFO     seo_tracker.keyword_engine  fetching sitemap: https://ambimat.com/post-sitemap.xml
2026-07-16 11:03:32  INFO     seo_tracker.keyword_engine  sitemap returned 188 URLs
2026-07-16 11:03:32  INFO     seo_tracker.keyword_engine  fetching sitemap: https://ambimat.com/page-sitemap.xml
2026-07-16 11:03:34  INFO     seo_tracker.keyword_engine  sitemap returned 68 URLs
2026-07-16 11:03:34  INFO     seo_tracker.keyword_engine  fetching sitemap: https://ambimat.com/timeline-sitemap.xml
2026-07-16 11:03:35  INFO     seo_tracker.keyword_engine  sitemap returned 27 URLs
2026-07-16 11:03:35  INFO     seo_tracker.keyword_engine  fetching sitemap: https://ambimat.com/case_study-sitemap.xml
2026-07-16 11:03:35  INFO     seo_tracker.keyword_engine  sitemap returned 4 URLs
2026-07-16 11:03:35  INFO     seo_tracker.keyword_engine  fetching sitemap: https://ambimat.com/category-sitemap.xml
2026-07-16 11:03:38  INFO     seo_tracker.keyword_engine  sitemap returned 2 URLs
2026-07-16 11:03:38  INFO     seo_tracker.keyword_engine  fetching sitemap: https://ambimat.com/post_tag-sitemap.xml
2026-07-16 11:03:39  INFO     seo_tracker.keyword_engine  sitemap returned 124 URLs
2026-07-16 11:03:39  INFO     seo_tracker.keyword_engine  fetching sitemap: https://ambimat.com/event-sitemap.xml
2026-07-16 11:03:40  INFO     seo_tracker.keyword_engine  sitemap returned 1 URLs
2026-07-16 11:03:40  INFO     seo_tracker.keyword_engine  fetching sitemap: https://ambimat.com/product_categories-sitemap.xml
2026-07-16 11:03:41  INFO     seo_tracker.keyword_engine  sitemap returned 14 URLs
2026-07-16 11:03:41  INFO     seo_tracker.keyword_engine  sitemap returned 428 URLs
2026-07-16 11:03:41  INFO     seo_tracker.keyword_engine  fetching sitemap: https://ambimat.com/sitemap.xml
2026-07-16 11:03:43  INFO     seo_tracker.keyword_engine  fetching sitemap: https://ambimat.com/post-sitemap.xml
2026-07-16 11:03:44  INFO     seo_tracker.keyword_engine  sitemap returned 188 URLs
2026-07-16 11:03:44  INFO     seo_tracker.keyword_engine  fetching sitemap: https://ambimat.com/page-sitemap.xml
2026-07-16 11:03:45  INFO     seo_tracker.keyword_engine  sitemap returned 68 URLs
2026-07-16 11:03:45  INFO     seo_tracker.keyword_engine  fetching sitemap: https://ambimat.com/timeline-sitemap.xml
2026-07-16 11:03:46  INFO     seo_tracker.keyword_engine  sitemap returned 27 URLs
2026-07-16 11:03:46  INFO     seo_tracker.keyword_engine  fetching sitemap: https://ambimat.com/case_study-sitemap.xml
2026-07-16 11:03:46  INFO     seo_tracker.keyword_engine  sitemap returned 4 URLs
2026-07-16 11:03:46  INFO     seo_tracker.keyword_engine  fetching sitemap: https://ambimat.com/category-sitemap.xml
2026-07-16 11:03:47  INFO     seo_tracker.keyword_engine  sitemap returned 2 URLs
2026-07-16 11:03:47  INFO     seo_tracker.keyword_engine  fetching sitemap: https://ambimat.com/post_tag-sitemap.xml
2026-07-16 11:03:49  INFO     seo_tracker.keyword_engine  sitemap returned 124 URLs
2026-07-16 11:03:49  INFO     seo_tracker.keyword_engine  fetching sitemap: https://ambimat.com/event-sitemap.xml
2026-07-16 11:03:50  INFO     seo_tracker.keyword_engine  sitemap returned 1 URLs
2026-07-16 11:03:50  INFO     seo_tracker.keyword_engine  fetching sitemap: https://ambimat.com/product_categories-sitemap.xml
2026-07-16 11:03:51  INFO     seo_tracker.keyword_engine  sitemap returned 14 URLs
2026-07-16 11:03:51  INFO     seo_tracker.keyword_engine  sitemap returned 428 URLs
2026-07-16 11:03:51  INFO     phone_seo                   -> ambisecure
2026-07-16 11:03:51  INFO     seo_tracker.keyword_engine  fetching sitemap: https://ambisecure.ambimat.com/sitemap.xml
2026-07-16 11:03:51  INFO     seo_tracker.keyword_engine  sitemap returned 319 URLs
2026-07-16 11:04:39  INFO     seo_tracker.keyword_engine  inventory built: 183 keywords (40 pages crawled) for slug=ambisecure
2026-07-16 11:04:39  INFO     seo_tracker.internal_links  internal-link analysis [ambisecure]: 0 orphan, 5 under-linked, 17 over-linked, 547 broken outbound, 20 recs
2026-07-16 11:04:40  INFO     seo_tracker.weak_pages    weak-page findings: 69 (high=0 medium=35 low=34)
2026-07-16 11:04:42  INFO     seo_tracker.keyword_engine  fetching sitemap: https://ambisecure.ambimat.com/sitemap.xml
2026-07-16 11:04:42  INFO     seo_tracker.keyword_engine  sitemap returned 319 URLs
2026-07-16 11:04:42  INFO     phone_seo                   -> esim
2026-07-16 11:04:42  INFO     seo_tracker.keyword_engine  fetching sitemap: https://esim.ambimat.com/sitemap.xml
2026-07-16 11:04:43  INFO     seo_tracker.keyword_engine  sitemap returned 33 URLs
2026-07-16 11:05:22  INFO     seo_tracker.keyword_engine  inventory built: 102 keywords (33 pages crawled) for slug=esim
2026-07-16 11:05:23  INFO     seo_tracker.internal_links  internal-link analysis [esim]: 0 orphan, 1 under-linked, 15 over-linked, 33 broken outbound, 15 recs
2026-07-16 11:05:23  INFO     seo_tracker.weak_pages    weak-page findings: 42 (high=1 medium=10 low=31)
2026-07-16 11:05:24  INFO     seo_tracker.keyword_engine  fetching sitemap: https://esim.ambimat.com/sitemap.xml
2026-07-16 11:05:25  INFO     seo_tracker.keyword_engine  sitemap returned 33 URLs
2026-07-16 11:05:25  INFO     phone_seo                   -> ambipower
2026-07-16 11:05:25  INFO     seo_tracker.keyword_engine  fetching sitemap: https://ambipower.ambimat.com/sitemap.xml
2026-07-16 11:05:27  INFO     seo_tracker.keyword_engine  sitemap returned 1 URLs
2026-07-16 11:05:28  INFO     seo_tracker.keyword_engine  inventory built: 8 keywords (1 pages crawled) for slug=ambipower
2026-07-16 11:05:28  INFO     seo_tracker.internal_links  internal-link analysis [ambipower]: 1 orphan, 0 under-linked, 0 over-linked, 32 broken outbound, 0 recs
2026-07-16 11:05:28  INFO     seo_tracker.weak_pages    weak-page findings: 3 (high=0 medium=2 low=1)
2026-07-16 11:05:32  INFO     seo_tracker.keyword_engine  fetching sitemap: https://ambipower.ambimat.com/sitemap.xml
2026-07-16 11:05:32  INFO     seo_tracker.keyword_engine  sitemap returned 1 URLs
2026-07-16 11:05:32  INFO     seo_tracker.keyword_engine  fetching sitemap: https://ambipower.ambimat.com/sitemap_index.xml
2026-07-16 11:05:33  INFO     seo_tracker.keyword_engine  sitemap returned 1 URLs
2026-07-16 11:05:33  INFO     seo_tracker.keyword_engine  fetching sitemap: https://ambipower.ambimat.com/sitemap-index.xml
2026-07-16 11:05:33  INFO     seo_tracker.keyword_engine  sitemap returned 1 URLs
2026-07-16 11:05:33  INFO     seo_tracker.keyword_engine  fetching sitemap: https://ambipower.ambimat.com/wp-sitemap.xml
2026-07-16 11:05:34  INFO     seo_tracker.keyword_engine  sitemap returned 1 URLs
2026-07-16 11:05:34  INFO     phone_seo                   -> ambiautomation
2026-07-16 11:05:34  INFO     seo_tracker.keyword_engine  fetching sitemap: https://ambiautomation.ambimat.com/sitemap.xml
2026-07-16 11:05:35  INFO     seo_tracker.keyword_engine  sitemap returned 22 URLs
2026-07-16 11:05:57  INFO     seo_tracker.keyword_engine  inventory built: 71 keywords (22 pages crawled) for slug=ambiautomation
2026-07-16 11:05:57  INFO     seo_tracker.internal_links  internal-link analysis [ambiautomation]: 0 orphan, 0 under-linked, 0 over-linked, 0 broken outbound, 0 recs
2026-07-16 11:05:57  INFO     seo_tracker.weak_pages    weak-page findings: 30 (high=0 medium=9 low=21)
2026-07-16 11:05:59  INFO     seo_tracker.keyword_engine  fetching sitemap: https://ambiautomation.ambimat.com/sitemap.xml
2026-07-16 11:05:59  INFO     seo_tracker.keyword_engine  sitemap returned 22 URLs
2026-07-16 11:05:59  INFO     phone_seo                 cross-domain: topical authority / overlap / opportunities
2026-07-16 11:06:00  INFO     seo_tracker.topic_authority  topic authority: 65 cells, 12 clusters with a strongest domain, 68 isolated pages
2026-07-16 11:06:01  INFO     seo_tracker.domain_overlap  domain-overlap: 0 keyword overlaps, 0 page duplicates
2026-07-16 11:06:01  INFO     seo_tracker.content_opportunities  content opportunities: 30 (HIGH=4 MEDIUM=7 LOW=19)
2026-07-16 11:06:01  INFO     phone_seo                 recommendations
2026-07-16 11:06:01  INFO     seo_tracker.weak_pages    weak-page findings: 208 (high=1 medium=97 low=110)

Phone SEO run complete (crawl-only).
------------------------------------
  json_timestamped /data/data/com.termux/files/home/seo_tracker_reports/report_20260716_110601.json
  md_timestamped   /data/data/com.termux/files/home/seo_tracker_reports/report_20260716_110601.md
  json_latest      /data/data/com.termux/files/home/seo_tracker_reports/report_latest.json
  md_latest        /data/data/com.termux/files/home/seo_tracker_reports/report_latest.md
  html_latest      /data/data/com.termux/files/home/seo_tracker_reports/report_latest.html
===== 2026-07-16 11:06:01 +0530 SEO run end (rc=0) =====
===== 2026-07-17 11:00:05 +0530 SEO run start =====
2026-07-17 11:00:08  INFO     phone_seo                 phone crawl-only run: 5 domains
2026-07-17 11:00:08  INFO     phone_seo                   -> ambimat
2026-07-17 11:00:08  INFO     seo_tracker.keyword_engine  fetching sitemap: https://ambimat.com/sitemap.xml
2026-07-17 11:00:12 +0530 another SEO run holds the lock; skipping
2026-07-17 11:00:13  INFO     seo_tracker.keyword_engine  fetching sitemap: https://ambimat.com/post-sitemap.xml
2026-07-17 11:00:14  INFO     seo_tracker.keyword_engine  sitemap returned 188 URLs
2026-07-17 11:00:14  INFO     seo_tracker.keyword_engine  fetching sitemap: https://ambimat.com/page-sitemap.xml
2026-07-17 11:00:14  INFO     seo_tracker.keyword_engine  sitemap returned 68 URLs
2026-07-17 11:00:14  INFO     seo_tracker.keyword_engine  fetching sitemap: https://ambimat.com/timeline-sitemap.xml
2026-07-17 11:00:17  INFO     seo_tracker.keyword_engine  sitemap returned 27 URLs
2026-07-17 11:00:17  INFO     seo_tracker.keyword_engine  fetching sitemap: https://ambimat.com/case_study-sitemap.xml
2026-07-17 11:00:19  INFO     seo_tracker.keyword_engine  sitemap returned 4 URLs
2026-07-17 11:00:19  INFO     seo_tracker.keyword_engine  fetching sitemap: https://ambimat.com/category-sitemap.xml
2026-07-17 11:00:20  INFO     seo_tracker.keyword_engine  sitemap returned 2 URLs
2026-07-17 11:00:20  INFO     seo_tracker.keyword_engine  fetching sitemap: https://ambimat.com/post_tag-sitemap.xml
2026-07-17 11:00:21  INFO     seo_tracker.keyword_engine  sitemap returned 124 URLs
2026-07-17 11:00:21  INFO     seo_tracker.keyword_engine  fetching sitemap: https://ambimat.com/event-sitemap.xml
2026-07-17 11:00:24  INFO     seo_tracker.keyword_engine  sitemap returned 1 URLs
2026-07-17 11:00:24  INFO     seo_tracker.keyword_engine  fetching sitemap: https://ambimat.com/product_categories-sitemap.xml
2026-07-17 11:00:25  INFO     seo_tracker.keyword_engine  sitemap returned 14 URLs
2026-07-17 11:00:25  INFO     seo_tracker.keyword_engine  sitemap returned 428 URLs
2026-07-17 11:02:39  INFO     seo_tracker.keyword_engine  inventory built: 162 keywords (40 pages crawled) for slug=ambimat
2026-07-17 11:02:40  INFO     seo_tracker.internal_links  internal-link analysis [ambimat]: 3 orphan, 35 under-linked, 1 over-linked, 2241 broken outbound, 8 recs
2026-07-17 11:02:40  INFO     seo_tracker.weak_pages    weak-page findings: 64 (high=0 medium=41 low=23)
2026-07-17 11:02:48  INFO     seo_tracker.keyword_engine  fetching sitemap: https://ambimat.com/sitemap_index.xml
2026-07-17 11:02:48  INFO     seo_tracker.keyword_engine  fetching sitemap: https://ambimat.com/post-sitemap.xml
2026-07-17 11:02:49  INFO     seo_tracker.keyword_engine  sitemap returned 188 URLs
2026-07-17 11:02:49  INFO     seo_tracker.keyword_engine  fetching sitemap: https://ambimat.com/page-sitemap.xml
2026-07-17 11:02:50  INFO     seo_tracker.keyword_engine  sitemap returned 68 URLs
2026-07-17 11:02:50  INFO     seo_tracker.keyword_engine  fetching sitemap: https://ambimat.com/timeline-sitemap.xml
2026-07-17 11:02:51  INFO     seo_tracker.keyword_engine  sitemap returned 27 URLs
2026-07-17 11:02:51  INFO     seo_tracker.keyword_engine  fetching sitemap: https://ambimat.com/case_study-sitemap.xml
2026-07-17 11:02:52  INFO     seo_tracker.keyword_engine  sitemap returned 4 URLs
2026-07-17 11:02:52  INFO     seo_tracker.keyword_engine  fetching sitemap: https://ambimat.com/category-sitemap.xml
2026-07-17 11:02:53  INFO     seo_tracker.keyword_engine  sitemap returned 2 URLs
2026-07-17 11:02:53  INFO     seo_tracker.keyword_engine  fetching sitemap: https://ambimat.com/post_tag-sitemap.xml
2026-07-17 11:02:54  INFO     seo_tracker.keyword_engine  sitemap returned 124 URLs
2026-07-17 11:02:54  INFO     seo_tracker.keyword_engine  fetching sitemap: https://ambimat.com/event-sitemap.xml
2026-07-17 11:02:54  INFO     seo_tracker.keyword_engine  sitemap returned 1 URLs
2026-07-17 11:02:54  INFO     seo_tracker.keyword_engine  fetching sitemap: https://ambimat.com/product_categories-sitemap.xml
2026-07-17 11:02:55  INFO     seo_tracker.keyword_engine  sitemap returned 14 URLs
2026-07-17 11:02:55  INFO     seo_tracker.keyword_engine  sitemap returned 428 URLs
2026-07-17 11:02:55  INFO     seo_tracker.keyword_engine  fetching sitemap: https://ambimat.com/sitemap.xml
2026-07-17 11:02:59  INFO     seo_tracker.keyword_engine  fetching sitemap: https://ambimat.com/post-sitemap.xml
2026-07-17 11:03:00  INFO     seo_tracker.keyword_engine  sitemap returned 188 URLs
2026-07-17 11:03:00  INFO     seo_tracker.keyword_engine  fetching sitemap: https://ambimat.com/page-sitemap.xml
2026-07-17 11:03:01  INFO     seo_tracker.keyword_engine  sitemap returned 68 URLs
2026-07-17 11:03:01  INFO     seo_tracker.keyword_engine  fetching sitemap: https://ambimat.com/timeline-sitemap.xml
2026-07-17 11:03:01  INFO     seo_tracker.keyword_engine  sitemap returned 27 URLs
2026-07-17 11:03:01  INFO     seo_tracker.keyword_engine  fetching sitemap: https://ambimat.com/case_study-sitemap.xml
2026-07-17 11:03:02  INFO     seo_tracker.keyword_engine  sitemap returned 4 URLs
2026-07-17 11:03:02  INFO     seo_tracker.keyword_engine  fetching sitemap: https://ambimat.com/category-sitemap.xml
2026-07-17 11:03:02  INFO     seo_tracker.keyword_engine  sitemap returned 2 URLs
2026-07-17 11:03:02  INFO     seo_tracker.keyword_engine  fetching sitemap: https://ambimat.com/post_tag-sitemap.xml
2026-07-17 11:03:03  INFO     seo_tracker.keyword_engine  sitemap returned 124 URLs
2026-07-17 11:03:03  INFO     seo_tracker.keyword_engine  fetching sitemap: https://ambimat.com/event-sitemap.xml
2026-07-17 11:03:03  INFO     seo_tracker.keyword_engine  sitemap returned 1 URLs
2026-07-17 11:03:03  INFO     seo_tracker.keyword_engine  fetching sitemap: https://ambimat.com/product_categories-sitemap.xml
2026-07-17 11:03:04  INFO     seo_tracker.keyword_engine  sitemap returned 14 URLs
2026-07-17 11:03:04  INFO     seo_tracker.keyword_engine  sitemap returned 428 URLs
2026-07-17 11:03:04  INFO     phone_seo                   -> ambisecure
2026-07-17 11:03:04  INFO     seo_tracker.keyword_engine  fetching sitemap: https://ambisecure.ambimat.com/sitemap.xml
2026-07-17 11:03:05  INFO     seo_tracker.keyword_engine  sitemap returned 319 URLs
2026-07-17 11:03:47  INFO     seo_tracker.keyword_engine  inventory built: 183 keywords (40 pages crawled) for slug=ambisecure
2026-07-17 11:03:48  INFO     seo_tracker.internal_links  internal-link analysis [ambisecure]: 0 orphan, 5 under-linked, 17 over-linked, 547 broken outbound, 20 recs
2026-07-17 11:03:48  INFO     seo_tracker.weak_pages    weak-page findings: 69 (high=0 medium=35 low=34)
2026-07-17 11:03:49  INFO     seo_tracker.keyword_engine  fetching sitemap: https://ambisecure.ambimat.com/sitemap.xml
2026-07-17 11:03:49  INFO     seo_tracker.keyword_engine  sitemap returned 319 URLs
2026-07-17 11:03:50  INFO     phone_seo                   -> esim
2026-07-17 11:03:50  INFO     seo_tracker.keyword_engine  fetching sitemap: https://esim.ambimat.com/sitemap.xml
2026-07-17 11:03:50  INFO     seo_tracker.keyword_engine  sitemap returned 33 URLs
2026-07-17 11:04:26  INFO     seo_tracker.keyword_engine  inventory built: 102 keywords (33 pages crawled) for slug=esim
2026-07-17 11:04:26  INFO     seo_tracker.internal_links  internal-link analysis [esim]: 0 orphan, 1 under-linked, 15 over-linked, 33 broken outbound, 15 recs
2026-07-17 11:04:26  INFO     seo_tracker.weak_pages    weak-page findings: 42 (high=1 medium=10 low=31)
2026-07-17 11:04:28  INFO     seo_tracker.keyword_engine  fetching sitemap: https://esim.ambimat.com/sitemap.xml
2026-07-17 11:04:29  INFO     seo_tracker.keyword_engine  sitemap returned 33 URLs
2026-07-17 11:04:29  INFO     phone_seo                   -> ambipower
2026-07-17 11:04:29  INFO     seo_tracker.keyword_engine  fetching sitemap: https://ambipower.ambimat.com/sitemap.xml
2026-07-17 11:04:30  INFO     seo_tracker.keyword_engine  sitemap returned 1 URLs
2026-07-17 11:04:32  INFO     seo_tracker.keyword_engine  inventory built: 8 keywords (1 pages crawled) for slug=ambipower
2026-07-17 11:04:32  INFO     seo_tracker.internal_links  internal-link analysis [ambipower]: 1 orphan, 0 under-linked, 0 over-linked, 32 broken outbound, 0 recs
2026-07-17 11:04:32  INFO     seo_tracker.weak_pages    weak-page findings: 3 (high=0 medium=2 low=1)
2026-07-17 11:04:35  INFO     seo_tracker.keyword_engine  fetching sitemap: https://ambipower.ambimat.com/sitemap.xml
2026-07-17 11:04:36  INFO     seo_tracker.keyword_engine  sitemap returned 1 URLs
2026-07-17 11:04:36  INFO     seo_tracker.keyword_engine  fetching sitemap: https://ambipower.ambimat.com/sitemap_index.xml
2026-07-17 11:04:36  INFO     seo_tracker.keyword_engine  sitemap returned 1 URLs
2026-07-17 11:04:36  INFO     seo_tracker.keyword_engine  fetching sitemap: https://ambipower.ambimat.com/sitemap-index.xml
2026-07-17 11:04:37  INFO     seo_tracker.keyword_engine  sitemap returned 1 URLs
2026-07-17 11:04:37  INFO     seo_tracker.keyword_engine  fetching sitemap: https://ambipower.ambimat.com/wp-sitemap.xml
2026-07-17 11:04:37  INFO     seo_tracker.keyword_engine  sitemap returned 1 URLs
2026-07-17 11:04:37  INFO     phone_seo                   -> ambiautomation
2026-07-17 11:04:37  INFO     seo_tracker.keyword_engine  fetching sitemap: https://ambiautomation.ambimat.com/sitemap.xml
2026-07-17 11:04:38  INFO     seo_tracker.keyword_engine  sitemap returned 22 URLs
2026-07-17 11:05:01  INFO     seo_tracker.keyword_engine  inventory built: 71 keywords (22 pages crawled) for slug=ambiautomation
2026-07-17 11:05:02  INFO     seo_tracker.internal_links  internal-link analysis [ambiautomation]: 0 orphan, 0 under-linked, 0 over-linked, 0 broken outbound, 0 recs
2026-07-17 11:05:02  INFO     seo_tracker.weak_pages    weak-page findings: 30 (high=0 medium=9 low=21)
2026-07-17 11:05:04  INFO     seo_tracker.keyword_engine  fetching sitemap: https://ambiautomation.ambimat.com/sitemap.xml
2026-07-17 11:05:04  INFO     seo_tracker.keyword_engine  sitemap returned 22 URLs
2026-07-17 11:05:05  INFO     phone_seo                 cross-domain: topical authority / overlap / opportunities
2026-07-17 11:05:05  INFO     seo_tracker.topic_authority  topic authority: 65 cells, 12 clusters with a strongest domain, 68 isolated pages
2026-07-17 11:05:06  INFO     seo_tracker.domain_overlap  domain-overlap: 0 keyword overlaps, 0 page duplicates
2026-07-17 11:05:06  INFO     seo_tracker.content_opportunities  content opportunities: 30 (HIGH=4 MEDIUM=7 LOW=19)
2026-07-17 11:05:06  INFO     phone_seo                 recommendations
2026-07-17 11:05:06  INFO     seo_tracker.weak_pages    weak-page findings: 208 (high=1 medium=97 low=110)

Phone SEO run complete (crawl-only).
------------------------------------
  json_timestamped /data/data/com.termux/files/home/seo_tracker_reports/report_20260717_110506.json
  md_timestamped   /data/data/com.termux/files/home/seo_tracker_reports/report_20260717_110506.md
  json_latest      /data/data/com.termux/files/home/seo_tracker_reports/report_latest.json
  md_latest        /data/data/com.termux/files/home/seo_tracker_reports/report_latest.md
  html_latest      /data/data/com.termux/files/home/seo_tracker_reports/report_latest.html
===== 2026-07-17 11:05:06 +0530 SEO run end (rc=0) =====
===== 2026-07-18 11:00:01 +0530 SEO run start =====
2026-07-18 11:00:03  INFO     phone_seo                 phone crawl-only run: 5 domains
2026-07-18 11:00:03  INFO     phone_seo                   -> ambimat
2026-07-18 11:00:03  INFO     seo_tracker.keyword_engine  fetching sitemap: https://ambimat.com/sitemap.xml
2026-07-18 11:00:11  INFO     seo_tracker.keyword_engine  fetching sitemap: https://ambimat.com/post-sitemap.xml
2026-07-18 11:00:11  INFO     seo_tracker.keyword_engine  sitemap returned 188 URLs
2026-07-18 11:00:11  INFO     seo_tracker.keyword_engine  fetching sitemap: https://ambimat.com/page-sitemap.xml
2026-07-18 11:00:12  INFO     seo_tracker.keyword_engine  sitemap returned 69 URLs
2026-07-18 11:00:12  INFO     seo_tracker.keyword_engine  fetching sitemap: https://ambimat.com/timeline-sitemap.xml
2026-07-18 11:00:13  INFO     seo_tracker.keyword_engine  sitemap returned 27 URLs
2026-07-18 11:00:13  INFO     seo_tracker.keyword_engine  fetching sitemap: https://ambimat.com/case_study-sitemap.xml
2026-07-18 11:00:14  INFO     seo_tracker.keyword_engine  sitemap returned 5 URLs
2026-07-18 11:00:14  INFO     seo_tracker.keyword_engine  fetching sitemap: https://ambimat.com/category-sitemap.xml
2026-07-18 11:00:15  INFO     seo_tracker.keyword_engine  sitemap returned 2 URLs
2026-07-18 11:00:15  INFO     seo_tracker.keyword_engine  fetching sitemap: https://ambimat.com/post_tag-sitemap.xml
2026-07-18 11:00:16  INFO     seo_tracker.keyword_engine  sitemap returned 124 URLs
2026-07-18 11:00:16  INFO     seo_tracker.keyword_engine  fetching sitemap: https://ambimat.com/event-sitemap.xml
2026-07-18 11:00:17  INFO     seo_tracker.keyword_engine  sitemap returned 1 URLs
2026-07-18 11:00:17  INFO     seo_tracker.keyword_engine  fetching sitemap: https://ambimat.com/product_categories-sitemap.xml
2026-07-18 11:00:17  INFO     seo_tracker.keyword_engine  sitemap returned 14 URLs
2026-07-18 11:00:17  INFO     seo_tracker.keyword_engine  sitemap returned 430 URLs
2026-07-18 11:04:51  WARNING  seo_tracker.keyword_engine  crawl skipped (https://ambimat.com/security-tips/): 503 Server Error: Service Unavailable for url: https://ambimat.com/security-tips/
2026-07-18 11:05:34  INFO     seo_tracker.keyword_engine  inventory built: 160 keywords (39 pages crawled) for slug=ambimat
2026-07-18 11:05:35  INFO     seo_tracker.internal_links  internal-link analysis [ambimat]: 3 orphan, 34 under-linked, 1 over-linked, 2128 broken outbound, 8 recs
2026-07-18 11:05:35  INFO     seo_tracker.weak_pages    weak-page findings: 62 (high=0 medium=40 low=22)
2026-07-18 11:05:55  INFO     seo_tracker.keyword_engine  fetching sitemap: https://ambimat.com/sitemap_index.xml
2026-07-18 11:05:56  INFO     seo_tracker.keyword_engine  fetching sitemap: https://ambimat.com/post-sitemap.xml
2026-07-18 11:05:57  INFO     seo_tracker.keyword_engine  sitemap returned 188 URLs
2026-07-18 11:05:57  INFO     seo_tracker.keyword_engine  fetching sitemap: https://ambimat.com/page-sitemap.xml
2026-07-18 11:05:57  INFO     seo_tracker.keyword_engine  sitemap returned 69 URLs
2026-07-18 11:05:57  INFO     seo_tracker.keyword_engine  fetching sitemap: https://ambimat.com/timeline-sitemap.xml
2026-07-18 11:05:58  INFO     seo_tracker.keyword_engine  sitemap returned 27 URLs
2026-07-18 11:05:58  INFO     seo_tracker.keyword_engine  fetching sitemap: https://ambimat.com/case_study-sitemap.xml
2026-07-18 11:05:59  INFO     seo_tracker.keyword_engine  sitemap returned 5 URLs
2026-07-18 11:05:59  INFO     seo_tracker.keyword_engine  fetching sitemap: https://ambimat.com/category-sitemap.xml
2026-07-18 11:05:59  INFO     seo_tracker.keyword_engine  sitemap returned 2 URLs
2026-07-18 11:05:59  INFO     seo_tracker.keyword_engine  fetching sitemap: https://ambimat.com/post_tag-sitemap.xml
2026-07-18 11:06:00  INFO     seo_tracker.keyword_engine  sitemap returned 124 URLs
2026-07-18 11:06:00  INFO     seo_tracker.keyword_engine  fetching sitemap: https://ambimat.com/event-sitemap.xml
2026-07-18 11:06:01  INFO     seo_tracker.keyword_engine  sitemap returned 1 URLs
2026-07-18 11:06:01  INFO     seo_tracker.keyword_engine  fetching sitemap: https://ambimat.com/product_categories-sitemap.xml
2026-07-18 11:06:02  INFO     seo_tracker.keyword_engine  sitemap returned 14 URLs
2026-07-18 11:06:02  INFO     seo_tracker.keyword_engine  sitemap returned 430 URLs
2026-07-18 11:06:02  INFO     seo_tracker.keyword_engine  fetching sitemap: https://ambimat.com/sitemap.xml
2026-07-18 11:06:09  INFO     seo_tracker.keyword_engine  fetching sitemap: https://ambimat.com/post-sitemap.xml
2026-07-18 11:06:10  INFO     seo_tracker.keyword_engine  sitemap returned 188 URLs
2026-07-18 11:06:10  INFO     seo_tracker.keyword_engine  fetching sitemap: https://ambimat.com/page-sitemap.xml
2026-07-18 11:06:11  INFO     seo_tracker.keyword_engine  sitemap returned 69 URLs
2026-07-18 11:06:11  INFO     seo_tracker.keyword_engine  fetching sitemap: https://ambimat.com/timeline-sitemap.xml
2026-07-18 11:06:11  INFO     seo_tracker.keyword_engine  sitemap returned 27 URLs
2026-07-18 11:06:11  INFO     seo_tracker.keyword_engine  fetching sitemap: https://ambimat.com/case_study-sitemap.xml
2026-07-18 11:06:12  INFO     seo_tracker.keyword_engine  sitemap returned 5 URLs
2026-07-18 11:06:12  INFO     seo_tracker.keyword_engine  fetching sitemap: https://ambimat.com/category-sitemap.xml
2026-07-18 11:06:13  INFO     seo_tracker.keyword_engine  sitemap returned 2 URLs
2026-07-18 11:06:13  INFO     seo_tracker.keyword_engine  fetching sitemap: https://ambimat.com/post_tag-sitemap.xml
2026-07-18 11:06:13  INFO     seo_tracker.keyword_engine  sitemap returned 124 URLs
2026-07-18 11:06:13  INFO     seo_tracker.keyword_engine  fetching sitemap: https://ambimat.com/event-sitemap.xml
2026-07-18 11:06:13 +0530 another SEO run holds the lock; skipping
2026-07-18 11:06:14  INFO     seo_tracker.keyword_engine  sitemap returned 1 URLs
2026-07-18 11:06:14  INFO     seo_tracker.keyword_engine  fetching sitemap: https://ambimat.com/product_categories-sitemap.xml
2026-07-18 11:06:14  INFO     seo_tracker.keyword_engine  sitemap returned 14 URLs
2026-07-18 11:06:14  INFO     seo_tracker.keyword_engine  sitemap returned 430 URLs
2026-07-18 11:06:15  INFO     phone_seo                   -> ambisecure
2026-07-18 11:06:15  INFO     seo_tracker.keyword_engine  fetching sitemap: https://ambisecure.ambimat.com/sitemap.xml
2026-07-18 11:06:15  INFO     seo_tracker.keyword_engine  sitemap returned 318 URLs
2026-07-18 11:06:55  INFO     seo_tracker.keyword_engine  inventory built: 183 keywords (40 pages crawled) for slug=ambisecure
2026-07-18 11:06:55  INFO     seo_tracker.internal_links  internal-link analysis [ambisecure]: 0 orphan, 5 under-linked, 17 over-linked, 547 broken outbound, 20 recs
2026-07-18 11:06:55  INFO     seo_tracker.weak_pages    weak-page findings: 69 (high=0 medium=35 low=34)
2026-07-18 11:06:57  INFO     seo_tracker.keyword_engine  fetching sitemap: https://ambisecure.ambimat.com/sitemap.xml
2026-07-18 11:06:57  INFO     seo_tracker.keyword_engine  sitemap returned 318 URLs
2026-07-18 11:06:57  INFO     phone_seo                   -> esim
2026-07-18 11:06:57  INFO     seo_tracker.keyword_engine  fetching sitemap: https://esim.ambimat.com/sitemap.xml
2026-07-18 11:06:58  INFO     seo_tracker.keyword_engine  sitemap returned 33 URLs
2026-07-18 11:07:31  INFO     seo_tracker.keyword_engine  inventory built: 102 keywords (33 pages crawled) for slug=esim
2026-07-18 11:07:31  INFO     seo_tracker.internal_links  internal-link analysis [esim]: 0 orphan, 1 under-linked, 15 over-linked, 33 broken outbound, 15 recs
2026-07-18 11:07:31  INFO     seo_tracker.weak_pages    weak-page findings: 42 (high=1 medium=10 low=31)
2026-07-18 11:07:33  INFO     seo_tracker.keyword_engine  fetching sitemap: https://esim.ambimat.com/sitemap.xml
2026-07-18 11:07:33  INFO     seo_tracker.keyword_engine  sitemap returned 33 URLs
2026-07-18 11:07:33  INFO     phone_seo                   -> ambipower
2026-07-18 11:07:33  INFO     seo_tracker.keyword_engine  fetching sitemap: https://ambipower.ambimat.com/sitemap.xml
2026-07-18 11:07:34  INFO     seo_tracker.keyword_engine  sitemap returned 1 URLs
2026-07-18 11:07:36  INFO     seo_tracker.keyword_engine  inventory built: 8 keywords (1 pages crawled) for slug=ambipower
2026-07-18 11:07:36  INFO     seo_tracker.internal_links  internal-link analysis [ambipower]: 1 orphan, 0 under-linked, 0 over-linked, 32 broken outbound, 0 recs
2026-07-18 11:07:36  INFO     seo_tracker.weak_pages    weak-page findings: 3 (high=0 medium=2 low=1)
2026-07-18 11:07:39  INFO     seo_tracker.keyword_engine  fetching sitemap: https://ambipower.ambimat.com/sitemap.xml
2026-07-18 11:07:40  INFO     seo_tracker.keyword_engine  sitemap returned 1 URLs
2026-07-18 11:07:40  INFO     seo_tracker.keyword_engine  fetching sitemap: https://ambipower.ambimat.com/sitemap_index.xml
2026-07-18 11:07:40  INFO     seo_tracker.keyword_engine  sitemap returned 1 URLs
2026-07-18 11:07:40  INFO     seo_tracker.keyword_engine  fetching sitemap: https://ambipower.ambimat.com/sitemap-index.xml
2026-07-18 11:07:41  INFO     seo_tracker.keyword_engine  sitemap returned 1 URLs
2026-07-18 11:07:41  INFO     seo_tracker.keyword_engine  fetching sitemap: https://ambipower.ambimat.com/wp-sitemap.xml
2026-07-18 11:07:41  INFO     seo_tracker.keyword_engine  sitemap returned 1 URLs
2026-07-18 11:07:41  INFO     phone_seo                   -> ambiautomation
2026-07-18 11:07:41  INFO     seo_tracker.keyword_engine  fetching sitemap: https://ambiautomation.ambimat.com/sitemap.xml
2026-07-18 11:07:42  INFO     seo_tracker.keyword_engine  sitemap returned 22 URLs
2026-07-18 11:08:06  INFO     seo_tracker.keyword_engine  inventory built: 71 keywords (22 pages crawled) for slug=ambiautomation
2026-07-18 11:08:06  INFO     seo_tracker.internal_links  internal-link analysis [ambiautomation]: 0 orphan, 0 under-linked, 0 over-linked, 0 broken outbound, 0 recs
2026-07-18 11:08:06  INFO     seo_tracker.weak_pages    weak-page findings: 30 (high=0 medium=9 low=21)
2026-07-18 11:08:07  INFO     seo_tracker.keyword_engine  fetching sitemap: https://ambiautomation.ambimat.com/sitemap.xml
2026-07-18 11:08:08  INFO     seo_tracker.keyword_engine  sitemap returned 22 URLs
2026-07-18 11:08:08  INFO     phone_seo                 cross-domain: topical authority / overlap / opportunities
2026-07-18 11:08:09  INFO     seo_tracker.topic_authority  topic authority: 65 cells, 12 clusters with a strongest domain, 67 isolated pages
2026-07-18 11:08:09  INFO     seo_tracker.domain_overlap  domain-overlap: 0 keyword overlaps, 0 page duplicates
2026-07-18 11:08:09  INFO     seo_tracker.content_opportunities  content opportunities: 30 (HIGH=4 MEDIUM=7 LOW=19)
2026-07-18 11:08:09  INFO     phone_seo                 recommendations
2026-07-18 11:08:09  INFO     seo_tracker.weak_pages    weak-page findings: 206 (high=1 medium=96 low=109)

Phone SEO run complete (crawl-only).
------------------------------------
  json_timestamped /data/data/com.termux/files/home/seo_tracker_reports/report_20260718_110809.json
  md_timestamped   /data/data/com.termux/files/home/seo_tracker_reports/report_20260718_110809.md
  json_latest      /data/data/com.termux/files/home/seo_tracker_reports/report_latest.json
  md_latest        /data/data/com.termux/files/home/seo_tracker_reports/report_latest.md
  html_latest      /data/data/com.termux/files/home/seo_tracker_reports/report_latest.html
===== 2026-07-18 11:08:10 +0530 SEO run end (rc=0) =====
===== 2026-07-19 11:00:02 +0530 SEO run start =====
2026-07-19 11:00:04  INFO     phone_seo                 phone crawl-only run: 5 domains
2026-07-19 11:00:04  INFO     phone_seo                   -> ambimat
2026-07-19 11:00:04  INFO     seo_tracker.keyword_engine  fetching sitemap: https://ambimat.com/sitemap.xml
2026-07-19 11:00:06  INFO     seo_tracker.keyword_engine  fetching sitemap: https://ambimat.com/post-sitemap.xml
2026-07-19 11:00:09  INFO     seo_tracker.keyword_engine  sitemap returned 188 URLs
2026-07-19 11:00:09  INFO     seo_tracker.keyword_engine  fetching sitemap: https://ambimat.com/page-sitemap.xml
2026-07-19 11:00:12  INFO     seo_tracker.keyword_engine  sitemap returned 69 URLs
2026-07-19 11:00:12  INFO     seo_tracker.keyword_engine  fetching sitemap: https://ambimat.com/timeline-sitemap.xml
2026-07-19 11:00:14  INFO     seo_tracker.keyword_engine  sitemap returned 27 URLs
2026-07-19 11:00:14  INFO     seo_tracker.keyword_engine  fetching sitemap: https://ambimat.com/case_study-sitemap.xml
2026-07-19 11:00:17  INFO     seo_tracker.keyword_engine  sitemap returned 5 URLs
2026-07-19 11:00:17  INFO     seo_tracker.keyword_engine  fetching sitemap: https://ambimat.com/category-sitemap.xml
2026-07-19 11:00:17  INFO     seo_tracker.keyword_engine  sitemap returned 2 URLs
2026-07-19 11:00:17  INFO     seo_tracker.keyword_engine  fetching sitemap: https://ambimat.com/post_tag-sitemap.xml
2026-07-19 11:00:18  INFO     seo_tracker.keyword_engine  sitemap returned 124 URLs
2026-07-19 11:00:18  INFO     seo_tracker.keyword_engine  fetching sitemap: https://ambimat.com/event-sitemap.xml
2026-07-19 11:00:18  INFO     seo_tracker.keyword_engine  sitemap returned 1 URLs
2026-07-19 11:00:18  INFO     seo_tracker.keyword_engine  fetching sitemap: https://ambimat.com/product_categories-sitemap.xml
2026-07-19 11:00:19  INFO     seo_tracker.keyword_engine  sitemap returned 14 URLs
2026-07-19 11:00:19  INFO     seo_tracker.keyword_engine  sitemap returned 430 URLs
2026-07-19 11:02:11  INFO     seo_tracker.keyword_engine  inventory built: 160 keywords (40 pages crawled) for slug=ambimat
2026-07-19 11:02:12  INFO     seo_tracker.internal_links  internal-link analysis [ambimat]: 3 orphan, 35 under-linked, 1 over-linked, 2171 broken outbound, 8 recs
2026-07-19 11:02:12  INFO     seo_tracker.weak_pages    weak-page findings: 64 (high=0 medium=41 low=23)
2026-07-19 11:02:21  INFO     seo_tracker.keyword_engine  fetching sitemap: https://ambimat.com/sitemap_index.xml
2026-07-19 11:02:21  INFO     seo_tracker.keyword_engine  fetching sitemap: https://ambimat.com/post-sitemap.xml
2026-07-19 11:02:22  INFO     seo_tracker.keyword_engine  sitemap returned 188 URLs
2026-07-19 11:02:22  INFO     seo_tracker.keyword_engine  fetching sitemap: https://ambimat.com/page-sitemap.xml
2026-07-19 11:02:22  INFO     seo_tracker.keyword_engine  sitemap returned 69 URLs
2026-07-19 11:02:22  INFO     seo_tracker.keyword_engine  fetching sitemap: https://ambimat.com/timeline-sitemap.xml
2026-07-19 11:02:23  INFO     seo_tracker.keyword_engine  sitemap returned 27 URLs
2026-07-19 11:02:23  INFO     seo_tracker.keyword_engine  fetching sitemap: https://ambimat.com/case_study-sitemap.xml
2026-07-19 11:02:23  INFO     seo_tracker.keyword_engine  sitemap returned 5 URLs
2026-07-19 11:02:23  INFO     seo_tracker.keyword_engine  fetching sitemap: https://ambimat.com/category-sitemap.xml
2026-07-19 11:02:24  INFO     seo_tracker.keyword_engine  sitemap returned 2 URLs
2026-07-19 11:02:24  INFO     seo_tracker.keyword_engine  fetching sitemap: https://ambimat.com/post_tag-sitemap.xml
2026-07-19 11:02:24  INFO     seo_tracker.keyword_engine  sitemap returned 124 URLs
2026-07-19 11:02:24  INFO     seo_tracker.keyword_engine  fetching sitemap: https://ambimat.com/event-sitemap.xml
2026-07-19 11:02:25  INFO     seo_tracker.keyword_engine  sitemap returned 1 URLs
2026-07-19 11:02:25  INFO     seo_tracker.keyword_engine  fetching sitemap: https://ambimat.com/product_categories-sitemap.xml
2026-07-19 11:02:25  INFO     seo_tracker.keyword_engine  sitemap returned 14 URLs
2026-07-19 11:02:25  INFO     seo_tracker.keyword_engine  sitemap returned 430 URLs
2026-07-19 11:02:25  INFO     seo_tracker.keyword_engine  fetching sitemap: https://ambimat.com/sitemap.xml
2026-07-19 11:02:28  INFO     seo_tracker.keyword_engine  fetching sitemap: https://ambimat.com/post-sitemap.xml
2026-07-19 11:02:28  INFO     seo_tracker.keyword_engine  sitemap returned 188 URLs
2026-07-19 11:02:28  INFO     seo_tracker.keyword_engine  fetching sitemap: https://ambimat.com/page-sitemap.xml
2026-07-19 11:02:29  INFO     seo_tracker.keyword_engine  sitemap returned 69 URLs
2026-07-19 11:02:29  INFO     seo_tracker.keyword_engine  fetching sitemap: https://ambimat.com/timeline-sitemap.xml
2026-07-19 11:02:29  INFO     seo_tracker.keyword_engine  sitemap returned 27 URLs
2026-07-19 11:02:29  INFO     seo_tracker.keyword_engine  fetching sitemap: https://ambimat.com/case_study-sitemap.xml
2026-07-19 11:02:30  INFO     seo_tracker.keyword_engine  sitemap returned 5 URLs
2026-07-19 11:02:30  INFO     seo_tracker.keyword_engine  fetching sitemap: https://ambimat.com/category-sitemap.xml
2026-07-19 11:02:30  INFO     seo_tracker.keyword_engine  sitemap returned 2 URLs
2026-07-19 11:02:30  INFO     seo_tracker.keyword_engine  fetching sitemap: https://ambimat.com/post_tag-sitemap.xml
2026-07-19 11:02:31  INFO     seo_tracker.keyword_engine  sitemap returned 124 URLs
2026-07-19 11:02:31  INFO     seo_tracker.keyword_engine  fetching sitemap: https://ambimat.com/event-sitemap.xml
2026-07-19 11:02:31  INFO     seo_tracker.keyword_engine  sitemap returned 1 URLs
2026-07-19 11:02:31  INFO     seo_tracker.keyword_engine  fetching sitemap: https://ambimat.com/product_categories-sitemap.xml
2026-07-19 11:02:32  INFO     seo_tracker.keyword_engine  sitemap returned 14 URLs
2026-07-19 11:02:32  INFO     seo_tracker.keyword_engine  sitemap returned 430 URLs
2026-07-19 11:02:32  INFO     phone_seo                   -> ambisecure
2026-07-19 11:02:32  INFO     seo_tracker.keyword_engine  fetching sitemap: https://ambisecure.ambimat.com/sitemap.xml
2026-07-19 11:02:33  INFO     seo_tracker.keyword_engine  sitemap returned 318 URLs
2026-07-19 11:03:10  INFO     seo_tracker.keyword_engine  inventory built: 183 keywords (40 pages crawled) for slug=ambisecure
2026-07-19 11:03:10  INFO     seo_tracker.internal_links  internal-link analysis [ambisecure]: 0 orphan, 5 under-linked, 17 over-linked, 547 broken outbound, 20 recs
2026-07-19 11:03:10  INFO     seo_tracker.weak_pages    weak-page findings: 69 (high=0 medium=35 low=34)
2026-07-19 11:03:11  INFO     seo_tracker.keyword_engine  fetching sitemap: https://ambisecure.ambimat.com/sitemap.xml
2026-07-19 11:03:12  INFO     seo_tracker.keyword_engine  sitemap returned 318 URLs
2026-07-19 11:03:12  INFO     phone_seo                   -> esim
2026-07-19 11:03:12  INFO     seo_tracker.keyword_engine  fetching sitemap: https://esim.ambimat.com/sitemap.xml
2026-07-19 11:03:13  INFO     seo_tracker.keyword_engine  sitemap returned 33 URLs
2026-07-19 11:03:44  INFO     seo_tracker.keyword_engine  inventory built: 102 keywords (33 pages crawled) for slug=esim
2026-07-19 11:03:44  INFO     seo_tracker.internal_links  internal-link analysis [esim]: 0 orphan, 1 under-linked, 15 over-linked, 33 broken outbound, 15 recs
2026-07-19 11:03:44  INFO     seo_tracker.weak_pages    weak-page findings: 42 (high=1 medium=10 low=31)
2026-07-19 11:03:46  INFO     seo_tracker.keyword_engine  fetching sitemap: https://esim.ambimat.com/sitemap.xml
2026-07-19 11:03:46  INFO     seo_tracker.keyword_engine  sitemap returned 33 URLs
2026-07-19 11:03:46  INFO     phone_seo                   -> ambipower
2026-07-19 11:03:46  INFO     seo_tracker.keyword_engine  fetching sitemap: https://ambipower.ambimat.com/sitemap.xml
2026-07-19 11:03:47  INFO     seo_tracker.keyword_engine  sitemap returned 1 URLs
2026-07-19 11:03:48  INFO     seo_tracker.keyword_engine  inventory built: 8 keywords (1 pages crawled) for slug=ambipower
2026-07-19 11:03:48  INFO     seo_tracker.internal_links  internal-link analysis [ambipower]: 1 orphan, 0 under-linked, 0 over-linked, 32 broken outbound, 0 recs
2026-07-19 11:03:48  INFO     seo_tracker.weak_pages    weak-page findings: 3 (high=0 medium=2 low=1)
2026-07-19 11:03:50  INFO     seo_tracker.keyword_engine  fetching sitemap: https://ambipower.ambimat.com/sitemap.xml
2026-07-19 11:03:50  INFO     seo_tracker.keyword_engine  sitemap returned 1 URLs
2026-07-19 11:03:50  INFO     seo_tracker.keyword_engine  fetching sitemap: https://ambipower.ambimat.com/sitemap_index.xml
2026-07-19 11:03:51  INFO     seo_tracker.keyword_engine  sitemap returned 1 URLs
2026-07-19 11:03:51  INFO     seo_tracker.keyword_engine  fetching sitemap: https://ambipower.ambimat.com/sitemap-index.xml
2026-07-19 11:03:51  INFO     seo_tracker.keyword_engine  sitemap returned 1 URLs
2026-07-19 11:03:51  INFO     seo_tracker.keyword_engine  fetching sitemap: https://ambipower.ambimat.com/wp-sitemap.xml
2026-07-19 11:03:52  INFO     seo_tracker.keyword_engine  sitemap returned 1 URLs
2026-07-19 11:03:52  INFO     phone_seo                   -> ambiautomation
2026-07-19 11:03:52  INFO     seo_tracker.keyword_engine  fetching sitemap: https://ambiautomation.ambimat.com/sitemap.xml
2026-07-19 11:03:52  INFO     seo_tracker.keyword_engine  sitemap returned 22 URLs
2026-07-19 11:04:13  INFO     seo_tracker.keyword_engine  inventory built: 71 keywords (22 pages crawled) for slug=ambiautomation
2026-07-19 11:04:13  INFO     seo_tracker.internal_links  internal-link analysis [ambiautomation]: 0 orphan, 0 under-linked, 0 over-linked, 0 broken outbound, 0 recs
2026-07-19 11:04:13  INFO     seo_tracker.weak_pages    weak-page findings: 30 (high=0 medium=9 low=21)
2026-07-19 11:04:14  INFO     seo_tracker.keyword_engine  fetching sitemap: https://ambiautomation.ambimat.com/sitemap.xml
2026-07-19 11:04:14  INFO     seo_tracker.keyword_engine  sitemap returned 22 URLs
2026-07-19 11:04:14  INFO     phone_seo                 cross-domain: topical authority / overlap / opportunities
2026-07-19 11:04:15  INFO     seo_tracker.topic_authority  topic authority: 65 cells, 12 clusters with a strongest domain, 68 isolated pages
2026-07-19 11:04:16  INFO     seo_tracker.domain_overlap  domain-overlap: 0 keyword overlaps, 0 page duplicates
2026-07-19 11:04:16  INFO     seo_tracker.content_opportunities  content opportunities: 30 (HIGH=4 MEDIUM=7 LOW=19)
2026-07-19 11:04:16  INFO     phone_seo                 recommendations
2026-07-19 11:04:16  INFO     seo_tracker.weak_pages    weak-page findings: 208 (high=1 medium=97 low=110)

Phone SEO run complete (crawl-only).
------------------------------------
  json_timestamped /data/data/com.termux/files/home/seo_tracker_reports/report_20260719_110416.json
  md_timestamped   /data/data/com.termux/files/home/seo_tracker_reports/report_20260719_110416.md
  json_latest      /data/data/com.termux/files/home/seo_tracker_reports/report_latest.json
  md_latest        /data/data/com.termux/files/home/seo_tracker_reports/report_latest.md
  html_latest      /data/data/com.termux/files/home/seo_tracker_reports/report_latest.html
===== 2026-07-19 11:04:16 +0530 SEO run end (rc=0) =====
===== 2026-07-20 16:27:00 +0530 SEO run start =====
2026-07-20 16:27:02  INFO     phone_seo                 phone crawl-only run: 5 domains
2026-07-20 16:27:02  INFO     phone_seo                   -> ambimat
2026-07-20 16:27:02  INFO     seo_tracker.keyword_engine  fetching sitemap: https://ambimat.com/sitemap.xml
2026-07-20 16:27:05  INFO     seo_tracker.keyword_engine  fetching sitemap: https://ambimat.com/post-sitemap.xml
2026-07-20 16:27:05  INFO     seo_tracker.keyword_engine  sitemap returned 188 URLs
2026-07-20 16:27:05  INFO     seo_tracker.keyword_engine  fetching sitemap: https://ambimat.com/page-sitemap.xml
2026-07-20 16:27:06  INFO     seo_tracker.keyword_engine  sitemap returned 69 URLs
2026-07-20 16:27:06  INFO     seo_tracker.keyword_engine  fetching sitemap: https://ambimat.com/timeline-sitemap.xml
2026-07-20 16:27:06  INFO     seo_tracker.keyword_engine  sitemap returned 27 URLs
2026-07-20 16:27:06  INFO     seo_tracker.keyword_engine  fetching sitemap: https://ambimat.com/case_study-sitemap.xml
2026-07-20 16:27:07  INFO     seo_tracker.keyword_engine  sitemap returned 5 URLs
2026-07-20 16:27:07  INFO     seo_tracker.keyword_engine  fetching sitemap: https://ambimat.com/category-sitemap.xml
2026-07-20 16:27:07  INFO     seo_tracker.keyword_engine  sitemap returned 2 URLs
2026-07-20 16:27:07  INFO     seo_tracker.keyword_engine  fetching sitemap: https://ambimat.com/post_tag-sitemap.xml
2026-07-20 16:27:08  INFO     seo_tracker.keyword_engine  sitemap returned 124 URLs
2026-07-20 16:27:08  INFO     seo_tracker.keyword_engine  fetching sitemap: https://ambimat.com/event-sitemap.xml
2026-07-20 16:27:08  INFO     seo_tracker.keyword_engine  sitemap returned 1 URLs
2026-07-20 16:27:08  INFO     seo_tracker.keyword_engine  fetching sitemap: https://ambimat.com/product_categories-sitemap.xml
2026-07-20 16:27:09  INFO     seo_tracker.keyword_engine  sitemap returned 14 URLs
2026-07-20 16:27:09  INFO     seo_tracker.keyword_engine  sitemap returned 430 URLs
2026-07-20 16:28:44  INFO     seo_tracker.keyword_engine  inventory built: 160 keywords (40 pages crawled) for slug=ambimat
2026-07-20 16:28:44  INFO     seo_tracker.internal_links  internal-link analysis [ambimat]: 3 orphan, 35 under-linked, 1 over-linked, 2171 broken outbound, 8 recs
2026-07-20 16:28:44  INFO     seo_tracker.weak_pages    weak-page findings: 64 (high=0 medium=41 low=23)
2026-07-20 16:28:53  INFO     seo_tracker.keyword_engine  fetching sitemap: https://ambimat.com/sitemap_index.xml
2026-07-20 16:28:54  INFO     seo_tracker.keyword_engine  fetching sitemap: https://ambimat.com/post-sitemap.xml
2026-07-20 16:28:55  INFO     seo_tracker.keyword_engine  sitemap returned 188 URLs
2026-07-20 16:28:55  INFO     seo_tracker.keyword_engine  fetching sitemap: https://ambimat.com/page-sitemap.xml
2026-07-20 16:28:56  INFO     seo_tracker.keyword_engine  sitemap returned 69 URLs
2026-07-20 16:28:56  INFO     seo_tracker.keyword_engine  fetching sitemap: https://ambimat.com/timeline-sitemap.xml
2026-07-20 16:28:57  INFO     seo_tracker.keyword_engine  sitemap returned 27 URLs
2026-07-20 16:28:57  INFO     seo_tracker.keyword_engine  fetching sitemap: https://ambimat.com/case_study-sitemap.xml
2026-07-20 16:28:58  INFO     seo_tracker.keyword_engine  sitemap returned 5 URLs
2026-07-20 16:28:58  INFO     seo_tracker.keyword_engine  fetching sitemap: https://ambimat.com/category-sitemap.xml
2026-07-20 16:28:58  INFO     seo_tracker.keyword_engine  sitemap returned 2 URLs
2026-07-20 16:28:58  INFO     seo_tracker.keyword_engine  fetching sitemap: https://ambimat.com/post_tag-sitemap.xml
2026-07-20 16:28:59  INFO     seo_tracker.keyword_engine  sitemap returned 124 URLs
2026-07-20 16:28:59  INFO     seo_tracker.keyword_engine  fetching sitemap: https://ambimat.com/event-sitemap.xml
2026-07-20 16:28:59  INFO     seo_tracker.keyword_engine  sitemap returned 1 URLs
2026-07-20 16:28:59  INFO     seo_tracker.keyword_engine  fetching sitemap: https://ambimat.com/product_categories-sitemap.xml
2026-07-20 16:29:00  INFO     seo_tracker.keyword_engine  sitemap returned 14 URLs
2026-07-20 16:29:00  INFO     seo_tracker.keyword_engine  sitemap returned 430 URLs
2026-07-20 16:29:00  INFO     seo_tracker.keyword_engine  fetching sitemap: https://ambimat.com/sitemap.xml
2026-07-20 16:29:02  INFO     seo_tracker.keyword_engine  fetching sitemap: https://ambimat.com/post-sitemap.xml
2026-07-20 16:29:02  INFO     seo_tracker.keyword_engine  sitemap returned 188 URLs
2026-07-20 16:29:02  INFO     seo_tracker.keyword_engine  fetching sitemap: https://ambimat.com/page-sitemap.xml
2026-07-20 16:29:03  INFO     seo_tracker.keyword_engine  sitemap returned 69 URLs
2026-07-20 16:29:03  INFO     seo_tracker.keyword_engine  fetching sitemap: https://ambimat.com/timeline-sitemap.xml
2026-07-20 16:29:04  INFO     seo_tracker.keyword_engine  sitemap returned 27 URLs
2026-07-20 16:29:04  INFO     seo_tracker.keyword_engine  fetching sitemap: https://ambimat.com/case_study-sitemap.xml
2026-07-20 16:29:04  INFO     seo_tracker.keyword_engine  sitemap returned 5 URLs
2026-07-20 16:29:04  INFO     seo_tracker.keyword_engine  fetching sitemap: https://ambimat.com/category-sitemap.xml
2026-07-20 16:29:05  INFO     seo_tracker.keyword_engine  sitemap returned 2 URLs
2026-07-20 16:29:05  INFO     seo_tracker.keyword_engine  fetching sitemap: https://ambimat.com/post_tag-sitemap.xml
2026-07-20 16:29:05  INFO     seo_tracker.keyword_engine  sitemap returned 124 URLs
2026-07-20 16:29:05  INFO     seo_tracker.keyword_engine  fetching sitemap: https://ambimat.com/event-sitemap.xml
2026-07-20 16:29:06  INFO     seo_tracker.keyword_engine  sitemap returned 1 URLs
2026-07-20 16:29:06  INFO     seo_tracker.keyword_engine  fetching sitemap: https://ambimat.com/product_categories-sitemap.xml
2026-07-20 16:29:06  INFO     seo_tracker.keyword_engine  sitemap returned 14 URLs
2026-07-20 16:29:06  INFO     seo_tracker.keyword_engine  sitemap returned 430 URLs
2026-07-20 16:29:06  INFO     phone_seo                   -> ambisecure
2026-07-20 16:29:06  INFO     seo_tracker.keyword_engine  fetching sitemap: https://ambisecure.ambimat.com/sitemap.xml
2026-07-20 16:29:07  INFO     seo_tracker.keyword_engine  sitemap returned 318 URLs
2026-07-20 16:29:54  INFO     seo_tracker.keyword_engine  inventory built: 183 keywords (40 pages crawled) for slug=ambisecure
2026-07-20 16:29:55  INFO     seo_tracker.internal_links  internal-link analysis [ambisecure]: 0 orphan, 5 under-linked, 17 over-linked, 547 broken outbound, 20 recs
2026-07-20 16:29:55  INFO     seo_tracker.weak_pages    weak-page findings: 69 (high=0 medium=35 low=34)
2026-07-20 16:29:56  INFO     seo_tracker.keyword_engine  fetching sitemap: https://ambisecure.ambimat.com/sitemap.xml
2026-07-20 16:29:57  INFO     seo_tracker.keyword_engine  sitemap returned 318 URLs
2026-07-20 16:29:57  INFO     phone_seo                   -> esim
2026-07-20 16:29:57  INFO     seo_tracker.keyword_engine  fetching sitemap: https://esim.ambimat.com/sitemap.xml
2026-07-20 16:30:12  ERROR    seo_tracker.keyword_engine  sitemap fetch failed: HTTPSConnectionPool(host='esim.ambimat.com', port=443): Max retries exceeded with url: /sitemap.xml (Caused by ConnectTimeoutError(<HTTPSConnection(host='esim.ambimat.com', port=443) at 0xae7a7df0>, 'Connection to esim.ambimat.com timed out. (connect timeout=15)'))
2026-07-20 16:30:12  INFO     seo_tracker.keyword_engine  inventory built: 10 keywords (0 pages crawled) for slug=esim
2026-07-20 16:30:13  INFO     seo_tracker.keyword_engine  fetching sitemap: https://esim.ambimat.com/sitemap.xml
2026-07-20 16:30:14  INFO     seo_tracker.keyword_engine  sitemap returned 33 URLs
2026-07-20 16:30:14  INFO     phone_seo                   -> ambipower
2026-07-20 16:30:14  INFO     seo_tracker.keyword_engine  fetching sitemap: https://ambipower.ambimat.com/sitemap.xml
2026-07-20 16:30:15  INFO     seo_tracker.keyword_engine  sitemap returned 1 URLs
2026-07-20 16:30:19  INFO     seo_tracker.keyword_engine  inventory built: 8 keywords (1 pages crawled) for slug=ambipower
2026-07-20 16:30:19  INFO     seo_tracker.internal_links  internal-link analysis [ambipower]: 1 orphan, 0 under-linked, 0 over-linked, 32 broken outbound, 0 recs
2026-07-20 16:30:19  INFO     seo_tracker.weak_pages    weak-page findings: 3 (high=0 medium=2 low=1)
2026-07-20 16:30:22  INFO     seo_tracker.keyword_engine  fetching sitemap: https://ambipower.ambimat.com/sitemap.xml
2026-07-20 16:30:22  INFO     seo_tracker.keyword_engine  sitemap returned 1 URLs
2026-07-20 16:30:22  INFO     seo_tracker.keyword_engine  fetching sitemap: https://ambipower.ambimat.com/sitemap_index.xml
2026-07-20 16:30:24  INFO     seo_tracker.keyword_engine  sitemap returned 1 URLs
2026-07-20 16:30:24  INFO     seo_tracker.keyword_engine  fetching sitemap: https://ambipower.ambimat.com/sitemap-index.xml
2026-07-20 16:30:25  INFO     seo_tracker.keyword_engine  sitemap returned 1 URLs
2026-07-20 16:30:25  INFO     seo_tracker.keyword_engine  fetching sitemap: https://ambipower.ambimat.com/wp-sitemap.xml
2026-07-20 16:30:25  INFO     seo_tracker.keyword_engine  sitemap returned 1 URLs
2026-07-20 16:30:26  INFO     phone_seo                   -> ambiautomation
2026-07-20 16:30:26  INFO     seo_tracker.keyword_engine  fetching sitemap: https://ambiautomation.ambimat.com/sitemap.xml
2026-07-20 16:30:26  INFO     seo_tracker.keyword_engine  sitemap returned 22 URLs
2026-07-20 16:30:49  INFO     seo_tracker.keyword_engine  inventory built: 71 keywords (22 pages crawled) for slug=ambiautomation
2026-07-20 16:30:49  INFO     seo_tracker.internal_links  internal-link analysis [ambiautomation]: 0 orphan, 0 under-linked, 0 over-linked, 0 broken outbound, 0 recs
2026-07-20 16:30:49  INFO     seo_tracker.weak_pages    weak-page findings: 30 (high=0 medium=9 low=21)
2026-07-20 16:30:50  INFO     seo_tracker.keyword_engine  fetching sitemap: https://ambiautomation.ambimat.com/sitemap.xml
2026-07-20 16:30:51  INFO     seo_tracker.keyword_engine  sitemap returned 22 URLs
2026-07-20 16:30:51  INFO     phone_seo                 cross-domain: topical authority / overlap / opportunities
2026-07-20 16:30:51  INFO     seo_tracker.topic_authority  topic authority: 65 cells, 12 clusters with a strongest domain, 61 isolated pages
2026-07-20 16:30:52  INFO     seo_tracker.domain_overlap  domain-overlap: 0 keyword overlaps, 0 page duplicates
2026-07-20 16:30:52  INFO     seo_tracker.content_opportunities  content opportunities: 27 (HIGH=5 MEDIUM=6 LOW=16)
2026-07-20 16:30:52  INFO     phone_seo                 recommendations
2026-07-20 16:30:52  INFO     seo_tracker.weak_pages    weak-page findings: 166 (high=0 medium=87 low=79)

Phone SEO run complete (crawl-only).
------------------------------------
  json_timestamped /data/data/com.termux/files/home/seo_tracker_reports/report_20260720_163052.json
  md_timestamped   /data/data/com.termux/files/home/seo_tracker_reports/report_20260720_163052.md
  json_latest      /data/data/com.termux/files/home/seo_tracker_reports/report_latest.json
  md_latest        /data/data/com.termux/files/home/seo_tracker_reports/report_latest.md
  html_latest      /data/data/com.termux/files/home/seo_tracker_reports/report_latest.html
===== 2026-07-20 16:30:52 +0530 SEO run end (rc=0) =====
===== 2026-07-21 11:00:01 +0530 SEO run start =====
2026-07-21 11:00:03  INFO     phone_seo                 phone crawl-only run: 5 domains
2026-07-21 11:00:03  INFO     phone_seo                   -> ambimat
2026-07-21 11:00:03  INFO     seo_tracker.keyword_engine  fetching sitemap: https://ambimat.com/sitemap.xml
2026-07-21 11:00:06  INFO     seo_tracker.keyword_engine  fetching sitemap: https://ambimat.com/post-sitemap.xml
2026-07-21 11:00:07  INFO     seo_tracker.keyword_engine  sitemap returned 188 URLs
2026-07-21 11:00:07  INFO     seo_tracker.keyword_engine  fetching sitemap: https://ambimat.com/page-sitemap.xml
2026-07-21 11:00:08  INFO     seo_tracker.keyword_engine  sitemap returned 69 URLs
2026-07-21 11:00:08  INFO     seo_tracker.keyword_engine  fetching sitemap: https://ambimat.com/timeline-sitemap.xml
2026-07-21 11:00:09  INFO     seo_tracker.keyword_engine  sitemap returned 27 URLs
2026-07-21 11:00:09  INFO     seo_tracker.keyword_engine  fetching sitemap: https://ambimat.com/case_study-sitemap.xml
2026-07-21 11:00:09  INFO     seo_tracker.keyword_engine  sitemap returned 5 URLs
2026-07-21 11:00:09  INFO     seo_tracker.keyword_engine  fetching sitemap: https://ambimat.com/category-sitemap.xml
2026-07-21 11:00:10  INFO     seo_tracker.keyword_engine  sitemap returned 2 URLs
2026-07-21 11:00:10  INFO     seo_tracker.keyword_engine  fetching sitemap: https://ambimat.com/post_tag-sitemap.xml
2026-07-21 11:00:12  INFO     seo_tracker.keyword_engine  sitemap returned 124 URLs
2026-07-21 11:00:12  INFO     seo_tracker.keyword_engine  fetching sitemap: https://ambimat.com/event-sitemap.xml
2026-07-21 11:00:15  INFO     seo_tracker.keyword_engine  sitemap returned 1 URLs
2026-07-21 11:00:15  INFO     seo_tracker.keyword_engine  fetching sitemap: https://ambimat.com/product_categories-sitemap.xml
2026-07-21 11:00:17  INFO     seo_tracker.keyword_engine  sitemap returned 14 URLs
2026-07-21 11:00:17  INFO     seo_tracker.keyword_engine  sitemap returned 430 URLs
2026-07-21 11:00:53  WARNING  seo_tracker.keyword_engine  crawl skipped (https://ambimat.com/a-hardware-start-up-part-2-ideationconceptualization/): 503 Server Error: Service Unavailable for url: https://ambimat.com/a-hardware-start-up-part-2-ideationconceptualization/
2026-07-21 11:02:45  INFO     seo_tracker.keyword_engine  inventory built: 158 keywords (39 pages crawled) for slug=ambimat
2026-07-21 11:02:46  INFO     seo_tracker.internal_links  internal-link analysis [ambimat]: 5 orphan, 32 under-linked, 1 over-linked, 2121 broken outbound, 8 recs
2026-07-21 11:02:46  INFO     seo_tracker.weak_pages    weak-page findings: 62 (high=0 medium=40 low=22)
2026-07-21 11:02:57  INFO     seo_tracker.keyword_engine  fetching sitemap: https://ambimat.com/sitemap_index.xml
2026-07-21 11:02:59  INFO     seo_tracker.keyword_engine  fetching sitemap: https://ambimat.com/post-sitemap.xml
2026-07-21 11:03:00  INFO     seo_tracker.keyword_engine  sitemap returned 188 URLs
2026-07-21 11:03:00  INFO     seo_tracker.keyword_engine  fetching sitemap: https://ambimat.com/page-sitemap.xml
2026-07-21 11:03:01  INFO     seo_tracker.keyword_engine  sitemap returned 69 URLs
2026-07-21 11:03:01  INFO     seo_tracker.keyword_engine  fetching sitemap: https://ambimat.com/timeline-sitemap.xml
2026-07-21 11:03:02  INFO     seo_tracker.keyword_engine  sitemap returned 27 URLs
2026-07-21 11:03:02  INFO     seo_tracker.keyword_engine  fetching sitemap: https://ambimat.com/case_study-sitemap.xml
2026-07-21 11:03:03  INFO     seo_tracker.keyword_engine  sitemap returned 5 URLs
2026-07-21 11:03:03  INFO     seo_tracker.keyword_engine  fetching sitemap: https://ambimat.com/category-sitemap.xml
2026-07-21 11:03:04  INFO     seo_tracker.keyword_engine  sitemap returned 2 URLs
2026-07-21 11:03:04  INFO     seo_tracker.keyword_engine  fetching sitemap: https://ambimat.com/post_tag-sitemap.xml
2026-07-21 11:03:11  INFO     seo_tracker.keyword_engine  sitemap returned 124 URLs
2026-07-21 11:03:11  INFO     seo_tracker.keyword_engine  fetching sitemap: https://ambimat.com/event-sitemap.xml
2026-07-21 11:03:11  INFO     seo_tracker.keyword_engine  sitemap returned 1 URLs
2026-07-21 11:03:11  INFO     seo_tracker.keyword_engine  fetching sitemap: https://ambimat.com/product_categories-sitemap.xml
2026-07-21 11:03:12  INFO     seo_tracker.keyword_engine  sitemap returned 14 URLs
2026-07-21 11:03:12  INFO     seo_tracker.keyword_engine  sitemap returned 430 URLs
2026-07-21 11:03:12  INFO     seo_tracker.keyword_engine  fetching sitemap: https://ambimat.com/sitemap.xml
2026-07-21 11:03:14  INFO     seo_tracker.keyword_engine  fetching sitemap: https://ambimat.com/post-sitemap.xml
2026-07-21 11:03:14  INFO     seo_tracker.keyword_engine  sitemap returned 188 URLs
2026-07-21 11:03:14  INFO     seo_tracker.keyword_engine  fetching sitemap: https://ambimat.com/page-sitemap.xml
2026-07-21 11:03:15  INFO     seo_tracker.keyword_engine  sitemap returned 69 URLs
2026-07-21 11:03:15  INFO     seo_tracker.keyword_engine  fetching sitemap: https://ambimat.com/timeline-sitemap.xml
2026-07-21 11:03:16  INFO     seo_tracker.keyword_engine  sitemap returned 27 URLs
2026-07-21 11:03:16  INFO     seo_tracker.keyword_engine  fetching sitemap: https://ambimat.com/case_study-sitemap.xml
2026-07-21 11:03:16  INFO     seo_tracker.keyword_engine  sitemap returned 5 URLs
2026-07-21 11:03:16  INFO     seo_tracker.keyword_engine  fetching sitemap: https://ambimat.com/category-sitemap.xml
2026-07-21 11:03:17  INFO     seo_tracker.keyword_engine  sitemap returned 2 URLs
2026-07-21 11:03:17  INFO     seo_tracker.keyword_engine  fetching sitemap: https://ambimat.com/post_tag-sitemap.xml
2026-07-21 11:03:18  INFO     seo_tracker.keyword_engine  sitemap returned 124 URLs
2026-07-21 11:03:18  INFO     seo_tracker.keyword_engine  fetching sitemap: https://ambimat.com/event-sitemap.xml
2026-07-21 11:03:19  INFO     seo_tracker.keyword_engine  sitemap returned 1 URLs
2026-07-21 11:03:19  INFO     seo_tracker.keyword_engine  fetching sitemap: https://ambimat.com/product_categories-sitemap.xml
2026-07-21 11:03:20  INFO     seo_tracker.keyword_engine  sitemap returned 14 URLs
2026-07-21 11:03:20  INFO     seo_tracker.keyword_engine  sitemap returned 430 URLs
2026-07-21 11:03:21  INFO     phone_seo                   -> ambisecure
2026-07-21 11:03:21  INFO     seo_tracker.keyword_engine  fetching sitemap: https://ambisecure.ambimat.com/sitemap.xml
2026-07-21 11:03:21  INFO     seo_tracker.keyword_engine  sitemap returned 318 URLs
2026-07-21 11:03:46  WARNING  seo_tracker.keyword_engine  crawl skipped (https://ambisecure.ambimat.com/products/biokey-on-device-totp/): ('Connection aborted.', RemoteDisconnected('Remote end closed connection without response'))
2026-07-21 11:04:23  INFO     seo_tracker.keyword_engine  inventory built: 181 keywords (39 pages crawled) for slug=ambisecure
2026-07-21 11:04:23  INFO     seo_tracker.internal_links  internal-link analysis [ambisecure]: 0 orphan, 6 under-linked, 17 over-linked, 538 broken outbound, 20 recs
2026-07-21 11:04:24  INFO     seo_tracker.weak_pages    weak-page findings: 68 (high=0 medium=35 low=33)
2026-07-21 11:04:26  INFO     seo_tracker.keyword_engine  fetching sitemap: https://ambisecure.ambimat.com/sitemap.xml
2026-07-21 11:04:27  INFO     seo_tracker.keyword_engine  sitemap returned 318 URLs
2026-07-21 11:04:27  INFO     phone_seo                   -> esim
2026-07-21 11:04:27  INFO     seo_tracker.keyword_engine  fetching sitemap: https://esim.ambimat.com/sitemap.xml
2026-07-21 11:04:29  INFO     seo_tracker.keyword_engine  sitemap returned 33 URLs
2026-07-21 11:05:06  INFO     seo_tracker.keyword_engine  inventory built: 102 keywords (33 pages crawled) for slug=esim
2026-07-21 11:05:06  INFO     seo_tracker.internal_links  internal-link analysis [esim]: 0 orphan, 1 under-linked, 15 over-linked, 33 broken outbound, 15 recs
2026-07-21 11:05:06  INFO     seo_tracker.weak_pages    weak-page findings: 42 (high=1 medium=10 low=31)
2026-07-21 11:05:08  INFO     seo_tracker.keyword_engine  fetching sitemap: https://esim.ambimat.com/sitemap.xml
2026-07-21 11:05:08  INFO     seo_tracker.keyword_engine  sitemap returned 33 URLs
2026-07-21 11:05:09  INFO     phone_seo                   -> ambipower
2026-07-21 11:05:09  INFO     seo_tracker.keyword_engine  fetching sitemap: https://ambipower.ambimat.com/sitemap.xml
2026-07-21 11:05:10  INFO     seo_tracker.keyword_engine  sitemap returned 1 URLs
2026-07-21 11:05:12  INFO     seo_tracker.keyword_engine  inventory built: 8 keywords (1 pages crawled) for slug=ambipower
2026-07-21 11:05:12  INFO     seo_tracker.internal_links  internal-link analysis [ambipower]: 1 orphan, 0 under-linked, 0 over-linked, 32 broken outbound, 0 recs
2026-07-21 11:05:12  INFO     seo_tracker.weak_pages    weak-page findings: 3 (high=0 medium=2 low=1)
2026-07-21 11:05:16  INFO     seo_tracker.keyword_engine  fetching sitemap: https://ambipower.ambimat.com/sitemap.xml
2026-07-21 11:05:16  INFO     seo_tracker.keyword_engine  sitemap returned 1 URLs
2026-07-21 11:05:16  INFO     seo_tracker.keyword_engine  fetching sitemap: https://ambipower.ambimat.com/sitemap_index.xml
2026-07-21 11:05:17  INFO     seo_tracker.keyword_engine  sitemap returned 1 URLs
2026-07-21 11:05:17  INFO     seo_tracker.keyword_engine  fetching sitemap: https://ambipower.ambimat.com/sitemap-index.xml
2026-07-21 11:05:18  INFO     seo_tracker.keyword_engine  sitemap returned 1 URLs
2026-07-21 11:05:18  INFO     seo_tracker.keyword_engine  fetching sitemap: https://ambipower.ambimat.com/wp-sitemap.xml
2026-07-21 11:05:19  INFO     seo_tracker.keyword_engine  sitemap returned 1 URLs
2026-07-21 11:05:19  INFO     phone_seo                   -> ambiautomation
2026-07-21 11:05:19  INFO     seo_tracker.keyword_engine  fetching sitemap: https://ambiautomation.ambimat.com/sitemap.xml
2026-07-21 11:05:19  INFO     seo_tracker.keyword_engine  sitemap returned 22 URLs
2026-07-21 11:05:44  INFO     seo_tracker.keyword_engine  inventory built: 71 keywords (22 pages crawled) for slug=ambiautomation
2026-07-21 11:05:44  INFO     seo_tracker.internal_links  internal-link analysis [ambiautomation]: 0 orphan, 0 under-linked, 0 over-linked, 0 broken outbound, 0 recs
2026-07-21 11:05:44  INFO     seo_tracker.weak_pages    weak-page findings: 30 (high=0 medium=9 low=21)
2026-07-21 11:05:46  INFO     seo_tracker.keyword_engine  fetching sitemap: https://ambiautomation.ambimat.com/sitemap.xml
2026-07-21 11:05:46  INFO     seo_tracker.keyword_engine  sitemap returned 22 URLs
2026-07-21 11:05:46  INFO     phone_seo                 cross-domain: topical authority / overlap / opportunities
2026-07-21 11:05:47  INFO     seo_tracker.topic_authority  topic authority: 65 cells, 12 clusters with a strongest domain, 67 isolated pages
2026-07-21 11:05:47  INFO     seo_tracker.domain_overlap  domain-overlap: 0 keyword overlaps, 0 page duplicates
2026-07-21 11:05:47  INFO     seo_tracker.content_opportunities  content opportunities: 31 (HIGH=5 MEDIUM=7 LOW=19)
2026-07-21 11:05:47  INFO     phone_seo                 recommendations
2026-07-21 11:05:48  INFO     seo_tracker.weak_pages    weak-page findings: 205 (high=1 medium=96 low=108)

Phone SEO run complete (crawl-only).
------------------------------------
  json_timestamped /data/data/com.termux/files/home/seo_tracker_reports/report_20260721_110548.json
  md_timestamped   /data/data/com.termux/files/home/seo_tracker_reports/report_20260721_110548.md
  json_latest      /data/data/com.termux/files/home/seo_tracker_reports/report_latest.json
  md_latest        /data/data/com.termux/files/home/seo_tracker_reports/report_latest.md
  html_latest      /data/data/com.termux/files/home/seo_tracker_reports/report_latest.html
===== 2026-07-21 11:05:48 +0530 SEO run end (rc=0) =====
===== 2026-07-22 11:00:03 +0530 SEO run start =====
2026-07-22 11:00:04 +0530 another SEO run holds the lock; skipping
2026-07-22 11:00:05  INFO     phone_seo                 phone crawl-only run: 5 domains
2026-07-22 11:00:05  INFO     phone_seo                   -> ambimat
2026-07-22 11:00:05  INFO     seo_tracker.keyword_engine  fetching sitemap: https://ambimat.com/sitemap.xml
2026-07-22 11:00:10  INFO     seo_tracker.keyword_engine  fetching sitemap: https://ambimat.com/post-sitemap.xml
2026-07-22 11:00:13  INFO     seo_tracker.keyword_engine  sitemap returned 188 URLs
2026-07-22 11:00:13  INFO     seo_tracker.keyword_engine  fetching sitemap: https://ambimat.com/page-sitemap.xml
2026-07-22 11:00:15  INFO     seo_tracker.keyword_engine  sitemap returned 69 URLs
2026-07-22 11:00:15  INFO     seo_tracker.keyword_engine  fetching sitemap: https://ambimat.com/timeline-sitemap.xml
2026-07-22 11:00:17  INFO     seo_tracker.keyword_engine  sitemap returned 27 URLs
2026-07-22 11:00:17  INFO     seo_tracker.keyword_engine  fetching sitemap: https://ambimat.com/case_study-sitemap.xml
2026-07-22 11:00:19  INFO     seo_tracker.keyword_engine  sitemap returned 5 URLs
2026-07-22 11:00:19  INFO     seo_tracker.keyword_engine  fetching sitemap: https://ambimat.com/category-sitemap.xml
2026-07-22 11:00:21  INFO     seo_tracker.keyword_engine  sitemap returned 2 URLs
2026-07-22 11:00:21  INFO     seo_tracker.keyword_engine  fetching sitemap: https://ambimat.com/post_tag-sitemap.xml
2026-07-22 11:00:23  INFO     seo_tracker.keyword_engine  sitemap returned 124 URLs
2026-07-22 11:00:23  INFO     seo_tracker.keyword_engine  fetching sitemap: https://ambimat.com/event-sitemap.xml
2026-07-22 11:00:26  INFO     seo_tracker.keyword_engine  sitemap returned 1 URLs
2026-07-22 11:00:26  INFO     seo_tracker.keyword_engine  fetching sitemap: https://ambimat.com/product_categories-sitemap.xml
2026-07-22 11:00:28  INFO     seo_tracker.keyword_engine  sitemap returned 14 URLs
2026-07-22 11:00:28  INFO     seo_tracker.keyword_engine  sitemap returned 430 URLs
2026-07-22 11:02:55  INFO     seo_tracker.keyword_engine  inventory built: 160 keywords (40 pages crawled) for slug=ambimat
2026-07-22 11:02:56  INFO     seo_tracker.internal_links  internal-link analysis [ambimat]: 2 orphan, 36 under-linked, 1 over-linked, 2166 broken outbound, 7 recs
2026-07-22 11:02:56  INFO     seo_tracker.weak_pages    weak-page findings: 65 (high=0 medium=41 low=24)
2026-07-22 11:03:04  INFO     seo_tracker.keyword_engine  fetching sitemap: https://ambimat.com/sitemap_index.xml
2026-07-22 11:03:04  INFO     seo_tracker.keyword_engine  fetching sitemap: https://ambimat.com/post-sitemap.xml
2026-07-22 11:03:06  INFO     seo_tracker.keyword_engine  sitemap returned 188 URLs
2026-07-22 11:03:06  INFO     seo_tracker.keyword_engine  fetching sitemap: https://ambimat.com/page-sitemap.xml
2026-07-22 11:03:06  INFO     seo_tracker.keyword_engine  sitemap returned 69 URLs
2026-07-22 11:03:06  INFO     seo_tracker.keyword_engine  fetching sitemap: https://ambimat.com/timeline-sitemap.xml
2026-07-22 11:03:07  INFO     seo_tracker.keyword_engine  sitemap returned 27 URLs
2026-07-22 11:03:07  INFO     seo_tracker.keyword_engine  fetching sitemap: https://ambimat.com/case_study-sitemap.xml
2026-07-22 11:03:08  INFO     seo_tracker.keyword_engine  sitemap returned 5 URLs
2026-07-22 11:03:08  INFO     seo_tracker.keyword_engine  fetching sitemap: https://ambimat.com/category-sitemap.xml
2026-07-22 11:03:09  INFO     seo_tracker.keyword_engine  sitemap returned 2 URLs
2026-07-22 11:03:09  INFO     seo_tracker.keyword_engine  fetching sitemap: https://ambimat.com/post_tag-sitemap.xml
2026-07-22 11:03:10  INFO     seo_tracker.keyword_engine  sitemap returned 124 URLs
2026-07-22 11:03:10  INFO     seo_tracker.keyword_engine  fetching sitemap: https://ambimat.com/event-sitemap.xml
2026-07-22 11:03:11  INFO     seo_tracker.keyword_engine  sitemap returned 1 URLs
2026-07-22 11:03:11  INFO     seo_tracker.keyword_engine  fetching sitemap: https://ambimat.com/product_categories-sitemap.xml
2026-07-22 11:03:12  INFO     seo_tracker.keyword_engine  sitemap returned 14 URLs
2026-07-22 11:03:12  INFO     seo_tracker.keyword_engine  sitemap returned 430 URLs
2026-07-22 11:03:12  INFO     seo_tracker.keyword_engine  fetching sitemap: https://ambimat.com/sitemap.xml
2026-07-22 11:03:14  INFO     seo_tracker.keyword_engine  fetching sitemap: https://ambimat.com/post-sitemap.xml
2026-07-22 11:03:14  INFO     seo_tracker.keyword_engine  sitemap returned 188 URLs
2026-07-22 11:03:14  INFO     seo_tracker.keyword_engine  fetching sitemap: https://ambimat.com/page-sitemap.xml
2026-07-22 11:03:15  INFO     seo_tracker.keyword_engine  sitemap returned 69 URLs
2026-07-22 11:03:15  INFO     seo_tracker.keyword_engine  fetching sitemap: https://ambimat.com/timeline-sitemap.xml
2026-07-22 11:03:15  INFO     seo_tracker.keyword_engine  sitemap returned 27 URLs
2026-07-22 11:03:15  INFO     seo_tracker.keyword_engine  fetching sitemap: https://ambimat.com/case_study-sitemap.xml
2026-07-22 11:03:16  INFO     seo_tracker.keyword_engine  sitemap returned 5 URLs
2026-07-22 11:03:16  INFO     seo_tracker.keyword_engine  fetching sitemap: https://ambimat.com/category-sitemap.xml
2026-07-22 11:03:17  INFO     seo_tracker.keyword_engine  sitemap returned 2 URLs
2026-07-22 11:03:17  INFO     seo_tracker.keyword_engine  fetching sitemap: https://ambimat.com/post_tag-sitemap.xml
2026-07-22 11:03:17  INFO     seo_tracker.keyword_engine  sitemap returned 124 URLs
2026-07-22 11:03:17  INFO     seo_tracker.keyword_engine  fetching sitemap: https://ambimat.com/event-sitemap.xml
2026-07-22 11:03:18  INFO     seo_tracker.keyword_engine  sitemap returned 1 URLs
2026-07-22 11:03:18  INFO     seo_tracker.keyword_engine  fetching sitemap: https://ambimat.com/product_categories-sitemap.xml
2026-07-22 11:03:19  INFO     seo_tracker.keyword_engine  sitemap returned 14 URLs
2026-07-22 11:03:19  INFO     seo_tracker.keyword_engine  sitemap returned 430 URLs
2026-07-22 11:03:19  INFO     phone_seo                   -> ambisecure
2026-07-22 11:03:19  INFO     seo_tracker.keyword_engine  fetching sitemap: https://ambisecure.ambimat.com/sitemap.xml
2026-07-22 11:03:25  INFO     seo_tracker.keyword_engine  sitemap returned 318 URLs
2026-07-22 11:04:06  INFO     seo_tracker.keyword_engine  inventory built: 183 keywords (40 pages crawled) for slug=ambisecure
2026-07-22 11:04:06  INFO     seo_tracker.internal_links  internal-link analysis [ambisecure]: 0 orphan, 5 under-linked, 17 over-linked, 547 broken outbound, 20 recs
2026-07-22 11:04:06  INFO     seo_tracker.weak_pages    weak-page findings: 69 (high=0 medium=35 low=34)
2026-07-22 11:04:08  INFO     seo_tracker.keyword_engine  fetching sitemap: https://ambisecure.ambimat.com/sitemap.xml
2026-07-22 11:04:08  INFO     seo_tracker.keyword_engine  sitemap returned 318 URLs
2026-07-22 11:04:09  INFO     phone_seo                   -> esim
2026-07-22 11:04:09  INFO     seo_tracker.keyword_engine  fetching sitemap: https://esim.ambimat.com/sitemap.xml
2026-07-22 11:04:09  INFO     seo_tracker.keyword_engine  sitemap returned 33 URLs
2026-07-22 11:04:45  INFO     seo_tracker.keyword_engine  inventory built: 102 keywords (33 pages crawled) for slug=esim
2026-07-22 11:04:45  INFO     seo_tracker.internal_links  internal-link analysis [esim]: 0 orphan, 1 under-linked, 15 over-linked, 33 broken outbound, 15 recs
2026-07-22 11:04:45  INFO     seo_tracker.weak_pages    weak-page findings: 42 (high=1 medium=10 low=31)
2026-07-22 11:04:47  INFO     seo_tracker.keyword_engine  fetching sitemap: https://esim.ambimat.com/sitemap.xml
2026-07-22 11:04:47  INFO     seo_tracker.keyword_engine  sitemap returned 33 URLs
2026-07-22 11:04:48  INFO     phone_seo                   -> ambipower
2026-07-22 11:04:48  INFO     seo_tracker.keyword_engine  fetching sitemap: https://ambipower.ambimat.com/sitemap.xml
2026-07-22 11:04:49  INFO     seo_tracker.keyword_engine  sitemap returned 24 URLs
2026-07-22 11:05:13  INFO     seo_tracker.keyword_engine  inventory built: 53 keywords (24 pages crawled) for slug=ambipower
2026-07-22 11:05:13  INFO     seo_tracker.internal_links  internal-link analysis [ambipower]: 0 orphan, 4 under-linked, 0 over-linked, 24 broken outbound, 4 recs
2026-07-22 11:05:13  INFO     seo_tracker.weak_pages    weak-page findings: 40 (high=0 medium=16 low=24)
2026-07-22 11:05:14  INFO     seo_tracker.keyword_engine  fetching sitemap: https://ambipower.ambimat.com/sitemap.xml
2026-07-22 11:05:15  INFO     seo_tracker.keyword_engine  sitemap returned 24 URLs
2026-07-22 11:05:15  INFO     phone_seo                   -> ambiautomation
2026-07-22 11:05:15  INFO     seo_tracker.keyword_engine  fetching sitemap: https://ambiautomation.ambimat.com/sitemap.xml
2026-07-22 11:05:16  INFO     seo_tracker.keyword_engine  sitemap returned 22 URLs
2026-07-22 11:05:46  INFO     seo_tracker.keyword_engine  inventory built: 71 keywords (22 pages crawled) for slug=ambiautomation
2026-07-22 11:05:46  INFO     seo_tracker.internal_links  internal-link analysis [ambiautomation]: 0 orphan, 0 under-linked, 0 over-linked, 0 broken outbound, 0 recs
2026-07-22 11:05:46  INFO     seo_tracker.weak_pages    weak-page findings: 30 (high=0 medium=9 low=21)
2026-07-22 11:05:49  INFO     seo_tracker.keyword_engine  fetching sitemap: https://ambiautomation.ambimat.com/sitemap.xml
2026-07-22 11:05:49  INFO     seo_tracker.keyword_engine  sitemap returned 22 URLs
2026-07-22 11:05:49  INFO     phone_seo                 cross-domain: topical authority / overlap / opportunities
2026-07-22 11:05:50  INFO     seo_tracker.topic_authority  topic authority: 65 cells, 12 clusters with a strongest domain, 79 isolated pages
2026-07-22 11:05:51  INFO     seo_tracker.domain_overlap  domain-overlap: 0 keyword overlaps, 0 page duplicates
2026-07-22 11:05:51  INFO     seo_tracker.content_opportunities  content opportunities: 29 (HIGH=3 MEDIUM=7 LOW=19)
2026-07-22 11:05:51  INFO     phone_seo                 recommendations
2026-07-22 11:05:51  INFO     seo_tracker.weak_pages    weak-page findings: 246 (high=1 medium=111 low=134)

Phone SEO run complete (crawl-only).
------------------------------------
  json_timestamped /data/data/com.termux/files/home/seo_tracker_reports/report_20260722_110551.json
  md_timestamped   /data/data/com.termux/files/home/seo_tracker_reports/report_20260722_110551.md
  json_latest      /data/data/com.termux/files/home/seo_tracker_reports/report_latest.json
  md_latest        /data/data/com.termux/files/home/seo_tracker_reports/report_latest.md
  html_latest      /data/data/com.termux/files/home/seo_tracker_reports/report_latest.html
===== 2026-07-22 11:05:52 +0530 SEO run end (rc=0) =====
===== 2026-07-23 11:00:03 +0530 SEO run start =====
2026-07-23 11:00:05  INFO     phone_seo                 phone crawl-only run: 5 domains
2026-07-23 11:00:05  INFO     phone_seo                   -> ambimat
2026-07-23 11:00:05  INFO     seo_tracker.keyword_engine  fetching sitemap: https://ambimat.com/sitemap.xml
2026-07-23 11:00:06  INFO     seo_tracker.keyword_engine  fetching sitemap: https://ambimat.com/post-sitemap.xml
2026-07-23 11:00:07  INFO     seo_tracker.keyword_engine  sitemap returned 188 URLs
2026-07-23 11:00:07  INFO     seo_tracker.keyword_engine  fetching sitemap: https://ambimat.com/page-sitemap.xml
2026-07-23 11:00:08  INFO     seo_tracker.keyword_engine  sitemap returned 69 URLs
2026-07-23 11:00:08  INFO     seo_tracker.keyword_engine  fetching sitemap: https://ambimat.com/timeline-sitemap.xml
2026-07-23 11:00:09  INFO     seo_tracker.keyword_engine  sitemap returned 27 URLs
2026-07-23 11:00:09  INFO     seo_tracker.keyword_engine  fetching sitemap: https://ambimat.com/case_study-sitemap.xml
2026-07-23 11:00:10  INFO     seo_tracker.keyword_engine  sitemap returned 5 URLs
2026-07-23 11:00:10  INFO     seo_tracker.keyword_engine  fetching sitemap: https://ambimat.com/category-sitemap.xml
2026-07-23 11:00:10  INFO     seo_tracker.keyword_engine  sitemap returned 2 URLs
2026-07-23 11:00:10  INFO     seo_tracker.keyword_engine  fetching sitemap: https://ambimat.com/post_tag-sitemap.xml
2026-07-23 11:00:11  INFO     seo_tracker.keyword_engine  sitemap returned 124 URLs
2026-07-23 11:00:11  INFO     seo_tracker.keyword_engine  fetching sitemap: https://ambimat.com/event-sitemap.xml
2026-07-23 11:00:14  INFO     seo_tracker.keyword_engine  sitemap returned 1 URLs
2026-07-23 11:00:14  INFO     seo_tracker.keyword_engine  fetching sitemap: https://ambimat.com/product_categories-sitemap.xml
2026-07-23 11:00:14  INFO     seo_tracker.keyword_engine  sitemap returned 14 URLs
2026-07-23 11:00:15  INFO     seo_tracker.keyword_engine  sitemap returned 430 URLs
2026-07-23 11:01:39  INFO     seo_tracker.keyword_engine  inventory built: 160 keywords (40 pages crawled) for slug=ambimat
2026-07-23 11:01:39  INFO     seo_tracker.internal_links  internal-link analysis [ambimat]: 2 orphan, 36 under-linked, 1 over-linked, 2166 broken outbound, 7 recs
2026-07-23 11:01:39  INFO     seo_tracker.weak_pages    weak-page findings: 65 (high=0 medium=41 low=24)
2026-07-23 11:01:43  INFO     seo_tracker.keyword_engine  fetching sitemap: https://ambimat.com/sitemap_index.xml
2026-07-23 11:01:44  INFO     seo_tracker.keyword_engine  fetching sitemap: https://ambimat.com/post-sitemap.xml
2026-07-23 11:01:45  INFO     seo_tracker.keyword_engine  sitemap returned 188 URLs
2026-07-23 11:01:45  INFO     seo_tracker.keyword_engine  fetching sitemap: https://ambimat.com/page-sitemap.xml
2026-07-23 11:01:46  INFO     seo_tracker.keyword_engine  sitemap returned 69 URLs
2026-07-23 11:01:46  INFO     seo_tracker.keyword_engine  fetching sitemap: https://ambimat.com/timeline-sitemap.xml
2026-07-23 11:01:46  INFO     seo_tracker.keyword_engine  sitemap returned 27 URLs
2026-07-23 11:01:46  INFO     seo_tracker.keyword_engine  fetching sitemap: https://ambimat.com/case_study-sitemap.xml
2026-07-23 11:01:47  INFO     seo_tracker.keyword_engine  sitemap returned 5 URLs
2026-07-23 11:01:47  INFO     seo_tracker.keyword_engine  fetching sitemap: https://ambimat.com/category-sitemap.xml
2026-07-23 11:01:48  INFO     seo_tracker.keyword_engine  sitemap returned 2 URLs
2026-07-23 11:01:48  INFO     seo_tracker.keyword_engine  fetching sitemap: https://ambimat.com/post_tag-sitemap.xml
2026-07-23 11:01:49  INFO     seo_tracker.keyword_engine  sitemap returned 124 URLs
2026-07-23 11:01:49  INFO     seo_tracker.keyword_engine  fetching sitemap: https://ambimat.com/event-sitemap.xml
2026-07-23 11:01:50  INFO     seo_tracker.keyword_engine  sitemap returned 1 URLs
2026-07-23 11:01:50  INFO     seo_tracker.keyword_engine  fetching sitemap: https://ambimat.com/product_categories-sitemap.xml
2026-07-23 11:01:50  INFO     seo_tracker.keyword_engine  sitemap returned 14 URLs
2026-07-23 11:01:50  INFO     seo_tracker.keyword_engine  sitemap returned 430 URLs
2026-07-23 11:01:50  INFO     seo_tracker.keyword_engine  fetching sitemap: https://ambimat.com/sitemap.xml
2026-07-23 11:01:52  INFO     seo_tracker.keyword_engine  fetching sitemap: https://ambimat.com/post-sitemap.xml
2026-07-23 11:01:52  INFO     seo_tracker.keyword_engine  sitemap returned 188 URLs
2026-07-23 11:01:52  INFO     seo_tracker.keyword_engine  fetching sitemap: https://ambimat.com/page-sitemap.xml
2026-07-23 11:01:54  INFO     seo_tracker.keyword_engine  sitemap returned 69 URLs
2026-07-23 11:01:54  INFO     seo_tracker.keyword_engine  fetching sitemap: https://ambimat.com/timeline-sitemap.xml
2026-07-23 11:01:55  INFO     seo_tracker.keyword_engine  sitemap returned 27 URLs
2026-07-23 11:01:55  INFO     seo_tracker.keyword_engine  fetching sitemap: https://ambimat.com/case_study-sitemap.xml
2026-07-23 11:01:56  INFO     seo_tracker.keyword_engine  sitemap returned 5 URLs
2026-07-23 11:01:56  INFO     seo_tracker.keyword_engine  fetching sitemap: https://ambimat.com/category-sitemap.xml
2026-07-23 11:01:57  INFO     seo_tracker.keyword_engine  sitemap returned 2 URLs
2026-07-23 11:01:57  INFO     seo_tracker.keyword_engine  fetching sitemap: https://ambimat.com/post_tag-sitemap.xml
2026-07-23 11:01:58  INFO     seo_tracker.keyword_engine  sitemap returned 124 URLs
2026-07-23 11:01:58  INFO     seo_tracker.keyword_engine  fetching sitemap: https://ambimat.com/event-sitemap.xml
2026-07-23 11:01:59  INFO     seo_tracker.keyword_engine  sitemap returned 1 URLs
2026-07-23 11:01:59  INFO     seo_tracker.keyword_engine  fetching sitemap: https://ambimat.com/product_categories-sitemap.xml
2026-07-23 11:02:00  INFO     seo_tracker.keyword_engine  sitemap returned 14 URLs
2026-07-23 11:02:00  INFO     seo_tracker.keyword_engine  sitemap returned 430 URLs
2026-07-23 11:02:00  INFO     phone_seo                   -> ambisecure
2026-07-23 11:02:00  INFO     seo_tracker.keyword_engine  fetching sitemap: https://ambisecure.ambimat.com/sitemap.xml
2026-07-23 11:02:01  INFO     seo_tracker.keyword_engine  sitemap returned 318 URLs
2026-07-23 11:02:43  INFO     seo_tracker.keyword_engine  inventory built: 183 keywords (40 pages crawled) for slug=ambisecure
2026-07-23 11:02:43  INFO     seo_tracker.internal_links  internal-link analysis [ambisecure]: 0 orphan, 5 under-linked, 17 over-linked, 547 broken outbound, 20 recs
2026-07-23 11:02:43  INFO     seo_tracker.weak_pages    weak-page findings: 69 (high=0 medium=35 low=34)
2026-07-23 11:02:45  INFO     seo_tracker.keyword_engine  fetching sitemap: https://ambisecure.ambimat.com/sitemap.xml
2026-07-23 11:02:45  INFO     seo_tracker.keyword_engine  sitemap returned 318 URLs
2026-07-23 11:02:46  INFO     phone_seo                   -> esim
2026-07-23 11:02:46  INFO     seo_tracker.keyword_engine  fetching sitemap: https://esim.ambimat.com/sitemap.xml
2026-07-23 11:02:46  INFO     seo_tracker.keyword_engine  sitemap returned 33 URLs
2026-07-23 11:03:24  INFO     seo_tracker.keyword_engine  inventory built: 102 keywords (33 pages crawled) for slug=esim
2026-07-23 11:03:24  INFO     seo_tracker.internal_links  internal-link analysis [esim]: 0 orphan, 1 under-linked, 15 over-linked, 33 broken outbound, 15 recs
2026-07-23 11:03:24  INFO     seo_tracker.weak_pages    weak-page findings: 42 (high=1 medium=10 low=31)
2026-07-23 11:03:25  INFO     seo_tracker.keyword_engine  fetching sitemap: https://esim.ambimat.com/sitemap.xml
2026-07-23 11:03:25  INFO     seo_tracker.keyword_engine  sitemap returned 33 URLs
2026-07-23 11:03:26  INFO     phone_seo                   -> ambipower
2026-07-23 11:03:26  INFO     seo_tracker.keyword_engine  fetching sitemap: https://ambipower.ambimat.com/sitemap.xml
2026-07-23 11:03:26  INFO     seo_tracker.keyword_engine  sitemap returned 24 URLs
2026-07-23 11:03:51  INFO     seo_tracker.keyword_engine  inventory built: 53 keywords (24 pages crawled) for slug=ambipower
2026-07-23 11:03:51  INFO     seo_tracker.internal_links  internal-link analysis [ambipower]: 0 orphan, 4 under-linked, 0 over-linked, 24 broken outbound, 4 recs
2026-07-23 11:03:51  INFO     seo_tracker.weak_pages    weak-page findings: 40 (high=0 medium=16 low=24)
2026-07-23 11:03:54  INFO     seo_tracker.keyword_engine  fetching sitemap: https://ambipower.ambimat.com/sitemap.xml
2026-07-23 11:03:54  INFO     seo_tracker.keyword_engine  sitemap returned 24 URLs
2026-07-23 11:03:54  INFO     phone_seo                   -> ambiautomation
2026-07-23 11:03:54  INFO     seo_tracker.keyword_engine  fetching sitemap: https://ambiautomation.ambimat.com/sitemap.xml
2026-07-23 11:03:55  INFO     seo_tracker.keyword_engine  sitemap returned 22 URLs
2026-07-23 11:04:18  INFO     seo_tracker.keyword_engine  inventory built: 71 keywords (22 pages crawled) for slug=ambiautomation
2026-07-23 11:04:18  INFO     seo_tracker.internal_links  internal-link analysis [ambiautomation]: 0 orphan, 0 under-linked, 0 over-linked, 0 broken outbound, 0 recs
2026-07-23 11:04:18  INFO     seo_tracker.weak_pages    weak-page findings: 30 (high=0 medium=9 low=21)
2026-07-23 11:04:20  INFO     seo_tracker.keyword_engine  fetching sitemap: https://ambiautomation.ambimat.com/sitemap.xml
2026-07-23 11:04:21  INFO     seo_tracker.keyword_engine  sitemap returned 22 URLs
2026-07-23 11:04:21  INFO     phone_seo                 cross-domain: topical authority / overlap / opportunities
2026-07-23 11:04:22  INFO     seo_tracker.topic_authority  topic authority: 65 cells, 12 clusters with a strongest domain, 79 isolated pages
2026-07-23 11:04:22  INFO     seo_tracker.domain_overlap  domain-overlap: 0 keyword overlaps, 0 page duplicates
2026-07-23 11:04:22  INFO     seo_tracker.content_opportunities  content opportunities: 29 (HIGH=3 MEDIUM=7 LOW=19)
2026-07-23 11:04:22  INFO     phone_seo                 recommendations
2026-07-23 11:04:23  INFO     seo_tracker.weak_pages    weak-page findings: 246 (high=1 medium=111 low=134)

Phone SEO run complete (crawl-only).
------------------------------------
  json_timestamped /data/data/com.termux/files/home/seo_tracker_reports/report_20260723_110423.json
  md_timestamped   /data/data/com.termux/files/home/seo_tracker_reports/report_20260723_110423.md
  json_latest      /data/data/com.termux/files/home/seo_tracker_reports/report_latest.json
  md_latest        /data/data/com.termux/files/home/seo_tracker_reports/report_latest.md
  html_latest      /data/data/com.termux/files/home/seo_tracker_reports/report_latest.html
===== 2026-07-23 11:04:23 +0530 SEO run end (rc=0) =====
===== 2026-07-24 11:00:01 +0530 SEO run start =====
2026-07-24 11:00:04  INFO     phone_seo                 phone crawl-only run: 5 domains
2026-07-24 11:00:04  INFO     phone_seo                   -> ambimat
2026-07-24 11:00:04  INFO     seo_tracker.keyword_engine  fetching sitemap: https://ambimat.com/sitemap.xml
2026-07-24 11:00:06  INFO     seo_tracker.keyword_engine  fetching sitemap: https://ambimat.com/post-sitemap.xml
2026-07-24 11:00:08  INFO     seo_tracker.keyword_engine  sitemap returned 188 URLs
2026-07-24 11:00:08  INFO     seo_tracker.keyword_engine  fetching sitemap: https://ambimat.com/page-sitemap.xml
2026-07-24 11:00:09  INFO     seo_tracker.keyword_engine  sitemap returned 76 URLs
2026-07-24 11:00:09  INFO     seo_tracker.keyword_engine  fetching sitemap: https://ambimat.com/timeline-sitemap.xml
2026-07-24 11:00:10  INFO     seo_tracker.keyword_engine  sitemap returned 27 URLs
2026-07-24 11:00:10  INFO     seo_tracker.keyword_engine  fetching sitemap: https://ambimat.com/case_study-sitemap.xml
2026-07-24 11:00:11  INFO     seo_tracker.keyword_engine  sitemap returned 5 URLs
2026-07-24 11:00:11  INFO     seo_tracker.keyword_engine  fetching sitemap: https://ambimat.com/category-sitemap.xml
2026-07-24 11:00:12  INFO     seo_tracker.keyword_engine  sitemap returned 2 URLs
2026-07-24 11:00:12  INFO     seo_tracker.keyword_engine  fetching sitemap: https://ambimat.com/post_tag-sitemap.xml
2026-07-24 11:00:13  INFO     seo_tracker.keyword_engine  sitemap returned 124 URLs
2026-07-24 11:00:13  INFO     seo_tracker.keyword_engine  fetching sitemap: https://ambimat.com/event-sitemap.xml
2026-07-24 11:00:14  INFO     seo_tracker.keyword_engine  sitemap returned 1 URLs
2026-07-24 11:00:14  INFO     seo_tracker.keyword_engine  fetching sitemap: https://ambimat.com/product_categories-sitemap.xml
2026-07-24 11:00:15  INFO     seo_tracker.keyword_engine  sitemap returned 14 URLs
2026-07-24 11:00:15  INFO     seo_tracker.keyword_engine  sitemap returned 437 URLs
2026-07-24 11:01:35  INFO     seo_tracker.keyword_engine  inventory built: 160 keywords (40 pages crawled) for slug=ambimat
2026-07-24 11:01:35  INFO     seo_tracker.internal_links  internal-link analysis [ambimat]: 2 orphan, 36 under-linked, 1 over-linked, 2166 broken outbound, 7 recs
2026-07-24 11:01:35  INFO     seo_tracker.weak_pages    weak-page findings: 65 (high=0 medium=41 low=24)
2026-07-24 11:01:39  INFO     seo_tracker.keyword_engine  fetching sitemap: https://ambimat.com/sitemap_index.xml
2026-07-24 11:01:39  INFO     seo_tracker.keyword_engine  fetching sitemap: https://ambimat.com/post-sitemap.xml
2026-07-24 11:01:40  INFO     seo_tracker.keyword_engine  sitemap returned 188 URLs
2026-07-24 11:01:40  INFO     seo_tracker.keyword_engine  fetching sitemap: https://ambimat.com/page-sitemap.xml
2026-07-24 11:01:41  INFO     seo_tracker.keyword_engine  sitemap returned 76 URLs
2026-07-24 11:01:41  INFO     seo_tracker.keyword_engine  fetching sitemap: https://ambimat.com/timeline-sitemap.xml
2026-07-24 11:01:42  INFO     seo_tracker.keyword_engine  sitemap returned 27 URLs
2026-07-24 11:01:42  INFO     seo_tracker.keyword_engine  fetching sitemap: https://ambimat.com/case_study-sitemap.xml
2026-07-24 11:01:43  INFO     seo_tracker.keyword_engine  sitemap returned 5 URLs
2026-07-24 11:01:43  INFO     seo_tracker.keyword_engine  fetching sitemap: https://ambimat.com/category-sitemap.xml
2026-07-24 11:01:44  INFO     seo_tracker.keyword_engine  sitemap returned 2 URLs
2026-07-24 11:01:44  INFO     seo_tracker.keyword_engine  fetching sitemap: https://ambimat.com/post_tag-sitemap.xml
2026-07-24 11:01:45  INFO     seo_tracker.keyword_engine  sitemap returned 124 URLs
2026-07-24 11:01:45  INFO     seo_tracker.keyword_engine  fetching sitemap: https://ambimat.com/event-sitemap.xml
2026-07-24 11:01:46  INFO     seo_tracker.keyword_engine  sitemap returned 1 URLs
2026-07-24 11:01:46  INFO     seo_tracker.keyword_engine  fetching sitemap: https://ambimat.com/product_categories-sitemap.xml
2026-07-24 11:01:46  INFO     seo_tracker.keyword_engine  sitemap returned 14 URLs
2026-07-24 11:01:46  INFO     seo_tracker.keyword_engine  sitemap returned 437 URLs
2026-07-24 11:01:46  INFO     seo_tracker.keyword_engine  fetching sitemap: https://ambimat.com/sitemap.xml
2026-07-24 11:01:47  INFO     seo_tracker.keyword_engine  fetching sitemap: https://ambimat.com/post-sitemap.xml
2026-07-24 11:01:47  INFO     seo_tracker.keyword_engine  sitemap returned 188 URLs
2026-07-24 11:01:48  INFO     seo_tracker.keyword_engine  fetching sitemap: https://ambimat.com/page-sitemap.xml
2026-07-24 11:01:48  INFO     seo_tracker.keyword_engine  sitemap returned 76 URLs
2026-07-24 11:01:48  INFO     seo_tracker.keyword_engine  fetching sitemap: https://ambimat.com/timeline-sitemap.xml
2026-07-24 11:01:50  INFO     seo_tracker.keyword_engine  sitemap returned 27 URLs
2026-07-24 11:01:50  INFO     seo_tracker.keyword_engine  fetching sitemap: https://ambimat.com/case_study-sitemap.xml
2026-07-24 11:01:51  INFO     seo_tracker.keyword_engine  sitemap returned 5 URLs
2026-07-24 11:01:51  INFO     seo_tracker.keyword_engine  fetching sitemap: https://ambimat.com/category-sitemap.xml
2026-07-24 11:01:52  INFO     seo_tracker.keyword_engine  sitemap returned 2 URLs
2026-07-24 11:01:52  INFO     seo_tracker.keyword_engine  fetching sitemap: https://ambimat.com/post_tag-sitemap.xml
2026-07-24 11:01:52  INFO     seo_tracker.keyword_engine  sitemap returned 124 URLs
2026-07-24 11:01:52  INFO     seo_tracker.keyword_engine  fetching sitemap: https://ambimat.com/event-sitemap.xml
2026-07-24 11:01:53  INFO     seo_tracker.keyword_engine  sitemap returned 1 URLs
2026-07-24 11:01:53  INFO     seo_tracker.keyword_engine  fetching sitemap: https://ambimat.com/product_categories-sitemap.xml
2026-07-24 11:01:53  INFO     seo_tracker.keyword_engine  sitemap returned 14 URLs
2026-07-24 11:01:53  INFO     seo_tracker.keyword_engine  sitemap returned 437 URLs
2026-07-24 11:01:53  INFO     seo_tracker.keyword_engine  fetching sitemap: https://ambimat.com/wp-sitemap.xml
2026-07-24 11:01:54  INFO     seo_tracker.keyword_engine  fetching sitemap: https://ambimat.com/post-sitemap.xml
2026-07-24 11:01:55  INFO     seo_tracker.keyword_engine  sitemap returned 188 URLs
2026-07-24 11:01:55  INFO     seo_tracker.keyword_engine  fetching sitemap: https://ambimat.com/page-sitemap.xml
2026-07-24 11:01:56  INFO     seo_tracker.keyword_engine  sitemap returned 76 URLs
2026-07-24 11:01:56  INFO     seo_tracker.keyword_engine  fetching sitemap: https://ambimat.com/timeline-sitemap.xml
2026-07-24 11:01:56  INFO     seo_tracker.keyword_engine  sitemap returned 27 URLs
2026-07-24 11:01:56  INFO     seo_tracker.keyword_engine  fetching sitemap: https://ambimat.com/case_study-sitemap.xml
2026-07-24 11:01:57  INFO     seo_tracker.keyword_engine  sitemap returned 5 URLs
2026-07-24 11:01:57  INFO     seo_tracker.keyword_engine  fetching sitemap: https://ambimat.com/category-sitemap.xml
2026-07-24 11:01:58  INFO     seo_tracker.keyword_engine  sitemap returned 2 URLs
2026-07-24 11:01:58  INFO     seo_tracker.keyword_engine  fetching sitemap: https://ambimat.com/post_tag-sitemap.xml
2026-07-24 11:01:58  INFO     seo_tracker.keyword_engine  sitemap returned 124 URLs
2026-07-24 11:01:59  INFO     seo_tracker.keyword_engine  fetching sitemap: https://ambimat.com/event-sitemap.xml
2026-07-24 11:01:59  INFO     seo_tracker.keyword_engine  sitemap returned 1 URLs
2026-07-24 11:01:59  INFO     seo_tracker.keyword_engine  fetching sitemap: https://ambimat.com/product_categories-sitemap.xml
2026-07-24 11:02:00  INFO     seo_tracker.keyword_engine  sitemap returned 14 URLs
2026-07-24 11:02:00  INFO     seo_tracker.keyword_engine  sitemap returned 437 URLs
2026-07-24 11:02:01  INFO     phone_seo                   -> ambisecure
2026-07-24 11:02:01  INFO     seo_tracker.keyword_engine  fetching sitemap: https://ambisecure.ambimat.com/sitemap.xml
2026-07-24 11:02:01  INFO     seo_tracker.keyword_engine  sitemap returned 318 URLs
2026-07-24 11:02:42  INFO     seo_tracker.keyword_engine  inventory built: 183 keywords (40 pages crawled) for slug=ambisecure
2026-07-24 11:02:42  INFO     seo_tracker.internal_links  internal-link analysis [ambisecure]: 0 orphan, 5 under-linked, 17 over-linked, 547 broken outbound, 20 recs
2026-07-24 11:02:42  INFO     seo_tracker.weak_pages    weak-page findings: 69 (high=0 medium=35 low=34)
2026-07-24 11:02:43  INFO     seo_tracker.keyword_engine  fetching sitemap: https://ambisecure.ambimat.com/sitemap.xml
2026-07-24 11:02:43  INFO     seo_tracker.keyword_engine  sitemap returned 318 URLs
2026-07-24 11:02:44  INFO     phone_seo                   -> esim
2026-07-24 11:02:44  INFO     seo_tracker.keyword_engine  fetching sitemap: https://esim.ambimat.com/sitemap.xml
2026-07-24 11:02:44  INFO     seo_tracker.keyword_engine  sitemap returned 33 URLs
2026-07-24 11:03:18  INFO     seo_tracker.keyword_engine  inventory built: 102 keywords (33 pages crawled) for slug=esim
2026-07-24 11:03:18  INFO     seo_tracker.internal_links  internal-link analysis [esim]: 0 orphan, 1 under-linked, 15 over-linked, 33 broken outbound, 15 recs
2026-07-24 11:03:18  INFO     seo_tracker.weak_pages    weak-page findings: 42 (high=1 medium=10 low=31)
2026-07-24 11:03:19  INFO     seo_tracker.keyword_engine  fetching sitemap: https://esim.ambimat.com/sitemap.xml
2026-07-24 11:03:20  INFO     seo_tracker.keyword_engine  sitemap returned 33 URLs
2026-07-24 11:03:20  INFO     phone_seo                   -> ambipower
2026-07-24 11:03:20  INFO     seo_tracker.keyword_engine  fetching sitemap: https://ambipower.ambimat.com/sitemap.xml
2026-07-24 11:03:20  INFO     seo_tracker.keyword_engine  sitemap returned 24 URLs
2026-07-24 11:03:43  INFO     seo_tracker.keyword_engine  inventory built: 53 keywords (24 pages crawled) for slug=ambipower
2026-07-24 11:03:43  INFO     seo_tracker.internal_links  internal-link analysis [ambipower]: 0 orphan, 4 under-linked, 0 over-linked, 24 broken outbound, 4 recs
2026-07-24 11:03:43  INFO     seo_tracker.weak_pages    weak-page findings: 40 (high=0 medium=16 low=24)
2026-07-24 11:03:45  INFO     seo_tracker.keyword_engine  fetching sitemap: https://ambipower.ambimat.com/sitemap.xml
2026-07-24 11:03:45  INFO     seo_tracker.keyword_engine  sitemap returned 24 URLs
2026-07-24 11:03:45  INFO     phone_seo                   -> ambiautomation
2026-07-24 11:03:45  INFO     seo_tracker.keyword_engine  fetching sitemap: https://ambiautomation.ambimat.com/sitemap.xml
2026-07-24 11:03:46  INFO     seo_tracker.keyword_engine  sitemap returned 22 URLs
2026-07-24 11:04:08  INFO     seo_tracker.keyword_engine  inventory built: 71 keywords (22 pages crawled) for slug=ambiautomation
2026-07-24 11:04:08  INFO     seo_tracker.internal_links  internal-link analysis [ambiautomation]: 0 orphan, 0 under-linked, 0 over-linked, 0 broken outbound, 0 recs
2026-07-24 11:04:08  INFO     seo_tracker.weak_pages    weak-page findings: 30 (high=0 medium=9 low=21)
2026-07-24 11:04:09  INFO     seo_tracker.keyword_engine  fetching sitemap: https://ambiautomation.ambimat.com/sitemap.xml
2026-07-24 11:04:09  INFO     seo_tracker.keyword_engine  sitemap returned 22 URLs
2026-07-24 11:04:10  INFO     phone_seo                 cross-domain: topical authority / overlap / opportunities
2026-07-24 11:04:11  INFO     seo_tracker.topic_authority  topic authority: 65 cells, 12 clusters with a strongest domain, 79 isolated pages
2026-07-24 11:04:12  INFO     seo_tracker.domain_overlap  domain-overlap: 0 keyword overlaps, 0 page duplicates
2026-07-24 11:04:12  INFO     seo_tracker.content_opportunities  content opportunities: 29 (HIGH=3 MEDIUM=7 LOW=19)
2026-07-24 11:04:12  INFO     phone_seo                 recommendations
2026-07-24 11:04:12  INFO     seo_tracker.weak_pages    weak-page findings: 246 (high=1 medium=111 low=134)

Phone SEO run complete (crawl-only).
------------------------------------
  json_timestamped /data/data/com.termux/files/home/seo_tracker_reports/report_20260724_110412.json
  md_timestamped   /data/data/com.termux/files/home/seo_tracker_reports/report_20260724_110412.md
  json_latest      /data/data/com.termux/files/home/seo_tracker_reports/report_latest.json
  md_latest        /data/data/com.termux/files/home/seo_tracker_reports/report_latest.md
  html_latest      /data/data/com.termux/files/home/seo_tracker_reports/report_latest.html
===== 2026-07-24 11:04:13 +0530 SEO run end (rc=0) =====
===== 2026-07-27 11:45:35 +0530 SEO run start =====
2026-07-27 11:45:37  INFO     phone_seo                 phone crawl-only run: 5 domains
2026-07-27 11:45:37  INFO     phone_seo                   -> ambimat
2026-07-27 11:45:37  INFO     seo_tracker.keyword_engine  fetching sitemap: https://ambimat.com/sitemap.xml
2026-07-27 11:45:39  INFO     seo_tracker.keyword_engine  fetching sitemap: https://ambimat.com/post-sitemap.xml
2026-07-27 11:45:40  INFO     seo_tracker.keyword_engine  sitemap returned 188 URLs
2026-07-27 11:45:40  INFO     seo_tracker.keyword_engine  fetching sitemap: https://ambimat.com/page-sitemap.xml
2026-07-27 11:45:40  INFO     seo_tracker.keyword_engine  sitemap returned 76 URLs
2026-07-27 11:45:40  INFO     seo_tracker.keyword_engine  fetching sitemap: https://ambimat.com/timeline-sitemap.xml
2026-07-27 11:45:41  INFO     seo_tracker.keyword_engine  sitemap returned 27 URLs
2026-07-27 11:45:41  INFO     seo_tracker.keyword_engine  fetching sitemap: https://ambimat.com/case_study-sitemap.xml
2026-07-27 11:45:42  INFO     seo_tracker.keyword_engine  sitemap returned 5 URLs
2026-07-27 11:45:42  INFO     seo_tracker.keyword_engine  fetching sitemap: https://ambimat.com/category-sitemap.xml
2026-07-27 11:45:42  INFO     seo_tracker.keyword_engine  sitemap returned 2 URLs
2026-07-27 11:45:42  INFO     seo_tracker.keyword_engine  fetching sitemap: https://ambimat.com/post_tag-sitemap.xml
2026-07-27 11:45:43  INFO     seo_tracker.keyword_engine  sitemap returned 124 URLs
2026-07-27 11:45:43  INFO     seo_tracker.keyword_engine  fetching sitemap: https://ambimat.com/event-sitemap.xml
2026-07-27 11:45:44  INFO     seo_tracker.keyword_engine  sitemap returned 1 URLs
2026-07-27 11:45:44  INFO     seo_tracker.keyword_engine  fetching sitemap: https://ambimat.com/product_categories-sitemap.xml
2026-07-27 11:45:45  INFO     seo_tracker.keyword_engine  sitemap returned 14 URLs
2026-07-27 11:45:45  INFO     seo_tracker.keyword_engine  sitemap returned 437 URLs
2026-07-27 11:47:07  INFO     seo_tracker.keyword_engine  inventory built: 160 keywords (40 pages crawled) for slug=ambimat
2026-07-27 11:47:07  INFO     seo_tracker.internal_links  internal-link analysis [ambimat]: 2 orphan, 36 under-linked, 1 over-linked, 2136 broken outbound, 7 recs
2026-07-27 11:47:07  INFO     seo_tracker.weak_pages    weak-page findings: 65 (high=0 medium=41 low=24)
2026-07-27 11:47:14  INFO     seo_tracker.keyword_engine  fetching sitemap: https://ambimat.com/sitemap_index.xml
2026-07-27 11:47:15  INFO     seo_tracker.keyword_engine  fetching sitemap: https://ambimat.com/post-sitemap.xml
2026-07-27 11:47:16  INFO     seo_tracker.keyword_engine  sitemap returned 188 URLs
2026-07-27 11:47:16  INFO     seo_tracker.keyword_engine  fetching sitemap: https://ambimat.com/page-sitemap.xml
2026-07-27 11:47:16  INFO     seo_tracker.keyword_engine  sitemap returned 76 URLs
2026-07-27 11:47:16  INFO     seo_tracker.keyword_engine  fetching sitemap: https://ambimat.com/timeline-sitemap.xml
2026-07-27 11:47:17  INFO     seo_tracker.keyword_engine  sitemap returned 27 URLs
2026-07-27 11:47:17  INFO     seo_tracker.keyword_engine  fetching sitemap: https://ambimat.com/case_study-sitemap.xml
2026-07-27 11:47:17  INFO     seo_tracker.keyword_engine  sitemap returned 5 URLs
2026-07-27 11:47:17  INFO     seo_tracker.keyword_engine  fetching sitemap: https://ambimat.com/category-sitemap.xml
2026-07-27 11:47:18  INFO     seo_tracker.keyword_engine  sitemap returned 2 URLs
2026-07-27 11:47:18  INFO     seo_tracker.keyword_engine  fetching sitemap: https://ambimat.com/post_tag-sitemap.xml
2026-07-27 11:47:19  INFO     seo_tracker.keyword_engine  sitemap returned 124 URLs
2026-07-27 11:47:19  INFO     seo_tracker.keyword_engine  fetching sitemap: https://ambimat.com/event-sitemap.xml
2026-07-27 11:47:19  INFO     seo_tracker.keyword_engine  sitemap returned 1 URLs
2026-07-27 11:47:19  INFO     seo_tracker.keyword_engine  fetching sitemap: https://ambimat.com/product_categories-sitemap.xml
2026-07-27 11:47:20  INFO     seo_tracker.keyword_engine  sitemap returned 14 URLs
2026-07-27 11:47:20  INFO     seo_tracker.keyword_engine  sitemap returned 437 URLs
2026-07-27 11:47:20  INFO     seo_tracker.keyword_engine  fetching sitemap: https://ambimat.com/sitemap.xml
2026-07-27 11:47:21  INFO     seo_tracker.keyword_engine  fetching sitemap: https://ambimat.com/post-sitemap.xml
2026-07-27 11:47:21  INFO     seo_tracker.keyword_engine  sitemap returned 188 URLs
2026-07-27 11:47:21  INFO     seo_tracker.keyword_engine  fetching sitemap: https://ambimat.com/page-sitemap.xml
2026-07-27 11:47:22  INFO     seo_tracker.keyword_engine  sitemap returned 76 URLs
2026-07-27 11:47:22  INFO     seo_tracker.keyword_engine  fetching sitemap: https://ambimat.com/timeline-sitemap.xml
2026-07-27 11:47:23  INFO     seo_tracker.keyword_engine  sitemap returned 27 URLs
2026-07-27 11:47:23  INFO     seo_tracker.keyword_engine  fetching sitemap: https://ambimat.com/case_study-sitemap.xml
2026-07-27 11:47:23  INFO     seo_tracker.keyword_engine  sitemap returned 5 URLs
2026-07-27 11:47:23  INFO     seo_tracker.keyword_engine  fetching sitemap: https://ambimat.com/category-sitemap.xml
2026-07-27 11:47:24  INFO     seo_tracker.keyword_engine  sitemap returned 2 URLs
2026-07-27 11:47:24  INFO     seo_tracker.keyword_engine  fetching sitemap: https://ambimat.com/post_tag-sitemap.xml
2026-07-27 11:47:24  INFO     seo_tracker.keyword_engine  sitemap returned 124 URLs
2026-07-27 11:47:24  INFO     seo_tracker.keyword_engine  fetching sitemap: https://ambimat.com/event-sitemap.xml
2026-07-27 11:47:25  INFO     seo_tracker.keyword_engine  sitemap returned 1 URLs
2026-07-27 11:47:25  INFO     seo_tracker.keyword_engine  fetching sitemap: https://ambimat.com/product_categories-sitemap.xml
2026-07-27 11:47:26  INFO     seo_tracker.keyword_engine  sitemap returned 14 URLs
2026-07-27 11:47:26  INFO     seo_tracker.keyword_engine  sitemap returned 437 URLs
2026-07-27 11:47:26  INFO     seo_tracker.keyword_engine  fetching sitemap: https://ambimat.com/wp-sitemap.xml
2026-07-27 11:47:27  INFO     seo_tracker.keyword_engine  fetching sitemap: https://ambimat.com/post-sitemap.xml
2026-07-27 11:47:28  INFO     seo_tracker.keyword_engine  sitemap returned 188 URLs
2026-07-27 11:47:28  INFO     seo_tracker.keyword_engine  fetching sitemap: https://ambimat.com/page-sitemap.xml
2026-07-27 11:47:29  INFO     seo_tracker.keyword_engine  sitemap returned 76 URLs
2026-07-27 11:47:29  INFO     seo_tracker.keyword_engine  fetching sitemap: https://ambimat.com/timeline-sitemap.xml
2026-07-27 11:47:30  INFO     seo_tracker.keyword_engine  sitemap returned 27 URLs
2026-07-27 11:47:30  INFO     seo_tracker.keyword_engine  fetching sitemap: https://ambimat.com/case_study-sitemap.xml
2026-07-27 11:47:31  INFO     seo_tracker.keyword_engine  sitemap returned 5 URLs
2026-07-27 11:47:31  INFO     seo_tracker.keyword_engine  fetching sitemap: https://ambimat.com/category-sitemap.xml
2026-07-27 11:47:32  INFO     seo_tracker.keyword_engine  sitemap returned 2 URLs
2026-07-27 11:47:32  INFO     seo_tracker.keyword_engine  fetching sitemap: https://ambimat.com/post_tag-sitemap.xml
2026-07-27 11:47:33  INFO     seo_tracker.keyword_engine  sitemap returned 124 URLs
2026-07-27 11:47:33  INFO     seo_tracker.keyword_engine  fetching sitemap: https://ambimat.com/event-sitemap.xml
2026-07-27 11:47:34  INFO     seo_tracker.keyword_engine  sitemap returned 1 URLs
2026-07-27 11:47:34  INFO     seo_tracker.keyword_engine  fetching sitemap: https://ambimat.com/product_categories-sitemap.xml
2026-07-27 11:47:34  INFO     seo_tracker.keyword_engine  sitemap returned 14 URLs
2026-07-27 11:47:34  INFO     seo_tracker.keyword_engine  sitemap returned 437 URLs
2026-07-27 11:47:34  INFO     phone_seo                   -> ambisecure
2026-07-27 11:47:34  INFO     seo_tracker.keyword_engine  fetching sitemap: https://ambisecure.ambimat.com/sitemap.xml
2026-07-27 11:47:35  INFO     seo_tracker.keyword_engine  sitemap returned 318 URLs
2026-07-27 11:48:15  INFO     seo_tracker.keyword_engine  inventory built: 183 keywords (40 pages crawled) for slug=ambisecure
2026-07-27 11:48:15  INFO     seo_tracker.internal_links  internal-link analysis [ambisecure]: 0 orphan, 5 under-linked, 17 over-linked, 547 broken outbound, 20 recs
2026-07-27 11:48:15  INFO     seo_tracker.weak_pages    weak-page findings: 69 (high=0 medium=35 low=34)
2026-07-27 11:48:17  INFO     seo_tracker.keyword_engine  fetching sitemap: https://ambisecure.ambimat.com/sitemap.xml
2026-07-27 11:48:17  INFO     seo_tracker.keyword_engine  sitemap returned 318 URLs
2026-07-27 11:48:18  INFO     phone_seo                   -> esim
2026-07-27 11:48:18  INFO     seo_tracker.keyword_engine  fetching sitemap: https://esim.ambimat.com/sitemap.xml
2026-07-27 11:48:18  INFO     seo_tracker.keyword_engine  sitemap returned 33 URLs
2026-07-27 11:48:48  INFO     seo_tracker.keyword_engine  inventory built: 102 keywords (33 pages crawled) for slug=esim
2026-07-27 11:48:49  INFO     seo_tracker.internal_links  internal-link analysis [esim]: 0 orphan, 1 under-linked, 15 over-linked, 33 broken outbound, 15 recs
2026-07-27 11:48:49  INFO     seo_tracker.weak_pages    weak-page findings: 42 (high=1 medium=10 low=31)
2026-07-27 11:48:50  INFO     seo_tracker.keyword_engine  fetching sitemap: https://esim.ambimat.com/sitemap.xml
2026-07-27 11:48:50  INFO     seo_tracker.keyword_engine  sitemap returned 33 URLs
2026-07-27 11:48:50  INFO     phone_seo                   -> ambipower
2026-07-27 11:48:50  INFO     seo_tracker.keyword_engine  fetching sitemap: https://ambipower.ambimat.com/sitemap.xml
2026-07-27 11:48:50  INFO     seo_tracker.keyword_engine  sitemap returned 25 URLs
2026-07-27 11:49:15  INFO     seo_tracker.keyword_engine  inventory built: 55 keywords (25 pages crawled) for slug=ambipower
2026-07-27 11:49:15  INFO     seo_tracker.internal_links  internal-link analysis [ambipower]: 0 orphan, 4 under-linked, 21 over-linked, 26 broken outbound, 25 recs
2026-07-27 11:49:16  INFO     seo_tracker.weak_pages    weak-page findings: 42 (high=0 medium=17 low=25)
2026-07-27 11:49:18  INFO     seo_tracker.keyword_engine  fetching sitemap: https://ambipower.ambimat.com/sitemap.xml
2026-07-27 11:49:19  INFO     seo_tracker.keyword_engine  sitemap returned 25 URLs
2026-07-27 11:49:19  INFO     phone_seo                   -> ambiautomation
2026-07-27 11:49:19  INFO     seo_tracker.keyword_engine  fetching sitemap: https://ambiautomation.ambimat.com/sitemap.xml
2026-07-27 11:49:20  INFO     seo_tracker.keyword_engine  sitemap returned 22 URLs
2026-07-27 11:49:43  INFO     seo_tracker.keyword_engine  inventory built: 71 keywords (22 pages crawled) for slug=ambiautomation
2026-07-27 11:49:43  INFO     seo_tracker.internal_links  internal-link analysis [ambiautomation]: 0 orphan, 0 under-linked, 0 over-linked, 0 broken outbound, 0 recs
2026-07-27 11:49:43  INFO     seo_tracker.weak_pages    weak-page findings: 30 (high=0 medium=9 low=21)
2026-07-27 11:49:44  INFO     seo_tracker.keyword_engine  fetching sitemap: https://ambiautomation.ambimat.com/sitemap.xml
2026-07-27 11:49:44  INFO     seo_tracker.keyword_engine  sitemap returned 22 URLs
2026-07-27 11:49:44  INFO     phone_seo                 cross-domain: topical authority / overlap / opportunities
2026-07-27 11:49:45  INFO     seo_tracker.topic_authority  topic authority: 65 cells, 12 clusters with a strongest domain, 80 isolated pages
2026-07-27 11:49:46  INFO     seo_tracker.domain_overlap  domain-overlap: 0 keyword overlaps, 0 page duplicates
2026-07-27 11:49:46  INFO     seo_tracker.content_opportunities  content opportunities: 29 (HIGH=3 MEDIUM=7 LOW=19)
2026-07-27 11:49:46  INFO     phone_seo                 recommendations
2026-07-27 11:49:46  INFO     seo_tracker.weak_pages    weak-page findings: 248 (high=1 medium=112 low=135)

Phone SEO run complete (crawl-only).
------------------------------------
  json_timestamped /data/data/com.termux/files/home/seo_tracker_reports/report_20260727_114946.json
  md_timestamped   /data/data/com.termux/files/home/seo_tracker_reports/report_20260727_114946.md
  json_latest      /data/data/com.termux/files/home/seo_tracker_reports/report_latest.json
  md_latest        /data/data/com.termux/files/home/seo_tracker_reports/report_latest.md
  html_latest      /data/data/com.termux/files/home/seo_tracker_reports/report_latest.html
===== 2026-07-27 11:49:46 +0530 SEO run end (rc=0) =====
===== 2026-07-28 11:00:01 +0530 SEO run start =====
2026-07-28 11:00:04 +0530 another SEO run holds the lock; skipping
2026-07-28 11:00:04  INFO     phone_seo                 phone crawl-only run: 7 domains
2026-07-28 11:00:04  INFO     phone_seo                   -> ambimat
2026-07-28 11:00:04  INFO     seo_tracker.keyword_engine  fetching sitemap: https://ambimat.com/sitemap.xml
2026-07-28 11:00:05  INFO     seo_tracker.keyword_engine  fetching sitemap: https://ambimat.com/post-sitemap.xml
2026-07-28 11:00:05  INFO     seo_tracker.keyword_engine  sitemap returned 188 URLs
2026-07-28 11:00:05  INFO     seo_tracker.keyword_engine  fetching sitemap: https://ambimat.com/page-sitemap.xml
2026-07-28 11:00:06  INFO     seo_tracker.keyword_engine  sitemap returned 76 URLs
2026-07-28 11:00:06  INFO     seo_tracker.keyword_engine  fetching sitemap: https://ambimat.com/timeline-sitemap.xml
2026-07-28 11:00:06  INFO     seo_tracker.keyword_engine  sitemap returned 27 URLs
2026-07-28 11:00:06  INFO     seo_tracker.keyword_engine  fetching sitemap: https://ambimat.com/case_study-sitemap.xml
2026-07-28 11:00:07  INFO     seo_tracker.keyword_engine  sitemap returned 5 URLs
2026-07-28 11:00:07  INFO     seo_tracker.keyword_engine  fetching sitemap: https://ambimat.com/category-sitemap.xml
2026-07-28 11:00:07  INFO     seo_tracker.keyword_engine  sitemap returned 2 URLs
2026-07-28 11:00:07  INFO     seo_tracker.keyword_engine  fetching sitemap: https://ambimat.com/post_tag-sitemap.xml
2026-07-28 11:00:08  INFO     seo_tracker.keyword_engine  sitemap returned 124 URLs
2026-07-28 11:00:08  INFO     seo_tracker.keyword_engine  fetching sitemap: https://ambimat.com/event-sitemap.xml
2026-07-28 11:00:09  INFO     seo_tracker.keyword_engine  sitemap returned 1 URLs
2026-07-28 11:00:09  INFO     seo_tracker.keyword_engine  fetching sitemap: https://ambimat.com/product_categories-sitemap.xml
2026-07-28 11:00:10  INFO     seo_tracker.keyword_engine  sitemap returned 14 URLs
2026-07-28 11:00:10  INFO     seo_tracker.keyword_engine  sitemap returned 437 URLs
2026-07-28 11:12:55  INFO     seo_tracker.keyword_engine  inventory built: 845 keywords (437 pages crawled) for slug=ambimat
2026-07-28 11:12:56  INFO     seo_tracker.internal_links  internal-link analysis [ambimat]: 12 orphan, 232 under-linked, 55 over-linked, 492 broken outbound, 98 recs
2026-07-28 11:13:01  INFO     seo_tracker.weak_pages    weak-page findings: 1094 (high=30 medium=656 low=408)
2026-07-28 11:13:05  INFO     seo_tracker.keyword_engine  fetching sitemap: https://ambimat.com/sitemap_index.xml
2026-07-28 11:13:06  INFO     seo_tracker.keyword_engine  fetching sitemap: https://ambimat.com/post-sitemap.xml
2026-07-28 11:13:07  INFO     seo_tracker.keyword_engine  sitemap returned 188 URLs
2026-07-28 11:13:07  INFO     seo_tracker.keyword_engine  fetching sitemap: https://ambimat.com/page-sitemap.xml
2026-07-28 11:13:08  INFO     seo_tracker.keyword_engine  sitemap returned 76 URLs
2026-07-28 11:13:08  INFO     seo_tracker.keyword_engine  fetching sitemap: https://ambimat.com/timeline-sitemap.xml
2026-07-28 11:13:09  INFO     seo_tracker.keyword_engine  sitemap returned 27 URLs
2026-07-28 11:13:09  INFO     seo_tracker.keyword_engine  fetching sitemap: https://ambimat.com/case_study-sitemap.xml
2026-07-28 11:13:10  INFO     seo_tracker.keyword_engine  sitemap returned 5 URLs
2026-07-28 11:13:10  INFO     seo_tracker.keyword_engine  fetching sitemap: https://ambimat.com/category-sitemap.xml
2026-07-28 11:13:11  INFO     seo_tracker.keyword_engine  sitemap returned 2 URLs
2026-07-28 11:13:11  INFO     seo_tracker.keyword_engine  fetching sitemap: https://ambimat.com/post_tag-sitemap.xml
2026-07-28 11:13:12  INFO     seo_tracker.keyword_engine  sitemap returned 124 URLs
2026-07-28 11:13:12  INFO     seo_tracker.keyword_engine  fetching sitemap: https://ambimat.com/event-sitemap.xml
2026-07-28 11:13:13  INFO     seo_tracker.keyword_engine  sitemap returned 1 URLs
2026-07-28 11:13:13  INFO     seo_tracker.keyword_engine  fetching sitemap: https://ambimat.com/product_categories-sitemap.xml
2026-07-28 11:13:14  INFO     seo_tracker.keyword_engine  sitemap returned 14 URLs
2026-07-28 11:13:14  INFO     seo_tracker.keyword_engine  sitemap returned 437 URLs
2026-07-28 11:13:14  INFO     seo_tracker.keyword_engine  fetching sitemap: https://ambimat.com/sitemap.xml
2026-07-28 11:13:15  INFO     seo_tracker.keyword_engine  fetching sitemap: https://ambimat.com/post-sitemap.xml
2026-07-28 11:13:16  INFO     seo_tracker.keyword_engine  sitemap returned 188 URLs
2026-07-28 11:13:16  INFO     seo_tracker.keyword_engine  fetching sitemap: https://ambimat.com/page-sitemap.xml
2026-07-28 11:13:16  INFO     seo_tracker.keyword_engine  sitemap returned 76 URLs
2026-07-28 11:13:16  INFO     seo_tracker.keyword_engine  fetching sitemap: https://ambimat.com/timeline-sitemap.xml
2026-07-28 11:13:17  INFO     seo_tracker.keyword_engine  sitemap returned 27 URLs
2026-07-28 11:13:17  INFO     seo_tracker.keyword_engine  fetching sitemap: https://ambimat.com/case_study-sitemap.xml
2026-07-28 11:13:17  INFO     seo_tracker.keyword_engine  sitemap returned 5 URLs
2026-07-28 11:13:17  INFO     seo_tracker.keyword_engine  fetching sitemap: https://ambimat.com/category-sitemap.xml
2026-07-28 11:13:18  INFO     seo_tracker.keyword_engine  sitemap returned 2 URLs
2026-07-28 11:13:18  INFO     seo_tracker.keyword_engine  fetching sitemap: https://ambimat.com/post_tag-sitemap.xml
2026-07-28 11:13:18  INFO     seo_tracker.keyword_engine  sitemap returned 124 URLs
2026-07-28 11:13:18  INFO     seo_tracker.keyword_engine  fetching sitemap: https://ambimat.com/event-sitemap.xml
2026-07-28 11:13:19  INFO     seo_tracker.keyword_engine  sitemap returned 1 URLs
2026-07-28 11:13:19  INFO     seo_tracker.keyword_engine  fetching sitemap: https://ambimat.com/product_categories-sitemap.xml
2026-07-28 11:13:19  INFO     seo_tracker.keyword_engine  sitemap returned 14 URLs
2026-07-28 11:13:19  INFO     seo_tracker.keyword_engine  sitemap returned 437 URLs
2026-07-28 11:13:19  INFO     seo_tracker.keyword_engine  fetching sitemap: https://ambimat.com/wp-sitemap.xml
2026-07-28 11:13:20  INFO     seo_tracker.keyword_engine  fetching sitemap: https://ambimat.com/post-sitemap.xml
2026-07-28 11:13:21  INFO     seo_tracker.keyword_engine  sitemap returned 188 URLs
2026-07-28 11:13:21  INFO     seo_tracker.keyword_engine  fetching sitemap: https://ambimat.com/page-sitemap.xml
2026-07-28 11:13:21  INFO     seo_tracker.keyword_engine  sitemap returned 76 URLs
2026-07-28 11:13:21  INFO     seo_tracker.keyword_engine  fetching sitemap: https://ambimat.com/timeline-sitemap.xml
2026-07-28 11:13:22  INFO     seo_tracker.keyword_engine  sitemap returned 27 URLs
2026-07-28 11:13:22  INFO     seo_tracker.keyword_engine  fetching sitemap: https://ambimat.com/case_study-sitemap.xml
2026-07-28 11:13:22  INFO     seo_tracker.keyword_engine  sitemap returned 5 URLs
2026-07-28 11:13:22  INFO     seo_tracker.keyword_engine  fetching sitemap: https://ambimat.com/category-sitemap.xml
2026-07-28 11:13:23  INFO     seo_tracker.keyword_engine  sitemap returned 2 URLs
2026-07-28 11:13:23  INFO     seo_tracker.keyword_engine  fetching sitemap: https://ambimat.com/post_tag-sitemap.xml
2026-07-28 11:13:23  INFO     seo_tracker.keyword_engine  sitemap returned 124 URLs
2026-07-28 11:13:23  INFO     seo_tracker.keyword_engine  fetching sitemap: https://ambimat.com/event-sitemap.xml
2026-07-28 11:13:24  INFO     seo_tracker.keyword_engine  sitemap returned 1 URLs
2026-07-28 11:13:24  INFO     seo_tracker.keyword_engine  fetching sitemap: https://ambimat.com/product_categories-sitemap.xml
2026-07-28 11:13:25  INFO     seo_tracker.keyword_engine  sitemap returned 14 URLs
2026-07-28 11:13:25  INFO     seo_tracker.keyword_engine  sitemap returned 437 URLs
2026-07-28 11:13:27  INFO     phone_seo                   -> ambisecure
2026-07-28 11:13:27  INFO     seo_tracker.keyword_engine  fetching sitemap: https://ambisecure.ambimat.com/sitemap.xml
2026-07-28 11:13:28  INFO     seo_tracker.keyword_engine  sitemap returned 318 URLs
2026-07-28 11:18:43  INFO     seo_tracker.keyword_engine  inventory built: 957 keywords (318 pages crawled) for slug=ambisecure
2026-07-28 11:18:44  INFO     seo_tracker.internal_links  internal-link analysis [ambisecure]: 1 orphan, 89 under-linked, 59 over-linked, 1 broken outbound, 104 recs
2026-07-28 11:18:47  INFO     seo_tracker.weak_pages    weak-page findings: 673 (high=14 medium=397 low=262)
2026-07-28 11:18:52  INFO     seo_tracker.keyword_engine  fetching sitemap: https://ambisecure.ambimat.com/sitemap.xml
2026-07-28 11:18:52  INFO     seo_tracker.keyword_engine  sitemap returned 318 URLs
2026-07-28 11:18:54  INFO     phone_seo                   -> esim
2026-07-28 11:18:54  INFO     seo_tracker.keyword_engine  fetching sitemap: https://esim.ambimat.com/sitemap.xml
2026-07-28 11:18:54  INFO     seo_tracker.keyword_engine  sitemap returned 33 URLs
2026-07-28 11:19:29  INFO     seo_tracker.keyword_engine  inventory built: 102 keywords (33 pages crawled) for slug=esim
2026-07-28 11:19:29  INFO     seo_tracker.internal_links  internal-link analysis [esim]: 0 orphan, 1 under-linked, 15 over-linked, 33 broken outbound, 15 recs
2026-07-28 11:19:29  INFO     seo_tracker.weak_pages    weak-page findings: 42 (high=1 medium=10 low=31)
2026-07-28 11:19:30  INFO     seo_tracker.keyword_engine  fetching sitemap: https://esim.ambimat.com/sitemap.xml
2026-07-28 11:19:30  INFO     seo_tracker.keyword_engine  sitemap returned 33 URLs
2026-07-28 11:19:31  INFO     phone_seo                   -> ambipower
2026-07-28 11:19:31  INFO     seo_tracker.keyword_engine  fetching sitemap: https://ambipower.ambimat.com/sitemap.xml
2026-07-28 11:19:31  INFO     seo_tracker.keyword_engine  sitemap returned 25 URLs
2026-07-28 11:19:55  INFO     seo_tracker.keyword_engine  inventory built: 55 keywords (25 pages crawled) for slug=ambipower
2026-07-28 11:19:55  INFO     seo_tracker.internal_links  internal-link analysis [ambipower]: 0 orphan, 4 under-linked, 21 over-linked, 26 broken outbound, 25 recs
2026-07-28 11:19:55  INFO     seo_tracker.weak_pages    weak-page findings: 42 (high=0 medium=17 low=25)
2026-07-28 11:19:57  INFO     seo_tracker.keyword_engine  fetching sitemap: https://ambipower.ambimat.com/sitemap.xml
2026-07-28 11:19:57  INFO     seo_tracker.keyword_engine  sitemap returned 25 URLs
2026-07-28 11:19:57  INFO     phone_seo                   -> ambiautomation
2026-07-28 11:19:57  INFO     seo_tracker.keyword_engine  fetching sitemap: https://ambiautomation.ambimat.com/sitemap.xml
2026-07-28 11:19:58  INFO     seo_tracker.keyword_engine  sitemap returned 22 URLs
2026-07-28 11:20:19  INFO     seo_tracker.keyword_engine  inventory built: 71 keywords (22 pages crawled) for slug=ambiautomation
2026-07-28 11:20:19  INFO     seo_tracker.internal_links  internal-link analysis [ambiautomation]: 0 orphan, 0 under-linked, 0 over-linked, 0 broken outbound, 0 recs
2026-07-28 11:20:20  INFO     seo_tracker.weak_pages    weak-page findings: 30 (high=0 medium=9 low=21)
2026-07-28 11:20:21  INFO     seo_tracker.keyword_engine  fetching sitemap: https://ambiautomation.ambimat.com/sitemap.xml
2026-07-28 11:20:21  INFO     seo_tracker.keyword_engine  sitemap returned 22 URLs
2026-07-28 11:20:21  INFO     phone_seo                   -> orders
2026-07-28 11:20:21  INFO     seo_tracker.keyword_engine  fetching sitemap: https://orders.ambimat.com/sitemap.xml
2026-07-28 11:20:22  INFO     seo_tracker.keyword_engine  fetching sitemap: https://orders.ambimat.com/wp-sitemap-posts-post-1.xml
2026-07-28 11:20:23  INFO     seo_tracker.keyword_engine  sitemap returned 1 URLs
2026-07-28 11:20:23  INFO     seo_tracker.keyword_engine  fetching sitemap: https://orders.ambimat.com/wp-sitemap-posts-page-1.xml
2026-07-28 11:20:23  INFO     seo_tracker.keyword_engine  sitemap returned 11 URLs
2026-07-28 11:20:23  INFO     seo_tracker.keyword_engine  fetching sitemap: https://orders.ambimat.com/wp-sitemap-posts-product-1.xml
2026-07-28 11:20:24  INFO     seo_tracker.keyword_engine  sitemap returned 5 URLs
2026-07-28 11:20:24  INFO     seo_tracker.keyword_engine  fetching sitemap: https://orders.ambimat.com/wp-sitemap-posts-elementor-hf-1.xml
2026-07-28 11:20:24  INFO     seo_tracker.keyword_engine  sitemap returned 2 URLs
2026-07-28 11:20:24  INFO     seo_tracker.keyword_engine  fetching sitemap: https://orders.ambimat.com/wp-sitemap-taxonomies-category-1.xml
2026-07-28 11:20:25  INFO     seo_tracker.keyword_engine  sitemap returned 1 URLs
2026-07-28 11:20:25  INFO     seo_tracker.keyword_engine  fetching sitemap: https://orders.ambimat.com/wp-sitemap-taxonomies-product_cat-1.xml
2026-07-28 11:20:25  INFO     seo_tracker.keyword_engine  sitemap returned 2 URLs
2026-07-28 11:20:25  INFO     seo_tracker.keyword_engine  fetching sitemap: https://orders.ambimat.com/wp-sitemap-taxonomies-product_shipping_class-1.xml
2026-07-28 11:20:26  INFO     seo_tracker.keyword_engine  sitemap returned 2 URLs
2026-07-28 11:20:26  INFO     seo_tracker.keyword_engine  fetching sitemap: https://orders.ambimat.com/wp-sitemap-users-1.xml
2026-07-28 11:20:26  INFO     seo_tracker.keyword_engine  sitemap returned 2 URLs
2026-07-28 11:20:26  INFO     seo_tracker.keyword_engine  sitemap returned 26 URLs
2026-07-28 11:21:02  INFO     seo_tracker.keyword_engine  inventory built: 46 keywords (26 pages crawled) for slug=orders
2026-07-28 11:21:03  INFO     seo_tracker.internal_links  internal-link analysis [orders]: 8 orphan, 2 under-linked, 8 over-linked, 45 broken outbound, 8 recs
2026-07-28 11:21:03  INFO     seo_tracker.weak_pages    weak-page findings: 128 (high=24 medium=78 low=26)
2026-07-28 11:21:05  INFO     seo_tracker.keyword_engine  fetching sitemap: https://orders.ambimat.com/sitemap.xml
2026-07-28 11:21:06  INFO     seo_tracker.keyword_engine  fetching sitemap: https://orders.ambimat.com/wp-sitemap-posts-post-1.xml
2026-07-28 11:21:06  INFO     seo_tracker.keyword_engine  sitemap returned 1 URLs
2026-07-28 11:21:06  INFO     seo_tracker.keyword_engine  fetching sitemap: https://orders.ambimat.com/wp-sitemap-posts-page-1.xml
2026-07-28 11:21:07  INFO     seo_tracker.keyword_engine  sitemap returned 11 URLs
2026-07-28 11:21:07  INFO     seo_tracker.keyword_engine  fetching sitemap: https://orders.ambimat.com/wp-sitemap-posts-product-1.xml
2026-07-28 11:21:07  INFO     seo_tracker.keyword_engine  sitemap returned 5 URLs
2026-07-28 11:21:07  INFO     seo_tracker.keyword_engine  fetching sitemap: https://orders.ambimat.com/wp-sitemap-posts-elementor-hf-1.xml
2026-07-28 11:21:08  INFO     seo_tracker.keyword_engine  sitemap returned 2 URLs
2026-07-28 11:21:08  INFO     seo_tracker.keyword_engine  fetching sitemap: https://orders.ambimat.com/wp-sitemap-taxonomies-category-1.xml
2026-07-28 11:21:08  INFO     seo_tracker.keyword_engine  sitemap returned 1 URLs
2026-07-28 11:21:08  INFO     seo_tracker.keyword_engine  fetching sitemap: https://orders.ambimat.com/wp-sitemap-taxonomies-product_cat-1.xml
2026-07-28 11:21:09  INFO     seo_tracker.keyword_engine  sitemap returned 2 URLs
2026-07-28 11:21:09  INFO     seo_tracker.keyword_engine  fetching sitemap: https://orders.ambimat.com/wp-sitemap-taxonomies-product_shipping_class-1.xml
2026-07-28 11:21:09  INFO     seo_tracker.keyword_engine  sitemap returned 2 URLs
2026-07-28 11:21:09  INFO     seo_tracker.keyword_engine  fetching sitemap: https://orders.ambimat.com/wp-sitemap-users-1.xml
2026-07-28 11:21:10  INFO     seo_tracker.keyword_engine  sitemap returned 2 URLs
2026-07-28 11:21:10  INFO     seo_tracker.keyword_engine  sitemap returned 26 URLs
2026-07-28 11:21:10  INFO     seo_tracker.keyword_engine  fetching sitemap: https://orders.ambimat.com/wp-sitemap.xml
2026-07-28 11:21:10  INFO     seo_tracker.keyword_engine  fetching sitemap: https://orders.ambimat.com/wp-sitemap-posts-post-1.xml
2026-07-28 11:21:11  INFO     seo_tracker.keyword_engine  sitemap returned 1 URLs
2026-07-28 11:21:11  INFO     seo_tracker.keyword_engine  fetching sitemap: https://orders.ambimat.com/wp-sitemap-posts-page-1.xml
2026-07-28 11:21:12  INFO     seo_tracker.keyword_engine  sitemap returned 11 URLs
2026-07-28 11:21:12  INFO     seo_tracker.keyword_engine  fetching sitemap: https://orders.ambimat.com/wp-sitemap-posts-product-1.xml
2026-07-28 11:21:12  INFO     seo_tracker.keyword_engine  sitemap returned 5 URLs
2026-07-28 11:21:12  INFO     seo_tracker.keyword_engine  fetching sitemap: https://orders.ambimat.com/wp-sitemap-posts-elementor-hf-1.xml
2026-07-28 11:21:13  INFO     seo_tracker.keyword_engine  sitemap returned 2 URLs
2026-07-28 11:21:13  INFO     seo_tracker.keyword_engine  fetching sitemap: https://orders.ambimat.com/wp-sitemap-taxonomies-category-1.xml
2026-07-28 11:21:14  INFO     seo_tracker.keyword_engine  sitemap returned 1 URLs
2026-07-28 11:21:14  INFO     seo_tracker.keyword_engine  fetching sitemap: https://orders.ambimat.com/wp-sitemap-taxonomies-product_cat-1.xml
2026-07-28 11:21:14  INFO     seo_tracker.keyword_engine  sitemap returned 2 URLs
2026-07-28 11:21:14  INFO     seo_tracker.keyword_engine  fetching sitemap: https://orders.ambimat.com/wp-sitemap-taxonomies-product_shipping_class-1.xml
2026-07-28 11:21:15  INFO     seo_tracker.keyword_engine  sitemap returned 2 URLs
2026-07-28 11:21:15  INFO     seo_tracker.keyword_engine  fetching sitemap: https://orders.ambimat.com/wp-sitemap-users-1.xml
2026-07-28 11:21:15  INFO     seo_tracker.keyword_engine  sitemap returned 2 URLs
2026-07-28 11:21:15  INFO     seo_tracker.keyword_engine  sitemap returned 26 URLs
2026-07-28 11:21:15  INFO     phone_seo                   -> roboracer
2026-07-28 11:21:15  INFO     seo_tracker.keyword_engine  fetching sitemap: https://roboracer.ambimat.com/sitemap.xml
2026-07-28 11:21:17  INFO     seo_tracker.keyword_engine  sitemap returned 3 URLs
2026-07-28 11:21:20  INFO     seo_tracker.keyword_engine  inventory built: 13 keywords (3 pages crawled) for slug=roboracer
2026-07-28 11:21:20  INFO     seo_tracker.internal_links  internal-link analysis [roboracer]: 0 orphan, 0 under-linked, 0 over-linked, 2 broken outbound, 0 recs
2026-07-28 11:21:20  INFO     seo_tracker.weak_pages    weak-page findings: 7 (high=0 medium=4 low=3)
2026-07-28 11:21:21  INFO     seo_tracker.keyword_engine  fetching sitemap: https://roboracer.ambimat.com/sitemap.xml
2026-07-28 11:21:22  INFO     seo_tracker.keyword_engine  sitemap returned 3 URLs
2026-07-28 11:21:22  INFO     phone_seo                 cross-domain: topical authority / overlap / opportunities
2026-07-28 11:21:26  INFO     seo_tracker.topic_authority  topic authority: 91 cells, 12 clusters with a strongest domain, 519 isolated pages
2026-07-28 11:21:40  INFO     seo_tracker.domain_overlap  domain-overlap: 0 keyword overlaps, 4 page duplicates
2026-07-28 11:21:40  INFO     seo_tracker.content_opportunities  content opportunities: 31 (HIGH=2 MEDIUM=10 LOW=19)
2026-07-28 11:21:40  INFO     phone_seo                 recommendations
2026-07-28 11:21:48  INFO     seo_tracker.weak_pages    weak-page findings: 2016 (high=69 medium=1171 low=776)

Phone SEO run complete (crawl-only).
------------------------------------
  json_timestamped /data/data/com.termux/files/home/seo_tracker_reports/report_20260728_112148.json
  md_timestamped   /data/data/com.termux/files/home/seo_tracker_reports/report_20260728_112148.md
  json_latest      /data/data/com.termux/files/home/seo_tracker_reports/report_latest.json
  md_latest        /data/data/com.termux/files/home/seo_tracker_reports/report_latest.md
  html_latest      /data/data/com.termux/files/home/seo_tracker_reports/report_latest.html
===== 2026-07-28 11:21:49 +0530 SEO run end (rc=0) =====
===== 2026-07-29 11:00:01 +0530 SEO run start =====
2026-07-29 11:00:03 +0530 another SEO run holds the lock; skipping
2026-07-29 11:00:03  INFO     phone_seo                 phone crawl-only run: 7 domains
2026-07-29 11:00:03  INFO     phone_seo                   -> ambimat
2026-07-29 11:00:03  INFO     seo_tracker.keyword_engine  fetching sitemap: https://ambimat.com/sitemap.xml
2026-07-29 11:00:05  INFO     seo_tracker.keyword_engine  fetching sitemap: https://ambimat.com/post-sitemap.xml
2026-07-29 11:00:05  INFO     seo_tracker.keyword_engine  sitemap returned 188 URLs
2026-07-29 11:00:05  INFO     seo_tracker.keyword_engine  fetching sitemap: https://ambimat.com/page-sitemap.xml
2026-07-29 11:00:06  INFO     seo_tracker.keyword_engine  sitemap returned 76 URLs
2026-07-29 11:00:06  INFO     seo_tracker.keyword_engine  fetching sitemap: https://ambimat.com/timeline-sitemap.xml
2026-07-29 11:00:06  INFO     seo_tracker.keyword_engine  sitemap returned 27 URLs
2026-07-29 11:00:06  INFO     seo_tracker.keyword_engine  fetching sitemap: https://ambimat.com/case_study-sitemap.xml
2026-07-29 11:00:07  INFO     seo_tracker.keyword_engine  sitemap returned 5 URLs
2026-07-29 11:00:07  INFO     seo_tracker.keyword_engine  fetching sitemap: https://ambimat.com/category-sitemap.xml
2026-07-29 11:00:07  INFO     seo_tracker.keyword_engine  sitemap returned 2 URLs
2026-07-29 11:00:07  INFO     seo_tracker.keyword_engine  fetching sitemap: https://ambimat.com/post_tag-sitemap.xml
2026-07-29 11:00:08  INFO     seo_tracker.keyword_engine  sitemap returned 124 URLs
2026-07-29 11:00:08  INFO     seo_tracker.keyword_engine  fetching sitemap: https://ambimat.com/event-sitemap.xml
2026-07-29 11:00:08  INFO     seo_tracker.keyword_engine  sitemap returned 1 URLs
2026-07-29 11:00:08  INFO     seo_tracker.keyword_engine  fetching sitemap: https://ambimat.com/product_categories-sitemap.xml
2026-07-29 11:00:09  INFO     seo_tracker.keyword_engine  sitemap returned 14 URLs
2026-07-29 11:00:09  INFO     seo_tracker.keyword_engine  sitemap returned 437 URLs
2026-07-29 11:12:56  INFO     seo_tracker.keyword_engine  inventory built: 845 keywords (437 pages crawled) for slug=ambimat
2026-07-29 11:12:58  INFO     seo_tracker.internal_links  internal-link analysis [ambimat]: 12 orphan, 232 under-linked, 55 over-linked, 492 broken outbound, 98 recs
2026-07-29 11:13:03  INFO     seo_tracker.weak_pages    weak-page findings: 1094 (high=30 medium=656 low=408)
2026-07-29 11:13:07  INFO     seo_tracker.keyword_engine  fetching sitemap: https://ambimat.com/sitemap_index.xml
2026-07-29 11:13:07  INFO     seo_tracker.keyword_engine  fetching sitemap: https://ambimat.com/post-sitemap.xml
2026-07-29 11:13:08  INFO     seo_tracker.keyword_engine  sitemap returned 188 URLs
2026-07-29 11:13:08  INFO     seo_tracker.keyword_engine  fetching sitemap: https://ambimat.com/page-sitemap.xml
2026-07-29 11:13:08  INFO     seo_tracker.keyword_engine  sitemap returned 76 URLs
2026-07-29 11:13:08  INFO     seo_tracker.keyword_engine  fetching sitemap: https://ambimat.com/timeline-sitemap.xml
2026-07-29 11:13:09  INFO     seo_tracker.keyword_engine  sitemap returned 27 URLs
2026-07-29 11:13:09  INFO     seo_tracker.keyword_engine  fetching sitemap: https://ambimat.com/case_study-sitemap.xml
2026-07-29 11:13:10  INFO     seo_tracker.keyword_engine  sitemap returned 5 URLs
2026-07-29 11:13:10  INFO     seo_tracker.keyword_engine  fetching sitemap: https://ambimat.com/category-sitemap.xml
2026-07-29 11:13:11  INFO     seo_tracker.keyword_engine  sitemap returned 2 URLs
2026-07-29 11:13:11  INFO     seo_tracker.keyword_engine  fetching sitemap: https://ambimat.com/post_tag-sitemap.xml
2026-07-29 11:13:11  INFO     seo_tracker.keyword_engine  sitemap returned 124 URLs
2026-07-29 11:13:11  INFO     seo_tracker.keyword_engine  fetching sitemap: https://ambimat.com/event-sitemap.xml
2026-07-29 11:13:12  INFO     seo_tracker.keyword_engine  sitemap returned 1 URLs
2026-07-29 11:13:12  INFO     seo_tracker.keyword_engine  fetching sitemap: https://ambimat.com/product_categories-sitemap.xml
2026-07-29 11:13:13  INFO     seo_tracker.keyword_engine  sitemap returned 14 URLs
2026-07-29 11:13:13  INFO     seo_tracker.keyword_engine  sitemap returned 437 URLs
2026-07-29 11:13:13  INFO     seo_tracker.keyword_engine  fetching sitemap: https://ambimat.com/sitemap.xml
2026-07-29 11:13:15  INFO     seo_tracker.keyword_engine  fetching sitemap: https://ambimat.com/post-sitemap.xml
2026-07-29 11:13:15  INFO     seo_tracker.keyword_engine  sitemap returned 188 URLs
2026-07-29 11:13:15  INFO     seo_tracker.keyword_engine  fetching sitemap: https://ambimat.com/page-sitemap.xml
2026-07-29 11:13:16  INFO     seo_tracker.keyword_engine  sitemap returned 76 URLs
2026-07-29 11:13:16  INFO     seo_tracker.keyword_engine  fetching sitemap: https://ambimat.com/timeline-sitemap.xml
2026-07-29 11:13:16  INFO     seo_tracker.keyword_engine  sitemap returned 27 URLs
2026-07-29 11:13:16  INFO     seo_tracker.keyword_engine  fetching sitemap: https://ambimat.com/case_study-sitemap.xml
2026-07-29 11:13:17  INFO     seo_tracker.keyword_engine  sitemap returned 5 URLs
2026-07-29 11:13:17  INFO     seo_tracker.keyword_engine  fetching sitemap: https://ambimat.com/category-sitemap.xml
2026-07-29 11:13:17  INFO     seo_tracker.keyword_engine  sitemap returned 2 URLs
2026-07-29 11:13:17  INFO     seo_tracker.keyword_engine  fetching sitemap: https://ambimat.com/post_tag-sitemap.xml
2026-07-29 11:13:18  INFO     seo_tracker.keyword_engine  sitemap returned 124 URLs
2026-07-29 11:13:18  INFO     seo_tracker.keyword_engine  fetching sitemap: https://ambimat.com/event-sitemap.xml
2026-07-29 11:13:18  INFO     seo_tracker.keyword_engine  sitemap returned 1 URLs
2026-07-29 11:13:18  INFO     seo_tracker.keyword_engine  fetching sitemap: https://ambimat.com/product_categories-sitemap.xml
2026-07-29 11:13:19  INFO     seo_tracker.keyword_engine  sitemap returned 14 URLs
2026-07-29 11:13:19  INFO     seo_tracker.keyword_engine  sitemap returned 437 URLs
2026-07-29 11:13:19  INFO     seo_tracker.keyword_engine  fetching sitemap: https://ambimat.com/wp-sitemap.xml
2026-07-29 11:13:20  INFO     seo_tracker.keyword_engine  fetching sitemap: https://ambimat.com/post-sitemap.xml
2026-07-29 11:13:20  INFO     seo_tracker.keyword_engine  sitemap returned 188 URLs
2026-07-29 11:13:20  INFO     seo_tracker.keyword_engine  fetching sitemap: https://ambimat.com/page-sitemap.xml
2026-07-29 11:13:21  INFO     seo_tracker.keyword_engine  sitemap returned 76 URLs
2026-07-29 11:13:21  INFO     seo_tracker.keyword_engine  fetching sitemap: https://ambimat.com/timeline-sitemap.xml
2026-07-29 11:13:21  INFO     seo_tracker.keyword_engine  sitemap returned 27 URLs
2026-07-29 11:13:21  INFO     seo_tracker.keyword_engine  fetching sitemap: https://ambimat.com/case_study-sitemap.xml
2026-07-29 11:13:22  INFO     seo_tracker.keyword_engine  sitemap returned 5 URLs
2026-07-29 11:13:22  INFO     seo_tracker.keyword_engine  fetching sitemap: https://ambimat.com/category-sitemap.xml
2026-07-29 11:13:22  INFO     seo_tracker.keyword_engine  sitemap returned 2 URLs
2026-07-29 11:13:22  INFO     seo_tracker.keyword_engine  fetching sitemap: https://ambimat.com/post_tag-sitemap.xml
2026-07-29 11:13:23  INFO     seo_tracker.keyword_engine  sitemap returned 124 URLs
2026-07-29 11:13:23  INFO     seo_tracker.keyword_engine  fetching sitemap: https://ambimat.com/event-sitemap.xml
2026-07-29 11:13:23  INFO     seo_tracker.keyword_engine  sitemap returned 1 URLs
2026-07-29 11:13:23  INFO     seo_tracker.keyword_engine  fetching sitemap: https://ambimat.com/product_categories-sitemap.xml
2026-07-29 11:13:24  INFO     seo_tracker.keyword_engine  sitemap returned 14 URLs
2026-07-29 11:13:24  INFO     seo_tracker.keyword_engine  sitemap returned 437 URLs
2026-07-29 11:13:26  INFO     phone_seo                   -> ambisecure
2026-07-29 11:13:26  INFO     seo_tracker.keyword_engine  fetching sitemap: https://ambisecure.ambimat.com/sitemap.xml
2026-07-29 11:13:26  INFO     seo_tracker.keyword_engine  sitemap returned 317 URLs
2026-07-29 11:18:44  INFO     seo_tracker.keyword_engine  inventory built: 956 keywords (317 pages crawled) for slug=ambisecure
2026-07-29 11:18:45  INFO     seo_tracker.internal_links  internal-link analysis [ambisecure]: 0 orphan, 74 under-linked, 59 over-linked, 1 broken outbound, 97 recs
2026-07-29 11:18:48  INFO     seo_tracker.weak_pages    weak-page findings: 569 (high=6 medium=302 low=261)
2026-07-29 11:18:49  INFO     seo_tracker.keyword_engine  fetching sitemap: https://ambisecure.ambimat.com/sitemap.xml
2026-07-29 11:18:50  INFO     seo_tracker.keyword_engine  sitemap returned 317 URLs
2026-07-29 11:18:51  INFO     phone_seo                   -> esim
2026-07-29 11:18:51  INFO     seo_tracker.keyword_engine  fetching sitemap: https://esim.ambimat.com/sitemap.xml
2026-07-29 11:18:52  INFO     seo_tracker.keyword_engine  sitemap returned 33 URLs
2026-07-29 11:19:25  INFO     seo_tracker.keyword_engine  inventory built: 102 keywords (33 pages crawled) for slug=esim
2026-07-29 11:19:25  INFO     seo_tracker.internal_links  internal-link analysis [esim]: 0 orphan, 0 under-linked, 15 over-linked, 33 broken outbound, 15 recs
2026-07-29 11:19:25  INFO     seo_tracker.weak_pages    weak-page findings: 33 (high=0 medium=2 low=31)
2026-07-29 11:19:28  INFO     seo_tracker.keyword_engine  fetching sitemap: https://esim.ambimat.com/sitemap.xml
2026-07-29 11:19:28  INFO     seo_tracker.keyword_engine  sitemap returned 33 URLs
2026-07-29 11:19:28  INFO     phone_seo                   -> ambipower
2026-07-29 11:19:28  INFO     seo_tracker.keyword_engine  fetching sitemap: https://ambipower.ambimat.com/sitemap.xml
2026-07-29 11:19:28  INFO     seo_tracker.keyword_engine  sitemap returned 25 URLs
2026-07-29 11:19:52  INFO     seo_tracker.keyword_engine  inventory built: 55 keywords (25 pages crawled) for slug=ambipower
2026-07-29 11:19:52  INFO     seo_tracker.internal_links  internal-link analysis [ambipower]: 0 orphan, 0 under-linked, 21 over-linked, 26 broken outbound, 21 recs
2026-07-29 11:19:52  INFO     seo_tracker.weak_pages    weak-page findings: 37 (high=0 medium=12 low=25)
2026-07-29 11:19:53  INFO     seo_tracker.keyword_engine  fetching sitemap: https://ambipower.ambimat.com/sitemap.xml
2026-07-29 11:19:53  INFO     seo_tracker.keyword_engine  sitemap returned 25 URLs
2026-07-29 11:19:54  INFO     phone_seo                   -> ambiautomation
2026-07-29 11:19:54  INFO     seo_tracker.keyword_engine  fetching sitemap: https://ambiautomation.ambimat.com/sitemap.xml
2026-07-29 11:19:54  INFO     seo_tracker.keyword_engine  sitemap returned 22 URLs
2026-07-29 11:20:16  INFO     seo_tracker.keyword_engine  inventory built: 72 keywords (22 pages crawled) for slug=ambiautomation
2026-07-29 11:20:16  INFO     seo_tracker.internal_links  internal-link analysis [ambiautomation]: 0 orphan, 0 under-linked, 0 over-linked, 0 broken outbound, 0 recs
2026-07-29 11:20:16  INFO     seo_tracker.weak_pages    weak-page findings: 24 (high=0 medium=3 low=21)
2026-07-29 11:20:19  INFO     seo_tracker.keyword_engine  fetching sitemap: https://ambiautomation.ambimat.com/sitemap.xml
2026-07-29 11:20:19  INFO     seo_tracker.keyword_engine  sitemap returned 22 URLs
2026-07-29 11:20:19  INFO     phone_seo                   -> orders
2026-07-29 11:20:19  INFO     seo_tracker.keyword_engine  fetching sitemap: https://orders.ambimat.com/sitemap.xml
2026-07-29 11:20:20  INFO     seo_tracker.keyword_engine  fetching sitemap: https://orders.ambimat.com/wp-sitemap-posts-page-1.xml
2026-07-29 11:20:21  INFO     seo_tracker.keyword_engine  sitemap returned 11 URLs
2026-07-29 11:20:21  INFO     seo_tracker.keyword_engine  fetching sitemap: https://orders.ambimat.com/wp-sitemap-posts-product-1.xml
2026-07-29 11:20:21  INFO     seo_tracker.keyword_engine  sitemap returned 5 URLs
2026-07-29 11:20:21  INFO     seo_tracker.keyword_engine  fetching sitemap: https://orders.ambimat.com/wp-sitemap-posts-elementor-hf-1.xml
2026-07-29 11:20:22  INFO     seo_tracker.keyword_engine  sitemap returned 2 URLs
2026-07-29 11:20:22  INFO     seo_tracker.keyword_engine  fetching sitemap: https://orders.ambimat.com/wp-sitemap-taxonomies-product_cat-1.xml
2026-07-29 11:20:22  INFO     seo_tracker.keyword_engine  sitemap returned 2 URLs
2026-07-29 11:20:22  INFO     seo_tracker.keyword_engine  fetching sitemap: https://orders.ambimat.com/wp-sitemap-taxonomies-product_shipping_class-1.xml
2026-07-29 11:20:23  INFO     seo_tracker.keyword_engine  sitemap returned 2 URLs
2026-07-29 11:20:23  INFO     seo_tracker.keyword_engine  fetching sitemap: https://orders.ambimat.com/wp-sitemap-users-1.xml
2026-07-29 11:20:23  INFO     seo_tracker.keyword_engine  sitemap returned 2 URLs
2026-07-29 11:20:23  INFO     seo_tracker.keyword_engine  sitemap returned 24 URLs
2026-07-29 11:20:54  INFO     seo_tracker.keyword_engine  inventory built: 47 keywords (24 pages crawled) for slug=orders
2026-07-29 11:20:54  INFO     seo_tracker.internal_links  internal-link analysis [orders]: 9 orphan, 1 under-linked, 0 over-linked, 43 broken outbound, 0 recs
2026-07-29 11:20:54  INFO     seo_tracker.weak_pages    weak-page findings: 114 (high=15 medium=75 low=24)
2026-07-29 11:20:57  INFO     seo_tracker.keyword_engine  fetching sitemap: https://orders.ambimat.com/sitemap.xml
2026-07-29 11:20:57  INFO     seo_tracker.keyword_engine  fetching sitemap: https://orders.ambimat.com/wp-sitemap-posts-page-1.xml
2026-07-29 11:20:58  INFO     seo_tracker.keyword_engine  sitemap returned 11 URLs
2026-07-29 11:20:58  INFO     seo_tracker.keyword_engine  fetching sitemap: https://orders.ambimat.com/wp-sitemap-posts-product-1.xml
2026-07-29 11:20:58  INFO     seo_tracker.keyword_engine  sitemap returned 5 URLs
2026-07-29 11:20:58  INFO     seo_tracker.keyword_engine  fetching sitemap: https://orders.ambimat.com/wp-sitemap-posts-elementor-hf-1.xml
2026-07-29 11:20:59  INFO     seo_tracker.keyword_engine  sitemap returned 2 URLs
2026-07-29 11:20:59  INFO     seo_tracker.keyword_engine  fetching sitemap: https://orders.ambimat.com/wp-sitemap-taxonomies-product_cat-1.xml
2026-07-29 11:20:59  INFO     seo_tracker.keyword_engine  sitemap returned 2 URLs
2026-07-29 11:20:59  INFO     seo_tracker.keyword_engine  fetching sitemap: https://orders.ambimat.com/wp-sitemap-taxonomies-product_shipping_class-1.xml
2026-07-29 11:21:00  INFO     seo_tracker.keyword_engine  sitemap returned 2 URLs
2026-07-29 11:21:00  INFO     seo_tracker.keyword_engine  fetching sitemap: https://orders.ambimat.com/wp-sitemap-users-1.xml
2026-07-29 11:21:00  INFO     seo_tracker.keyword_engine  sitemap returned 2 URLs
2026-07-29 11:21:00  INFO     seo_tracker.keyword_engine  sitemap returned 24 URLs
2026-07-29 11:21:00  INFO     seo_tracker.keyword_engine  fetching sitemap: https://orders.ambimat.com/wp-sitemap.xml
2026-07-29 11:21:01  INFO     seo_tracker.keyword_engine  fetching sitemap: https://orders.ambimat.com/wp-sitemap-posts-page-1.xml
2026-07-29 11:21:01  INFO     seo_tracker.keyword_engine  sitemap returned 11 URLs
2026-07-29 11:21:01  INFO     seo_tracker.keyword_engine  fetching sitemap: https://orders.ambimat.com/wp-sitemap-posts-product-1.xml
2026-07-29 11:21:02  INFO     seo_tracker.keyword_engine  sitemap returned 5 URLs
2026-07-29 11:21:02  INFO     seo_tracker.keyword_engine  fetching sitemap: https://orders.ambimat.com/wp-sitemap-posts-elementor-hf-1.xml
2026-07-29 11:21:02  INFO     seo_tracker.keyword_engine  sitemap returned 2 URLs
2026-07-29 11:21:02  INFO     seo_tracker.keyword_engine  fetching sitemap: https://orders.ambimat.com/wp-sitemap-taxonomies-product_cat-1.xml
2026-07-29 11:21:03  INFO     seo_tracker.keyword_engine  sitemap returned 2 URLs
2026-07-29 11:21:03  INFO     seo_tracker.keyword_engine  fetching sitemap: https://orders.ambimat.com/wp-sitemap-taxonomies-product_shipping_class-1.xml
2026-07-29 11:21:03  INFO     seo_tracker.keyword_engine  sitemap returned 2 URLs
2026-07-29 11:21:03  INFO     seo_tracker.keyword_engine  fetching sitemap: https://orders.ambimat.com/wp-sitemap-users-1.xml
2026-07-29 11:21:04  INFO     seo_tracker.keyword_engine  sitemap returned 2 URLs
2026-07-29 11:21:04  INFO     seo_tracker.keyword_engine  sitemap returned 24 URLs
2026-07-29 11:21:04  INFO     phone_seo                   -> roboracer
2026-07-29 11:21:04  INFO     seo_tracker.keyword_engine  fetching sitemap: https://roboracer.ambimat.com/sitemap.xml
2026-07-29 11:21:04  INFO     seo_tracker.keyword_engine  sitemap returned 3 URLs
2026-07-29 11:21:07  INFO     seo_tracker.keyword_engine  inventory built: 13 keywords (3 pages crawled) for slug=roboracer
2026-07-29 11:21:07  INFO     seo_tracker.internal_links  internal-link analysis [roboracer]: 0 orphan, 0 under-linked, 0 over-linked, 2 broken outbound, 0 recs
2026-07-29 11:21:07  INFO     seo_tracker.weak_pages    weak-page findings: 7 (high=0 medium=4 low=3)
2026-07-29 11:21:09  INFO     seo_tracker.keyword_engine  fetching sitemap: https://roboracer.ambimat.com/sitemap.xml
2026-07-29 11:21:09  INFO     seo_tracker.keyword_engine  sitemap returned 3 URLs
2026-07-29 11:21:09  INFO     phone_seo                 cross-domain: topical authority / overlap / opportunities
2026-07-29 11:21:13  INFO     seo_tracker.topic_authority  topic authority: 91 cells, 12 clusters with a strongest domain, 517 isolated pages
2026-07-29 11:21:27  INFO     seo_tracker.domain_overlap  domain-overlap: 0 keyword overlaps, 4 page duplicates
2026-07-29 11:21:27  INFO     seo_tracker.content_opportunities  content opportunities: 31 (HIGH=2 MEDIUM=10 LOW=19)
2026-07-29 11:21:27  INFO     phone_seo                 recommendations
2026-07-29 11:21:35  INFO     seo_tracker.weak_pages    weak-page findings: 1878 (high=51 medium=1054 low=773)

Phone SEO run complete (crawl-only).
------------------------------------
  json_timestamped /data/data/com.termux/files/home/seo_tracker_reports/report_20260729_112135.json
  md_timestamped   /data/data/com.termux/files/home/seo_tracker_reports/report_20260729_112135.md
  json_latest      /data/data/com.termux/files/home/seo_tracker_reports/report_latest.json
  md_latest        /data/data/com.termux/files/home/seo_tracker_reports/report_latest.md
  html_latest      /data/data/com.termux/files/home/seo_tracker_reports/report_latest.html
===== 2026-07-29 11:21:35 +0530 SEO run end (rc=0) =====
===== 2026-07-30 11:00:01 +0530 SEO run start =====
2026-07-30 11:00:03  INFO     phone_seo                 phone crawl-only run: 7 domains
2026-07-30 11:00:03  INFO     phone_seo                   -> ambimat
2026-07-30 11:00:03  INFO     seo_tracker.keyword_engine  fetching sitemap: https://ambimat.com/sitemap.xml
2026-07-30 11:00:03 +0530 another SEO run holds the lock; skipping
2026-07-30 11:00:06  INFO     seo_tracker.keyword_engine  fetching sitemap: https://ambimat.com/post-sitemap.xml
2026-07-30 11:00:08  INFO     seo_tracker.keyword_engine  sitemap returned 188 URLs
2026-07-30 11:00:08  INFO     seo_tracker.keyword_engine  fetching sitemap: https://ambimat.com/page-sitemap.xml
2026-07-30 11:00:09  INFO     seo_tracker.keyword_engine  sitemap returned 76 URLs
2026-07-30 11:00:09  INFO     seo_tracker.keyword_engine  fetching sitemap: https://ambimat.com/timeline-sitemap.xml
2026-07-30 11:00:10  INFO     seo_tracker.keyword_engine  sitemap returned 27 URLs
2026-07-30 11:00:10  INFO     seo_tracker.keyword_engine  fetching sitemap: https://ambimat.com/case_study-sitemap.xml
2026-07-30 11:00:11  INFO     seo_tracker.keyword_engine  sitemap returned 5 URLs
2026-07-30 11:00:11  INFO     seo_tracker.keyword_engine  fetching sitemap: https://ambimat.com/category-sitemap.xml
2026-07-30 11:00:11  INFO     seo_tracker.keyword_engine  sitemap returned 2 URLs
2026-07-30 11:00:11  INFO     seo_tracker.keyword_engine  fetching sitemap: https://ambimat.com/post_tag-sitemap.xml
2026-07-30 11:00:12  INFO     seo_tracker.keyword_engine  sitemap returned 124 URLs
2026-07-30 11:00:12  INFO     seo_tracker.keyword_engine  fetching sitemap: https://ambimat.com/event-sitemap.xml
2026-07-30 11:00:13  INFO     seo_tracker.keyword_engine  sitemap returned 1 URLs
2026-07-30 11:00:13  INFO     seo_tracker.keyword_engine  fetching sitemap: https://ambimat.com/product_categories-sitemap.xml
2026-07-30 11:00:14  INFO     seo_tracker.keyword_engine  sitemap returned 14 URLs
2026-07-30 11:00:14  INFO     seo_tracker.keyword_engine  sitemap returned 437 URLs
2026-07-30 11:13:27  INFO     seo_tracker.keyword_engine  inventory built: 845 keywords (437 pages crawled) for slug=ambimat
2026-07-30 11:13:29  INFO     seo_tracker.internal_links  internal-link analysis [ambimat]: 12 orphan, 232 under-linked, 55 over-linked, 492 broken outbound, 98 recs
2026-07-30 11:13:33  INFO     seo_tracker.weak_pages    weak-page findings: 1094 (high=30 medium=656 low=408)
2026-07-30 11:13:37  INFO     seo_tracker.keyword_engine  fetching sitemap: https://ambimat.com/sitemap_index.xml
2026-07-30 11:13:37  INFO     seo_tracker.keyword_engine  fetching sitemap: https://ambimat.com/post-sitemap.xml
2026-07-30 11:13:38  INFO     seo_tracker.keyword_engine  sitemap returned 188 URLs
2026-07-30 11:13:38  INFO     seo_tracker.keyword_engine  fetching sitemap: https://ambimat.com/page-sitemap.xml
2026-07-30 11:13:38  INFO     seo_tracker.keyword_engine  sitemap returned 76 URLs
2026-07-30 11:13:38  INFO     seo_tracker.keyword_engine  fetching sitemap: https://ambimat.com/timeline-sitemap.xml
2026-07-30 11:13:39  INFO     seo_tracker.keyword_engine  sitemap returned 27 URLs
2026-07-30 11:13:39  INFO     seo_tracker.keyword_engine  fetching sitemap: https://ambimat.com/case_study-sitemap.xml
2026-07-30 11:13:39  INFO     seo_tracker.keyword_engine  sitemap returned 5 URLs
2026-07-30 11:13:39  INFO     seo_tracker.keyword_engine  fetching sitemap: https://ambimat.com/category-sitemap.xml
2026-07-30 11:13:40  INFO     seo_tracker.keyword_engine  sitemap returned 2 URLs
2026-07-30 11:13:40  INFO     seo_tracker.keyword_engine  fetching sitemap: https://ambimat.com/post_tag-sitemap.xml
2026-07-30 11:13:40  INFO     seo_tracker.keyword_engine  sitemap returned 124 URLs
2026-07-30 11:13:40  INFO     seo_tracker.keyword_engine  fetching sitemap: https://ambimat.com/event-sitemap.xml
2026-07-30 11:13:41  INFO     seo_tracker.keyword_engine  sitemap returned 1 URLs
2026-07-30 11:13:41  INFO     seo_tracker.keyword_engine  fetching sitemap: https://ambimat.com/product_categories-sitemap.xml
2026-07-30 11:13:41  INFO     seo_tracker.keyword_engine  sitemap returned 14 URLs
2026-07-30 11:13:41  INFO     seo_tracker.keyword_engine  sitemap returned 437 URLs
2026-07-30 11:13:41  INFO     seo_tracker.keyword_engine  fetching sitemap: https://ambimat.com/sitemap.xml
2026-07-30 11:13:43  INFO     seo_tracker.keyword_engine  fetching sitemap: https://ambimat.com/post-sitemap.xml
2026-07-30 11:13:43  INFO     seo_tracker.keyword_engine  sitemap returned 188 URLs
2026-07-30 11:13:43  INFO     seo_tracker.keyword_engine  fetching sitemap: https://ambimat.com/page-sitemap.xml
2026-07-30 11:13:44  INFO     seo_tracker.keyword_engine  sitemap returned 76 URLs
2026-07-30 11:13:44  INFO     seo_tracker.keyword_engine  fetching sitemap: https://ambimat.com/timeline-sitemap.xml
2026-07-30 11:13:45  INFO     seo_tracker.keyword_engine  sitemap returned 27 URLs
2026-07-30 11:13:45  INFO     seo_tracker.keyword_engine  fetching sitemap: https://ambimat.com/case_study-sitemap.xml
2026-07-30 11:13:46  INFO     seo_tracker.keyword_engine  sitemap returned 5 URLs
2026-07-30 11:13:46  INFO     seo_tracker.keyword_engine  fetching sitemap: https://ambimat.com/category-sitemap.xml
2026-07-30 11:13:47  INFO     seo_tracker.keyword_engine  sitemap returned 2 URLs
2026-07-30 11:13:47  INFO     seo_tracker.keyword_engine  fetching sitemap: https://ambimat.com/post_tag-sitemap.xml
2026-07-30 11:13:47  INFO     seo_tracker.keyword_engine  sitemap returned 124 URLs
2026-07-30 11:13:47  INFO     seo_tracker.keyword_engine  fetching sitemap: https://ambimat.com/event-sitemap.xml
2026-07-30 11:13:50  INFO     seo_tracker.keyword_engine  sitemap returned 1 URLs
2026-07-30 11:13:50  INFO     seo_tracker.keyword_engine  fetching sitemap: https://ambimat.com/product_categories-sitemap.xml
2026-07-30 11:13:52  INFO     seo_tracker.keyword_engine  sitemap returned 14 URLs
2026-07-30 11:13:52  INFO     seo_tracker.keyword_engine  sitemap returned 437 URLs
2026-07-30 11:13:52  INFO     seo_tracker.keyword_engine  fetching sitemap: https://ambimat.com/wp-sitemap.xml
2026-07-30 11:13:53  INFO     seo_tracker.keyword_engine  fetching sitemap: https://ambimat.com/post-sitemap.xml
2026-07-30 11:13:54  INFO     seo_tracker.keyword_engine  sitemap returned 188 URLs
2026-07-30 11:13:54  INFO     seo_tracker.keyword_engine  fetching sitemap: https://ambimat.com/page-sitemap.xml
2026-07-30 11:13:55  INFO     seo_tracker.keyword_engine  sitemap returned 76 URLs
2026-07-30 11:13:55  INFO     seo_tracker.keyword_engine  fetching sitemap: https://ambimat.com/timeline-sitemap.xml
2026-07-30 11:13:56  INFO     seo_tracker.keyword_engine  sitemap returned 27 URLs
2026-07-30 11:13:56  INFO     seo_tracker.keyword_engine  fetching sitemap: https://ambimat.com/case_study-sitemap.xml
2026-07-30 11:13:57  INFO     seo_tracker.keyword_engine  sitemap returned 5 URLs
2026-07-30 11:13:57  INFO     seo_tracker.keyword_engine  fetching sitemap: https://ambimat.com/category-sitemap.xml
2026-07-30 11:13:57  INFO     seo_tracker.keyword_engine  sitemap returned 2 URLs
2026-07-30 11:13:57  INFO     seo_tracker.keyword_engine  fetching sitemap: https://ambimat.com/post_tag-sitemap.xml
2026-07-30 11:13:58  INFO     seo_tracker.keyword_engine  sitemap returned 124 URLs
2026-07-30 11:13:58  INFO     seo_tracker.keyword_engine  fetching sitemap: https://ambimat.com/event-sitemap.xml
2026-07-30 11:13:59  INFO     seo_tracker.keyword_engine  sitemap returned 1 URLs
2026-07-30 11:13:59  INFO     seo_tracker.keyword_engine  fetching sitemap: https://ambimat.com/product_categories-sitemap.xml
2026-07-30 11:13:59  INFO     seo_tracker.keyword_engine  sitemap returned 14 URLs
2026-07-30 11:13:59  INFO     seo_tracker.keyword_engine  sitemap returned 437 URLs
2026-07-30 11:14:01  INFO     phone_seo                   -> ambisecure
2026-07-30 11:14:01  INFO     seo_tracker.keyword_engine  fetching sitemap: https://ambisecure.ambimat.com/sitemap.xml
2026-07-30 11:14:02  INFO     seo_tracker.keyword_engine  sitemap returned 314 URLs
2026-07-30 11:19:05  INFO     seo_tracker.keyword_engine  inventory built: 951 keywords (314 pages crawled) for slug=ambisecure
2026-07-30 11:19:06  INFO     seo_tracker.internal_links  internal-link analysis [ambisecure]: 0 orphan, 24 under-linked, 59 over-linked, 1 broken outbound, 73 recs
2026-07-30 11:19:09  INFO     seo_tracker.weak_pages    weak-page findings: 551 (high=2 medium=291 low=258)
2026-07-30 11:19:10  INFO     seo_tracker.keyword_engine  fetching sitemap: https://ambisecure.ambimat.com/sitemap.xml
2026-07-30 11:19:11  INFO     seo_tracker.keyword_engine  sitemap returned 314 URLs
2026-07-30 11:19:12  INFO     phone_seo                   -> esim
2026-07-30 11:19:12  INFO     seo_tracker.keyword_engine  fetching sitemap: https://esim.ambimat.com/sitemap.xml
2026-07-30 11:19:13  INFO     seo_tracker.keyword_engine  sitemap returned 33 URLs
2026-07-30 11:19:45  INFO     seo_tracker.keyword_engine  inventory built: 102 keywords (33 pages crawled) for slug=esim
2026-07-30 11:19:45  INFO     seo_tracker.internal_links  internal-link analysis [esim]: 0 orphan, 0 under-linked, 15 over-linked, 33 broken outbound, 15 recs
2026-07-30 11:19:45  INFO     seo_tracker.weak_pages    weak-page findings: 31 (high=0 medium=0 low=31)
2026-07-30 11:19:48  INFO     seo_tracker.keyword_engine  fetching sitemap: https://esim.ambimat.com/sitemap.xml
2026-07-30 11:19:48  INFO     seo_tracker.keyword_engine  sitemap returned 33 URLs
2026-07-30 11:19:49  INFO     phone_seo                   -> ambipower
2026-07-30 11:19:49  INFO     seo_tracker.keyword_engine  fetching sitemap: https://ambipower.ambimat.com/sitemap.xml
2026-07-30 11:19:50  INFO     seo_tracker.keyword_engine  sitemap returned 25 URLs
2026-07-30 11:20:16  INFO     seo_tracker.keyword_engine  inventory built: 55 keywords (25 pages crawled) for slug=ambipower
2026-07-30 11:20:16  INFO     seo_tracker.internal_links  internal-link analysis [ambipower]: 0 orphan, 0 under-linked, 21 over-linked, 26 broken outbound, 21 recs
2026-07-30 11:20:16  INFO     seo_tracker.weak_pages    weak-page findings: 25 (high=0 medium=0 low=25)
2026-07-30 11:20:17  INFO     seo_tracker.keyword_engine  fetching sitemap: https://ambipower.ambimat.com/sitemap.xml
2026-07-30 11:20:17  INFO     seo_tracker.keyword_engine  sitemap returned 25 URLs
2026-07-30 11:20:18  INFO     phone_seo                   -> ambiautomation
2026-07-30 11:20:18  INFO     seo_tracker.keyword_engine  fetching sitemap: https://ambiautomation.ambimat.com/sitemap.xml
2026-07-30 11:20:18  INFO     seo_tracker.keyword_engine  sitemap returned 22 URLs
2026-07-30 11:20:42  INFO     seo_tracker.keyword_engine  inventory built: 72 keywords (22 pages crawled) for slug=ambiautomation
2026-07-30 11:20:43  INFO     seo_tracker.internal_links  internal-link analysis [ambiautomation]: 0 orphan, 0 under-linked, 0 over-linked, 0 broken outbound, 0 recs
2026-07-30 11:20:43  INFO     seo_tracker.weak_pages    weak-page findings: 23 (high=0 medium=2 low=21)
2026-07-30 11:20:45  INFO     seo_tracker.keyword_engine  fetching sitemap: https://ambiautomation.ambimat.com/sitemap.xml
2026-07-30 11:20:45  INFO     seo_tracker.keyword_engine  sitemap returned 22 URLs
2026-07-30 11:20:45  INFO     phone_seo                   -> orders
2026-07-30 11:20:45  INFO     seo_tracker.keyword_engine  fetching sitemap: https://orders.ambimat.com/sitemap.xml
2026-07-30 11:20:47  INFO     seo_tracker.keyword_engine  fetching sitemap: https://orders.ambimat.com/wp-sitemap-posts-page-1.xml
2026-07-30 11:20:48  INFO     seo_tracker.keyword_engine  sitemap returned 11 URLs
2026-07-30 11:20:48  INFO     seo_tracker.keyword_engine  fetching sitemap: https://orders.ambimat.com/wp-sitemap-posts-product-1.xml
2026-07-30 11:20:49  INFO     seo_tracker.keyword_engine  sitemap returned 5 URLs
2026-07-30 11:20:49  INFO     seo_tracker.keyword_engine  fetching sitemap: https://orders.ambimat.com/wp-sitemap-taxonomies-product_cat-1.xml
2026-07-30 11:20:49  INFO     seo_tracker.keyword_engine  sitemap returned 2 URLs
2026-07-30 11:20:49  INFO     seo_tracker.keyword_engine  sitemap returned 18 URLs
2026-07-30 11:21:19  INFO     seo_tracker.keyword_engine  inventory built: 38 keywords (18 pages crawled) for slug=orders
2026-07-30 11:21:19  INFO     seo_tracker.internal_links  internal-link analysis [orders]: 3 orphan, 1 under-linked, 0 over-linked, 35 broken outbound, 0 recs
2026-07-30 11:21:19  INFO     seo_tracker.weak_pages    weak-page findings: 84 (high=10 medium=56 low=18)
2026-07-30 11:21:22  INFO     seo_tracker.keyword_engine  fetching sitemap: https://orders.ambimat.com/wp-sitemap.xml
2026-07-30 11:21:22  INFO     seo_tracker.keyword_engine  fetching sitemap: https://orders.ambimat.com/wp-sitemap-posts-page-1.xml
2026-07-30 11:21:23  INFO     seo_tracker.keyword_engine  sitemap returned 11 URLs
2026-07-30 11:21:23  INFO     seo_tracker.keyword_engine  fetching sitemap: https://orders.ambimat.com/wp-sitemap-posts-product-1.xml
2026-07-30 11:21:24  INFO     seo_tracker.keyword_engine  sitemap returned 5 URLs
2026-07-30 11:21:24  INFO     seo_tracker.keyword_engine  fetching sitemap: https://orders.ambimat.com/wp-sitemap-taxonomies-product_cat-1.xml
2026-07-30 11:21:25  INFO     seo_tracker.keyword_engine  sitemap returned 2 URLs
2026-07-30 11:21:25  INFO     seo_tracker.keyword_engine  sitemap returned 18 URLs
2026-07-30 11:21:25  INFO     seo_tracker.keyword_engine  fetching sitemap: https://orders.ambimat.com/sitemap.xml
2026-07-30 11:21:26  INFO     seo_tracker.keyword_engine  fetching sitemap: https://orders.ambimat.com/wp-sitemap-posts-page-1.xml
2026-07-30 11:21:26  INFO     seo_tracker.keyword_engine  sitemap returned 11 URLs
2026-07-30 11:21:26  INFO     seo_tracker.keyword_engine  fetching sitemap: https://orders.ambimat.com/wp-sitemap-posts-product-1.xml
2026-07-30 11:21:27  INFO     seo_tracker.keyword_engine  sitemap returned 5 URLs
2026-07-30 11:21:27  INFO     seo_tracker.keyword_engine  fetching sitemap: https://orders.ambimat.com/wp-sitemap-taxonomies-product_cat-1.xml
2026-07-30 11:21:28  INFO     seo_tracker.keyword_engine  sitemap returned 2 URLs
2026-07-30 11:21:28  INFO     seo_tracker.keyword_engine  sitemap returned 18 URLs
2026-07-30 11:21:28  INFO     phone_seo                   -> roboracer
2026-07-30 11:21:28  INFO     seo_tracker.keyword_engine  fetching sitemap: https://roboracer.ambimat.com/sitemap.xml
2026-07-30 11:21:29  INFO     seo_tracker.keyword_engine  sitemap returned 7 URLs
2026-07-30 11:21:35  INFO     seo_tracker.keyword_engine  inventory built: 48 keywords (7 pages crawled) for slug=roboracer
2026-07-30 11:21:35  INFO     seo_tracker.internal_links  internal-link analysis [roboracer]: 0 orphan, 0 under-linked, 0 over-linked, 2 broken outbound, 0 recs
2026-07-30 11:21:35  INFO     seo_tracker.weak_pages    weak-page findings: 9 (high=1 medium=4 low=4)
2026-07-30 11:21:38  INFO     seo_tracker.keyword_engine  fetching sitemap: https://roboracer.ambimat.com/sitemap.xml
2026-07-30 11:21:38  INFO     seo_tracker.keyword_engine  sitemap returned 7 URLs
2026-07-30 11:21:38  INFO     phone_seo                 cross-domain: topical authority / overlap / opportunities
2026-07-30 11:21:42  INFO     seo_tracker.topic_authority  topic authority: 91 cells, 12 clusters with a strongest domain, 513 isolated pages
2026-07-30 11:21:55  INFO     seo_tracker.domain_overlap  domain-overlap: 0 keyword overlaps, 4 page duplicates
2026-07-30 11:21:56  INFO     seo_tracker.content_opportunities  content opportunities: 31 (HIGH=2 MEDIUM=10 LOW=19)
2026-07-30 11:21:56  INFO     phone_seo                 recommendations
2026-07-30 11:22:04  INFO     seo_tracker.weak_pages    weak-page findings: 1817 (high=43 medium=1009 low=765)

Phone SEO run complete (crawl-only).
------------------------------------
  json_timestamped /data/data/com.termux/files/home/seo_tracker_reports/report_20260730_112204.json
  md_timestamped   /data/data/com.termux/files/home/seo_tracker_reports/report_20260730_112204.md
  json_latest      /data/data/com.termux/files/home/seo_tracker_reports/report_latest.json
  md_latest        /data/data/com.termux/files/home/seo_tracker_reports/report_latest.md
  html_latest      /data/data/com.termux/files/home/seo_tracker_reports/report_latest.html
===== 2026-07-30 11:22:04 +0530 SEO run end (rc=0) =====
===== 2026-07-31 11:00:01 +0530 SEO run start =====
2026-07-31 11:00:03  INFO     phone_seo                 phone crawl-only run: 7 domains
2026-07-31 11:00:03  INFO     phone_seo                   -> ambimat
2026-07-31 11:00:03  INFO     seo_tracker.keyword_engine  fetching sitemap: https://ambimat.com/sitemap.xml
2026-07-31 11:00:03 +0530 another SEO run holds the lock; skipping
2026-07-31 11:00:06  INFO     seo_tracker.keyword_engine  fetching sitemap: https://ambimat.com/post-sitemap.xml
2026-07-31 11:00:07  INFO     seo_tracker.keyword_engine  sitemap returned 188 URLs
2026-07-31 11:00:07  INFO     seo_tracker.keyword_engine  fetching sitemap: https://ambimat.com/page-sitemap.xml
2026-07-31 11:00:07  INFO     seo_tracker.keyword_engine  sitemap returned 76 URLs
2026-07-31 11:00:07  INFO     seo_tracker.keyword_engine  fetching sitemap: https://ambimat.com/timeline-sitemap.xml
2026-07-31 11:00:08  INFO     seo_tracker.keyword_engine  sitemap returned 27 URLs
2026-07-31 11:00:08  INFO     seo_tracker.keyword_engine  fetching sitemap: https://ambimat.com/case_study-sitemap.xml
2026-07-31 11:00:08  INFO     seo_tracker.keyword_engine  sitemap returned 5 URLs
2026-07-31 11:00:08  INFO     seo_tracker.keyword_engine  fetching sitemap: https://ambimat.com/category-sitemap.xml
2026-07-31 11:00:09  INFO     seo_tracker.keyword_engine  sitemap returned 2 URLs
2026-07-31 11:00:09  INFO     seo_tracker.keyword_engine  fetching sitemap: https://ambimat.com/post_tag-sitemap.xml
2026-07-31 11:00:10  INFO     seo_tracker.keyword_engine  sitemap returned 124 URLs
2026-07-31 11:00:10  INFO     seo_tracker.keyword_engine  fetching sitemap: https://ambimat.com/event-sitemap.xml
2026-07-31 11:00:11  INFO     seo_tracker.keyword_engine  sitemap returned 1 URLs
2026-07-31 11:00:11  INFO     seo_tracker.keyword_engine  fetching sitemap: https://ambimat.com/product_categories-sitemap.xml
2026-07-31 11:00:13  INFO     seo_tracker.keyword_engine  sitemap returned 14 URLs
2026-07-31 11:00:13  INFO     seo_tracker.keyword_engine  sitemap returned 437 URLs
2026-07-31 11:13:22  INFO     seo_tracker.keyword_engine  inventory built: 845 keywords (437 pages crawled) for slug=ambimat
2026-07-31 11:13:23  INFO     seo_tracker.internal_links  internal-link analysis [ambimat]: 12 orphan, 232 under-linked, 55 over-linked, 492 broken outbound, 98 recs
2026-07-31 11:13:28  INFO     seo_tracker.weak_pages    weak-page findings: 1094 (high=30 medium=656 low=408)
2026-07-31 11:13:32  INFO     seo_tracker.keyword_engine  fetching sitemap: https://ambimat.com/sitemap_index.xml
2026-07-31 11:13:32  INFO     seo_tracker.keyword_engine  fetching sitemap: https://ambimat.com/post-sitemap.xml
2026-07-31 11:13:33  INFO     seo_tracker.keyword_engine  sitemap returned 188 URLs
2026-07-31 11:13:33  INFO     seo_tracker.keyword_engine  fetching sitemap: https://ambimat.com/page-sitemap.xml
2026-07-31 11:13:33  INFO     seo_tracker.keyword_engine  sitemap returned 76 URLs
2026-07-31 11:13:33  INFO     seo_tracker.keyword_engine  fetching sitemap: https://ambimat.com/timeline-sitemap.xml
2026-07-31 11:13:34  INFO     seo_tracker.keyword_engine  sitemap returned 27 URLs
2026-07-31 11:13:34  INFO     seo_tracker.keyword_engine  fetching sitemap: https://ambimat.com/case_study-sitemap.xml
2026-07-31 11:13:35  INFO     seo_tracker.keyword_engine  sitemap returned 5 URLs
2026-07-31 11:13:35  INFO     seo_tracker.keyword_engine  fetching sitemap: https://ambimat.com/category-sitemap.xml
2026-07-31 11:13:36  INFO     seo_tracker.keyword_engine  sitemap returned 2 URLs
2026-07-31 11:13:36  INFO     seo_tracker.keyword_engine  fetching sitemap: https://ambimat.com/post_tag-sitemap.xml
2026-07-31 11:13:36  INFO     seo_tracker.keyword_engine  sitemap returned 124 URLs
2026-07-31 11:13:37  INFO     seo_tracker.keyword_engine  fetching sitemap: https://ambimat.com/event-sitemap.xml
2026-07-31 11:13:37  INFO     seo_tracker.keyword_engine  sitemap returned 1 URLs
2026-07-31 11:13:37  INFO     seo_tracker.keyword_engine  fetching sitemap: https://ambimat.com/product_categories-sitemap.xml
2026-07-31 11:13:38  INFO     seo_tracker.keyword_engine  sitemap returned 14 URLs
2026-07-31 11:13:38  INFO     seo_tracker.keyword_engine  sitemap returned 437 URLs
2026-07-31 11:13:38  INFO     seo_tracker.keyword_engine  fetching sitemap: https://ambimat.com/sitemap.xml
2026-07-31 11:13:39  INFO     seo_tracker.keyword_engine  fetching sitemap: https://ambimat.com/post-sitemap.xml
2026-07-31 11:13:39  INFO     seo_tracker.keyword_engine  sitemap returned 188 URLs
2026-07-31 11:13:39  INFO     seo_tracker.keyword_engine  fetching sitemap: https://ambimat.com/page-sitemap.xml
2026-07-31 11:13:40  INFO     seo_tracker.keyword_engine  sitemap returned 76 URLs
2026-07-31 11:13:40  INFO     seo_tracker.keyword_engine  fetching sitemap: https://ambimat.com/timeline-sitemap.xml
2026-07-31 11:13:40  INFO     seo_tracker.keyword_engine  sitemap returned 27 URLs
2026-07-31 11:13:40  INFO     seo_tracker.keyword_engine  fetching sitemap: https://ambimat.com/case_study-sitemap.xml
2026-07-31 11:13:41  INFO     seo_tracker.keyword_engine  sitemap returned 5 URLs
2026-07-31 11:13:41  INFO     seo_tracker.keyword_engine  fetching sitemap: https://ambimat.com/category-sitemap.xml
2026-07-31 11:13:41  INFO     seo_tracker.keyword_engine  sitemap returned 2 URLs
2026-07-31 11:13:41  INFO     seo_tracker.keyword_engine  fetching sitemap: https://ambimat.com/post_tag-sitemap.xml
2026-07-31 11:13:42  INFO     seo_tracker.keyword_engine  sitemap returned 124 URLs
2026-07-31 11:13:42  INFO     seo_tracker.keyword_engine  fetching sitemap: https://ambimat.com/event-sitemap.xml
2026-07-31 11:13:42  INFO     seo_tracker.keyword_engine  sitemap returned 1 URLs
2026-07-31 11:13:42  INFO     seo_tracker.keyword_engine  fetching sitemap: https://ambimat.com/product_categories-sitemap.xml
2026-07-31 11:13:43  INFO     seo_tracker.keyword_engine  sitemap returned 14 URLs
2026-07-31 11:13:43  INFO     seo_tracker.keyword_engine  sitemap returned 437 URLs
2026-07-31 11:13:43  INFO     seo_tracker.keyword_engine  fetching sitemap: https://ambimat.com/wp-sitemap.xml
2026-07-31 11:13:43  INFO     seo_tracker.keyword_engine  fetching sitemap: https://ambimat.com/post-sitemap.xml
2026-07-31 11:13:44  INFO     seo_tracker.keyword_engine  sitemap returned 188 URLs
2026-07-31 11:13:44  INFO     seo_tracker.keyword_engine  fetching sitemap: https://ambimat.com/page-sitemap.xml
2026-07-31 11:13:44  INFO     seo_tracker.keyword_engine  sitemap returned 76 URLs
2026-07-31 11:13:44  INFO     seo_tracker.keyword_engine  fetching sitemap: https://ambimat.com/timeline-sitemap.xml
2026-07-31 11:13:45  INFO     seo_tracker.keyword_engine  sitemap returned 27 URLs
2026-07-31 11:13:45  INFO     seo_tracker.keyword_engine  fetching sitemap: https://ambimat.com/case_study-sitemap.xml
2026-07-31 11:13:45  INFO     seo_tracker.keyword_engine  sitemap returned 5 URLs
2026-07-31 11:13:45  INFO     seo_tracker.keyword_engine  fetching sitemap: https://ambimat.com/category-sitemap.xml
2026-07-31 11:13:46  INFO     seo_tracker.keyword_engine  sitemap returned 2 URLs
2026-07-31 11:13:46  INFO     seo_tracker.keyword_engine  fetching sitemap: https://ambimat.com/post_tag-sitemap.xml
2026-07-31 11:13:47  INFO     seo_tracker.keyword_engine  sitemap returned 124 URLs
2026-07-31 11:13:47  INFO     seo_tracker.keyword_engine  fetching sitemap: https://ambimat.com/event-sitemap.xml
2026-07-31 11:13:47  INFO     seo_tracker.keyword_engine  sitemap returned 1 URLs
2026-07-31 11:13:47  INFO     seo_tracker.keyword_engine  fetching sitemap: https://ambimat.com/product_categories-sitemap.xml
2026-07-31 11:13:47  INFO     seo_tracker.keyword_engine  sitemap returned 14 URLs
2026-07-31 11:13:48  INFO     seo_tracker.keyword_engine  sitemap returned 437 URLs
2026-07-31 11:13:50  INFO     phone_seo                   -> ambisecure
2026-07-31 11:13:50  INFO     seo_tracker.keyword_engine  fetching sitemap: https://ambisecure.ambimat.com/sitemap.xml
2026-07-31 11:13:50  INFO     seo_tracker.keyword_engine  sitemap returned 285 URLs
2026-07-31 11:14:07  WARNING  seo_tracker.keyword_engine  crawl skipped (https://ambisecure.ambimat.com/about/certifications/): HTTPSConnectionPool(host='ambisecure.ambimat.com', port=443): Max retries exceeded with url: /about/certifications/ (Caused by ConnectTimeoutError(<HTTPSConnection(host='ambisecure.ambimat.com', port=443) at 0xa9d19c90>, 'Connection to ambisecure.ambimat.com timed out. (connect timeout=15)'))
2026-07-31 11:19:15  INFO     seo_tracker.keyword_engine  inventory built: 907 keywords (284 pages crawled) for slug=ambisecure
2026-07-31 11:19:16  INFO     seo_tracker.internal_links  internal-link analysis [ambisecure]: 0 orphan, 0 under-linked, 55 over-linked, 253 broken outbound, 55 recs
2026-07-31 11:19:18  INFO     seo_tracker.weak_pages    weak-page findings: 162 (high=0 medium=162 low=0)
2026-07-31 11:19:21  INFO     seo_tracker.keyword_engine  fetching sitemap: https://ambisecure.ambimat.com/sitemap.xml
2026-07-31 11:19:21  INFO     seo_tracker.keyword_engine  sitemap returned 285 URLs
2026-07-31 11:19:23  INFO     phone_seo                   -> esim
2026-07-31 11:19:23  INFO     seo_tracker.keyword_engine  fetching sitemap: https://esim.ambimat.com/sitemap.xml
2026-07-31 11:19:23  INFO     seo_tracker.keyword_engine  sitemap returned 33 URLs
2026-07-31 11:20:01  INFO     seo_tracker.keyword_engine  inventory built: 116 keywords (33 pages crawled) for slug=esim
2026-07-31 11:20:01  INFO     seo_tracker.internal_links  internal-link analysis [esim]: 0 orphan, 0 under-linked, 15 over-linked, 33 broken outbound, 15 recs
2026-07-31 11:20:02  INFO     seo_tracker.weak_pages    weak-page findings: 0 (high=0 medium=0 low=0)
2026-07-31 11:20:03  INFO     seo_tracker.keyword_engine  fetching sitemap: https://esim.ambimat.com/sitemap.xml
2026-07-31 11:20:03  INFO     seo_tracker.keyword_engine  sitemap returned 33 URLs
2026-07-31 11:20:03  INFO     phone_seo                   -> ambipower
2026-07-31 11:20:03  INFO     seo_tracker.keyword_engine  fetching sitemap: https://ambipower.ambimat.com/sitemap.xml
2026-07-31 11:20:04  INFO     seo_tracker.keyword_engine  sitemap returned 25 URLs
2026-07-31 11:20:31  INFO     seo_tracker.keyword_engine  inventory built: 90 keywords (25 pages crawled) for slug=ambipower
2026-07-31 11:20:31  INFO     seo_tracker.internal_links  internal-link analysis [ambipower]: 0 orphan, 0 under-linked, 21 over-linked, 26 broken outbound, 21 recs
2026-07-31 11:20:31  INFO     seo_tracker.weak_pages    weak-page findings: 0 (high=0 medium=0 low=0)
2026-07-31 11:20:32  INFO     seo_tracker.keyword_engine  fetching sitemap: https://ambipower.ambimat.com/sitemap.xml
2026-07-31 11:20:33  INFO     seo_tracker.keyword_engine  sitemap returned 25 URLs
2026-07-31 11:20:33  INFO     phone_seo                   -> ambiautomation
2026-07-31 11:20:33  INFO     seo_tracker.keyword_engine  fetching sitemap: https://ambiautomation.ambimat.com/sitemap.xml
2026-07-31 11:20:33  INFO     seo_tracker.keyword_engine  sitemap returned 22 URLs
2026-07-31 11:20:58  INFO     seo_tracker.keyword_engine  inventory built: 72 keywords (22 pages crawled) for slug=ambiautomation
2026-07-31 11:20:58  INFO     seo_tracker.internal_links  internal-link analysis [ambiautomation]: 0 orphan, 0 under-linked, 0 over-linked, 0 broken outbound, 0 recs
2026-07-31 11:20:58  INFO     seo_tracker.weak_pages    weak-page findings: 23 (high=0 medium=2 low=21)
2026-07-31 11:20:59  INFO     seo_tracker.keyword_engine  fetching sitemap: https://ambiautomation.ambimat.com/sitemap.xml
2026-07-31 11:21:00  INFO     seo_tracker.keyword_engine  sitemap returned 22 URLs
2026-07-31 11:21:00  INFO     phone_seo                   -> orders
2026-07-31 11:21:00  INFO     seo_tracker.keyword_engine  fetching sitemap: https://orders.ambimat.com/sitemap.xml
2026-07-31 11:21:01  INFO     seo_tracker.keyword_engine  fetching sitemap: https://orders.ambimat.com/wp-sitemap-posts-page-1.xml
2026-07-31 11:21:02  INFO     seo_tracker.keyword_engine  sitemap returned 11 URLs
2026-07-31 11:21:02  INFO     seo_tracker.keyword_engine  fetching sitemap: https://orders.ambimat.com/wp-sitemap-posts-product-1.xml
2026-07-31 11:21:02  INFO     seo_tracker.keyword_engine  sitemap returned 5 URLs
2026-07-31 11:21:02  INFO     seo_tracker.keyword_engine  fetching sitemap: https://orders.ambimat.com/wp-sitemap-taxonomies-product_cat-1.xml
2026-07-31 11:21:03  INFO     seo_tracker.keyword_engine  sitemap returned 2 URLs
2026-07-31 11:21:03  INFO     seo_tracker.keyword_engine  sitemap returned 18 URLs
2026-07-31 11:21:27  INFO     seo_tracker.keyword_engine  inventory built: 39 keywords (18 pages crawled) for slug=orders
2026-07-31 11:21:27  INFO     seo_tracker.internal_links  internal-link analysis [orders]: 3 orphan, 1 under-linked, 0 over-linked, 35 broken outbound, 0 recs
2026-07-31 11:21:27  INFO     seo_tracker.weak_pages    weak-page findings: 67 (high=9 medium=40 low=18)
2026-07-31 11:21:31  INFO     seo_tracker.keyword_engine  fetching sitemap: https://orders.ambimat.com/wp-sitemap.xml
2026-07-31 11:21:31  INFO     seo_tracker.keyword_engine  fetching sitemap: https://orders.ambimat.com/wp-sitemap-posts-page-1.xml
2026-07-31 11:21:32  INFO     seo_tracker.keyword_engine  sitemap returned 11 URLs
2026-07-31 11:21:32  INFO     seo_tracker.keyword_engine  fetching sitemap: https://orders.ambimat.com/wp-sitemap-posts-product-1.xml
2026-07-31 11:21:32  INFO     seo_tracker.keyword_engine  sitemap returned 5 URLs
2026-07-31 11:21:32  INFO     seo_tracker.keyword_engine  fetching sitemap: https://orders.ambimat.com/wp-sitemap-taxonomies-product_cat-1.xml
2026-07-31 11:21:33  INFO     seo_tracker.keyword_engine  sitemap returned 2 URLs
2026-07-31 11:21:33  INFO     seo_tracker.keyword_engine  sitemap returned 18 URLs
2026-07-31 11:21:33  INFO     seo_tracker.keyword_engine  fetching sitemap: https://orders.ambimat.com/sitemap.xml
2026-07-31 11:21:34  INFO     seo_tracker.keyword_engine  fetching sitemap: https://orders.ambimat.com/wp-sitemap-posts-page-1.xml
2026-07-31 11:21:34  INFO     seo_tracker.keyword_engine  sitemap returned 11 URLs
2026-07-31 11:21:34  INFO     seo_tracker.keyword_engine  fetching sitemap: https://orders.ambimat.com/wp-sitemap-posts-product-1.xml
2026-07-31 11:21:35  INFO     seo_tracker.keyword_engine  sitemap returned 5 URLs
2026-07-31 11:21:35  INFO     seo_tracker.keyword_engine  fetching sitemap: https://orders.ambimat.com/wp-sitemap-taxonomies-product_cat-1.xml
2026-07-31 11:21:35  INFO     seo_tracker.keyword_engine  sitemap returned 2 URLs
2026-07-31 11:21:35  INFO     seo_tracker.keyword_engine  sitemap returned 18 URLs
2026-07-31 11:21:35  INFO     phone_seo                   -> roboracer
2026-07-31 11:21:35  INFO     seo_tracker.keyword_engine  fetching sitemap: https://roboracer.ambimat.com/sitemap.xml
2026-07-31 11:21:37  INFO     seo_tracker.keyword_engine  sitemap returned 7 URLs
2026-07-31 11:21:45  INFO     seo_tracker.keyword_engine  inventory built: 48 keywords (7 pages crawled) for slug=roboracer
2026-07-31 11:21:45  INFO     seo_tracker.internal_links  internal-link analysis [roboracer]: 0 orphan, 0 under-linked, 0 over-linked, 2 broken outbound, 0 recs
2026-07-31 11:21:45  INFO     seo_tracker.weak_pages    weak-page findings: 9 (high=1 medium=4 low=4)
2026-07-31 11:21:46  INFO     seo_tracker.keyword_engine  fetching sitemap: https://roboracer.ambimat.com/sitemap.xml
2026-07-31 11:21:47  INFO     seo_tracker.keyword_engine  sitemap returned 7 URLs
2026-07-31 11:21:47  INFO     phone_seo                 cross-domain: topical authority / overlap / opportunities
2026-07-31 11:21:51  INFO     seo_tracker.topic_authority  topic authority: 91 cells, 12 clusters with a strongest domain, 497 isolated pages
2026-07-31 11:22:05  INFO     seo_tracker.domain_overlap  domain-overlap: 0 keyword overlaps, 4 page duplicates
2026-07-31 11:22:05  INFO     seo_tracker.content_opportunities  content opportunities: 22 (HIGH=2 MEDIUM=1 LOW=19)
2026-07-31 11:22:05  INFO     phone_seo                 recommendations
2026-07-31 11:22:13  INFO     seo_tracker.weak_pages    weak-page findings: 1355 (high=40 medium=864 low=451)

Phone SEO run complete (crawl-only).
------------------------------------
  json_timestamped /data/data/com.termux/files/home/seo_tracker_reports/report_20260731_112213.json
  md_timestamped   /data/data/com.termux/files/home/seo_tracker_reports/report_20260731_112213.md
  json_latest      /data/data/com.termux/files/home/seo_tracker_reports/report_latest.json
  md_latest        /data/data/com.termux/files/home/seo_tracker_reports/report_latest.md
  html_latest      /data/data/com.termux/files/home/seo_tracker_reports/report_latest.html
===== 2026-07-31 11:22:13 +0530 SEO run end (rc=0) =====
