2026-07-06 15:03:45 +0530 wake-lock acquired
2026-07-06 15:03:52 +0530 site_monitor: DRY-RUN — would run /data/data/com.termux/files/home/seo_tracker/phone/run_site_monitor_daily.sh
2026-07-06 15:03:53 +0530 seo: DRY-RUN — would run /data/data/com.termux/files/home/seo_tracker/phone/run_daily.sh
2026-07-06 15:04:36 +0530 wake-lock acquired
2026-07-06 15:04:38 +0530 site_monitor: catching up (now=1504, due=1000)…
2026-07-06 15:10:46 +0530 site_monitor: catch-up runner exited rc=0
2026-07-06 15:10:47 +0530 seo: catching up (now=1510, due=1100)…
2026-07-06 15:14:59 +0530 seo: catch-up runner exited rc=0
2026-07-06 15:30:01 +0530 wake-lock acquired
2026-07-06 15:30:02 +0530 site_monitor: already succeeded today (2026-07-06); skip
2026-07-06 15:30:02 +0530 seo: already succeeded today (2026-07-06); skip
2026-07-06 16:00:01 +0530 wake-lock acquired
2026-07-06 16:00:01 +0530 site_monitor: already succeeded today (2026-07-06); skip
2026-07-06 16:00:02 +0530 seo: already succeeded today (2026-07-06); skip
2026-07-06 16:30:01 +0530 wake-lock acquired
2026-07-06 16:30:01 +0530 site_monitor: already succeeded today (2026-07-06); skip
2026-07-06 16:30:01 +0530 seo: already succeeded today (2026-07-06); skip
2026-07-06 17:00:02 +0530 wake-lock acquired
2026-07-06 17:00:02 +0530 site_monitor: already succeeded today (2026-07-06); skip
2026-07-06 17:00:02 +0530 seo: already succeeded today (2026-07-06); skip
2026-07-06 17:30:02 +0530 wake-lock acquired
2026-07-06 17:30:02 +0530 site_monitor: already succeeded today (2026-07-06); skip
2026-07-06 17:30:02 +0530 seo: already succeeded today (2026-07-06); skip
2026-07-06 18:00:01 +0530 wake-lock acquired
2026-07-06 18:00:02 +0530 site_monitor: already succeeded today (2026-07-06); skip
2026-07-06 18:00:02 +0530 seo: already succeeded today (2026-07-06); skip
2026-07-06 18:30:02 +0530 wake-lock acquired
2026-07-06 18:30:02 +0530 site_monitor: already succeeded today (2026-07-06); skip
2026-07-06 18:30:02 +0530 seo: already succeeded today (2026-07-06); skip
2026-07-06 19:00:02 +0530 wake-lock acquired
2026-07-06 19:00:02 +0530 site_monitor: already succeeded today (2026-07-06); skip
2026-07-06 19:00:02 +0530 seo: already succeeded today (2026-07-06); skip
2026-07-06 19:30:02 +0530 wake-lock acquired
2026-07-06 19:30:02 +0530 site_monitor: already succeeded today (2026-07-06); skip
2026-07-06 19:30:02 +0530 seo: already succeeded today (2026-07-06); skip
2026-07-06 20:00:01 +0530 wake-lock acquired
2026-07-06 20:00:02 +0530 site_monitor: already succeeded today (2026-07-06); skip
2026-07-06 20:00:02 +0530 seo: already succeeded today (2026-07-06); skip
2026-07-06 20:30:01 +0530 wake-lock acquired
2026-07-06 20:30:02 +0530 site_monitor: already succeeded today (2026-07-06); skip
2026-07-06 20:30:02 +0530 seo: already succeeded today (2026-07-06); skip
2026-07-06 21:00:01 +0530 wake-lock acquired
2026-07-06 21:00:02 +0530 site_monitor: already succeeded today (2026-07-06); skip
2026-07-06 21:00:02 +0530 seo: already succeeded today (2026-07-06); skip
2026-07-06 21:30:01 +0530 wake-lock acquired
2026-07-06 21:30:02 +0530 site_monitor: already succeeded today (2026-07-06); skip
2026-07-06 21:30:02 +0530 seo: already succeeded today (2026-07-06); skip
2026-07-06 22:00:01 +0530 wake-lock acquired
2026-07-06 22:00:02 +0530 site_monitor: already succeeded today (2026-07-06); skip
2026-07-06 22:00:02 +0530 seo: already succeeded today (2026-07-06); skip
2026-07-06 22:30:01 +0530 wake-lock acquired
2026-07-06 22:30:01 +0530 site_monitor: already succeeded today (2026-07-06); skip
2026-07-06 22:30:02 +0530 seo: already succeeded today (2026-07-06); skip
2026-07-06 23:00:01 +0530 wake-lock acquired
2026-07-06 23:00:01 +0530 site_monitor: already succeeded today (2026-07-06); skip
2026-07-06 23:00:02 +0530 seo: already succeeded today (2026-07-06); skip
2026-07-06 23:30:01 +0530 wake-lock acquired
2026-07-06 23:30:02 +0530 site_monitor: already succeeded today (2026-07-06); skip
2026-07-06 23:30:02 +0530 seo: already succeeded today (2026-07-06); skip
2026-07-07 00:00:01 +0530 wake-lock acquired
2026-07-07 00:00:02 +0530 site_monitor: before due time (now=0000 < 1000); skip
2026-07-07 00:00:02 +0530 seo: before due time (now=0000 < 1100); skip
2026-07-07 00:30:01 +0530 wake-lock acquired
2026-07-07 00:30:02 +0530 site_monitor: before due time (now=0030 < 1000); skip
2026-07-07 00:30:02 +0530 seo: before due time (now=0030 < 1100); skip
2026-07-07 01:00:01 +0530 wake-lock acquired
2026-07-07 01:00:02 +0530 site_monitor: before due time (now=0100 < 1000); skip
2026-07-07 01:00:02 +0530 seo: before due time (now=0100 < 1100); skip
2026-07-07 01:30:01 +0530 wake-lock acquired
2026-07-07 01:30:02 +0530 site_monitor: before due time (now=0130 < 1000); skip
2026-07-07 01:30:02 +0530 seo: before due time (now=0130 < 1100); skip
2026-07-07 02:00:01 +0530 wake-lock acquired
2026-07-07 02:00:02 +0530 site_monitor: before due time (now=0200 < 1000); skip
2026-07-07 02:00:02 +0530 seo: before due time (now=0200 < 1100); skip
2026-07-07 02:30:01 +0530 wake-lock acquired
2026-07-07 02:30:02 +0530 site_monitor: before due time (now=0230 < 1000); skip
2026-07-07 02:30:02 +0530 seo: before due time (now=0230 < 1100); skip
2026-07-07 03:00:01 +0530 wake-lock acquired
2026-07-07 03:00:02 +0530 site_monitor: before due time (now=0300 < 1000); skip
2026-07-07 03:00:02 +0530 seo: before due time (now=0300 < 1100); skip
2026-07-07 03:30:02 +0530 wake-lock acquired
2026-07-07 03:30:02 +0530 site_monitor: before due time (now=0330 < 1000); skip
2026-07-07 03:30:02 +0530 seo: before due time (now=0330 < 1100); skip
2026-07-07 04:00:02 +0530 wake-lock acquired
2026-07-07 04:00:02 +0530 site_monitor: before due time (now=0400 < 1000); skip
2026-07-07 04:00:02 +0530 seo: before due time (now=0400 < 1100); skip
2026-07-07 04:30:02 +0530 wake-lock acquired
2026-07-07 04:30:02 +0530 site_monitor: before due time (now=0430 < 1000); skip
2026-07-07 04:30:02 +0530 seo: before due time (now=0430 < 1100); skip
2026-07-07 05:00:02 +0530 wake-lock acquired
2026-07-07 05:00:02 +0530 site_monitor: before due time (now=0500 < 1000); skip
2026-07-07 05:00:02 +0530 seo: before due time (now=0500 < 1100); skip
2026-07-07 05:30:02 +0530 wake-lock acquired
2026-07-07 05:30:02 +0530 site_monitor: before due time (now=0530 < 1000); skip
2026-07-07 05:30:02 +0530 seo: before due time (now=0530 < 1100); skip
2026-07-07 06:00:02 +0530 wake-lock acquired
2026-07-07 06:00:02 +0530 site_monitor: before due time (now=0600 < 1000); skip
2026-07-07 06:00:02 +0530 seo: before due time (now=0600 < 1100); skip
2026-07-07 06:30:02 +0530 wake-lock acquired
2026-07-07 06:30:02 +0530 site_monitor: before due time (now=0630 < 1000); skip
2026-07-07 06:30:02 +0530 seo: before due time (now=0630 < 1100); skip
2026-07-07 07:00:02 +0530 wake-lock acquired
2026-07-07 07:00:02 +0530 site_monitor: before due time (now=0700 < 1000); skip
2026-07-07 07:00:02 +0530 seo: before due time (now=0700 < 1100); skip
2026-07-07 07:30:01 +0530 wake-lock acquired
2026-07-07 07:30:01 +0530 site_monitor: before due time (now=0730 < 1000); skip
2026-07-07 07:30:01 +0530 seo: before due time (now=0730 < 1100); skip
2026-07-07 08:00:01 +0530 wake-lock acquired
2026-07-07 08:00:01 +0530 site_monitor: before due time (now=0800 < 1000); skip
2026-07-07 08:00:01 +0530 seo: before due time (now=0800 < 1100); skip
2026-07-07 08:30:01 +0530 wake-lock acquired
2026-07-07 08:30:01 +0530 site_monitor: before due time (now=0830 < 1000); skip
2026-07-07 08:30:02 +0530 seo: before due time (now=0830 < 1100); skip
2026-07-07 09:00:01 +0530 wake-lock acquired
2026-07-07 09:00:01 +0530 site_monitor: before due time (now=0900 < 1000); skip
2026-07-07 09:00:01 +0530 seo: before due time (now=0900 < 1100); skip
2026-07-07 09:30:01 +0530 wake-lock acquired
2026-07-07 09:30:01 +0530 site_monitor: before due time (now=0930 < 1000); skip
2026-07-07 09:30:02 +0530 seo: before due time (now=0930 < 1100); skip
2026-07-07 10:00:01 +0530 wake-lock acquired
2026-07-07 10:00:10 +0530 site_monitor: due but network unavailable; will retry later
2026-07-07 10:00:10 +0530 seo: before due time (now=1000 < 1100); skip
2026-07-07 10:30:01 +0530 wake-lock acquired
2026-07-07 10:30:03 +0530 site_monitor: catching up (now=1030, due=1000)…
2026-07-07 10:36:27 +0530 site_monitor: catch-up runner exited rc=0
2026-07-07 10:36:28 +0530 seo: before due time (now=1036 < 1100); skip
2026-07-07 11:00:01 +0530 wake-lock acquired
2026-07-07 11:00:01 +0530 site_monitor: already succeeded today (2026-07-07); skip
2026-07-07 11:00:02 +0530 seo: catching up (now=1100, due=1100)…
2026-07-07 11:00:03 +0530 seo: catch-up runner exited rc=0
2026-07-07 11:30:02 +0530 wake-lock acquired
2026-07-07 11:30:02 +0530 site_monitor: already succeeded today (2026-07-07); skip
2026-07-07 11:30:02 +0530 seo: already succeeded today (2026-07-07); skip
2026-07-07 12:00:02 +0530 wake-lock acquired
2026-07-07 12:00:02 +0530 site_monitor: already succeeded today (2026-07-07); skip
2026-07-07 12:00:02 +0530 seo: already succeeded today (2026-07-07); skip
2026-07-07 12:30:02 +0530 wake-lock acquired
2026-07-07 12:30:02 +0530 site_monitor: already succeeded today (2026-07-07); skip
2026-07-07 12:30:02 +0530 seo: already succeeded today (2026-07-07); skip
2026-07-07 13:00:01 +0530 wake-lock acquired
2026-07-07 13:00:02 +0530 site_monitor: already succeeded today (2026-07-07); skip
2026-07-07 13:00:02 +0530 seo: already succeeded today (2026-07-07); skip
2026-07-07 13:30:01 +0530 wake-lock acquired
2026-07-07 13:30:02 +0530 site_monitor: already succeeded today (2026-07-07); skip
2026-07-07 13:30:02 +0530 seo: already succeeded today (2026-07-07); skip
2026-07-07 14:00:02 +0530 wake-lock acquired
2026-07-07 14:00:02 +0530 site_monitor: already succeeded today (2026-07-07); skip
2026-07-07 14:00:02 +0530 seo: already succeeded today (2026-07-07); skip
2026-07-07 14:30:02 +0530 wake-lock acquired
2026-07-07 14:30:02 +0530 site_monitor: already succeeded today (2026-07-07); skip
2026-07-07 14:30:02 +0530 seo: already succeeded today (2026-07-07); skip
2026-07-07 15:00:01 +0530 wake-lock acquired
2026-07-07 15:00:02 +0530 site_monitor: already succeeded today (2026-07-07); skip
2026-07-07 15:00:02 +0530 seo: already succeeded today (2026-07-07); skip
2026-07-07 15:30:01 +0530 wake-lock acquired
2026-07-07 15:30:02 +0530 site_monitor: already succeeded today (2026-07-07); skip
2026-07-07 15:30:02 +0530 seo: already succeeded today (2026-07-07); skip
2026-07-07 16:00:01 +0530 wake-lock acquired
2026-07-07 16:00:02 +0530 site_monitor: already succeeded today (2026-07-07); skip
2026-07-07 16:00:02 +0530 seo: already succeeded today (2026-07-07); skip
2026-07-07 16:30:01 +0530 wake-lock acquired
2026-07-07 16:30:02 +0530 site_monitor: already succeeded today (2026-07-07); skip
2026-07-07 16:30:02 +0530 seo: already succeeded today (2026-07-07); skip
2026-07-07 17:00:01 +0530 wake-lock acquired
2026-07-07 17:00:01 +0530 site_monitor: already succeeded today (2026-07-07); skip
2026-07-07 17:00:02 +0530 seo: already succeeded today (2026-07-07); skip
2026-07-07 17:30:01 +0530 wake-lock acquired
2026-07-07 17:30:01 +0530 site_monitor: already succeeded today (2026-07-07); skip
2026-07-07 17:30:01 +0530 seo: already succeeded today (2026-07-07); skip
2026-07-07 18:00:01 +0530 wake-lock acquired
2026-07-07 18:00:01 +0530 site_monitor: already succeeded today (2026-07-07); skip
2026-07-07 18:00:01 +0530 seo: already succeeded today (2026-07-07); skip
2026-07-07 18:30:01 +0530 wake-lock acquired
2026-07-07 18:30:01 +0530 site_monitor: already succeeded today (2026-07-07); skip
2026-07-07 18:30:01 +0530 seo: already succeeded today (2026-07-07); skip
2026-07-07 19:00:01 +0530 wake-lock acquired
2026-07-07 19:00:01 +0530 site_monitor: already succeeded today (2026-07-07); skip
2026-07-07 19:00:01 +0530 seo: already succeeded today (2026-07-07); skip
2026-07-07 19:30:02 +0530 wake-lock acquired
2026-07-07 19:30:02 +0530 site_monitor: already succeeded today (2026-07-07); skip
2026-07-07 19:30:02 +0530 seo: already succeeded today (2026-07-07); skip
2026-07-07 20:00:02 +0530 wake-lock acquired
2026-07-07 20:00:02 +0530 site_monitor: already succeeded today (2026-07-07); skip
2026-07-07 20:00:02 +0530 seo: already succeeded today (2026-07-07); skip
2026-07-07 20:30:01 +0530 wake-lock acquired
2026-07-07 20:30:02 +0530 site_monitor: already succeeded today (2026-07-07); skip
2026-07-07 20:30:02 +0530 seo: already succeeded today (2026-07-07); skip
2026-07-07 21:00:01 +0530 wake-lock acquired
2026-07-07 21:00:02 +0530 site_monitor: already succeeded today (2026-07-07); skip
2026-07-07 21:00:02 +0530 seo: already succeeded today (2026-07-07); skip
2026-07-07 21:30:01 +0530 wake-lock acquired
2026-07-07 21:30:02 +0530 site_monitor: already succeeded today (2026-07-07); skip
2026-07-07 21:30:02 +0530 seo: already succeeded today (2026-07-07); skip
2026-07-07 22:00:01 +0530 wake-lock acquired
2026-07-07 22:00:01 +0530 site_monitor: already succeeded today (2026-07-07); skip
2026-07-07 22:00:02 +0530 seo: already succeeded today (2026-07-07); skip
2026-07-07 22:30:01 +0530 wake-lock acquired
2026-07-07 22:30:01 +0530 site_monitor: already succeeded today (2026-07-07); skip
2026-07-07 22:30:02 +0530 seo: already succeeded today (2026-07-07); skip
2026-07-07 23:00:01 +0530 wake-lock acquired
2026-07-07 23:00:01 +0530 site_monitor: already succeeded today (2026-07-07); skip
2026-07-07 23:00:01 +0530 seo: already succeeded today (2026-07-07); skip
2026-07-07 23:30:01 +0530 wake-lock acquired
2026-07-07 23:30:01 +0530 site_monitor: already succeeded today (2026-07-07); skip
2026-07-07 23:30:01 +0530 seo: already succeeded today (2026-07-07); skip
2026-07-08 00:00:02 +0530 wake-lock acquired
2026-07-08 00:00:02 +0530 site_monitor: before due time (now=0000 < 1000); skip
2026-07-08 00:00:02 +0530 seo: before due time (now=0000 < 1100); skip
2026-07-08 00:30:02 +0530 wake-lock acquired
2026-07-08 00:30:02 +0530 site_monitor: before due time (now=0030 < 1000); skip
2026-07-08 00:30:02 +0530 seo: before due time (now=0030 < 1100); skip
2026-07-08 01:00:02 +0530 wake-lock acquired
2026-07-08 01:00:02 +0530 site_monitor: before due time (now=0100 < 1000); skip
2026-07-08 01:00:02 +0530 seo: before due time (now=0100 < 1100); skip
2026-07-08 01:30:01 +0530 wake-lock acquired
2026-07-08 01:30:01 +0530 site_monitor: before due time (now=0130 < 1000); skip
2026-07-08 01:30:01 +0530 seo: before due time (now=0130 < 1100); skip
2026-07-08 02:00:01 +0530 wake-lock acquired
2026-07-08 02:00:01 +0530 site_monitor: before due time (now=0200 < 1000); skip
2026-07-08 02:00:01 +0530 seo: before due time (now=0200 < 1100); skip
2026-07-08 02:30:01 +0530 wake-lock acquired
2026-07-08 02:30:01 +0530 site_monitor: before due time (now=0230 < 1000); skip
2026-07-08 02:30:01 +0530 seo: before due time (now=0230 < 1100); skip
2026-07-08 03:00:01 +0530 wake-lock acquired
2026-07-08 03:00:01 +0530 site_monitor: before due time (now=0300 < 1000); skip
2026-07-08 03:00:01 +0530 seo: before due time (now=0300 < 1100); skip
2026-07-08 03:30:01 +0530 wake-lock acquired
2026-07-08 03:30:01 +0530 site_monitor: before due time (now=0330 < 1000); skip
2026-07-08 03:30:01 +0530 seo: before due time (now=0330 < 1100); skip
2026-07-08 04:00:01 +0530 wake-lock acquired
2026-07-08 04:00:01 +0530 site_monitor: before due time (now=0400 < 1000); skip
2026-07-08 04:00:01 +0530 seo: before due time (now=0400 < 1100); skip
2026-07-08 04:30:01 +0530 wake-lock acquired
2026-07-08 04:30:02 +0530 site_monitor: before due time (now=0430 < 1000); skip
2026-07-08 04:30:02 +0530 seo: before due time (now=0430 < 1100); skip
2026-07-08 05:00:02 +0530 wake-lock acquired
2026-07-08 05:00:02 +0530 site_monitor: before due time (now=0500 < 1000); skip
2026-07-08 05:00:02 +0530 seo: before due time (now=0500 < 1100); skip
2026-07-08 05:30:02 +0530 wake-lock acquired
2026-07-08 05:30:02 +0530 site_monitor: before due time (now=0530 < 1000); skip
2026-07-08 05:30:02 +0530 seo: before due time (now=0530 < 1100); skip
2026-07-08 06:00:02 +0530 wake-lock acquired
2026-07-08 06:00:02 +0530 site_monitor: before due time (now=0600 < 1000); skip
2026-07-08 06:00:02 +0530 seo: before due time (now=0600 < 1100); skip
2026-07-08 06:30:02 +0530 wake-lock acquired
2026-07-08 06:30:02 +0530 site_monitor: before due time (now=0630 < 1000); skip
2026-07-08 06:30:02 +0530 seo: before due time (now=0630 < 1100); skip
2026-07-08 07:00:01 +0530 wake-lock acquired
2026-07-08 07:00:01 +0530 site_monitor: before due time (now=0700 < 1000); skip
2026-07-08 07:00:01 +0530 seo: before due time (now=0700 < 1100); skip
2026-07-08 07:30:01 +0530 wake-lock acquired
2026-07-08 07:30:01 +0530 site_monitor: before due time (now=0730 < 1000); skip
2026-07-08 07:30:01 +0530 seo: before due time (now=0730 < 1100); skip
2026-07-08 08:00:01 +0530 wake-lock acquired
2026-07-08 08:00:01 +0530 site_monitor: before due time (now=0800 < 1000); skip
2026-07-08 08:00:02 +0530 seo: before due time (now=0800 < 1100); skip
2026-07-08 08:30:01 +0530 wake-lock acquired
2026-07-08 08:30:01 +0530 site_monitor: before due time (now=0830 < 1000); skip
2026-07-08 08:30:01 +0530 seo: before due time (now=0830 < 1100); skip
2026-07-08 09:00:01 +0530 wake-lock acquired
2026-07-08 09:00:01 +0530 site_monitor: before due time (now=0900 < 1000); skip
2026-07-08 09:00:01 +0530 seo: before due time (now=0900 < 1100); skip
2026-07-08 09:30:01 +0530 wake-lock acquired
2026-07-08 09:30:01 +0530 site_monitor: before due time (now=0930 < 1000); skip
2026-07-08 09:30:01 +0530 seo: before due time (now=0930 < 1100); skip
2026-07-08 10:00:01 +0530 wake-lock acquired
2026-07-08 10:00:02 +0530 site_monitor: catching up (now=1000, due=1000)…
2026-07-08 10:00:03 +0530 site_monitor: catch-up runner exited rc=0
2026-07-08 10:00:03 +0530 seo: before due time (now=1000 < 1100); skip
2026-07-08 10:30:01 +0530 wake-lock acquired
2026-07-08 10:30:02 +0530 site_monitor: already succeeded today (2026-07-08); skip
2026-07-08 10:30:02 +0530 seo: before due time (now=1030 < 1100); skip
2026-07-08 11:00:01 +0530 wake-lock acquired
2026-07-08 11:00:01 +0530 site_monitor: already succeeded today (2026-07-08); skip
2026-07-08 11:00:02 +0530 seo: catching up (now=1100, due=1100)…
2026-07-08 11:00:03 +0530 seo: catch-up runner exited rc=0
2026-07-08 11:30:01 +0530 wake-lock acquired
2026-07-08 11:30:01 +0530 site_monitor: already succeeded today (2026-07-08); skip
2026-07-08 11:30:02 +0530 seo: already succeeded today (2026-07-08); skip
2026-07-08 11:49:20 +0530 wake-lock acquired
2026-07-08 11:49:20 +0530 site_monitor: already succeeded today (2026-07-08); skip
2026-07-08 11:49:20 +0530 seo: already succeeded today (2026-07-08); skip
2026-07-08 12:00:01 +0530 wake-lock acquired
2026-07-08 12:00:01 +0530 site_monitor: already succeeded today (2026-07-08); skip
2026-07-08 12:00:01 +0530 seo: already succeeded today (2026-07-08); skip
2026-07-08 12:30:02 +0530 wake-lock acquired
2026-07-08 12:30:02 +0530 site_monitor: already succeeded today (2026-07-08); skip
2026-07-08 12:30:02 +0530 seo: already succeeded today (2026-07-08); skip
2026-07-08 13:00:02 +0530 wake-lock acquired
2026-07-08 13:00:02 +0530 site_monitor: already succeeded today (2026-07-08); skip
2026-07-08 13:00:02 +0530 seo: already succeeded today (2026-07-08); skip
2026-07-08 13:30:02 +0530 wake-lock acquired
2026-07-08 13:30:02 +0530 site_monitor: already succeeded today (2026-07-08); skip
2026-07-08 13:30:02 +0530 seo: already succeeded today (2026-07-08); skip
2026-07-08 14:00:01 +0530 wake-lock acquired
2026-07-08 14:00:02 +0530 site_monitor: already succeeded today (2026-07-08); skip
2026-07-08 14:00:02 +0530 seo: already succeeded today (2026-07-08); skip
2026-07-08 14:30:01 +0530 wake-lock acquired
2026-07-08 14:30:02 +0530 site_monitor: already succeeded today (2026-07-08); skip
2026-07-08 14:30:02 +0530 seo: already succeeded today (2026-07-08); skip
2026-07-08 15:00:01 +0530 wake-lock acquired
2026-07-08 15:00:02 +0530 site_monitor: already succeeded today (2026-07-08); skip
2026-07-08 15:00:02 +0530 seo: already succeeded today (2026-07-08); skip
2026-07-08 15:30:01 +0530 wake-lock acquired
2026-07-08 15:30:02 +0530 site_monitor: already succeeded today (2026-07-08); skip
2026-07-08 15:30:02 +0530 seo: already succeeded today (2026-07-08); skip
2026-07-08 16:00:01 +0530 wake-lock acquired
2026-07-08 16:00:02 +0530 site_monitor: already succeeded today (2026-07-08); skip
2026-07-08 16:00:02 +0530 seo: already succeeded today (2026-07-08); skip
2026-07-08 16:30:01 +0530 wake-lock acquired
2026-07-08 16:30:02 +0530 site_monitor: already succeeded today (2026-07-08); skip
2026-07-08 16:30:02 +0530 seo: already succeeded today (2026-07-08); skip
2026-07-08 17:00:01 +0530 wake-lock acquired
2026-07-08 17:00:01 +0530 site_monitor: already succeeded today (2026-07-08); skip
2026-07-08 17:00:02 +0530 seo: already succeeded today (2026-07-08); skip
2026-07-08 17:30:01 +0530 wake-lock acquired
2026-07-08 17:30:01 +0530 site_monitor: already succeeded today (2026-07-08); skip
2026-07-08 17:30:02 +0530 seo: already succeeded today (2026-07-08); skip
2026-07-08 18:00:01 +0530 wake-lock acquired
2026-07-08 18:00:01 +0530 site_monitor: already succeeded today (2026-07-08); skip
2026-07-08 18:00:01 +0530 seo: already succeeded today (2026-07-08); skip
2026-07-08 18:30:01 +0530 wake-lock acquired
2026-07-08 18:30:01 +0530 site_monitor: already succeeded today (2026-07-08); skip
2026-07-08 18:30:01 +0530 seo: already succeeded today (2026-07-08); skip
2026-07-08 19:00:01 +0530 wake-lock acquired
2026-07-08 19:00:01 +0530 site_monitor: already succeeded today (2026-07-08); skip
2026-07-08 19:00:01 +0530 seo: already succeeded today (2026-07-08); skip
2026-07-08 19:30:02 +0530 wake-lock acquired
2026-07-08 19:30:02 +0530 site_monitor: already succeeded today (2026-07-08); skip
2026-07-08 19:30:02 +0530 seo: already succeeded today (2026-07-08); skip
2026-07-08 20:00:02 +0530 wake-lock acquired
2026-07-08 20:00:02 +0530 site_monitor: already succeeded today (2026-07-08); skip
2026-07-08 20:00:02 +0530 seo: already succeeded today (2026-07-08); skip
2026-07-08 20:30:02 +0530 wake-lock acquired
2026-07-08 20:30:02 +0530 site_monitor: already succeeded today (2026-07-08); skip
2026-07-08 20:30:02 +0530 seo: already succeeded today (2026-07-08); skip
2026-07-08 21:00:02 +0530 wake-lock acquired
2026-07-08 21:00:02 +0530 site_monitor: already succeeded today (2026-07-08); skip
2026-07-08 21:00:02 +0530 seo: already succeeded today (2026-07-08); skip
2026-07-08 21:30:01 +0530 wake-lock acquired
2026-07-08 21:30:02 +0530 site_monitor: already succeeded today (2026-07-08); skip
2026-07-08 21:30:02 +0530 seo: already succeeded today (2026-07-08); skip
2026-07-08 22:00:01 +0530 wake-lock acquired
2026-07-08 22:00:02 +0530 site_monitor: already succeeded today (2026-07-08); skip
2026-07-08 22:00:02 +0530 seo: already succeeded today (2026-07-08); skip
2026-07-08 22:30:01 +0530 wake-lock acquired
2026-07-08 22:30:02 +0530 site_monitor: already succeeded today (2026-07-08); skip
2026-07-08 22:30:02 +0530 seo: already succeeded today (2026-07-08); skip
2026-07-08 23:00:01 +0530 wake-lock acquired
2026-07-08 23:00:02 +0530 site_monitor: already succeeded today (2026-07-08); skip
2026-07-08 23:00:02 +0530 seo: already succeeded today (2026-07-08); skip
2026-07-08 23:30:01 +0530 wake-lock acquired
2026-07-08 23:30:01 +0530 site_monitor: already succeeded today (2026-07-08); skip
2026-07-08 23:30:02 +0530 seo: already succeeded today (2026-07-08); skip
2026-07-09 00:00:01 +0530 wake-lock acquired
2026-07-09 00:00:01 +0530 site_monitor: before due time (now=0000 < 1000); skip
2026-07-09 00:00:02 +0530 seo: before due time (now=0000 < 1100); skip
2026-07-09 00:30:01 +0530 wake-lock acquired
2026-07-09 00:30:01 +0530 site_monitor: before due time (now=0030 < 1000); skip
2026-07-09 00:30:02 +0530 seo: before due time (now=0030 < 1100); skip
2026-07-09 01:00:01 +0530 wake-lock acquired
2026-07-09 01:00:01 +0530 site_monitor: before due time (now=0100 < 1000); skip
2026-07-09 01:00:02 +0530 seo: before due time (now=0100 < 1100); skip
2026-07-09 01:30:01 +0530 wake-lock acquired
2026-07-09 01:30:01 +0530 site_monitor: before due time (now=0130 < 1000); skip
2026-07-09 01:30:02 +0530 seo: before due time (now=0130 < 1100); skip
2026-07-09 02:00:01 +0530 wake-lock acquired
2026-07-09 02:00:01 +0530 site_monitor: before due time (now=0200 < 1000); skip
2026-07-09 02:00:02 +0530 seo: before due time (now=0200 < 1100); skip
2026-07-09 02:30:01 +0530 wake-lock acquired
2026-07-09 02:30:01 +0530 site_monitor: before due time (now=0230 < 1000); skip
2026-07-09 02:30:02 +0530 seo: before due time (now=0230 < 1100); skip
2026-07-09 03:00:01 +0530 wake-lock acquired
2026-07-09 03:00:01 +0530 site_monitor: before due time (now=0300 < 1000); skip
2026-07-09 03:00:02 +0530 seo: before due time (now=0300 < 1100); skip
2026-07-09 03:30:01 +0530 wake-lock acquired
2026-07-09 03:30:02 +0530 site_monitor: before due time (now=0330 < 1000); skip
2026-07-09 03:30:02 +0530 seo: before due time (now=0330 < 1100); skip
2026-07-09 04:00:01 +0530 wake-lock acquired
2026-07-09 04:00:02 +0530 site_monitor: before due time (now=0400 < 1000); skip
2026-07-09 04:00:02 +0530 seo: before due time (now=0400 < 1100); skip
2026-07-09 04:30:01 +0530 wake-lock acquired
2026-07-09 04:30:02 +0530 site_monitor: before due time (now=0430 < 1000); skip
2026-07-09 04:30:02 +0530 seo: before due time (now=0430 < 1100); skip
2026-07-09 05:00:01 +0530 wake-lock acquired
2026-07-09 05:00:02 +0530 site_monitor: before due time (now=0500 < 1000); skip
2026-07-09 05:00:02 +0530 seo: before due time (now=0500 < 1100); skip
2026-07-09 05:30:01 +0530 wake-lock acquired
2026-07-09 05:30:02 +0530 site_monitor: before due time (now=0530 < 1000); skip
2026-07-09 05:30:02 +0530 seo: before due time (now=0530 < 1100); skip
2026-07-09 06:00:01 +0530 wake-lock acquired
2026-07-09 06:00:02 +0530 site_monitor: before due time (now=0600 < 1000); skip
2026-07-09 06:00:02 +0530 seo: before due time (now=0600 < 1100); skip
2026-07-09 06:30:01 +0530 wake-lock acquired
2026-07-09 06:30:02 +0530 site_monitor: before due time (now=0630 < 1000); skip
2026-07-09 06:30:02 +0530 seo: before due time (now=0630 < 1100); skip
2026-07-09 07:00:01 +0530 wake-lock acquired
2026-07-09 07:00:02 +0530 site_monitor: before due time (now=0700 < 1000); skip
2026-07-09 07:00:02 +0530 seo: before due time (now=0700 < 1100); skip
2026-07-09 07:30:01 +0530 wake-lock acquired
2026-07-09 07:30:02 +0530 site_monitor: before due time (now=0730 < 1000); skip
2026-07-09 07:30:02 +0530 seo: before due time (now=0730 < 1100); skip
2026-07-09 08:00:01 +0530 wake-lock acquired
2026-07-09 08:00:02 +0530 site_monitor: before due time (now=0800 < 1000); skip
2026-07-09 08:00:02 +0530 seo: before due time (now=0800 < 1100); skip
2026-07-09 08:30:01 +0530 wake-lock acquired
2026-07-09 08:30:02 +0530 site_monitor: before due time (now=0830 < 1000); skip
2026-07-09 08:30:02 +0530 seo: before due time (now=0830 < 1100); skip
2026-07-09 09:00:01 +0530 wake-lock acquired
2026-07-09 09:00:02 +0530 site_monitor: before due time (now=0900 < 1000); skip
2026-07-09 09:00:02 +0530 seo: before due time (now=0900 < 1100); skip
2026-07-09 09:30:02 +0530 wake-lock acquired
2026-07-09 09:30:02 +0530 site_monitor: before due time (now=0930 < 1000); skip
2026-07-09 09:30:02 +0530 seo: before due time (now=0930 < 1100); skip
2026-07-09 10:00:02 +0530 wake-lock acquired
2026-07-09 10:00:03 +0530 site_monitor: catching up (now=1000, due=1000)…
2026-07-09 10:00:04 +0530 site_monitor: catch-up runner exited rc=0
2026-07-09 10:00:04 +0530 seo: before due time (now=1000 < 1100); skip
2026-07-09 10:30:01 +0530 wake-lock acquired
2026-07-09 10:30:02 +0530 site_monitor: already succeeded today (2026-07-09); skip
2026-07-09 10:30:02 +0530 seo: before due time (now=1030 < 1100); skip
2026-07-09 11:00:01 +0530 wake-lock acquired
2026-07-09 11:00:02 +0530 site_monitor: already succeeded today (2026-07-09); skip
2026-07-09 11:00:02 +0530 seo: catching up (now=1100, due=1100)…
2026-07-09 11:00:03 +0530 seo: catch-up runner exited rc=0
2026-07-09 11:30:01 +0530 wake-lock acquired
2026-07-09 11:30:01 +0530 site_monitor: already succeeded today (2026-07-09); skip
2026-07-09 11:30:01 +0530 seo: already succeeded today (2026-07-09); skip
2026-07-09 12:00:01 +0530 wake-lock acquired
2026-07-09 12:00:01 +0530 site_monitor: already succeeded today (2026-07-09); skip
2026-07-09 12:00:01 +0530 seo: already succeeded today (2026-07-09); skip
2026-07-09 12:30:02 +0530 wake-lock acquired
2026-07-09 12:30:02 +0530 site_monitor: already succeeded today (2026-07-09); skip
2026-07-09 12:30:02 +0530 seo: already succeeded today (2026-07-09); skip
2026-07-09 13:00:02 +0530 wake-lock acquired
2026-07-09 13:00:02 +0530 site_monitor: already succeeded today (2026-07-09); skip
2026-07-09 13:00:02 +0530 seo: already succeeded today (2026-07-09); skip
2026-07-09 13:30:02 +0530 wake-lock acquired
2026-07-09 13:30:02 +0530 site_monitor: already succeeded today (2026-07-09); skip
2026-07-09 13:30:02 +0530 seo: already succeeded today (2026-07-09); skip
2026-07-09 14:00:02 +0530 wake-lock acquired
2026-07-09 14:00:02 +0530 site_monitor: already succeeded today (2026-07-09); skip
2026-07-09 14:00:02 +0530 seo: already succeeded today (2026-07-09); skip
2026-07-09 14:30:01 +0530 wake-lock acquired
2026-07-09 14:30:02 +0530 site_monitor: already succeeded today (2026-07-09); skip
2026-07-09 14:30:02 +0530 seo: already succeeded today (2026-07-09); skip
2026-07-09 15:00:01 +0530 wake-lock acquired
2026-07-09 15:00:02 +0530 site_monitor: already succeeded today (2026-07-09); skip
2026-07-09 15:00:02 +0530 seo: already succeeded today (2026-07-09); skip
2026-07-09 15:30:01 +0530 wake-lock acquired
2026-07-09 15:30:02 +0530 site_monitor: already succeeded today (2026-07-09); skip
2026-07-09 15:30:02 +0530 seo: already succeeded today (2026-07-09); skip
2026-07-09 16:00:01 +0530 wake-lock acquired
2026-07-09 16:00:01 +0530 site_monitor: already succeeded today (2026-07-09); skip
2026-07-09 16:00:01 +0530 seo: already succeeded today (2026-07-09); skip
2026-07-09 16:30:01 +0530 wake-lock acquired
2026-07-09 16:30:01 +0530 site_monitor: already succeeded today (2026-07-09); skip
2026-07-09 16:30:01 +0530 seo: already succeeded today (2026-07-09); skip
2026-07-09 17:00:01 +0530 wake-lock acquired
2026-07-09 17:00:01 +0530 site_monitor: already succeeded today (2026-07-09); skip
2026-07-09 17:00:01 +0530 seo: already succeeded today (2026-07-09); skip
2026-07-09 17:30:01 +0530 wake-lock acquired
2026-07-09 17:30:01 +0530 site_monitor: already succeeded today (2026-07-09); skip
2026-07-09 17:30:01 +0530 seo: already succeeded today (2026-07-09); skip
2026-07-09 18:00:02 +0530 wake-lock acquired
2026-07-09 18:00:02 +0530 site_monitor: already succeeded today (2026-07-09); skip
2026-07-09 18:00:02 +0530 seo: already succeeded today (2026-07-09); skip
2026-07-09 18:30:02 +0530 wake-lock acquired
2026-07-09 18:30:02 +0530 site_monitor: already succeeded today (2026-07-09); skip
2026-07-09 18:30:02 +0530 seo: already succeeded today (2026-07-09); skip
2026-07-09 19:00:02 +0530 wake-lock acquired
2026-07-09 19:00:02 +0530 site_monitor: already succeeded today (2026-07-09); skip
2026-07-09 19:00:02 +0530 seo: already succeeded today (2026-07-09); skip
2026-07-09 19:30:02 +0530 wake-lock acquired
2026-07-09 19:30:02 +0530 site_monitor: already succeeded today (2026-07-09); skip
2026-07-09 19:30:02 +0530 seo: already succeeded today (2026-07-09); skip
2026-07-09 20:00:02 +0530 wake-lock acquired
2026-07-09 20:00:02 +0530 site_monitor: already succeeded today (2026-07-09); skip
2026-07-09 20:00:02 +0530 seo: already succeeded today (2026-07-09); skip
2026-07-09 20:30:02 +0530 wake-lock acquired
2026-07-09 20:30:02 +0530 site_monitor: already succeeded today (2026-07-09); skip
2026-07-09 20:30:02 +0530 seo: already succeeded today (2026-07-09); skip
2026-07-09 21:00:01 +0530 wake-lock acquired
2026-07-09 21:00:02 +0530 site_monitor: already succeeded today (2026-07-09); skip
2026-07-09 21:00:02 +0530 seo: already succeeded today (2026-07-09); skip
2026-07-09 21:30:01 +0530 wake-lock acquired
2026-07-09 21:30:02 +0530 site_monitor: already succeeded today (2026-07-09); skip
2026-07-09 21:30:02 +0530 seo: already succeeded today (2026-07-09); skip
2026-07-09 22:00:01 +0530 wake-lock acquired
2026-07-09 22:00:02 +0530 site_monitor: already succeeded today (2026-07-09); skip
2026-07-09 22:00:02 +0530 seo: already succeeded today (2026-07-09); skip
2026-07-09 22:30:01 +0530 wake-lock acquired
2026-07-09 22:30:02 +0530 site_monitor: already succeeded today (2026-07-09); skip
2026-07-09 22:30:02 +0530 seo: already succeeded today (2026-07-09); skip
2026-07-09 23:00:01 +0530 wake-lock acquired
2026-07-09 23:00:02 +0530 site_monitor: already succeeded today (2026-07-09); skip
2026-07-09 23:00:02 +0530 seo: already succeeded today (2026-07-09); skip
2026-07-09 23:30:01 +0530 wake-lock acquired
2026-07-09 23:30:02 +0530 site_monitor: already succeeded today (2026-07-09); skip
2026-07-09 23:30:02 +0530 seo: already succeeded today (2026-07-09); skip
2026-07-10 00:00:01 +0530 wake-lock acquired
2026-07-10 00:00:02 +0530 site_monitor: before due time (now=0000 < 1000); skip
2026-07-10 00:00:02 +0530 seo: before due time (now=0000 < 1100); skip
2026-07-10 00:30:01 +0530 wake-lock acquired
2026-07-10 00:30:02 +0530 site_monitor: before due time (now=0030 < 1000); skip
2026-07-10 00:30:02 +0530 seo: before due time (now=0030 < 1100); skip
2026-07-10 01:00:01 +0530 wake-lock acquired
2026-07-10 01:00:02 +0530 site_monitor: before due time (now=0100 < 1000); skip
2026-07-10 01:00:02 +0530 seo: before due time (now=0100 < 1100); skip
2026-07-10 01:30:01 +0530 wake-lock acquired
2026-07-10 01:30:02 +0530 site_monitor: before due time (now=0130 < 1000); skip
2026-07-10 01:30:02 +0530 seo: before due time (now=0130 < 1100); skip
2026-07-10 02:00:01 +0530 wake-lock acquired
2026-07-10 02:00:01 +0530 site_monitor: before due time (now=0200 < 1000); skip
2026-07-10 02:00:02 +0530 seo: before due time (now=0200 < 1100); skip
2026-07-10 02:30:01 +0530 wake-lock acquired
2026-07-10 02:30:01 +0530 site_monitor: before due time (now=0230 < 1000); skip
2026-07-10 02:30:02 +0530 seo: before due time (now=0230 < 1100); skip
2026-07-10 03:00:01 +0530 wake-lock acquired
2026-07-10 03:00:01 +0530 site_monitor: before due time (now=0300 < 1000); skip
2026-07-10 03:00:02 +0530 seo: before due time (now=0300 < 1100); skip
2026-07-10 03:30:01 +0530 wake-lock acquired
2026-07-10 03:30:01 +0530 site_monitor: before due time (now=0330 < 1000); skip
2026-07-10 03:30:02 +0530 seo: before due time (now=0330 < 1100); skip
2026-07-10 04:00:01 +0530 wake-lock acquired
2026-07-10 04:00:01 +0530 site_monitor: before due time (now=0400 < 1000); skip
2026-07-10 04:00:02 +0530 seo: before due time (now=0400 < 1100); skip
2026-07-10 04:30:01 +0530 wake-lock acquired
2026-07-10 04:30:02 +0530 site_monitor: before due time (now=0430 < 1000); skip
2026-07-10 04:30:02 +0530 seo: before due time (now=0430 < 1100); skip
2026-07-10 05:00:01 +0530 wake-lock acquired
2026-07-10 05:00:01 +0530 site_monitor: before due time (now=0500 < 1000); skip
2026-07-10 05:00:02 +0530 seo: before due time (now=0500 < 1100); skip
2026-07-10 05:30:01 +0530 wake-lock acquired
2026-07-10 05:30:02 +0530 site_monitor: before due time (now=0530 < 1000); skip
2026-07-10 05:30:02 +0530 seo: before due time (now=0530 < 1100); skip
2026-07-10 06:00:01 +0530 wake-lock acquired
2026-07-10 06:00:02 +0530 site_monitor: before due time (now=0600 < 1000); skip
2026-07-10 06:00:02 +0530 seo: before due time (now=0600 < 1100); skip
2026-07-10 06:30:01 +0530 wake-lock acquired
2026-07-10 06:30:01 +0530 site_monitor: before due time (now=0630 < 1000); skip
2026-07-10 06:30:02 +0530 seo: before due time (now=0630 < 1100); skip
2026-07-10 07:00:01 +0530 wake-lock acquired
2026-07-10 07:00:02 +0530 site_monitor: before due time (now=0700 < 1000); skip
2026-07-10 07:00:02 +0530 seo: before due time (now=0700 < 1100); skip
2026-07-10 07:30:01 +0530 wake-lock acquired
2026-07-10 07:30:01 +0530 site_monitor: before due time (now=0730 < 1000); skip
2026-07-10 07:30:02 +0530 seo: before due time (now=0730 < 1100); skip
2026-07-10 08:00:01 +0530 wake-lock acquired
2026-07-10 08:00:01 +0530 site_monitor: before due time (now=0800 < 1000); skip
2026-07-10 08:00:02 +0530 seo: before due time (now=0800 < 1100); skip
2026-07-10 08:30:01 +0530 wake-lock acquired
2026-07-10 08:30:02 +0530 site_monitor: before due time (now=0830 < 1000); skip
2026-07-10 08:30:02 +0530 seo: before due time (now=0830 < 1100); skip
2026-07-10 09:00:01 +0530 wake-lock acquired
2026-07-10 09:00:02 +0530 site_monitor: before due time (now=0900 < 1000); skip
2026-07-10 09:00:02 +0530 seo: before due time (now=0900 < 1100); skip
2026-07-10 09:30:01 +0530 wake-lock acquired
2026-07-10 09:30:01 +0530 site_monitor: before due time (now=0930 < 1000); skip
2026-07-10 09:30:02 +0530 seo: before due time (now=0930 < 1100); skip
2026-07-10 10:00:01 +0530 wake-lock acquired
2026-07-10 10:00:02 +0530 site_monitor: catching up (now=1000, due=1000)…
2026-07-10 10:00:04 +0530 site_monitor: catch-up runner exited rc=0
2026-07-10 10:00:04 +0530 seo: before due time (now=1000 < 1100); skip
2026-07-10 10:30:02 +0530 wake-lock acquired
2026-07-10 10:30:02 +0530 site_monitor: already succeeded today (2026-07-10); skip
2026-07-10 10:30:02 +0530 seo: before due time (now=1030 < 1100); skip
2026-07-10 11:00:02 +0530 wake-lock acquired
2026-07-10 11:00:02 +0530 site_monitor: already succeeded today (2026-07-10); skip
2026-07-10 11:00:03 +0530 seo: catching up (now=1100, due=1100)…
2026-07-10 11:00:04 +0530 seo: catch-up runner exited rc=0
2026-07-10 11:30:02 +0530 wake-lock acquired
2026-07-10 11:30:02 +0530 site_monitor: already succeeded today (2026-07-10); skip
2026-07-10 11:30:02 +0530 seo: already succeeded today (2026-07-10); skip
2026-07-10 12:00:02 +0530 wake-lock acquired
2026-07-10 12:00:02 +0530 site_monitor: already succeeded today (2026-07-10); skip
2026-07-10 12:00:02 +0530 seo: already succeeded today (2026-07-10); skip
2026-07-10 12:30:01 +0530 wake-lock acquired
2026-07-10 12:30:02 +0530 site_monitor: already succeeded today (2026-07-10); skip
2026-07-10 12:30:02 +0530 seo: already succeeded today (2026-07-10); skip
2026-07-10 13:00:01 +0530 wake-lock acquired
2026-07-10 13:00:02 +0530 site_monitor: already succeeded today (2026-07-10); skip
2026-07-10 13:00:02 +0530 seo: already succeeded today (2026-07-10); skip
2026-07-10 13:30:01 +0530 wake-lock acquired
2026-07-10 13:30:02 +0530 site_monitor: already succeeded today (2026-07-10); skip
2026-07-10 13:30:02 +0530 seo: already succeeded today (2026-07-10); skip
2026-07-10 14:00:02 +0530 wake-lock acquired
2026-07-10 14:00:03 +0530 site_monitor: already succeeded today (2026-07-10); skip
2026-07-10 14:00:03 +0530 seo: already succeeded today (2026-07-10); skip
2026-07-10 14:30:01 +0530 wake-lock acquired
2026-07-10 14:30:01 +0530 site_monitor: already succeeded today (2026-07-10); skip
2026-07-10 14:30:02 +0530 seo: already succeeded today (2026-07-10); skip
2026-07-10 15:00:01 +0530 wake-lock acquired
2026-07-10 15:00:01 +0530 site_monitor: already succeeded today (2026-07-10); skip
2026-07-10 15:00:01 +0530 seo: already succeeded today (2026-07-10); skip
2026-07-10 15:30:01 +0530 wake-lock acquired
2026-07-10 15:30:01 +0530 site_monitor: already succeeded today (2026-07-10); skip
2026-07-10 15:30:01 +0530 seo: already succeeded today (2026-07-10); skip
2026-07-10 16:00:02 +0530 wake-lock acquired
2026-07-10 16:00:02 +0530 site_monitor: already succeeded today (2026-07-10); skip
2026-07-10 16:00:02 +0530 seo: already succeeded today (2026-07-10); skip
2026-07-10 16:30:02 +0530 wake-lock acquired
2026-07-10 16:30:02 +0530 site_monitor: already succeeded today (2026-07-10); skip
2026-07-10 16:30:02 +0530 seo: already succeeded today (2026-07-10); skip
2026-07-10 17:00:01 +0530 wake-lock acquired
2026-07-10 17:00:02 +0530 site_monitor: already succeeded today (2026-07-10); skip
2026-07-10 17:00:02 +0530 seo: already succeeded today (2026-07-10); skip
2026-07-10 17:30:01 +0530 wake-lock acquired
2026-07-10 17:30:02 +0530 site_monitor: already succeeded today (2026-07-10); skip
2026-07-10 17:30:02 +0530 seo: already succeeded today (2026-07-10); skip
2026-07-10 18:00:01 +0530 wake-lock acquired
2026-07-10 18:00:02 +0530 site_monitor: already succeeded today (2026-07-10); skip
2026-07-10 18:00:02 +0530 seo: already succeeded today (2026-07-10); skip
2026-07-10 18:30:01 +0530 wake-lock acquired
2026-07-10 18:30:01 +0530 site_monitor: already succeeded today (2026-07-10); skip
2026-07-10 18:30:01 +0530 seo: already succeeded today (2026-07-10); skip
2026-07-10 19:00:01 +0530 wake-lock acquired
2026-07-10 19:00:01 +0530 site_monitor: already succeeded today (2026-07-10); skip
2026-07-10 19:00:01 +0530 seo: already succeeded today (2026-07-10); skip
2026-07-10 19:30:01 +0530 wake-lock acquired
2026-07-10 19:30:01 +0530 site_monitor: already succeeded today (2026-07-10); skip
2026-07-10 19:30:01 +0530 seo: already succeeded today (2026-07-10); skip
2026-07-10 20:00:02 +0530 wake-lock acquired
2026-07-10 20:00:02 +0530 site_monitor: already succeeded today (2026-07-10); skip
2026-07-10 20:00:02 +0530 seo: already succeeded today (2026-07-10); skip
2026-07-10 20:30:02 +0530 wake-lock acquired
2026-07-10 20:30:02 +0530 site_monitor: already succeeded today (2026-07-10); skip
2026-07-10 20:30:02 +0530 seo: already succeeded today (2026-07-10); skip
2026-07-10 21:00:02 +0530 wake-lock acquired
2026-07-10 21:00:02 +0530 site_monitor: already succeeded today (2026-07-10); skip
2026-07-10 21:00:02 +0530 seo: already succeeded today (2026-07-10); skip
2026-07-10 21:30:02 +0530 wake-lock acquired
2026-07-10 21:30:02 +0530 site_monitor: already succeeded today (2026-07-10); skip
2026-07-10 21:30:02 +0530 seo: already succeeded today (2026-07-10); skip
2026-07-10 22:00:02 +0530 wake-lock acquired
2026-07-10 22:00:02 +0530 site_monitor: already succeeded today (2026-07-10); skip
2026-07-10 22:00:02 +0530 seo: already succeeded today (2026-07-10); skip
2026-07-10 22:30:01 +0530 wake-lock acquired
2026-07-10 22:30:02 +0530 site_monitor: already succeeded today (2026-07-10); skip
2026-07-10 22:30:02 +0530 seo: already succeeded today (2026-07-10); skip
2026-07-10 23:00:01 +0530 wake-lock acquired
2026-07-10 23:00:02 +0530 site_monitor: already succeeded today (2026-07-10); skip
2026-07-10 23:00:02 +0530 seo: already succeeded today (2026-07-10); skip
2026-07-10 23:30:01 +0530 wake-lock acquired
2026-07-10 23:30:02 +0530 site_monitor: already succeeded today (2026-07-10); skip
2026-07-10 23:30:02 +0530 seo: already succeeded today (2026-07-10); skip
2026-07-11 00:00:01 +0530 wake-lock acquired
2026-07-11 00:00:02 +0530 site_monitor: before due time (now=0000 < 1000); skip
2026-07-11 00:00:02 +0530 seo: before due time (now=0000 < 1100); skip
2026-07-11 00:30:01 +0530 wake-lock acquired
2026-07-11 00:30:02 +0530 site_monitor: before due time (now=0030 < 1000); skip
2026-07-11 00:30:02 +0530 seo: before due time (now=0030 < 1100); skip
2026-07-11 01:00:01 +0530 wake-lock acquired
2026-07-11 01:00:02 +0530 site_monitor: before due time (now=0100 < 1000); skip
2026-07-11 01:00:02 +0530 seo: before due time (now=0100 < 1100); skip
2026-07-11 01:30:01 +0530 wake-lock acquired
2026-07-11 01:30:02 +0530 site_monitor: before due time (now=0130 < 1000); skip
2026-07-11 01:30:02 +0530 seo: before due time (now=0130 < 1100); skip
2026-07-11 02:00:01 +0530 wake-lock acquired
2026-07-11 02:00:02 +0530 site_monitor: before due time (now=0200 < 1000); skip
2026-07-11 02:00:02 +0530 seo: before due time (now=0200 < 1100); skip
2026-07-11 02:30:01 +0530 wake-lock acquired
2026-07-11 02:30:02 +0530 site_monitor: before due time (now=0230 < 1000); skip
2026-07-11 02:30:02 +0530 seo: before due time (now=0230 < 1100); skip
2026-07-11 03:00:01 +0530 wake-lock acquired
2026-07-11 03:00:02 +0530 site_monitor: before due time (now=0300 < 1000); skip
2026-07-11 03:00:02 +0530 seo: before due time (now=0300 < 1100); skip
2026-07-11 03:30:01 +0530 wake-lock acquired
2026-07-11 03:30:02 +0530 site_monitor: before due time (now=0330 < 1000); skip
2026-07-11 03:30:02 +0530 seo: before due time (now=0330 < 1100); skip
2026-07-11 04:00:02 +0530 wake-lock acquired
2026-07-11 04:00:02 +0530 site_monitor: before due time (now=0400 < 1000); skip
2026-07-11 04:00:02 +0530 seo: before due time (now=0400 < 1100); skip
2026-07-11 04:30:02 +0530 wake-lock acquired
2026-07-11 04:30:02 +0530 site_monitor: before due time (now=0430 < 1000); skip
2026-07-11 04:30:02 +0530 seo: before due time (now=0430 < 1100); skip
2026-07-11 05:00:02 +0530 wake-lock acquired
2026-07-11 05:00:02 +0530 site_monitor: before due time (now=0500 < 1000); skip
2026-07-11 05:00:02 +0530 seo: before due time (now=0500 < 1100); skip
2026-07-11 05:30:02 +0530 wake-lock acquired
2026-07-11 05:30:02 +0530 site_monitor: before due time (now=0530 < 1000); skip
2026-07-11 05:30:02 +0530 seo: before due time (now=0530 < 1100); skip
2026-07-11 06:00:01 +0530 wake-lock acquired
2026-07-11 06:00:02 +0530 site_monitor: before due time (now=0600 < 1000); skip
2026-07-11 06:00:02 +0530 seo: before due time (now=0600 < 1100); skip
2026-07-11 06:30:01 +0530 wake-lock acquired
2026-07-11 06:30:02 +0530 site_monitor: before due time (now=0630 < 1000); skip
2026-07-11 06:30:02 +0530 seo: before due time (now=0630 < 1100); skip
2026-07-11 07:00:02 +0530 wake-lock acquired
2026-07-11 07:00:02 +0530 site_monitor: before due time (now=0700 < 1000); skip
2026-07-11 07:00:02 +0530 seo: before due time (now=0700 < 1100); skip
2026-07-11 07:30:02 +0530 wake-lock acquired
2026-07-11 07:30:02 +0530 site_monitor: before due time (now=0730 < 1000); skip
2026-07-11 07:30:02 +0530 seo: before due time (now=0730 < 1100); skip
2026-07-11 08:00:02 +0530 wake-lock acquired
2026-07-11 08:00:02 +0530 site_monitor: before due time (now=0800 < 1000); skip
2026-07-11 08:00:02 +0530 seo: before due time (now=0800 < 1100); skip
2026-07-11 08:30:02 +0530 wake-lock acquired
2026-07-11 08:30:02 +0530 site_monitor: before due time (now=0830 < 1000); skip
2026-07-11 08:30:02 +0530 seo: before due time (now=0830 < 1100); skip
2026-07-11 09:00:02 +0530 wake-lock acquired
2026-07-11 09:00:02 +0530 site_monitor: before due time (now=0900 < 1000); skip
2026-07-11 09:00:02 +0530 seo: before due time (now=0900 < 1100); skip
2026-07-11 09:30:02 +0530 wake-lock acquired
2026-07-11 09:30:02 +0530 site_monitor: before due time (now=0930 < 1000); skip
2026-07-11 09:30:02 +0530 seo: before due time (now=0930 < 1100); skip
2026-07-11 10:00:02 +0530 wake-lock acquired
2026-07-11 10:00:02 +0530 site_monitor: catching up (now=1000, due=1000)…
2026-07-11 10:00:03 +0530 site_monitor: catch-up runner exited rc=0
2026-07-11 10:00:04 +0530 seo: before due time (now=1000 < 1100); skip
2026-07-11 10:30:02 +0530 wake-lock acquired
2026-07-11 10:30:02 +0530 site_monitor: already succeeded today (2026-07-11); skip
2026-07-11 10:30:02 +0530 seo: before due time (now=1030 < 1100); skip
2026-07-11 11:00:02 +0530 wake-lock acquired
2026-07-11 11:00:02 +0530 site_monitor: already succeeded today (2026-07-11); skip
2026-07-11 11:00:03 +0530 seo: catching up (now=1100, due=1100)…
2026-07-11 11:00:04 +0530 seo: catch-up runner exited rc=0
2026-07-11 11:30:02 +0530 wake-lock acquired
2026-07-11 11:30:02 +0530 site_monitor: already succeeded today (2026-07-11); skip
2026-07-11 11:30:02 +0530 seo: already succeeded today (2026-07-11); skip
2026-07-11 12:00:01 +0530 wake-lock acquired
2026-07-11 12:00:02 +0530 site_monitor: already succeeded today (2026-07-11); skip
2026-07-11 12:00:02 +0530 seo: already succeeded today (2026-07-11); skip
2026-07-11 12:30:01 +0530 wake-lock acquired
2026-07-11 12:30:02 +0530 site_monitor: already succeeded today (2026-07-11); skip
2026-07-11 12:30:02 +0530 seo: already succeeded today (2026-07-11); skip
2026-07-11 13:00:01 +0530 wake-lock acquired
2026-07-11 13:00:02 +0530 site_monitor: already succeeded today (2026-07-11); skip
2026-07-11 13:00:02 +0530 seo: already succeeded today (2026-07-11); skip
2026-07-11 13:30:01 +0530 wake-lock acquired
2026-07-11 13:30:02 +0530 site_monitor: already succeeded today (2026-07-11); skip
2026-07-11 13:30:02 +0530 seo: already succeeded today (2026-07-11); skip
2026-07-11 14:00:01 +0530 wake-lock acquired
2026-07-11 14:00:01 +0530 site_monitor: already succeeded today (2026-07-11); skip
2026-07-11 14:00:02 +0530 seo: already succeeded today (2026-07-11); skip
2026-07-11 14:30:01 +0530 wake-lock acquired
2026-07-11 14:30:01 +0530 site_monitor: already succeeded today (2026-07-11); skip
2026-07-11 14:30:02 +0530 seo: already succeeded today (2026-07-11); skip
2026-07-11 15:00:01 +0530 wake-lock acquired
2026-07-11 15:00:02 +0530 site_monitor: already succeeded today (2026-07-11); skip
2026-07-11 15:00:02 +0530 seo: already succeeded today (2026-07-11); skip
2026-07-11 15:30:01 +0530 wake-lock acquired
2026-07-11 15:30:01 +0530 site_monitor: already succeeded today (2026-07-11); skip
2026-07-11 15:30:01 +0530 seo: already succeeded today (2026-07-11); skip
2026-07-11 16:00:01 +0530 wake-lock acquired
2026-07-11 16:00:01 +0530 site_monitor: already succeeded today (2026-07-11); skip
2026-07-11 16:00:01 +0530 seo: already succeeded today (2026-07-11); skip
2026-07-11 16:30:01 +0530 wake-lock acquired
2026-07-11 16:30:01 +0530 site_monitor: already succeeded today (2026-07-11); skip
2026-07-11 16:30:01 +0530 seo: already succeeded today (2026-07-11); skip
2026-07-11 17:00:02 +0530 wake-lock acquired
2026-07-11 17:00:02 +0530 site_monitor: already succeeded today (2026-07-11); skip
2026-07-11 17:00:02 +0530 seo: already succeeded today (2026-07-11); skip
2026-07-11 17:30:02 +0530 wake-lock acquired
2026-07-11 17:30:02 +0530 site_monitor: already succeeded today (2026-07-11); skip
2026-07-11 17:30:02 +0530 seo: already succeeded today (2026-07-11); skip
2026-07-11 18:00:02 +0530 wake-lock acquired
2026-07-11 18:00:02 +0530 site_monitor: already succeeded today (2026-07-11); skip
2026-07-11 18:00:02 +0530 seo: already succeeded today (2026-07-11); skip
2026-07-11 18:30:02 +0530 wake-lock acquired
2026-07-11 18:30:02 +0530 site_monitor: already succeeded today (2026-07-11); skip
2026-07-11 18:30:02 +0530 seo: already succeeded today (2026-07-11); skip
2026-07-11 19:00:02 +0530 wake-lock acquired
2026-07-11 19:00:02 +0530 site_monitor: already succeeded today (2026-07-11); skip
2026-07-11 19:00:02 +0530 seo: already succeeded today (2026-07-11); skip
2026-07-11 19:30:01 +0530 wake-lock acquired
2026-07-11 19:30:02 +0530 site_monitor: already succeeded today (2026-07-11); skip
2026-07-11 19:30:02 +0530 seo: already succeeded today (2026-07-11); skip
2026-07-11 20:00:01 +0530 wake-lock acquired
2026-07-11 20:00:02 +0530 site_monitor: already succeeded today (2026-07-11); skip
2026-07-11 20:00:02 +0530 seo: already succeeded today (2026-07-11); skip
2026-07-11 20:30:01 +0530 wake-lock acquired
2026-07-11 20:30:02 +0530 site_monitor: already succeeded today (2026-07-11); skip
2026-07-11 20:30:02 +0530 seo: already succeeded today (2026-07-11); skip
2026-07-11 21:00:01 +0530 wake-lock acquired
2026-07-11 21:00:02 +0530 site_monitor: already succeeded today (2026-07-11); skip
2026-07-11 21:00:02 +0530 seo: already succeeded today (2026-07-11); skip
2026-07-11 21:30:01 +0530 wake-lock acquired
2026-07-11 21:30:01 +0530 site_monitor: already succeeded today (2026-07-11); skip
2026-07-11 21:30:02 +0530 seo: already succeeded today (2026-07-11); skip
2026-07-11 22:00:01 +0530 wake-lock acquired
2026-07-11 22:00:01 +0530 site_monitor: already succeeded today (2026-07-11); skip
2026-07-11 22:00:01 +0530 seo: already succeeded today (2026-07-11); skip
2026-07-11 22:30:01 +0530 wake-lock acquired
2026-07-11 22:30:01 +0530 site_monitor: already succeeded today (2026-07-11); skip
2026-07-11 22:30:01 +0530 seo: already succeeded today (2026-07-11); skip
2026-07-11 23:00:02 +0530 wake-lock acquired
2026-07-11 23:00:02 +0530 site_monitor: already succeeded today (2026-07-11); skip
2026-07-11 23:00:02 +0530 seo: already succeeded today (2026-07-11); skip
2026-07-11 23:30:02 +0530 wake-lock acquired
2026-07-11 23:30:02 +0530 site_monitor: already succeeded today (2026-07-11); skip
2026-07-11 23:30:02 +0530 seo: already succeeded today (2026-07-11); skip
2026-07-12 00:00:02 +0530 wake-lock acquired
2026-07-12 00:00:02 +0530 site_monitor: before due time (now=0000 < 1000); skip
2026-07-12 00:00:02 +0530 seo: before due time (now=0000 < 1100); skip
2026-07-12 00:30:01 +0530 wake-lock acquired
2026-07-12 00:30:02 +0530 site_monitor: before due time (now=0030 < 1000); skip
2026-07-12 00:30:02 +0530 seo: before due time (now=0030 < 1100); skip
2026-07-12 01:00:01 +0530 wake-lock acquired
2026-07-12 01:00:02 +0530 site_monitor: before due time (now=0100 < 1000); skip
2026-07-12 01:00:02 +0530 seo: before due time (now=0100 < 1100); skip
2026-07-12 01:30:01 +0530 wake-lock acquired
2026-07-12 01:30:02 +0530 site_monitor: before due time (now=0130 < 1000); skip
2026-07-12 01:30:02 +0530 seo: before due time (now=0130 < 1100); skip
2026-07-12 02:00:01 +0530 wake-lock acquired
2026-07-12 02:00:02 +0530 site_monitor: before due time (now=0200 < 1000); skip
2026-07-12 02:00:02 +0530 seo: before due time (now=0200 < 1100); skip
2026-07-12 02:30:01 +0530 wake-lock acquired
2026-07-12 02:30:02 +0530 site_monitor: before due time (now=0230 < 1000); skip
2026-07-12 02:30:02 +0530 seo: before due time (now=0230 < 1100); skip
2026-07-12 03:00:01 +0530 wake-lock acquired
2026-07-12 03:00:02 +0530 site_monitor: before due time (now=0300 < 1000); skip
2026-07-12 03:00:02 +0530 seo: before due time (now=0300 < 1100); skip
2026-07-12 03:30:01 +0530 wake-lock acquired
2026-07-12 03:30:01 +0530 site_monitor: before due time (now=0330 < 1000); skip
2026-07-12 03:30:02 +0530 seo: before due time (now=0330 < 1100); skip
2026-07-12 04:00:01 +0530 wake-lock acquired
2026-07-12 04:00:01 +0530 site_monitor: before due time (now=0400 < 1000); skip
2026-07-12 04:00:02 +0530 seo: before due time (now=0400 < 1100); skip
2026-07-12 04:30:01 +0530 wake-lock acquired
2026-07-12 04:30:01 +0530 site_monitor: before due time (now=0430 < 1000); skip
2026-07-12 04:30:01 +0530 seo: before due time (now=0430 < 1100); skip
2026-07-12 05:00:01 +0530 wake-lock acquired
2026-07-12 05:00:01 +0530 site_monitor: before due time (now=0500 < 1000); skip
2026-07-12 05:00:01 +0530 seo: before due time (now=0500 < 1100); skip
2026-07-12 05:30:01 +0530 wake-lock acquired
2026-07-12 05:30:01 +0530 site_monitor: before due time (now=0530 < 1000); skip
2026-07-12 05:30:01 +0530 seo: before due time (now=0530 < 1100); skip
2026-07-12 06:00:01 +0530 wake-lock acquired
2026-07-12 06:00:01 +0530 site_monitor: before due time (now=0600 < 1000); skip
2026-07-12 06:00:01 +0530 seo: before due time (now=0600 < 1100); skip
2026-07-12 06:30:02 +0530 wake-lock acquired
2026-07-12 06:30:02 +0530 site_monitor: before due time (now=0630 < 1000); skip
2026-07-12 06:30:02 +0530 seo: before due time (now=0630 < 1100); skip
2026-07-12 07:00:01 +0530 wake-lock acquired
2026-07-12 07:00:01 +0530 site_monitor: before due time (now=0700 < 1000); skip
2026-07-12 07:00:01 +0530 seo: before due time (now=0700 < 1100); skip
2026-07-12 07:30:01 +0530 wake-lock acquired
2026-07-12 07:30:01 +0530 site_monitor: before due time (now=0730 < 1000); skip
2026-07-12 07:30:01 +0530 seo: before due time (now=0730 < 1100); skip
2026-07-12 08:00:02 +0530 wake-lock acquired
2026-07-12 08:00:02 +0530 site_monitor: before due time (now=0800 < 1000); skip
2026-07-12 08:00:02 +0530 seo: before due time (now=0800 < 1100); skip
2026-07-12 08:30:02 +0530 wake-lock acquired
2026-07-12 08:30:02 +0530 site_monitor: before due time (now=0830 < 1000); skip
2026-07-12 08:30:02 +0530 seo: before due time (now=0830 < 1100); skip
2026-07-12 09:00:01 +0530 wake-lock acquired
2026-07-12 09:00:01 +0530 site_monitor: before due time (now=0900 < 1000); skip
2026-07-12 09:00:01 +0530 seo: before due time (now=0900 < 1100); skip
2026-07-12 09:30:01 +0530 wake-lock acquired
2026-07-12 09:30:01 +0530 site_monitor: before due time (now=0930 < 1000); skip
2026-07-12 09:30:01 +0530 seo: before due time (now=0930 < 1100); skip
2026-07-12 10:00:01 +0530 wake-lock acquired
2026-07-12 10:00:02 +0530 site_monitor: catching up (now=1000, due=1000)…
2026-07-12 10:00:03 +0530 site_monitor: catch-up runner exited rc=0
2026-07-12 10:00:03 +0530 seo: before due time (now=1000 < 1100); skip
2026-07-12 10:30:01 +0530 wake-lock acquired
2026-07-12 10:30:03 +0530 site_monitor: catching up (now=1030, due=1000)…
2026-07-12 10:36:02 +0530 site_monitor: catch-up runner exited rc=1
2026-07-12 10:36:03 +0530 seo: before due time (now=1036 < 1100); skip
2026-07-12 11:00:01 +0530 wake-lock acquired
2026-07-12 11:00:02 +0530 site_monitor: catching up (now=1100, due=1000)…
2026-07-12 11:05:57 +0530 site_monitor: catch-up runner exited rc=1
2026-07-12 11:05:58 +0530 seo: already succeeded today (2026-07-12); skip
2026-07-12 11:30:01 +0530 wake-lock acquired
2026-07-12 11:30:02 +0530 site_monitor: catching up (now=1130, due=1000)…
2026-07-12 11:35:59 +0530 site_monitor: catch-up runner exited rc=1
2026-07-12 11:35:59 +0530 seo: already succeeded today (2026-07-12); skip
2026-07-12 12:00:01 +0530 wake-lock acquired
2026-07-12 12:00:03 +0530 site_monitor: catching up (now=1200, due=1000)…
2026-07-12 12:06:03 +0530 site_monitor: catch-up runner exited rc=1
2026-07-12 12:06:03 +0530 seo: already succeeded today (2026-07-12); skip
2026-07-12 12:30:02 +0530 wake-lock acquired
2026-07-12 12:30:05 +0530 site_monitor: catching up (now=1230, due=1000)…
2026-07-12 12:36:15 +0530 site_monitor: catch-up runner exited rc=1
2026-07-12 12:36:15 +0530 seo: already succeeded today (2026-07-12); skip
2026-07-12 13:00:01 +0530 wake-lock acquired
2026-07-12 13:00:02 +0530 site_monitor: catching up (now=1300, due=1000)…
2026-07-12 13:06:01 +0530 site_monitor: catch-up runner exited rc=1
2026-07-12 13:06:01 +0530 seo: already succeeded today (2026-07-12); skip
2026-07-12 13:30:01 +0530 wake-lock acquired
2026-07-12 13:30:02 +0530 site_monitor: catching up (now=1330, due=1000)…
2026-07-12 13:36:01 +0530 site_monitor: catch-up runner exited rc=1
2026-07-12 13:36:02 +0530 seo: already succeeded today (2026-07-12); skip
2026-07-12 14:00:01 +0530 wake-lock acquired
2026-07-12 14:00:03 +0530 site_monitor: catching up (now=1400, due=1000)…
2026-07-12 14:06:22 +0530 site_monitor: catch-up runner exited rc=1
2026-07-12 14:06:22 +0530 seo: already succeeded today (2026-07-12); skip
2026-07-12 14:30:02 +0530 wake-lock acquired
2026-07-12 14:30:03 +0530 site_monitor: catching up (now=1430, due=1000)…
2026-07-12 14:36:08 +0530 site_monitor: catch-up runner exited rc=1
2026-07-12 14:36:09 +0530 seo: already succeeded today (2026-07-12); skip
2026-07-12 15:00:01 +0530 wake-lock acquired
2026-07-12 15:00:02 +0530 site_monitor: catching up (now=1500, due=1000)…
2026-07-12 15:06:06 +0530 site_monitor: catch-up runner exited rc=1
2026-07-12 15:06:06 +0530 seo: already succeeded today (2026-07-12); skip
2026-07-12 15:30:01 +0530 wake-lock acquired
2026-07-12 15:30:02 +0530 site_monitor: catching up (now=1530, due=1000)…
2026-07-12 15:35:58 +0530 site_monitor: catch-up runner exited rc=1
2026-07-12 15:35:58 +0530 seo: already succeeded today (2026-07-12); skip
2026-07-12 16:00:02 +0530 wake-lock acquired
2026-07-12 16:00:03 +0530 site_monitor: catching up (now=1600, due=1000)…
2026-07-12 16:06:11 +0530 site_monitor: catch-up runner exited rc=1
2026-07-12 16:06:11 +0530 seo: already succeeded today (2026-07-12); skip
2026-07-12 16:30:02 +0530 wake-lock acquired
2026-07-12 16:30:04 +0530 site_monitor: catching up (now=1630, due=1000)…
2026-07-12 16:36:06 +0530 site_monitor: catch-up runner exited rc=1
2026-07-12 16:36:07 +0530 seo: already succeeded today (2026-07-12); skip
2026-07-12 17:00:01 +0530 wake-lock acquired
2026-07-12 17:00:03 +0530 site_monitor: catching up (now=1700, due=1000)…
2026-07-12 17:05:55 +0530 site_monitor: catch-up runner exited rc=1
2026-07-12 17:05:55 +0530 seo: already succeeded today (2026-07-12); skip
2026-07-12 17:30:01 +0530 wake-lock acquired
2026-07-12 17:30:04 +0530 site_monitor: catching up (now=1730, due=1000)…
2026-07-12 17:36:03 +0530 site_monitor: catch-up runner exited rc=1
2026-07-12 17:36:03 +0530 seo: already succeeded today (2026-07-12); skip
2026-07-12 18:00:02 +0530 wake-lock acquired
2026-07-12 18:00:02 +0530 site_monitor: catching up (now=1800, due=1000)…
2026-07-12 18:06:05 +0530 site_monitor: catch-up runner exited rc=1
2026-07-12 18:06:05 +0530 seo: already succeeded today (2026-07-12); skip
2026-07-12 18:30:01 +0530 wake-lock acquired
2026-07-12 18:30:02 +0530 site_monitor: catching up (now=1830, due=1000)…
2026-07-12 18:36:12 +0530 site_monitor: catch-up runner exited rc=1
2026-07-12 18:36:12 +0530 seo: already succeeded today (2026-07-12); skip
2026-07-12 19:00:01 +0530 wake-lock acquired
2026-07-12 19:00:03 +0530 site_monitor: catching up (now=1900, due=1000)…
2026-07-12 19:06:13 +0530 site_monitor: catch-up runner exited rc=1
2026-07-12 19:06:13 +0530 seo: already succeeded today (2026-07-12); skip
2026-07-12 19:30:01 +0530 wake-lock acquired
2026-07-12 19:30:02 +0530 site_monitor: catching up (now=1930, due=1000)…
2026-07-12 19:36:02 +0530 site_monitor: catch-up runner exited rc=1
2026-07-12 19:36:02 +0530 seo: already succeeded today (2026-07-12); skip
2026-07-12 20:00:02 +0530 wake-lock acquired
2026-07-12 20:00:04 +0530 site_monitor: catching up (now=2000, due=1000)…
2026-07-12 20:06:06 +0530 site_monitor: catch-up runner exited rc=1
2026-07-12 20:06:06 +0530 seo: already succeeded today (2026-07-12); skip
2026-07-12 20:30:01 +0530 wake-lock acquired
2026-07-12 20:30:02 +0530 site_monitor: catching up (now=2030, due=1000)…
2026-07-12 20:36:02 +0530 site_monitor: catch-up runner exited rc=1
2026-07-12 20:36:02 +0530 seo: already succeeded today (2026-07-12); skip
2026-07-12 21:00:01 +0530 wake-lock acquired
2026-07-12 21:00:02 +0530 site_monitor: catching up (now=2100, due=1000)…
2026-07-12 21:06:03 +0530 site_monitor: catch-up runner exited rc=1
2026-07-12 21:06:03 +0530 seo: already succeeded today (2026-07-12); skip
2026-07-12 21:30:02 +0530 wake-lock acquired
2026-07-12 21:30:03 +0530 site_monitor: catching up (now=2130, due=1000)…
2026-07-12 21:36:05 +0530 site_monitor: catch-up runner exited rc=1
2026-07-12 21:36:05 +0530 seo: already succeeded today (2026-07-12); skip
2026-07-12 22:00:01 +0530 wake-lock acquired
2026-07-12 22:00:03 +0530 site_monitor: catching up (now=2200, due=1000)…
2026-07-12 22:06:00 +0530 site_monitor: catch-up runner exited rc=1
2026-07-12 22:06:00 +0530 seo: already succeeded today (2026-07-12); skip
2026-07-12 22:30:01 +0530 wake-lock acquired
2026-07-12 22:30:02 +0530 site_monitor: catching up (now=2230, due=1000)…
2026-07-12 22:35:58 +0530 site_monitor: catch-up runner exited rc=1
2026-07-12 22:35:58 +0530 seo: already succeeded today (2026-07-12); skip
2026-07-12 23:00:01 +0530 wake-lock acquired
2026-07-12 23:00:03 +0530 site_monitor: catching up (now=2300, due=1000)…
2026-07-12 23:06:04 +0530 site_monitor: catch-up runner exited rc=1
2026-07-12 23:06:04 +0530 seo: already succeeded today (2026-07-12); skip
2026-07-12 23:30:01 +0530 wake-lock acquired
2026-07-12 23:30:02 +0530 site_monitor: catching up (now=2330, due=1000)…
2026-07-12 23:36:08 +0530 site_monitor: catch-up runner exited rc=1
2026-07-12 23:36:08 +0530 seo: already succeeded today (2026-07-12); skip
2026-07-13 00:00:01 +0530 wake-lock acquired
2026-07-13 00:00:02 +0530 site_monitor: before due time (now=0000 < 1000); skip
2026-07-13 00:00:02 +0530 seo: before due time (now=0000 < 1100); skip
2026-07-13 00:30:01 +0530 wake-lock acquired
2026-07-13 00:30:02 +0530 site_monitor: before due time (now=0030 < 1000); skip
2026-07-13 00:30:02 +0530 seo: before due time (now=0030 < 1100); skip
2026-07-13 01:00:01 +0530 wake-lock acquired
2026-07-13 01:00:02 +0530 site_monitor: before due time (now=0100 < 1000); skip
2026-07-13 01:00:02 +0530 seo: before due time (now=0100 < 1100); skip
2026-07-13 01:30:01 +0530 wake-lock acquired
2026-07-13 01:30:02 +0530 site_monitor: before due time (now=0130 < 1000); skip
2026-07-13 01:30:02 +0530 seo: before due time (now=0130 < 1100); skip
2026-07-13 02:00:01 +0530 wake-lock acquired
2026-07-13 02:00:02 +0530 site_monitor: before due time (now=0200 < 1000); skip
2026-07-13 02:00:02 +0530 seo: before due time (now=0200 < 1100); skip
2026-07-13 02:30:01 +0530 wake-lock acquired
2026-07-13 02:30:02 +0530 site_monitor: before due time (now=0230 < 1000); skip
2026-07-13 02:30:02 +0530 seo: before due time (now=0230 < 1100); skip
2026-07-13 03:00:01 +0530 wake-lock acquired
2026-07-13 03:00:02 +0530 site_monitor: before due time (now=0300 < 1000); skip
2026-07-13 03:00:02 +0530 seo: before due time (now=0300 < 1100); skip
2026-07-13 03:30:01 +0530 wake-lock acquired
2026-07-13 03:30:02 +0530 site_monitor: before due time (now=0330 < 1000); skip
2026-07-13 03:30:02 +0530 seo: before due time (now=0330 < 1100); skip
2026-07-13 04:00:01 +0530 wake-lock acquired
2026-07-13 04:00:02 +0530 site_monitor: before due time (now=0400 < 1000); skip
2026-07-13 04:00:02 +0530 seo: before due time (now=0400 < 1100); skip
2026-07-13 04:30:01 +0530 wake-lock acquired
2026-07-13 04:30:02 +0530 site_monitor: before due time (now=0430 < 1000); skip
2026-07-13 04:30:02 +0530 seo: before due time (now=0430 < 1100); skip
2026-07-13 05:00:01 +0530 wake-lock acquired
2026-07-13 05:00:02 +0530 site_monitor: before due time (now=0500 < 1000); skip
2026-07-13 05:00:02 +0530 seo: before due time (now=0500 < 1100); skip
2026-07-13 05:30:01 +0530 wake-lock acquired
2026-07-13 05:30:01 +0530 site_monitor: before due time (now=0530 < 1000); skip
2026-07-13 05:30:02 +0530 seo: before due time (now=0530 < 1100); skip
2026-07-13 06:00:01 +0530 wake-lock acquired
2026-07-13 06:00:02 +0530 site_monitor: before due time (now=0600 < 1000); skip
2026-07-13 06:00:02 +0530 seo: before due time (now=0600 < 1100); skip
2026-07-13 06:30:01 +0530 wake-lock acquired
2026-07-13 06:30:02 +0530 site_monitor: before due time (now=0630 < 1000); skip
2026-07-13 06:30:02 +0530 seo: before due time (now=0630 < 1100); skip
2026-07-13 07:00:01 +0530 wake-lock acquired
2026-07-13 07:00:02 +0530 site_monitor: before due time (now=0700 < 1000); skip
2026-07-13 07:00:02 +0530 seo: before due time (now=0700 < 1100); skip
2026-07-13 07:30:01 +0530 wake-lock acquired
2026-07-13 07:30:01 +0530 site_monitor: before due time (now=0730 < 1000); skip
2026-07-13 07:30:02 +0530 seo: before due time (now=0730 < 1100); skip
2026-07-13 08:00:01 +0530 wake-lock acquired
2026-07-13 08:00:02 +0530 site_monitor: before due time (now=0800 < 1000); skip
2026-07-13 08:00:02 +0530 seo: before due time (now=0800 < 1100); skip
2026-07-13 08:30:01 +0530 wake-lock acquired
2026-07-13 08:30:02 +0530 site_monitor: before due time (now=0830 < 1000); skip
2026-07-13 08:30:02 +0530 seo: before due time (now=0830 < 1100); skip
2026-07-13 09:00:01 +0530 wake-lock acquired
2026-07-13 09:00:02 +0530 site_monitor: before due time (now=0900 < 1000); skip
2026-07-13 09:00:02 +0530 seo: before due time (now=0900 < 1100); skip
2026-07-13 09:30:01 +0530 wake-lock acquired
2026-07-13 09:30:02 +0530 site_monitor: before due time (now=0930 < 1000); skip
2026-07-13 09:30:02 +0530 seo: before due time (now=0930 < 1100); skip
2026-07-13 10:00:01 +0530 wake-lock acquired
2026-07-13 10:00:02 +0530 site_monitor: catching up (now=1000, due=1000)…
2026-07-13 10:00:03 +0530 site_monitor: catch-up runner exited rc=0
2026-07-13 10:00:03 +0530 seo: before due time (now=1000 < 1100); skip
2026-07-13 10:30:02 +0530 wake-lock acquired
2026-07-13 10:30:03 +0530 site_monitor: catching up (now=1030, due=1000)…
2026-07-13 10:36:15 +0530 site_monitor: catch-up runner exited rc=1
2026-07-13 10:36:16 +0530 seo: before due time (now=1036 < 1100); skip
2026-07-13 11:00:01 +0530 wake-lock acquired
2026-07-13 11:00:04 +0530 site_monitor: catching up (now=1100, due=1000)…
2026-07-13 11:06:08 +0530 site_monitor: catch-up runner exited rc=1
2026-07-13 11:06:08 +0530 seo: already succeeded today (2026-07-13); skip
2026-07-13 11:30:01 +0530 wake-lock acquired
2026-07-13 11:30:03 +0530 site_monitor: catching up (now=1130, due=1000)…
2026-07-13 11:36:08 +0530 site_monitor: catch-up runner exited rc=1
2026-07-13 11:36:08 +0530 seo: already succeeded today (2026-07-13); skip
2026-07-13 12:00:02 +0530 wake-lock acquired
2026-07-13 12:00:03 +0530 site_monitor: catching up (now=1200, due=1000)…
2026-07-13 12:06:21 +0530 site_monitor: catch-up runner exited rc=1
2026-07-13 12:06:21 +0530 seo: already succeeded today (2026-07-13); skip
2026-07-13 12:30:01 +0530 wake-lock acquired
2026-07-13 12:30:06 +0530 site_monitor: catching up (now=1230, due=1000)…
2026-07-13 12:36:20 +0530 site_monitor: catch-up runner exited rc=1
2026-07-13 12:36:20 +0530 seo: already succeeded today (2026-07-13); skip
2026-07-13 13:00:02 +0530 wake-lock acquired
2026-07-13 13:00:04 +0530 site_monitor: catching up (now=1300, due=1000)…
2026-07-13 13:06:13 +0530 site_monitor: catch-up runner exited rc=1
2026-07-13 13:06:13 +0530 seo: already succeeded today (2026-07-13); skip
2026-07-13 13:30:01 +0530 wake-lock acquired
2026-07-13 13:30:03 +0530 site_monitor: catching up (now=1330, due=1000)…
2026-07-13 13:36:13 +0530 site_monitor: catch-up runner exited rc=1
2026-07-13 13:36:13 +0530 seo: already succeeded today (2026-07-13); skip
2026-07-13 14:00:02 +0530 wake-lock acquired
2026-07-13 14:00:04 +0530 site_monitor: catching up (now=1400, due=1000)…
2026-07-13 14:06:14 +0530 site_monitor: catch-up runner exited rc=1
2026-07-13 14:06:14 +0530 seo: already succeeded today (2026-07-13); skip
2026-07-13 14:30:01 +0530 wake-lock acquired
2026-07-13 14:30:03 +0530 site_monitor: catching up (now=1430, due=1000)…
2026-07-13 14:36:17 +0530 site_monitor: catch-up runner exited rc=1
2026-07-13 14:36:17 +0530 seo: already succeeded today (2026-07-13); skip
2026-07-13 15:00:02 +0530 wake-lock acquired
2026-07-13 15:00:03 +0530 site_monitor: catching up (now=1500, due=1000)…
2026-07-13 15:06:18 +0530 site_monitor: catch-up runner exited rc=1
2026-07-13 15:06:18 +0530 seo: already succeeded today (2026-07-13); skip
2026-07-13 15:30:02 +0530 wake-lock acquired
2026-07-13 15:30:03 +0530 site_monitor: catching up (now=1530, due=1000)…
2026-07-13 15:36:02 +0530 site_monitor: catch-up runner exited rc=1
2026-07-13 15:36:02 +0530 seo: already succeeded today (2026-07-13); skip
2026-07-13 16:00:02 +0530 wake-lock acquired
2026-07-13 16:00:03 +0530 site_monitor: catching up (now=1600, due=1000)…
2026-07-13 16:06:07 +0530 site_monitor: catch-up runner exited rc=1
2026-07-13 16:06:07 +0530 seo: already succeeded today (2026-07-13); skip
2026-07-13 16:30:01 +0530 wake-lock acquired
2026-07-13 16:30:03 +0530 site_monitor: catching up (now=1630, due=1000)…
2026-07-13 16:36:13 +0530 site_monitor: catch-up runner exited rc=1
2026-07-13 16:36:13 +0530 seo: already succeeded today (2026-07-13); skip
2026-07-13 17:00:02 +0530 wake-lock acquired
2026-07-13 17:00:07 +0530 site_monitor: catching up (now=1700, due=1000)…
2026-07-13 17:06:25 +0530 site_monitor: catch-up runner exited rc=1
2026-07-13 17:06:25 +0530 seo: already succeeded today (2026-07-13); skip
2026-07-13 17:30:02 +0530 wake-lock acquired
2026-07-13 17:30:04 +0530 site_monitor: catching up (now=1730, due=1000)…
2026-07-13 17:36:05 +0530 site_monitor: catch-up runner exited rc=1
2026-07-13 17:36:05 +0530 seo: already succeeded today (2026-07-13); skip
2026-07-13 18:00:02 +0530 wake-lock acquired
2026-07-13 18:00:04 +0530 site_monitor: catching up (now=1800, due=1000)…
2026-07-13 18:06:18 +0530 site_monitor: catch-up runner exited rc=1
2026-07-13 18:06:18 +0530 seo: already succeeded today (2026-07-13); skip
2026-07-13 18:30:02 +0530 wake-lock acquired
2026-07-13 18:30:03 +0530 site_monitor: catching up (now=1830, due=1000)…
2026-07-13 18:36:03 +0530 site_monitor: catch-up runner exited rc=1
2026-07-13 18:36:03 +0530 seo: already succeeded today (2026-07-13); skip
2026-07-13 19:00:01 +0530 wake-lock acquired
2026-07-13 19:00:03 +0530 site_monitor: catching up (now=1900, due=1000)…
2026-07-13 19:06:10 +0530 site_monitor: catch-up runner exited rc=1
2026-07-13 19:06:11 +0530 seo: already succeeded today (2026-07-13); skip
2026-07-13 19:30:01 +0530 wake-lock acquired
2026-07-13 19:30:03 +0530 site_monitor: catching up (now=1930, due=1000)…
2026-07-13 19:35:59 +0530 site_monitor: catch-up runner exited rc=1
2026-07-13 19:35:59 +0530 seo: already succeeded today (2026-07-13); skip
2026-07-13 20:00:01 +0530 wake-lock acquired
2026-07-13 20:00:02 +0530 site_monitor: catching up (now=2000, due=1000)…
2026-07-13 20:06:14 +0530 site_monitor: catch-up runner exited rc=1
2026-07-13 20:06:14 +0530 seo: already succeeded today (2026-07-13); skip
2026-07-13 20:30:01 +0530 wake-lock acquired
2026-07-13 20:30:02 +0530 site_monitor: catching up (now=2030, due=1000)…
2026-07-13 20:35:57 +0530 site_monitor: catch-up runner exited rc=1
2026-07-13 20:35:57 +0530 seo: already succeeded today (2026-07-13); skip
2026-07-13 21:00:02 +0530 wake-lock acquired
2026-07-13 21:00:03 +0530 site_monitor: catching up (now=2100, due=1000)…
2026-07-13 21:06:05 +0530 site_monitor: catch-up runner exited rc=1
2026-07-13 21:06:05 +0530 seo: already succeeded today (2026-07-13); skip
2026-07-13 21:30:02 +0530 wake-lock acquired
2026-07-13 21:30:05 +0530 site_monitor: catching up (now=2130, due=1000)…
2026-07-13 21:36:02 +0530 site_monitor: catch-up runner exited rc=1
2026-07-13 21:36:02 +0530 seo: already succeeded today (2026-07-13); skip
2026-07-13 22:00:02 +0530 wake-lock acquired
2026-07-13 22:00:04 +0530 site_monitor: catching up (now=2200, due=1000)…
2026-07-13 22:06:08 +0530 site_monitor: catch-up runner exited rc=1
2026-07-13 22:06:09 +0530 seo: already succeeded today (2026-07-13); skip
2026-07-13 22:30:01 +0530 wake-lock acquired
2026-07-13 22:30:03 +0530 site_monitor: catching up (now=2230, due=1000)…
2026-07-13 22:36:12 +0530 site_monitor: catch-up runner exited rc=1
2026-07-13 22:36:12 +0530 seo: already succeeded today (2026-07-13); skip
2026-07-13 23:00:01 +0530 wake-lock acquired
2026-07-13 23:00:04 +0530 site_monitor: catching up (now=2300, due=1000)…
2026-07-13 23:06:09 +0530 site_monitor: catch-up runner exited rc=1
2026-07-13 23:06:09 +0530 seo: already succeeded today (2026-07-13); skip
2026-07-13 23:30:01 +0530 wake-lock acquired
2026-07-13 23:30:05 +0530 site_monitor: catching up (now=2330, due=1000)…
2026-07-13 23:36:05 +0530 site_monitor: catch-up runner exited rc=1
2026-07-13 23:36:05 +0530 seo: already succeeded today (2026-07-13); skip
2026-07-14 00:00:02 +0530 wake-lock acquired
2026-07-14 00:00:02 +0530 site_monitor: before due time (now=0000 < 1000); skip
2026-07-14 00:00:02 +0530 seo: before due time (now=0000 < 1100); skip
2026-07-14 00:30:02 +0530 wake-lock acquired
2026-07-14 00:30:02 +0530 site_monitor: before due time (now=0030 < 1000); skip
2026-07-14 00:30:02 +0530 seo: before due time (now=0030 < 1100); skip
2026-07-14 01:00:02 +0530 wake-lock acquired
2026-07-14 01:00:02 +0530 site_monitor: before due time (now=0100 < 1000); skip
2026-07-14 01:00:02 +0530 seo: before due time (now=0100 < 1100); skip
2026-07-14 01:30:02 +0530 wake-lock acquired
2026-07-14 01:30:02 +0530 site_monitor: before due time (now=0130 < 1000); skip
2026-07-14 01:30:02 +0530 seo: before due time (now=0130 < 1100); skip
2026-07-14 02:00:02 +0530 wake-lock acquired
2026-07-14 02:00:02 +0530 site_monitor: before due time (now=0200 < 1000); skip
2026-07-14 02:00:02 +0530 seo: before due time (now=0200 < 1100); skip
2026-07-14 02:30:02 +0530 wake-lock acquired
2026-07-14 02:30:02 +0530 site_monitor: before due time (now=0230 < 1000); skip
2026-07-14 02:30:02 +0530 seo: before due time (now=0230 < 1100); skip
2026-07-14 03:00:02 +0530 wake-lock acquired
2026-07-14 03:00:02 +0530 site_monitor: before due time (now=0300 < 1000); skip
2026-07-14 03:00:02 +0530 seo: before due time (now=0300 < 1100); skip
2026-07-14 03:30:02 +0530 wake-lock acquired
2026-07-14 03:30:02 +0530 site_monitor: before due time (now=0330 < 1000); skip
2026-07-14 03:30:02 +0530 seo: before due time (now=0330 < 1100); skip
2026-07-14 04:00:02 +0530 wake-lock acquired
2026-07-14 04:00:02 +0530 site_monitor: before due time (now=0400 < 1000); skip
2026-07-14 04:00:02 +0530 seo: before due time (now=0400 < 1100); skip
2026-07-14 04:30:02 +0530 wake-lock acquired
2026-07-14 04:30:02 +0530 site_monitor: before due time (now=0430 < 1000); skip
2026-07-14 04:30:02 +0530 seo: before due time (now=0430 < 1100); skip
2026-07-14 05:00:02 +0530 wake-lock acquired
2026-07-14 05:00:02 +0530 site_monitor: before due time (now=0500 < 1000); skip
2026-07-14 05:00:02 +0530 seo: before due time (now=0500 < 1100); skip
2026-07-14 05:30:01 +0530 wake-lock acquired
2026-07-14 05:30:02 +0530 site_monitor: before due time (now=0530 < 1000); skip
2026-07-14 05:30:02 +0530 seo: before due time (now=0530 < 1100); skip
2026-07-14 06:00:02 +0530 wake-lock acquired
2026-07-14 06:00:02 +0530 site_monitor: before due time (now=0600 < 1000); skip
2026-07-14 06:00:02 +0530 seo: before due time (now=0600 < 1100); skip
2026-07-14 06:30:01 +0530 wake-lock acquired
2026-07-14 06:30:02 +0530 site_monitor: before due time (now=0630 < 1000); skip
2026-07-14 06:30:02 +0530 seo: before due time (now=0630 < 1100); skip
2026-07-14 07:00:01 +0530 wake-lock acquired
2026-07-14 07:00:02 +0530 site_monitor: before due time (now=0700 < 1000); skip
2026-07-14 07:00:02 +0530 seo: before due time (now=0700 < 1100); skip
2026-07-14 07:30:01 +0530 wake-lock acquired
2026-07-14 07:30:02 +0530 site_monitor: before due time (now=0730 < 1000); skip
2026-07-14 07:30:02 +0530 seo: before due time (now=0730 < 1100); skip
2026-07-14 08:00:01 +0530 wake-lock acquired
2026-07-14 08:00:02 +0530 site_monitor: before due time (now=0800 < 1000); skip
2026-07-14 08:00:02 +0530 seo: before due time (now=0800 < 1100); skip
2026-07-14 08:30:01 +0530 wake-lock acquired
2026-07-14 08:30:02 +0530 site_monitor: before due time (now=0830 < 1000); skip
2026-07-14 08:30:02 +0530 seo: before due time (now=0830 < 1100); skip
2026-07-14 09:00:01 +0530 wake-lock acquired
2026-07-14 09:00:02 +0530 site_monitor: before due time (now=0900 < 1000); skip
2026-07-14 09:00:02 +0530 seo: before due time (now=0900 < 1100); skip
2026-07-14 09:30:01 +0530 wake-lock acquired
2026-07-14 09:30:02 +0530 site_monitor: before due time (now=0930 < 1000); skip
2026-07-14 09:30:02 +0530 seo: before due time (now=0930 < 1100); skip
2026-07-14 10:00:02 +0530 wake-lock acquired
2026-07-14 10:00:03 +0530 site_monitor: catching up (now=1000, due=1000)…
2026-07-14 10:00:05 +0530 site_monitor: catch-up runner exited rc=0
2026-07-14 10:00:05 +0530 seo: before due time (now=1000 < 1100); skip
2026-07-14 10:30:01 +0530 wake-lock acquired
2026-07-14 10:30:03 +0530 site_monitor: catching up (now=1030, due=1000)…
2026-07-14 10:36:41 +0530 site_monitor: catch-up runner exited rc=1
2026-07-14 10:36:41 +0530 seo: before due time (now=1036 < 1100); skip
2026-07-14 11:00:01 +0530 wake-lock acquired
2026-07-14 11:00:03 +0530 site_monitor: catching up (now=1100, due=1000)…
2026-07-14 11:06:06 +0530 site_monitor: catch-up runner exited rc=1
2026-07-14 11:06:06 +0530 seo: already succeeded today (2026-07-14); skip
2026-07-14 11:30:02 +0530 wake-lock acquired
2026-07-14 11:30:06 +0530 site_monitor: catching up (now=1130, due=1000)…
2026-07-14 11:36:28 +0530 site_monitor: catch-up runner exited rc=1
2026-07-14 11:36:28 +0530 seo: already succeeded today (2026-07-14); skip
2026-07-14 12:00:02 +0530 wake-lock acquired
2026-07-14 12:00:05 +0530 site_monitor: catching up (now=1200, due=1000)…
2026-07-14 12:06:14 +0530 site_monitor: catch-up runner exited rc=1
2026-07-14 12:06:14 +0530 seo: already succeeded today (2026-07-14); skip
2026-07-14 12:30:01 +0530 wake-lock acquired
2026-07-14 12:30:13 +0530 site_monitor: due but network unavailable; will retry later
2026-07-14 12:30:13 +0530 seo: already succeeded today (2026-07-14); skip
2026-07-14 13:00:02 +0530 wake-lock acquired
2026-07-14 13:00:05 +0530 site_monitor: catching up (now=1300, due=1000)…
2026-07-14 13:06:08 +0530 site_monitor: catch-up runner exited rc=1
2026-07-14 13:06:08 +0530 seo: already succeeded today (2026-07-14); skip
2026-07-14 13:30:02 +0530 wake-lock acquired
2026-07-14 13:30:05 +0530 site_monitor: catching up (now=1330, due=1000)…
2026-07-14 13:36:15 +0530 site_monitor: catch-up runner exited rc=1
2026-07-14 13:36:15 +0530 seo: already succeeded today (2026-07-14); skip
2026-07-14 14:00:01 +0530 wake-lock acquired
2026-07-14 14:00:04 +0530 site_monitor: catching up (now=1400, due=1000)…
2026-07-14 14:06:02 +0530 site_monitor: catch-up runner exited rc=1
2026-07-14 14:06:03 +0530 seo: already succeeded today (2026-07-14); skip
2026-07-14 14:30:01 +0530 wake-lock acquired
2026-07-14 14:30:04 +0530 site_monitor: catching up (now=1430, due=1000)…
2026-07-14 14:36:19 +0530 site_monitor: catch-up runner exited rc=1
2026-07-14 14:36:20 +0530 seo: already succeeded today (2026-07-14); skip
2026-07-14 15:00:01 +0530 wake-lock acquired
2026-07-14 15:00:03 +0530 site_monitor: catching up (now=1500, due=1000)…
2026-07-14 15:06:25 +0530 site_monitor: catch-up runner exited rc=1
2026-07-14 15:06:25 +0530 seo: already succeeded today (2026-07-14); skip
2026-07-14 15:30:01 +0530 wake-lock acquired
2026-07-14 15:30:09 +0530 site_monitor: catching up (now=1530, due=1000)…
2026-07-14 15:36:39 +0530 site_monitor: catch-up runner exited rc=1
2026-07-14 15:36:39 +0530 seo: already succeeded today (2026-07-14); skip
2026-07-14 16:00:01 +0530 wake-lock acquired
2026-07-14 16:00:05 +0530 site_monitor: due but network unavailable; will retry later
2026-07-14 16:00:05 +0530 seo: already succeeded today (2026-07-14); skip
2026-07-14 16:30:02 +0530 wake-lock acquired
2026-07-14 16:30:04 +0530 site_monitor: catching up (now=1630, due=1000)…
2026-07-14 16:36:29 +0530 site_monitor: catch-up runner exited rc=1
2026-07-14 16:36:29 +0530 seo: already succeeded today (2026-07-14); skip
2026-07-14 17:00:01 +0530 wake-lock acquired
2026-07-14 17:00:05 +0530 site_monitor: catching up (now=1700, due=1000)…
2026-07-14 17:07:12 +0530 site_monitor: catch-up runner exited rc=1
2026-07-14 17:07:12 +0530 seo: already succeeded today (2026-07-14); skip
2026-07-14 17:30:01 +0530 wake-lock acquired
2026-07-14 17:30:05 +0530 site_monitor: catching up (now=1730, due=1000)…
2026-07-14 17:36:31 +0530 site_monitor: catch-up runner exited rc=1
2026-07-14 17:36:31 +0530 seo: already succeeded today (2026-07-14); skip
2026-07-14 18:00:01 +0530 wake-lock acquired
2026-07-14 18:00:03 +0530 site_monitor: catching up (now=1800, due=1000)…
2026-07-14 18:06:53 +0530 site_monitor: catch-up runner exited rc=1
2026-07-14 18:06:54 +0530 seo: already succeeded today (2026-07-14); skip
2026-07-14 18:30:01 +0530 wake-lock acquired
2026-07-14 18:30:04 +0530 site_monitor: catching up (now=1830, due=1000)…
2026-07-14 18:36:45 +0530 site_monitor: catch-up runner exited rc=1
2026-07-14 18:36:45 +0530 seo: already succeeded today (2026-07-14); skip
2026-07-14 19:00:01 +0530 wake-lock acquired
2026-07-14 19:00:04 +0530 site_monitor: catching up (now=1900, due=1000)…
2026-07-14 19:06:36 +0530 site_monitor: catch-up runner exited rc=1
2026-07-14 19:06:36 +0530 seo: already succeeded today (2026-07-14); skip
2026-07-14 19:30:01 +0530 wake-lock acquired
2026-07-14 19:30:03 +0530 site_monitor: catching up (now=1930, due=1000)…
2026-07-14 19:36:03 +0530 site_monitor: catch-up runner exited rc=1
2026-07-14 19:36:03 +0530 seo: already succeeded today (2026-07-14); skip
2026-07-14 20:00:01 +0530 wake-lock acquired
2026-07-14 20:00:03 +0530 site_monitor: catching up (now=2000, due=1000)…
2026-07-14 20:06:04 +0530 site_monitor: catch-up runner exited rc=1
2026-07-14 20:06:05 +0530 seo: already succeeded today (2026-07-14); skip
2026-07-14 20:30:01 +0530 wake-lock acquired
2026-07-14 20:30:02 +0530 site_monitor: catching up (now=2030, due=1000)…
2026-07-14 20:36:15 +0530 site_monitor: catch-up runner exited rc=1
2026-07-14 20:36:16 +0530 seo: already succeeded today (2026-07-14); skip
2026-07-14 21:00:01 +0530 wake-lock acquired
2026-07-14 21:00:02 +0530 site_monitor: catching up (now=2100, due=1000)…
2026-07-14 21:06:02 +0530 site_monitor: catch-up runner exited rc=1
2026-07-14 21:06:02 +0530 seo: already succeeded today (2026-07-14); skip
2026-07-14 21:30:01 +0530 wake-lock acquired
2026-07-14 21:30:02 +0530 site_monitor: catching up (now=2130, due=1000)…
2026-07-14 21:36:07 +0530 site_monitor: catch-up runner exited rc=1
2026-07-14 21:36:07 +0530 seo: already succeeded today (2026-07-14); skip
2026-07-14 22:00:02 +0530 wake-lock acquired
2026-07-14 22:00:03 +0530 site_monitor: catching up (now=2200, due=1000)…
2026-07-14 22:06:05 +0530 site_monitor: catch-up runner exited rc=1
2026-07-14 22:06:06 +0530 seo: already succeeded today (2026-07-14); skip
2026-07-14 22:30:01 +0530 wake-lock acquired
2026-07-14 22:30:02 +0530 site_monitor: catching up (now=2230, due=1000)…
2026-07-14 22:36:10 +0530 site_monitor: catch-up runner exited rc=1
2026-07-14 22:36:10 +0530 seo: already succeeded today (2026-07-14); skip
2026-07-14 23:00:01 +0530 wake-lock acquired
2026-07-14 23:00:09 +0530 site_monitor: catching up (now=2300, due=1000)…
2026-07-14 23:06:09 +0530 site_monitor: catch-up runner exited rc=1
2026-07-14 23:06:10 +0530 seo: already succeeded today (2026-07-14); skip
2026-07-14 23:30:01 +0530 wake-lock acquired
2026-07-14 23:30:03 +0530 site_monitor: catching up (now=2330, due=1000)…
2026-07-14 23:35:58 +0530 site_monitor: catch-up runner exited rc=1
2026-07-14 23:35:59 +0530 seo: already succeeded today (2026-07-14); skip
2026-07-15 00:00:01 +0530 wake-lock acquired
2026-07-15 00:00:02 +0530 site_monitor: before due time (now=0000 < 1000); skip
2026-07-15 00:00:02 +0530 seo: before due time (now=0000 < 1100); skip
2026-07-15 00:30:01 +0530 wake-lock acquired
2026-07-15 00:30:02 +0530 site_monitor: before due time (now=0030 < 1000); skip
2026-07-15 00:30:02 +0530 seo: before due time (now=0030 < 1100); skip
2026-07-15 01:00:01 +0530 wake-lock acquired
2026-07-15 01:00:01 +0530 site_monitor: before due time (now=0100 < 1000); skip
2026-07-15 01:00:02 +0530 seo: before due time (now=0100 < 1100); skip
2026-07-15 01:30:01 +0530 wake-lock acquired
2026-07-15 01:30:01 +0530 site_monitor: before due time (now=0130 < 1000); skip
2026-07-15 01:30:02 +0530 seo: before due time (now=0130 < 1100); skip
2026-07-15 02:00:01 +0530 wake-lock acquired
2026-07-15 02:00:01 +0530 site_monitor: before due time (now=0200 < 1000); skip
2026-07-15 02:00:02 +0530 seo: before due time (now=0200 < 1100); skip
2026-07-15 02:30:01 +0530 wake-lock acquired
2026-07-15 02:30:01 +0530 site_monitor: before due time (now=0230 < 1000); skip
2026-07-15 02:30:01 +0530 seo: before due time (now=0230 < 1100); skip
2026-07-15 03:00:01 +0530 wake-lock acquired
2026-07-15 03:00:01 +0530 site_monitor: before due time (now=0300 < 1000); skip
2026-07-15 03:00:01 +0530 seo: before due time (now=0300 < 1100); skip
2026-07-15 03:30:01 +0530 wake-lock acquired
2026-07-15 03:30:01 +0530 site_monitor: before due time (now=0330 < 1000); skip
2026-07-15 03:30:01 +0530 seo: before due time (now=0330 < 1100); skip
2026-07-15 04:00:02 +0530 wake-lock acquired
2026-07-15 04:00:03 +0530 site_monitor: before due time (now=0400 < 1000); skip
2026-07-15 04:00:03 +0530 seo: before due time (now=0400 < 1100); skip
2026-07-15 04:30:01 +0530 wake-lock acquired
2026-07-15 04:30:02 +0530 site_monitor: before due time (now=0430 < 1000); skip
2026-07-15 04:30:02 +0530 seo: before due time (now=0430 < 1100); skip
2026-07-15 05:00:01 +0530 wake-lock acquired
2026-07-15 05:00:02 +0530 site_monitor: before due time (now=0500 < 1000); skip
2026-07-15 05:00:02 +0530 seo: before due time (now=0500 < 1100); skip
2026-07-15 05:30:01 +0530 wake-lock acquired
2026-07-15 05:30:02 +0530 site_monitor: before due time (now=0530 < 1000); skip
2026-07-15 05:30:02 +0530 seo: before due time (now=0530 < 1100); skip
2026-07-15 06:00:01 +0530 wake-lock acquired
2026-07-15 06:00:02 +0530 site_monitor: before due time (now=0600 < 1000); skip
2026-07-15 06:00:02 +0530 seo: before due time (now=0600 < 1100); skip
2026-07-15 06:30:01 +0530 wake-lock acquired
2026-07-15 06:30:02 +0530 site_monitor: before due time (now=0630 < 1000); skip
2026-07-15 06:30:02 +0530 seo: before due time (now=0630 < 1100); skip
2026-07-15 07:00:01 +0530 wake-lock acquired
2026-07-15 07:00:02 +0530 site_monitor: before due time (now=0700 < 1000); skip
2026-07-15 07:00:02 +0530 seo: before due time (now=0700 < 1100); skip
2026-07-15 07:30:01 +0530 wake-lock acquired
2026-07-15 07:30:02 +0530 site_monitor: before due time (now=0730 < 1000); skip
2026-07-15 07:30:02 +0530 seo: before due time (now=0730 < 1100); skip
2026-07-15 08:00:01 +0530 wake-lock acquired
2026-07-15 08:00:02 +0530 site_monitor: before due time (now=0800 < 1000); skip
2026-07-15 08:00:02 +0530 seo: before due time (now=0800 < 1100); skip
2026-07-15 08:30:01 +0530 wake-lock acquired
2026-07-15 08:30:02 +0530 site_monitor: before due time (now=0830 < 1000); skip
2026-07-15 08:30:02 +0530 seo: before due time (now=0830 < 1100); skip
2026-07-15 09:00:01 +0530 wake-lock acquired
2026-07-15 09:00:02 +0530 site_monitor: before due time (now=0900 < 1000); skip
2026-07-15 09:00:02 +0530 seo: before due time (now=0900 < 1100); skip
2026-07-15 09:30:01 +0530 wake-lock acquired
2026-07-15 09:30:02 +0530 site_monitor: before due time (now=0930 < 1000); skip
2026-07-15 09:30:02 +0530 seo: before due time (now=0930 < 1100); skip
2026-07-15 10:00:01 +0530 wake-lock acquired
2026-07-15 10:00:05 +0530 site_monitor: catching up (now=1000, due=1000)…
2026-07-15 10:00:07 +0530 site_monitor: catch-up runner exited rc=0
2026-07-15 10:00:07 +0530 seo: before due time (now=1000 < 1100); skip
2026-07-15 10:30:01 +0530 wake-lock acquired
2026-07-15 10:30:02 +0530 site_monitor: catching up (now=1030, due=1000)…
2026-07-15 10:36:28 +0530 site_monitor: catch-up runner exited rc=1
2026-07-15 10:36:28 +0530 seo: before due time (now=1036 < 1100); skip
2026-07-15 11:00:02 +0530 wake-lock acquired
2026-07-15 11:00:03 +0530 site_monitor: catching up (now=1100, due=1000)…
2026-07-15 11:06:02 +0530 site_monitor: catch-up runner exited rc=1
2026-07-15 11:06:02 +0530 seo: already succeeded today (2026-07-15); skip
2026-07-15 11:30:02 +0530 wake-lock acquired
2026-07-15 11:30:04 +0530 site_monitor: catching up (now=1130, due=1000)…
2026-07-15 11:36:19 +0530 site_monitor: catch-up runner exited rc=1
2026-07-15 11:36:19 +0530 seo: already succeeded today (2026-07-15); skip
2026-07-15 12:00:01 +0530 wake-lock acquired
2026-07-15 12:00:03 +0530 site_monitor: catching up (now=1200, due=1000)…
2026-07-15 12:06:15 +0530 site_monitor: catch-up runner exited rc=1
2026-07-15 12:06:15 +0530 seo: already succeeded today (2026-07-15); skip
2026-07-15 12:30:02 +0530 wake-lock acquired
2026-07-15 12:30:03 +0530 site_monitor: catching up (now=1230, due=1000)…
2026-07-15 12:36:08 +0530 site_monitor: catch-up runner exited rc=1
2026-07-15 12:36:08 +0530 seo: already succeeded today (2026-07-15); skip
2026-07-15 13:00:01 +0530 wake-lock acquired
2026-07-15 13:00:03 +0530 site_monitor: catching up (now=1300, due=1000)…
2026-07-15 13:06:01 +0530 site_monitor: catch-up runner exited rc=1
2026-07-15 13:06:01 +0530 seo: already succeeded today (2026-07-15); skip
2026-07-15 13:30:01 +0530 wake-lock acquired
2026-07-15 13:30:03 +0530 site_monitor: catching up (now=1330, due=1000)…
2026-07-15 13:35:59 +0530 site_monitor: catch-up runner exited rc=1
2026-07-15 13:35:59 +0530 seo: already succeeded today (2026-07-15); skip
2026-07-15 14:00:01 +0530 wake-lock acquired
2026-07-15 14:00:02 +0530 site_monitor: catching up (now=1400, due=1000)…
2026-07-15 14:06:17 +0530 site_monitor: catch-up runner exited rc=1
2026-07-15 14:06:17 +0530 seo: already succeeded today (2026-07-15); skip
2026-07-15 14:30:01 +0530 wake-lock acquired
2026-07-15 14:30:03 +0530 site_monitor: catching up (now=1430, due=1000)…
2026-07-15 14:36:10 +0530 site_monitor: catch-up runner exited rc=1
2026-07-15 14:36:10 +0530 seo: already succeeded today (2026-07-15); skip
2026-07-15 15:00:01 +0530 wake-lock acquired
2026-07-15 15:00:13 +0530 site_monitor: due but network unavailable; will retry later
2026-07-15 15:00:13 +0530 seo: already succeeded today (2026-07-15); skip
2026-07-15 15:30:02 +0530 wake-lock acquired
2026-07-15 15:30:04 +0530 site_monitor: catching up (now=1530, due=1000)…
2026-07-15 15:36:07 +0530 site_monitor: catch-up runner exited rc=1
2026-07-15 15:36:07 +0530 seo: already succeeded today (2026-07-15); skip
2026-07-15 16:00:01 +0530 wake-lock acquired
2026-07-15 16:00:03 +0530 site_monitor: catching up (now=1600, due=1000)…
2026-07-15 16:06:14 +0530 site_monitor: catch-up runner exited rc=1
2026-07-15 16:06:14 +0530 seo: already succeeded today (2026-07-15); skip
2026-07-15 16:30:02 +0530 wake-lock acquired
2026-07-15 16:30:03 +0530 site_monitor: catching up (now=1630, due=1000)…
2026-07-15 16:36:30 +0530 site_monitor: catch-up runner exited rc=1
2026-07-15 16:36:30 +0530 seo: already succeeded today (2026-07-15); skip
2026-07-15 17:00:01 +0530 wake-lock acquired
2026-07-15 17:00:03 +0530 site_monitor: catching up (now=1700, due=1000)…
2026-07-15 17:06:41 +0530 site_monitor: catch-up runner exited rc=1
2026-07-15 17:06:41 +0530 seo: already succeeded today (2026-07-15); skip
2026-07-15 17:30:01 +0530 wake-lock acquired
2026-07-15 17:30:02 +0530 site_monitor: catching up (now=1730, due=1000)…
2026-07-15 17:35:56 +0530 site_monitor: catch-up runner exited rc=1
2026-07-15 17:35:57 +0530 seo: already succeeded today (2026-07-15); skip
2026-07-15 18:00:01 +0530 wake-lock acquired
2026-07-15 18:00:02 +0530 site_monitor: catching up (now=1800, due=1000)…
2026-07-15 18:06:05 +0530 site_monitor: catch-up runner exited rc=1
2026-07-15 18:06:05 +0530 seo: already succeeded today (2026-07-15); skip
2026-07-15 18:30:01 +0530 wake-lock acquired
2026-07-15 18:30:03 +0530 site_monitor: catching up (now=1830, due=1000)…
2026-07-15 18:36:17 +0530 site_monitor: catch-up runner exited rc=1
2026-07-15 18:36:17 +0530 seo: already succeeded today (2026-07-15); skip
2026-07-15 19:00:01 +0530 wake-lock acquired
2026-07-15 19:00:04 +0530 site_monitor: catching up (now=1900, due=1000)…
2026-07-15 19:06:16 +0530 site_monitor: catch-up runner exited rc=1
2026-07-15 19:06:16 +0530 seo: already succeeded today (2026-07-15); skip
2026-07-15 19:30:01 +0530 wake-lock acquired
2026-07-15 19:30:03 +0530 site_monitor: catching up (now=1930, due=1000)…
2026-07-15 19:35:57 +0530 site_monitor: catch-up runner exited rc=1
2026-07-15 19:35:57 +0530 seo: already succeeded today (2026-07-15); skip
2026-07-15 20:00:02 +0530 wake-lock acquired
2026-07-15 20:00:03 +0530 site_monitor: catching up (now=2000, due=1000)…
2026-07-15 20:06:07 +0530 site_monitor: catch-up runner exited rc=1
2026-07-15 20:06:07 +0530 seo: already succeeded today (2026-07-15); skip
2026-07-15 20:30:02 +0530 wake-lock acquired
2026-07-15 20:30:03 +0530 site_monitor: catching up (now=2030, due=1000)…
2026-07-15 20:36:20 +0530 site_monitor: catch-up runner exited rc=1
2026-07-15 20:36:21 +0530 seo: already succeeded today (2026-07-15); skip
2026-07-15 21:00:01 +0530 wake-lock acquired
2026-07-15 21:00:03 +0530 site_monitor: catching up (now=2100, due=1000)…
2026-07-15 21:05:59 +0530 site_monitor: catch-up runner exited rc=1
2026-07-15 21:05:59 +0530 seo: already succeeded today (2026-07-15); skip
2026-07-15 21:30:01 +0530 wake-lock acquired
2026-07-15 21:30:02 +0530 site_monitor: catching up (now=2130, due=1000)…
2026-07-15 21:35:58 +0530 site_monitor: catch-up runner exited rc=1
2026-07-15 21:35:58 +0530 seo: already succeeded today (2026-07-15); skip
2026-07-15 22:00:01 +0530 wake-lock acquired
2026-07-15 22:00:03 +0530 site_monitor: catching up (now=2200, due=1000)…
2026-07-15 22:05:59 +0530 site_monitor: catch-up runner exited rc=1
2026-07-15 22:05:59 +0530 seo: already succeeded today (2026-07-15); skip
2026-07-15 22:30:01 +0530 wake-lock acquired
2026-07-15 22:30:02 +0530 site_monitor: catching up (now=2230, due=1000)…
2026-07-15 22:36:02 +0530 site_monitor: catch-up runner exited rc=1
2026-07-15 22:36:03 +0530 seo: already succeeded today (2026-07-15); skip
2026-07-15 23:00:01 +0530 wake-lock acquired
2026-07-15 23:00:02 +0530 site_monitor: catching up (now=2300, due=1000)…
2026-07-15 23:05:55 +0530 site_monitor: catch-up runner exited rc=1
2026-07-15 23:05:56 +0530 seo: already succeeded today (2026-07-15); skip
2026-07-15 23:30:01 +0530 wake-lock acquired
2026-07-15 23:30:02 +0530 site_monitor: catching up (now=2330, due=1000)…
2026-07-15 23:35:58 +0530 site_monitor: catch-up runner exited rc=1
2026-07-15 23:35:58 +0530 seo: already succeeded today (2026-07-15); skip
2026-07-16 00:00:01 +0530 wake-lock acquired
2026-07-16 00:00:01 +0530 site_monitor: before due time (now=0000 < 1000); skip
2026-07-16 00:00:02 +0530 seo: before due time (now=0000 < 1100); skip
2026-07-16 00:30:01 +0530 wake-lock acquired
2026-07-16 00:30:01 +0530 site_monitor: before due time (now=0030 < 1000); skip
2026-07-16 00:30:02 +0530 seo: before due time (now=0030 < 1100); skip
2026-07-16 01:00:01 +0530 wake-lock acquired
2026-07-16 01:00:01 +0530 site_monitor: before due time (now=0100 < 1000); skip
2026-07-16 01:00:02 +0530 seo: before due time (now=0100 < 1100); skip
2026-07-16 01:30:01 +0530 wake-lock acquired
2026-07-16 01:30:01 +0530 site_monitor: before due time (now=0130 < 1000); skip
2026-07-16 01:30:02 +0530 seo: before due time (now=0130 < 1100); skip
2026-07-16 02:00:01 +0530 wake-lock acquired
2026-07-16 02:00:02 +0530 site_monitor: before due time (now=0200 < 1000); skip
2026-07-16 02:00:02 +0530 seo: before due time (now=0200 < 1100); skip
2026-07-16 02:30:01 +0530 wake-lock acquired
2026-07-16 02:30:01 +0530 site_monitor: before due time (now=0230 < 1000); skip
2026-07-16 02:30:02 +0530 seo: before due time (now=0230 < 1100); skip
2026-07-16 03:00:01 +0530 wake-lock acquired
2026-07-16 03:00:02 +0530 site_monitor: before due time (now=0300 < 1000); skip
2026-07-16 03:00:02 +0530 seo: before due time (now=0300 < 1100); skip
2026-07-16 03:30:01 +0530 wake-lock acquired
2026-07-16 03:30:02 +0530 site_monitor: before due time (now=0330 < 1000); skip
2026-07-16 03:30:02 +0530 seo: before due time (now=0330 < 1100); skip
2026-07-16 04:00:01 +0530 wake-lock acquired
2026-07-16 04:00:02 +0530 site_monitor: before due time (now=0400 < 1000); skip
2026-07-16 04:00:02 +0530 seo: before due time (now=0400 < 1100); skip
2026-07-16 04:30:01 +0530 wake-lock acquired
2026-07-16 04:30:02 +0530 site_monitor: before due time (now=0430 < 1000); skip
2026-07-16 04:30:02 +0530 seo: before due time (now=0430 < 1100); skip
2026-07-16 05:00:01 +0530 wake-lock acquired
2026-07-16 05:00:02 +0530 site_monitor: before due time (now=0500 < 1000); skip
2026-07-16 05:00:02 +0530 seo: before due time (now=0500 < 1100); skip
2026-07-16 05:30:01 +0530 wake-lock acquired
2026-07-16 05:30:02 +0530 site_monitor: before due time (now=0530 < 1000); skip
2026-07-16 05:30:02 +0530 seo: before due time (now=0530 < 1100); skip
2026-07-16 06:00:01 +0530 wake-lock acquired
2026-07-16 06:00:02 +0530 site_monitor: before due time (now=0600 < 1000); skip
2026-07-16 06:00:02 +0530 seo: before due time (now=0600 < 1100); skip
2026-07-16 06:30:01 +0530 wake-lock acquired
2026-07-16 06:30:02 +0530 site_monitor: before due time (now=0630 < 1000); skip
2026-07-16 06:30:02 +0530 seo: before due time (now=0630 < 1100); skip
2026-07-16 07:00:01 +0530 wake-lock acquired
2026-07-16 07:00:02 +0530 site_monitor: before due time (now=0700 < 1000); skip
2026-07-16 07:00:02 +0530 seo: before due time (now=0700 < 1100); skip
2026-07-16 07:30:01 +0530 wake-lock acquired
2026-07-16 07:30:02 +0530 site_monitor: before due time (now=0730 < 1000); skip
2026-07-16 07:30:02 +0530 seo: before due time (now=0730 < 1100); skip
2026-07-16 08:00:01 +0530 wake-lock acquired
2026-07-16 08:00:02 +0530 site_monitor: before due time (now=0800 < 1000); skip
2026-07-16 08:00:02 +0530 seo: before due time (now=0800 < 1100); skip
2026-07-16 08:30:01 +0530 wake-lock acquired
2026-07-16 08:30:02 +0530 site_monitor: before due time (now=0830 < 1000); skip
2026-07-16 08:30:02 +0530 seo: before due time (now=0830 < 1100); skip
2026-07-16 09:00:01 +0530 wake-lock acquired
2026-07-16 09:00:02 +0530 site_monitor: before due time (now=0900 < 1000); skip
2026-07-16 09:00:02 +0530 seo: before due time (now=0900 < 1100); skip
2026-07-16 09:30:01 +0530 wake-lock acquired
2026-07-16 09:30:02 +0530 site_monitor: before due time (now=0930 < 1000); skip
2026-07-16 09:30:02 +0530 seo: before due time (now=0930 < 1100); skip
2026-07-16 10:00:02 +0530 wake-lock acquired
2026-07-16 10:00:06 +0530 site_monitor: catching up (now=1000, due=1000)…
2026-07-16 10:00:11 +0530 site_monitor: catch-up runner exited rc=0
2026-07-16 10:00:11 +0530 seo: before due time (now=1000 < 1100); skip
2026-07-16 10:30:02 +0530 wake-lock acquired
2026-07-16 10:30:03 +0530 site_monitor: catching up (now=1030, due=1000)…
2026-07-16 10:36:11 +0530 site_monitor: catch-up runner exited rc=1
2026-07-16 10:36:11 +0530 seo: before due time (now=1036 < 1100); skip
2026-07-16 11:00:01 +0530 wake-lock acquired
2026-07-16 11:00:02 +0530 site_monitor: catching up (now=1100, due=1000)…
2026-07-16 11:06:21 +0530 site_monitor: catch-up runner exited rc=1
2026-07-16 11:06:22 +0530 seo: already succeeded today (2026-07-16); skip
2026-07-16 11:30:01 +0530 wake-lock acquired
2026-07-16 11:30:02 +0530 site_monitor: catching up (now=1130, due=1000)…
2026-07-16 11:36:35 +0530 site_monitor: catch-up runner exited rc=1
2026-07-16 11:36:35 +0530 seo: already succeeded today (2026-07-16); skip
2026-07-16 12:00:01 +0530 wake-lock acquired
2026-07-16 12:00:03 +0530 site_monitor: catching up (now=1200, due=1000)…
2026-07-16 12:06:05 +0530 site_monitor: catch-up runner exited rc=1
2026-07-16 12:06:05 +0530 seo: already succeeded today (2026-07-16); skip
2026-07-16 12:30:02 +0530 wake-lock acquired
2026-07-16 12:30:05 +0530 site_monitor: catching up (now=1230, due=1000)…
2026-07-16 12:36:31 +0530 site_monitor: catch-up runner exited rc=1
2026-07-16 12:36:31 +0530 seo: already succeeded today (2026-07-16); skip
2026-07-16 13:00:02 +0530 wake-lock acquired
2026-07-16 13:00:03 +0530 site_monitor: catching up (now=1300, due=1000)…
2026-07-16 13:06:00 +0530 site_monitor: catch-up runner exited rc=1
2026-07-16 13:06:00 +0530 seo: already succeeded today (2026-07-16); skip
2026-07-16 13:30:02 +0530 wake-lock acquired
2026-07-16 13:30:05 +0530 site_monitor: catching up (now=1330, due=1000)…
2026-07-16 13:36:06 +0530 site_monitor: catch-up runner exited rc=1
2026-07-16 13:36:06 +0530 seo: already succeeded today (2026-07-16); skip
2026-07-16 14:00:01 +0530 wake-lock acquired
2026-07-16 14:00:03 +0530 site_monitor: catching up (now=1400, due=1000)…
2026-07-16 14:06:10 +0530 site_monitor: catch-up runner exited rc=1
2026-07-16 14:06:10 +0530 seo: already succeeded today (2026-07-16); skip
2026-07-16 14:30:01 +0530 wake-lock acquired
2026-07-16 14:30:02 +0530 site_monitor: catching up (now=1430, due=1000)…
2026-07-16 14:36:09 +0530 site_monitor: catch-up runner exited rc=1
2026-07-16 14:36:09 +0530 seo: already succeeded today (2026-07-16); skip
2026-07-16 15:00:01 +0530 wake-lock acquired
2026-07-16 15:00:03 +0530 site_monitor: catching up (now=1500, due=1000)…
2026-07-16 15:06:11 +0530 site_monitor: catch-up runner exited rc=1
2026-07-16 15:06:11 +0530 seo: already succeeded today (2026-07-16); skip
2026-07-16 15:30:02 +0530 wake-lock acquired
2026-07-16 15:30:03 +0530 site_monitor: catching up (now=1530, due=1000)…
2026-07-16 15:36:03 +0530 site_monitor: catch-up runner exited rc=1
2026-07-16 15:36:03 +0530 seo: already succeeded today (2026-07-16); skip
2026-07-16 16:00:01 +0530 wake-lock acquired
2026-07-16 16:00:02 +0530 site_monitor: catching up (now=1600, due=1000)…
2026-07-16 16:06:05 +0530 site_monitor: catch-up runner exited rc=1
2026-07-16 16:06:05 +0530 seo: already succeeded today (2026-07-16); skip
2026-07-16 16:30:01 +0530 wake-lock acquired
2026-07-16 16:30:03 +0530 site_monitor: catching up (now=1630, due=1000)…
2026-07-16 16:36:12 +0530 site_monitor: catch-up runner exited rc=1
2026-07-16 16:36:12 +0530 seo: already succeeded today (2026-07-16); skip
2026-07-16 17:00:02 +0530 wake-lock acquired
2026-07-16 17:00:03 +0530 site_monitor: catching up (now=1700, due=1000)…
2026-07-16 17:05:57 +0530 site_monitor: catch-up runner exited rc=1
2026-07-16 17:05:57 +0530 seo: already succeeded today (2026-07-16); skip
2026-07-16 17:30:02 +0530 wake-lock acquired
2026-07-16 17:30:03 +0530 site_monitor: catching up (now=1730, due=1000)…
2026-07-16 17:35:58 +0530 site_monitor: catch-up runner exited rc=1
2026-07-16 17:35:59 +0530 seo: already succeeded today (2026-07-16); skip
2026-07-16 18:00:01 +0530 wake-lock acquired
2026-07-16 18:00:03 +0530 site_monitor: catching up (now=1800, due=1000)…
2026-07-16 18:06:18 +0530 site_monitor: catch-up runner exited rc=1
2026-07-16 18:06:18 +0530 seo: already succeeded today (2026-07-16); skip
2026-07-16 18:30:01 +0530 wake-lock acquired
2026-07-16 18:30:02 +0530 site_monitor: catching up (now=1830, due=1000)…
2026-07-16 18:35:59 +0530 site_monitor: catch-up runner exited rc=1
2026-07-16 18:35:59 +0530 seo: already succeeded today (2026-07-16); skip
2026-07-16 19:00:01 +0530 wake-lock acquired
2026-07-16 19:00:05 +0530 site_monitor: catching up (now=1900, due=1000)…
2026-07-16 19:06:19 +0530 site_monitor: catch-up runner exited rc=1
2026-07-16 19:06:19 +0530 seo: already succeeded today (2026-07-16); skip
2026-07-16 19:30:01 +0530 wake-lock acquired
2026-07-16 19:30:02 +0530 site_monitor: catching up (now=1930, due=1000)…
2026-07-16 19:35:57 +0530 site_monitor: catch-up runner exited rc=1
2026-07-16 19:35:57 +0530 seo: already succeeded today (2026-07-16); skip
2026-07-16 20:00:01 +0530 wake-lock acquired
2026-07-16 20:00:02 +0530 site_monitor: catching up (now=2000, due=1000)…
2026-07-16 20:06:01 +0530 site_monitor: catch-up runner exited rc=1
2026-07-16 20:06:01 +0530 seo: already succeeded today (2026-07-16); skip
2026-07-16 20:30:01 +0530 wake-lock acquired
2026-07-16 20:30:03 +0530 site_monitor: catching up (now=2030, due=1000)…
2026-07-16 20:35:55 +0530 site_monitor: catch-up runner exited rc=1
2026-07-16 20:35:55 +0530 seo: already succeeded today (2026-07-16); skip
2026-07-16 21:00:01 +0530 wake-lock acquired
2026-07-16 21:00:03 +0530 site_monitor: catching up (now=2100, due=1000)…
2026-07-16 21:06:04 +0530 site_monitor: catch-up runner exited rc=1
2026-07-16 21:06:04 +0530 seo: already succeeded today (2026-07-16); skip
2026-07-16 21:30:01 +0530 wake-lock acquired
2026-07-16 21:30:02 +0530 site_monitor: catching up (now=2130, due=1000)…
2026-07-16 21:36:01 +0530 site_monitor: catch-up runner exited rc=1
2026-07-16 21:36:01 +0530 seo: already succeeded today (2026-07-16); skip
2026-07-16 22:00:02 +0530 wake-lock acquired
2026-07-16 22:00:03 +0530 site_monitor: catching up (now=2200, due=1000)…
2026-07-16 22:06:00 +0530 site_monitor: catch-up runner exited rc=1
2026-07-16 22:06:00 +0530 seo: already succeeded today (2026-07-16); skip
2026-07-16 22:30:01 +0530 wake-lock acquired
2026-07-16 22:30:05 +0530 site_monitor: catching up (now=2230, due=1000)…
2026-07-16 22:36:02 +0530 site_monitor: catch-up runner exited rc=1
2026-07-16 22:36:02 +0530 seo: already succeeded today (2026-07-16); skip
2026-07-16 23:00:01 +0530 wake-lock acquired
2026-07-16 23:00:02 +0530 site_monitor: catching up (now=2300, due=1000)…
2026-07-16 23:05:57 +0530 site_monitor: catch-up runner exited rc=1
2026-07-16 23:05:57 +0530 seo: already succeeded today (2026-07-16); skip
2026-07-16 23:30:01 +0530 wake-lock acquired
2026-07-16 23:30:03 +0530 site_monitor: catching up (now=2330, due=1000)…
2026-07-16 23:35:53 +0530 site_monitor: catch-up runner exited rc=1
2026-07-16 23:35:54 +0530 seo: already succeeded today (2026-07-16); skip
2026-07-17 00:00:01 +0530 wake-lock acquired
2026-07-17 00:00:01 +0530 site_monitor: before due time (now=0000 < 1000); skip
2026-07-17 00:00:02 +0530 seo: before due time (now=0000 < 1100); skip
2026-07-17 00:30:01 +0530 wake-lock acquired
2026-07-17 00:30:01 +0530 site_monitor: before due time (now=0030 < 1000); skip
2026-07-17 00:30:02 +0530 seo: before due time (now=0030 < 1100); skip
2026-07-17 01:00:01 +0530 wake-lock acquired
2026-07-17 01:00:01 +0530 site_monitor: before due time (now=0100 < 1000); skip
2026-07-17 01:00:02 +0530 seo: before due time (now=0100 < 1100); skip
2026-07-17 01:30:01 +0530 wake-lock acquired
2026-07-17 01:30:02 +0530 site_monitor: before due time (now=0130 < 1000); skip
2026-07-17 01:30:02 +0530 seo: before due time (now=0130 < 1100); skip
2026-07-17 02:00:01 +0530 wake-lock acquired
2026-07-17 02:00:01 +0530 site_monitor: before due time (now=0200 < 1000); skip
2026-07-17 02:00:02 +0530 seo: before due time (now=0200 < 1100); skip
2026-07-17 02:30:01 +0530 wake-lock acquired
2026-07-17 02:30:01 +0530 site_monitor: before due time (now=0230 < 1000); skip
2026-07-17 02:30:02 +0530 seo: before due time (now=0230 < 1100); skip
2026-07-17 03:00:01 +0530 wake-lock acquired
2026-07-17 03:00:01 +0530 site_monitor: before due time (now=0300 < 1000); skip
2026-07-17 03:00:02 +0530 seo: before due time (now=0300 < 1100); skip
2026-07-17 03:30:01 +0530 wake-lock acquired
2026-07-17 03:30:01 +0530 site_monitor: before due time (now=0330 < 1000); skip
2026-07-17 03:30:02 +0530 seo: before due time (now=0330 < 1100); skip
2026-07-17 04:00:01 +0530 wake-lock acquired
2026-07-17 04:00:01 +0530 site_monitor: before due time (now=0400 < 1000); skip
2026-07-17 04:00:02 +0530 seo: before due time (now=0400 < 1100); skip
2026-07-17 04:30:01 +0530 wake-lock acquired
2026-07-17 04:30:02 +0530 site_monitor: before due time (now=0430 < 1000); skip
2026-07-17 04:30:02 +0530 seo: before due time (now=0430 < 1100); skip
2026-07-17 05:00:01 +0530 wake-lock acquired
2026-07-17 05:00:02 +0530 site_monitor: before due time (now=0500 < 1000); skip
2026-07-17 05:00:02 +0530 seo: before due time (now=0500 < 1100); skip
2026-07-17 05:30:01 +0530 wake-lock acquired
2026-07-17 05:30:02 +0530 site_monitor: before due time (now=0530 < 1000); skip
2026-07-17 05:30:02 +0530 seo: before due time (now=0530 < 1100); skip
2026-07-17 06:00:01 +0530 wake-lock acquired
2026-07-17 06:00:02 +0530 site_monitor: before due time (now=0600 < 1000); skip
2026-07-17 06:00:02 +0530 seo: before due time (now=0600 < 1100); skip
2026-07-17 06:30:01 +0530 wake-lock acquired
2026-07-17 06:30:02 +0530 site_monitor: before due time (now=0630 < 1000); skip
2026-07-17 06:30:02 +0530 seo: before due time (now=0630 < 1100); skip
2026-07-17 07:00:01 +0530 wake-lock acquired
2026-07-17 07:00:01 +0530 site_monitor: before due time (now=0700 < 1000); skip
2026-07-17 07:00:02 +0530 seo: before due time (now=0700 < 1100); skip
2026-07-17 07:30:01 +0530 wake-lock acquired
2026-07-17 07:30:01 +0530 site_monitor: before due time (now=0730 < 1000); skip
2026-07-17 07:30:02 +0530 seo: before due time (now=0730 < 1100); skip
2026-07-17 08:00:01 +0530 wake-lock acquired
2026-07-17 08:00:01 +0530 site_monitor: before due time (now=0800 < 1000); skip
2026-07-17 08:00:01 +0530 seo: before due time (now=0800 < 1100); skip
2026-07-17 08:30:01 +0530 wake-lock acquired
2026-07-17 08:30:01 +0530 site_monitor: before due time (now=0830 < 1000); skip
2026-07-17 08:30:01 +0530 seo: before due time (now=0830 < 1100); skip
2026-07-17 09:00:01 +0530 wake-lock acquired
2026-07-17 09:00:01 +0530 site_monitor: before due time (now=0900 < 1000); skip
2026-07-17 09:00:01 +0530 seo: before due time (now=0900 < 1100); skip
2026-07-17 09:30:01 +0530 wake-lock acquired
2026-07-17 09:30:01 +0530 site_monitor: before due time (now=0930 < 1000); skip
2026-07-17 09:30:02 +0530 seo: before due time (now=0930 < 1100); skip
2026-07-17 10:00:01 +0530 wake-lock acquired
2026-07-17 10:00:02 +0530 site_monitor: catching up (now=1000, due=1000)…
2026-07-17 10:00:03 +0530 site_monitor: catch-up runner exited rc=0
2026-07-17 10:00:03 +0530 seo: before due time (now=1000 < 1100); skip
2026-07-17 10:30:02 +0530 wake-lock acquired
2026-07-17 10:30:03 +0530 site_monitor: catching up (now=1030, due=1000)…
2026-07-17 10:36:09 +0530 site_monitor: catch-up runner exited rc=0
2026-07-17 10:36:09 +0530 seo: before due time (now=1036 < 1100); skip
2026-07-17 11:00:02 +0530 wake-lock acquired
2026-07-17 11:00:02 +0530 site_monitor: already succeeded today (2026-07-17); skip
2026-07-17 11:00:07 +0530 seo: catching up (now=1100, due=1100)…
2026-07-17 11:00:12 +0530 seo: catch-up runner exited rc=0
2026-07-17 11:30:01 +0530 wake-lock acquired
2026-07-17 11:30:01 +0530 site_monitor: already succeeded today (2026-07-17); skip
2026-07-17 11:30:01 +0530 seo: already succeeded today (2026-07-17); skip
2026-07-17 12:00:01 +0530 wake-lock acquired
2026-07-17 12:00:01 +0530 site_monitor: already succeeded today (2026-07-17); skip
2026-07-17 12:00:01 +0530 seo: already succeeded today (2026-07-17); skip
2026-07-17 12:30:01 +0530 wake-lock acquired
2026-07-17 12:30:01 +0530 site_monitor: already succeeded today (2026-07-17); skip
2026-07-17 12:30:01 +0530 seo: already succeeded today (2026-07-17); skip
2026-07-17 13:00:01 +0530 wake-lock acquired
2026-07-17 13:00:01 +0530 site_monitor: already succeeded today (2026-07-17); skip
2026-07-17 13:00:01 +0530 seo: already succeeded today (2026-07-17); skip
2026-07-17 13:30:02 +0530 wake-lock acquired
2026-07-17 13:30:02 +0530 site_monitor: already succeeded today (2026-07-17); skip
2026-07-17 13:30:02 +0530 seo: already succeeded today (2026-07-17); skip
2026-07-17 14:00:02 +0530 wake-lock acquired
2026-07-17 14:00:02 +0530 site_monitor: already succeeded today (2026-07-17); skip
2026-07-17 14:00:02 +0530 seo: already succeeded today (2026-07-17); skip
2026-07-17 14:30:02 +0530 wake-lock acquired
2026-07-17 14:30:02 +0530 site_monitor: already succeeded today (2026-07-17); skip
2026-07-17 14:30:02 +0530 seo: already succeeded today (2026-07-17); skip
2026-07-17 15:00:02 +0530 wake-lock acquired
2026-07-17 15:00:02 +0530 site_monitor: already succeeded today (2026-07-17); skip
2026-07-17 15:00:02 +0530 seo: already succeeded today (2026-07-17); skip
2026-07-17 15:30:01 +0530 wake-lock acquired
2026-07-17 15:30:02 +0530 site_monitor: already succeeded today (2026-07-17); skip
2026-07-17 15:30:02 +0530 seo: already succeeded today (2026-07-17); skip
2026-07-17 16:00:01 +0530 wake-lock acquired
2026-07-17 16:00:01 +0530 site_monitor: already succeeded today (2026-07-17); skip
2026-07-17 16:00:02 +0530 seo: already succeeded today (2026-07-17); skip
2026-07-17 16:30:01 +0530 wake-lock acquired
2026-07-17 16:30:01 +0530 site_monitor: already succeeded today (2026-07-17); skip
2026-07-17 16:30:02 +0530 seo: already succeeded today (2026-07-17); skip
2026-07-17 17:00:01 +0530 wake-lock acquired
2026-07-17 17:00:01 +0530 site_monitor: already succeeded today (2026-07-17); skip
2026-07-17 17:00:01 +0530 seo: already succeeded today (2026-07-17); skip
2026-07-17 17:30:01 +0530 wake-lock acquired
2026-07-17 17:30:01 +0530 site_monitor: already succeeded today (2026-07-17); skip
2026-07-17 17:30:01 +0530 seo: already succeeded today (2026-07-17); skip
2026-07-17 18:00:01 +0530 wake-lock acquired
2026-07-17 18:00:01 +0530 site_monitor: already succeeded today (2026-07-17); skip
2026-07-17 18:00:01 +0530 seo: already succeeded today (2026-07-17); skip
2026-07-17 18:30:02 +0530 wake-lock acquired
2026-07-17 18:30:02 +0530 site_monitor: already succeeded today (2026-07-17); skip
2026-07-17 18:30:02 +0530 seo: already succeeded today (2026-07-17); skip
2026-07-17 19:00:02 +0530 wake-lock acquired
2026-07-17 19:00:02 +0530 site_monitor: already succeeded today (2026-07-17); skip
2026-07-17 19:00:02 +0530 seo: already succeeded today (2026-07-17); skip
2026-07-17 19:30:02 +0530 wake-lock acquired
2026-07-17 19:30:02 +0530 site_monitor: already succeeded today (2026-07-17); skip
2026-07-17 19:30:02 +0530 seo: already succeeded today (2026-07-17); skip
2026-07-17 20:00:02 +0530 wake-lock acquired
2026-07-17 20:00:02 +0530 site_monitor: already succeeded today (2026-07-17); skip
2026-07-17 20:00:02 +0530 seo: already succeeded today (2026-07-17); skip
2026-07-17 20:30:02 +0530 wake-lock acquired
2026-07-17 20:30:02 +0530 site_monitor: already succeeded today (2026-07-17); skip
2026-07-17 20:30:02 +0530 seo: already succeeded today (2026-07-17); skip
2026-07-17 21:00:02 +0530 wake-lock acquired
2026-07-17 21:00:02 +0530 site_monitor: already succeeded today (2026-07-17); skip
2026-07-17 21:00:02 +0530 seo: already succeeded today (2026-07-17); skip
2026-07-17 21:30:02 +0530 wake-lock acquired
2026-07-17 21:30:02 +0530 site_monitor: already succeeded today (2026-07-17); skip
2026-07-17 21:30:02 +0530 seo: already succeeded today (2026-07-17); skip
2026-07-17 22:00:02 +0530 wake-lock acquired
2026-07-17 22:00:02 +0530 site_monitor: already succeeded today (2026-07-17); skip
2026-07-17 22:00:02 +0530 seo: already succeeded today (2026-07-17); skip
2026-07-17 22:30:02 +0530 wake-lock acquired
2026-07-17 22:30:02 +0530 site_monitor: already succeeded today (2026-07-17); skip
2026-07-17 22:30:02 +0530 seo: already succeeded today (2026-07-17); skip
2026-07-17 23:00:02 +0530 wake-lock acquired
2026-07-17 23:00:02 +0530 site_monitor: already succeeded today (2026-07-17); skip
2026-07-17 23:00:02 +0530 seo: already succeeded today (2026-07-17); skip
2026-07-17 23:30:01 +0530 wake-lock acquired
2026-07-17 23:30:02 +0530 site_monitor: already succeeded today (2026-07-17); skip
2026-07-17 23:30:02 +0530 seo: already succeeded today (2026-07-17); skip
2026-07-18 00:00:01 +0530 wake-lock acquired
2026-07-18 00:00:02 +0530 site_monitor: before due time (now=0000 < 1000); skip
2026-07-18 00:00:02 +0530 seo: before due time (now=0000 < 1100); skip
2026-07-18 00:30:01 +0530 wake-lock acquired
2026-07-18 00:30:02 +0530 site_monitor: before due time (now=0030 < 1000); skip
2026-07-18 00:30:02 +0530 seo: before due time (now=0030 < 1100); skip
2026-07-18 01:00:01 +0530 wake-lock acquired
2026-07-18 01:00:02 +0530 site_monitor: before due time (now=0100 < 1000); skip
2026-07-18 01:00:02 +0530 seo: before due time (now=0100 < 1100); skip
2026-07-18 01:30:01 +0530 wake-lock acquired
2026-07-18 01:30:02 +0530 site_monitor: before due time (now=0130 < 1000); skip
2026-07-18 01:30:02 +0530 seo: before due time (now=0130 < 1100); skip
2026-07-18 02:00:01 +0530 wake-lock acquired
2026-07-18 02:00:02 +0530 site_monitor: before due time (now=0200 < 1000); skip
2026-07-18 02:00:02 +0530 seo: before due time (now=0200 < 1100); skip
2026-07-18 02:30:01 +0530 wake-lock acquired
2026-07-18 02:30:02 +0530 site_monitor: before due time (now=0230 < 1000); skip
2026-07-18 02:30:02 +0530 seo: before due time (now=0230 < 1100); skip
2026-07-18 03:00:01 +0530 wake-lock acquired
2026-07-18 03:00:02 +0530 site_monitor: before due time (now=0300 < 1000); skip
2026-07-18 03:00:02 +0530 seo: before due time (now=0300 < 1100); skip
2026-07-18 03:30:01 +0530 wake-lock acquired
2026-07-18 03:30:02 +0530 site_monitor: before due time (now=0330 < 1000); skip
2026-07-18 03:30:02 +0530 seo: before due time (now=0330 < 1100); skip
2026-07-18 04:00:01 +0530 wake-lock acquired
2026-07-18 04:00:02 +0530 site_monitor: before due time (now=0400 < 1000); skip
2026-07-18 04:00:02 +0530 seo: before due time (now=0400 < 1100); skip
2026-07-18 04:30:02 +0530 wake-lock acquired
2026-07-18 04:30:02 +0530 site_monitor: before due time (now=0430 < 1000); skip
2026-07-18 04:30:02 +0530 seo: before due time (now=0430 < 1100); skip
2026-07-18 05:00:02 +0530 wake-lock acquired
2026-07-18 05:00:02 +0530 site_monitor: before due time (now=0500 < 1000); skip
2026-07-18 05:00:02 +0530 seo: before due time (now=0500 < 1100); skip
2026-07-18 05:30:02 +0530 wake-lock acquired
2026-07-18 05:30:02 +0530 site_monitor: before due time (now=0530 < 1000); skip
2026-07-18 05:30:02 +0530 seo: before due time (now=0530 < 1100); skip
2026-07-18 06:00:02 +0530 wake-lock acquired
2026-07-18 06:00:02 +0530 site_monitor: before due time (now=0600 < 1000); skip
2026-07-18 06:00:02 +0530 seo: before due time (now=0600 < 1100); skip
2026-07-18 06:30:02 +0530 wake-lock acquired
2026-07-18 06:30:02 +0530 site_monitor: before due time (now=0630 < 1000); skip
2026-07-18 06:30:02 +0530 seo: before due time (now=0630 < 1100); skip
2026-07-18 07:00:02 +0530 wake-lock acquired
2026-07-18 07:00:02 +0530 site_monitor: before due time (now=0700 < 1000); skip
2026-07-18 07:00:02 +0530 seo: before due time (now=0700 < 1100); skip
2026-07-18 07:30:02 +0530 wake-lock acquired
2026-07-18 07:30:02 +0530 site_monitor: before due time (now=0730 < 1000); skip
2026-07-18 07:30:02 +0530 seo: before due time (now=0730 < 1100); skip
2026-07-18 08:00:01 +0530 wake-lock acquired
2026-07-18 08:00:01 +0530 site_monitor: before due time (now=0800 < 1000); skip
2026-07-18 08:00:01 +0530 seo: before due time (now=0800 < 1100); skip
2026-07-18 08:30:01 +0530 wake-lock acquired
2026-07-18 08:30:01 +0530 site_monitor: before due time (now=0830 < 1000); skip
2026-07-18 08:30:01 +0530 seo: before due time (now=0830 < 1100); skip
2026-07-18 09:00:02 +0530 wake-lock acquired
2026-07-18 09:00:02 +0530 site_monitor: before due time (now=0900 < 1000); skip
2026-07-18 09:00:02 +0530 seo: before due time (now=0900 < 1100); skip
2026-07-18 09:30:01 +0530 wake-lock acquired
2026-07-18 09:30:01 +0530 site_monitor: before due time (now=0930 < 1000); skip
2026-07-18 09:30:01 +0530 seo: before due time (now=0930 < 1100); skip
2026-07-18 10:00:01 +0530 wake-lock acquired
2026-07-18 10:00:02 +0530 site_monitor: catching up (now=1000, due=1000)…
2026-07-18 10:00:03 +0530 site_monitor: catch-up runner exited rc=0
2026-07-18 10:00:03 +0530 seo: before due time (now=1000 < 1100); skip
2026-07-18 10:30:02 +0530 wake-lock acquired
2026-07-18 10:30:03 +0530 site_monitor: catching up (now=1030, due=1000)…
2026-07-18 10:36:10 +0530 site_monitor: catch-up runner exited rc=1
2026-07-18 10:36:10 +0530 seo: before due time (now=1036 < 1100); skip
2026-07-18 11:00:01 +0530 wake-lock acquired
2026-07-18 11:00:02 +0530 site_monitor: catching up (now=1100, due=1000)…
2026-07-18 11:06:12 +0530 site_monitor: catch-up runner exited rc=1
2026-07-18 11:06:12 +0530 seo: catching up (now=1106, due=1100)…
2026-07-18 11:06:13 +0530 seo: catch-up runner exited rc=0
2026-07-18 11:30:02 +0530 wake-lock acquired
2026-07-18 11:30:03 +0530 site_monitor: catching up (now=1130, due=1000)…
2026-07-18 11:36:10 +0530 site_monitor: catch-up runner exited rc=1
2026-07-18 11:36:10 +0530 seo: already succeeded today (2026-07-18); skip
2026-07-18 12:00:01 +0530 wake-lock acquired
2026-07-18 12:00:03 +0530 site_monitor: catching up (now=1200, due=1000)…
2026-07-18 12:05:58 +0530 site_monitor: catch-up runner exited rc=1
2026-07-18 12:05:58 +0530 seo: already succeeded today (2026-07-18); skip
2026-07-18 12:30:01 +0530 wake-lock acquired
2026-07-18 12:30:02 +0530 site_monitor: catching up (now=1230, due=1000)…
2026-07-18 12:36:00 +0530 site_monitor: catch-up runner exited rc=1
2026-07-18 12:36:00 +0530 seo: already succeeded today (2026-07-18); skip
2026-07-18 13:00:02 +0530 wake-lock acquired
2026-07-18 13:00:03 +0530 site_monitor: catching up (now=1300, due=1000)…
2026-07-18 13:06:03 +0530 site_monitor: catch-up runner exited rc=1
2026-07-18 13:06:03 +0530 seo: already succeeded today (2026-07-18); skip
2026-07-18 13:30:02 +0530 wake-lock acquired
2026-07-18 13:30:06 +0530 site_monitor: catching up (now=1330, due=1000)…
2026-07-18 13:36:13 +0530 site_monitor: catch-up runner exited rc=1
2026-07-18 13:36:13 +0530 seo: already succeeded today (2026-07-18); skip
2026-07-18 14:00:01 +0530 wake-lock acquired
2026-07-18 14:00:02 +0530 site_monitor: catching up (now=1400, due=1000)…
2026-07-18 14:06:08 +0530 site_monitor: catch-up runner exited rc=1
2026-07-18 14:06:09 +0530 seo: already succeeded today (2026-07-18); skip
2026-07-18 14:30:01 +0530 wake-lock acquired
2026-07-18 14:30:02 +0530 site_monitor: catching up (now=1430, due=1000)…
2026-07-18 14:36:10 +0530 site_monitor: catch-up runner exited rc=1
2026-07-18 14:36:10 +0530 seo: already succeeded today (2026-07-18); skip
2026-07-18 15:00:01 +0530 wake-lock acquired
2026-07-18 15:00:13 +0530 site_monitor: due but network unavailable; will retry later
2026-07-18 15:00:13 +0530 seo: already succeeded today (2026-07-18); skip
2026-07-18 15:30:01 +0530 wake-lock acquired
2026-07-18 15:30:03 +0530 site_monitor: catching up (now=1530, due=1000)…
2026-07-18 15:36:18 +0530 site_monitor: catch-up runner exited rc=1
2026-07-18 15:36:18 +0530 seo: already succeeded today (2026-07-18); skip
2026-07-18 16:00:02 +0530 wake-lock acquired
2026-07-18 16:00:04 +0530 site_monitor: catching up (now=1600, due=1000)…
2026-07-18 16:06:11 +0530 site_monitor: catch-up runner exited rc=1
2026-07-18 16:06:11 +0530 seo: already succeeded today (2026-07-18); skip
2026-07-18 16:30:01 +0530 wake-lock acquired
2026-07-18 16:30:05 +0530 site_monitor: catching up (now=1630, due=1000)…
2026-07-18 16:36:08 +0530 site_monitor: catch-up runner exited rc=1
2026-07-18 16:36:09 +0530 seo: already succeeded today (2026-07-18); skip
2026-07-18 17:00:01 +0530 wake-lock acquired
2026-07-18 17:00:02 +0530 site_monitor: catching up (now=1700, due=1000)…
2026-07-18 17:03:02 +0530 site_monitor: catch-up runner exited rc=1
2026-07-18 17:03:02 +0530 seo: already succeeded today (2026-07-18); skip
2026-07-18 17:30:02 +0530 wake-lock acquired
2026-07-18 17:30:03 +0530 site_monitor: catching up (now=1730, due=1000)…
2026-07-18 17:33:02 +0530 site_monitor: catch-up runner exited rc=1
2026-07-18 17:33:02 +0530 seo: already succeeded today (2026-07-18); skip
2026-07-18 18:00:02 +0530 wake-lock acquired
2026-07-18 18:00:03 +0530 site_monitor: catching up (now=1800, due=1000)…
2026-07-18 18:03:06 +0530 site_monitor: catch-up runner exited rc=1
2026-07-18 18:03:06 +0530 seo: already succeeded today (2026-07-18); skip
2026-07-18 18:30:02 +0530 wake-lock acquired
2026-07-18 18:30:03 +0530 site_monitor: catching up (now=1830, due=1000)…
2026-07-18 18:33:11 +0530 site_monitor: catch-up runner exited rc=1
2026-07-18 18:33:11 +0530 seo: already succeeded today (2026-07-18); skip
2026-07-18 19:00:01 +0530 wake-lock acquired
2026-07-18 19:00:03 +0530 site_monitor: catching up (now=1900, due=1000)…
2026-07-18 19:03:03 +0530 site_monitor: catch-up runner exited rc=1
2026-07-18 19:03:03 +0530 seo: already succeeded today (2026-07-18); skip
2026-07-18 19:30:01 +0530 wake-lock acquired
2026-07-18 19:30:02 +0530 site_monitor: catching up (now=1930, due=1000)…
2026-07-18 19:33:03 +0530 site_monitor: catch-up runner exited rc=1
2026-07-18 19:33:04 +0530 seo: already succeeded today (2026-07-18); skip
2026-07-18 20:00:01 +0530 wake-lock acquired
2026-07-18 20:00:03 +0530 site_monitor: catching up (now=2000, due=1000)…
2026-07-18 20:03:03 +0530 site_monitor: catch-up runner exited rc=1
2026-07-18 20:03:03 +0530 seo: already succeeded today (2026-07-18); skip
2026-07-18 20:30:02 +0530 wake-lock acquired
2026-07-18 20:30:03 +0530 site_monitor: catching up (now=2030, due=1000)…
2026-07-18 20:33:05 +0530 site_monitor: catch-up runner exited rc=1
2026-07-18 20:33:05 +0530 seo: already succeeded today (2026-07-18); skip
2026-07-18 21:00:02 +0530 wake-lock acquired
2026-07-18 21:00:03 +0530 site_monitor: catching up (now=2100, due=1000)…
2026-07-18 21:03:01 +0530 site_monitor: catch-up runner exited rc=1
2026-07-18 21:03:01 +0530 seo: already succeeded today (2026-07-18); skip
2026-07-18 21:30:02 +0530 wake-lock acquired
2026-07-18 21:30:03 +0530 site_monitor: catching up (now=2130, due=1000)…
2026-07-18 21:33:03 +0530 site_monitor: catch-up runner exited rc=1
2026-07-18 21:33:03 +0530 seo: already succeeded today (2026-07-18); skip
2026-07-18 22:00:01 +0530 wake-lock acquired
2026-07-18 22:00:03 +0530 site_monitor: catching up (now=2200, due=1000)…
2026-07-18 22:03:06 +0530 site_monitor: catch-up runner exited rc=1
2026-07-18 22:03:06 +0530 seo: already succeeded today (2026-07-18); skip
2026-07-18 22:30:02 +0530 wake-lock acquired
2026-07-18 22:30:03 +0530 site_monitor: catching up (now=2230, due=1000)…
2026-07-18 22:33:03 +0530 site_monitor: catch-up runner exited rc=1
2026-07-18 22:33:04 +0530 seo: already succeeded today (2026-07-18); skip
2026-07-18 23:00:01 +0530 wake-lock acquired
2026-07-18 23:00:02 +0530 site_monitor: catching up (now=2300, due=1000)…
2026-07-18 23:03:05 +0530 site_monitor: catch-up runner exited rc=1
2026-07-18 23:03:05 +0530 seo: already succeeded today (2026-07-18); skip
2026-07-18 23:30:01 +0530 wake-lock acquired
2026-07-18 23:30:03 +0530 site_monitor: catching up (now=2330, due=1000)…
2026-07-18 23:33:05 +0530 site_monitor: catch-up runner exited rc=1
2026-07-18 23:33:05 +0530 seo: already succeeded today (2026-07-18); skip
2026-07-19 00:00:02 +0530 wake-lock acquired
2026-07-19 00:00:02 +0530 site_monitor: before due time (now=0000 < 1000); skip
2026-07-19 00:00:02 +0530 seo: before due time (now=0000 < 1100); skip
2026-07-19 00:30:02 +0530 wake-lock acquired
2026-07-19 00:30:02 +0530 site_monitor: before due time (now=0030 < 1000); skip
2026-07-19 00:30:02 +0530 seo: before due time (now=0030 < 1100); skip
2026-07-19 01:00:02 +0530 wake-lock acquired
2026-07-19 01:00:02 +0530 site_monitor: before due time (now=0100 < 1000); skip
2026-07-19 01:00:02 +0530 seo: before due time (now=0100 < 1100); skip
2026-07-19 01:30:02 +0530 wake-lock acquired
2026-07-19 01:30:02 +0530 site_monitor: before due time (now=0130 < 1000); skip
2026-07-19 01:30:02 +0530 seo: before due time (now=0130 < 1100); skip
2026-07-19 02:00:02 +0530 wake-lock acquired
2026-07-19 02:00:02 +0530 site_monitor: before due time (now=0200 < 1000); skip
2026-07-19 02:00:02 +0530 seo: before due time (now=0200 < 1100); skip
2026-07-19 02:30:01 +0530 wake-lock acquired
2026-07-19 02:30:02 +0530 site_monitor: before due time (now=0230 < 1000); skip
2026-07-19 02:30:02 +0530 seo: before due time (now=0230 < 1100); skip
2026-07-19 03:00:01 +0530 wake-lock acquired
2026-07-19 03:00:02 +0530 site_monitor: before due time (now=0300 < 1000); skip
2026-07-19 03:00:02 +0530 seo: before due time (now=0300 < 1100); skip
2026-07-19 03:30:02 +0530 wake-lock acquired
2026-07-19 03:30:02 +0530 site_monitor: before due time (now=0330 < 1000); skip
2026-07-19 03:30:02 +0530 seo: before due time (now=0330 < 1100); skip
2026-07-19 04:00:02 +0530 wake-lock acquired
2026-07-19 04:00:02 +0530 site_monitor: before due time (now=0400 < 1000); skip
2026-07-19 04:00:02 +0530 seo: before due time (now=0400 < 1100); skip
2026-07-19 04:30:02 +0530 wake-lock acquired
2026-07-19 04:30:02 +0530 site_monitor: before due time (now=0430 < 1000); skip
2026-07-19 04:30:02 +0530 seo: before due time (now=0430 < 1100); skip
2026-07-19 05:00:02 +0530 wake-lock acquired
2026-07-19 05:00:02 +0530 site_monitor: before due time (now=0500 < 1000); skip
2026-07-19 05:00:02 +0530 seo: before due time (now=0500 < 1100); skip
2026-07-19 05:30:02 +0530 wake-lock acquired
2026-07-19 05:30:02 +0530 site_monitor: before due time (now=0530 < 1000); skip
2026-07-19 05:30:02 +0530 seo: before due time (now=0530 < 1100); skip
2026-07-19 06:00:02 +0530 wake-lock acquired
2026-07-19 06:00:02 +0530 site_monitor: before due time (now=0600 < 1000); skip
2026-07-19 06:00:02 +0530 seo: before due time (now=0600 < 1100); skip
2026-07-19 06:30:02 +0530 wake-lock acquired
2026-07-19 06:30:02 +0530 site_monitor: before due time (now=0630 < 1000); skip
2026-07-19 06:30:02 +0530 seo: before due time (now=0630 < 1100); skip
2026-07-19 07:00:02 +0530 wake-lock acquired
2026-07-19 07:00:02 +0530 site_monitor: before due time (now=0700 < 1000); skip
2026-07-19 07:00:02 +0530 seo: before due time (now=0700 < 1100); skip
2026-07-19 07:30:02 +0530 wake-lock acquired
2026-07-19 07:30:02 +0530 site_monitor: before due time (now=0730 < 1000); skip
2026-07-19 07:30:02 +0530 seo: before due time (now=0730 < 1100); skip
2026-07-19 08:00:02 +0530 wake-lock acquired
2026-07-19 08:00:02 +0530 site_monitor: before due time (now=0800 < 1000); skip
2026-07-19 08:00:02 +0530 seo: before due time (now=0800 < 1100); skip
2026-07-19 08:30:02 +0530 wake-lock acquired
2026-07-19 08:30:02 +0530 site_monitor: before due time (now=0830 < 1000); skip
2026-07-19 08:30:02 +0530 seo: before due time (now=0830 < 1100); skip
2026-07-19 09:00:02 +0530 wake-lock acquired
2026-07-19 09:00:02 +0530 site_monitor: before due time (now=0900 < 1000); skip
2026-07-19 09:00:02 +0530 seo: before due time (now=0900 < 1100); skip
2026-07-19 09:30:02 +0530 wake-lock acquired
2026-07-19 09:30:02 +0530 site_monitor: before due time (now=0930 < 1000); skip
2026-07-19 09:30:02 +0530 seo: before due time (now=0930 < 1100); skip
2026-07-19 10:00:02 +0530 wake-lock acquired
2026-07-19 10:00:06 +0530 site_monitor: catching up (now=1000, due=1000)…
2026-07-19 10:00:10 +0530 site_monitor: catch-up runner exited rc=0
2026-07-19 10:00:10 +0530 seo: before due time (now=1000 < 1100); skip
2026-07-19 10:30:01 +0530 wake-lock acquired
2026-07-19 10:30:03 +0530 site_monitor: catching up (now=1030, due=1000)…
2026-07-19 10:36:07 +0530 site_monitor: catch-up runner exited rc=1
2026-07-19 10:36:07 +0530 seo: before due time (now=1036 < 1100); skip
2026-07-19 11:00:02 +0530 wake-lock acquired
2026-07-19 11:00:03 +0530 site_monitor: catching up (now=1100, due=1000)…
2026-07-19 11:05:50 +0530 site_monitor: catch-up runner exited rc=1
2026-07-19 11:05:51 +0530 seo: already succeeded today (2026-07-19); skip
2026-07-19 11:30:01 +0530 wake-lock acquired
2026-07-19 11:30:02 +0530 site_monitor: catching up (now=1130, due=1000)…
2026-07-19 11:35:59 +0530 site_monitor: catch-up runner exited rc=1
2026-07-19 11:36:00 +0530 seo: already succeeded today (2026-07-19); skip
2026-07-19 12:00:01 +0530 wake-lock acquired
2026-07-19 12:00:02 +0530 site_monitor: catching up (now=1200, due=1000)…
2026-07-19 12:05:58 +0530 site_monitor: catch-up runner exited rc=1
2026-07-19 12:05:58 +0530 seo: already succeeded today (2026-07-19); skip
2026-07-19 12:30:01 +0530 wake-lock acquired
2026-07-19 12:30:04 +0530 site_monitor: catching up (now=1230, due=1000)…
2026-07-19 12:36:00 +0530 site_monitor: catch-up runner exited rc=1
2026-07-19 12:36:01 +0530 seo: already succeeded today (2026-07-19); skip
2026-07-19 13:00:01 +0530 wake-lock acquired
2026-07-19 13:00:02 +0530 site_monitor: catching up (now=1300, due=1000)…
2026-07-19 13:05:55 +0530 site_monitor: catch-up runner exited rc=1
2026-07-19 13:05:55 +0530 seo: already succeeded today (2026-07-19); skip
2026-07-19 13:30:02 +0530 wake-lock acquired
2026-07-19 13:30:03 +0530 site_monitor: catching up (now=1330, due=1000)…
2026-07-19 13:36:00 +0530 site_monitor: catch-up runner exited rc=1
2026-07-19 13:36:00 +0530 seo: already succeeded today (2026-07-19); skip
2026-07-19 14:00:01 +0530 wake-lock acquired
2026-07-19 14:00:02 +0530 site_monitor: catching up (now=1400, due=1000)…
2026-07-19 14:05:57 +0530 site_monitor: catch-up runner exited rc=1
2026-07-19 14:05:57 +0530 seo: already succeeded today (2026-07-19); skip
2026-07-19 14:30:01 +0530 wake-lock acquired
2026-07-19 14:30:02 +0530 site_monitor: catching up (now=1430, due=1000)…
2026-07-19 14:35:57 +0530 site_monitor: catch-up runner exited rc=1
2026-07-19 14:35:57 +0530 seo: already succeeded today (2026-07-19); skip
2026-07-19 15:00:01 +0530 wake-lock acquired
2026-07-19 15:00:04 +0530 site_monitor: catching up (now=1500, due=1000)…
2026-07-19 15:05:57 +0530 site_monitor: catch-up runner exited rc=1
2026-07-19 15:05:57 +0530 seo: already succeeded today (2026-07-19); skip
2026-07-19 15:30:02 +0530 wake-lock acquired
2026-07-19 15:30:03 +0530 site_monitor: catching up (now=1530, due=1000)…
2026-07-19 15:36:03 +0530 site_monitor: catch-up runner exited rc=1
2026-07-19 15:36:03 +0530 seo: already succeeded today (2026-07-19); skip
2026-07-19 16:00:02 +0530 wake-lock acquired
2026-07-19 16:00:03 +0530 site_monitor: catching up (now=1600, due=1000)…
2026-07-19 16:05:55 +0530 site_monitor: catch-up runner exited rc=1
2026-07-19 16:05:55 +0530 seo: already succeeded today (2026-07-19); skip
2026-07-19 16:30:01 +0530 wake-lock acquired
2026-07-19 16:30:03 +0530 site_monitor: catching up (now=1630, due=1000)…
2026-07-19 16:35:58 +0530 site_monitor: catch-up runner exited rc=1
2026-07-19 16:35:58 +0530 seo: already succeeded today (2026-07-19); skip
2026-07-19 17:00:02 +0530 wake-lock acquired
2026-07-19 17:00:03 +0530 site_monitor: catching up (now=1700, due=1000)…
2026-07-19 17:06:01 +0530 site_monitor: catch-up runner exited rc=1
2026-07-19 17:06:02 +0530 seo: already succeeded today (2026-07-19); skip
2026-07-19 17:30:01 +0530 wake-lock acquired
2026-07-19 17:30:04 +0530 site_monitor: catching up (now=1730, due=1000)…
2026-07-19 17:35:58 +0530 site_monitor: catch-up runner exited rc=1
2026-07-19 17:35:59 +0530 seo: already succeeded today (2026-07-19); skip
2026-07-19 18:00:01 +0530 wake-lock acquired
2026-07-19 18:00:03 +0530 site_monitor: catching up (now=1800, due=1000)…
2026-07-19 18:06:02 +0530 site_monitor: catch-up runner exited rc=1
2026-07-19 18:06:02 +0530 seo: already succeeded today (2026-07-19); skip
2026-07-19 18:30:01 +0530 wake-lock acquired
2026-07-19 18:30:03 +0530 site_monitor: catching up (now=1830, due=1000)…
2026-07-19 18:35:58 +0530 site_monitor: catch-up runner exited rc=1
2026-07-19 18:35:58 +0530 seo: already succeeded today (2026-07-19); skip
2026-07-19 19:00:02 +0530 wake-lock acquired
2026-07-19 19:00:03 +0530 site_monitor: catching up (now=1900, due=1000)…
2026-07-19 19:05:59 +0530 site_monitor: catch-up runner exited rc=1
2026-07-19 19:05:59 +0530 seo: already succeeded today (2026-07-19); skip
2026-07-19 19:30:02 +0530 wake-lock acquired
2026-07-19 19:30:03 +0530 site_monitor: catching up (now=1930, due=1000)…
2026-07-19 19:35:54 +0530 site_monitor: catch-up runner exited rc=1
2026-07-19 19:35:54 +0530 seo: already succeeded today (2026-07-19); skip
2026-07-19 20:00:01 +0530 wake-lock acquired
2026-07-19 20:00:02 +0530 site_monitor: catching up (now=2000, due=1000)…
2026-07-19 20:06:01 +0530 site_monitor: catch-up runner exited rc=1
2026-07-19 20:06:01 +0530 seo: already succeeded today (2026-07-19); skip
2026-07-19 20:30:02 +0530 wake-lock acquired
2026-07-19 20:30:03 +0530 site_monitor: catching up (now=2030, due=1000)…
2026-07-19 20:35:55 +0530 site_monitor: catch-up runner exited rc=1
2026-07-19 20:35:55 +0530 seo: already succeeded today (2026-07-19); skip
2026-07-19 21:00:02 +0530 wake-lock acquired
2026-07-19 21:00:05 +0530 site_monitor: catching up (now=2100, due=1000)…
2026-07-19 21:06:08 +0530 site_monitor: catch-up runner exited rc=1
2026-07-19 21:06:08 +0530 seo: already succeeded today (2026-07-19); skip
2026-07-19 21:30:02 +0530 wake-lock acquired
2026-07-19 21:30:04 +0530 site_monitor: catching up (now=2130, due=1000)…
2026-07-19 21:36:02 +0530 site_monitor: catch-up runner exited rc=1
2026-07-19 21:36:02 +0530 seo: already succeeded today (2026-07-19); skip
2026-07-19 22:00:01 +0530 wake-lock acquired
2026-07-19 22:00:03 +0530 site_monitor: catching up (now=2200, due=1000)…
2026-07-19 22:05:55 +0530 site_monitor: catch-up runner exited rc=1
2026-07-19 22:05:55 +0530 seo: already succeeded today (2026-07-19); skip
2026-07-19 22:30:02 +0530 wake-lock acquired
2026-07-19 22:30:03 +0530 site_monitor: catching up (now=2230, due=1000)…
2026-07-19 22:35:58 +0530 site_monitor: catch-up runner exited rc=1
2026-07-19 22:35:58 +0530 seo: already succeeded today (2026-07-19); skip
2026-07-19 23:00:01 +0530 wake-lock acquired
2026-07-19 23:00:02 +0530 site_monitor: catching up (now=2300, due=1000)…
2026-07-19 23:05:54 +0530 site_monitor: catch-up runner exited rc=1
2026-07-19 23:05:54 +0530 seo: already succeeded today (2026-07-19); skip
2026-07-19 23:30:01 +0530 wake-lock acquired
2026-07-19 23:30:04 +0530 site_monitor: catching up (now=2330, due=1000)…
2026-07-19 23:35:58 +0530 site_monitor: catch-up runner exited rc=1
2026-07-19 23:35:59 +0530 seo: already succeeded today (2026-07-19); skip
2026-07-20 00:00:01 +0530 wake-lock acquired
2026-07-20 00:00:01 +0530 site_monitor: before due time (now=0000 < 1000); skip
2026-07-20 00:00:01 +0530 seo: before due time (now=0000 < 1100); skip
2026-07-20 00:30:01 +0530 wake-lock acquired
2026-07-20 00:30:01 +0530 site_monitor: before due time (now=0030 < 1000); skip
2026-07-20 00:30:01 +0530 seo: before due time (now=0030 < 1100); skip
2026-07-20 01:00:01 +0530 wake-lock acquired
2026-07-20 01:00:01 +0530 site_monitor: before due time (now=0100 < 1000); skip
2026-07-20 01:00:01 +0530 seo: before due time (now=0100 < 1100); skip
2026-07-20 01:30:01 +0530 wake-lock acquired
2026-07-20 01:30:01 +0530 site_monitor: before due time (now=0130 < 1000); skip
2026-07-20 01:30:01 +0530 seo: before due time (now=0130 < 1100); skip
2026-07-20 02:00:01 +0530 wake-lock acquired
2026-07-20 02:00:02 +0530 site_monitor: before due time (now=0200 < 1000); skip
2026-07-20 02:00:02 +0530 seo: before due time (now=0200 < 1100); skip
2026-07-20 02:30:02 +0530 wake-lock acquired
2026-07-20 02:30:02 +0530 site_monitor: before due time (now=0230 < 1000); skip
2026-07-20 02:30:02 +0530 seo: before due time (now=0230 < 1100); skip
2026-07-20 03:00:02 +0530 wake-lock acquired
2026-07-20 03:00:02 +0530 site_monitor: before due time (now=0300 < 1000); skip
2026-07-20 03:00:03 +0530 seo: before due time (now=0300 < 1100); skip
2026-07-20 03:30:02 +0530 wake-lock acquired
2026-07-20 03:30:02 +0530 site_monitor: before due time (now=0330 < 1000); skip
2026-07-20 03:30:02 +0530 seo: before due time (now=0330 < 1100); skip
2026-07-20 04:00:02 +0530 wake-lock acquired
2026-07-20 04:00:02 +0530 site_monitor: before due time (now=0400 < 1000); skip
2026-07-20 04:00:02 +0530 seo: before due time (now=0400 < 1100); skip
2026-07-20 04:30:01 +0530 wake-lock acquired
2026-07-20 04:30:02 +0530 site_monitor: before due time (now=0430 < 1000); skip
2026-07-20 04:30:02 +0530 seo: before due time (now=0430 < 1100); skip
2026-07-20 05:00:02 +0530 wake-lock acquired
2026-07-20 05:00:02 +0530 site_monitor: before due time (now=0500 < 1000); skip
2026-07-20 05:00:02 +0530 seo: before due time (now=0500 < 1100); skip
2026-07-20 05:30:02 +0530 wake-lock acquired
2026-07-20 05:30:02 +0530 site_monitor: before due time (now=0530 < 1000); skip
2026-07-20 05:30:03 +0530 seo: before due time (now=0530 < 1100); skip
2026-07-20 06:00:01 +0530 wake-lock acquired
2026-07-20 06:00:02 +0530 site_monitor: before due time (now=0600 < 1000); skip
2026-07-20 06:00:02 +0530 seo: before due time (now=0600 < 1100); skip
2026-07-20 06:30:02 +0530 wake-lock acquired
2026-07-20 06:30:02 +0530 site_monitor: before due time (now=0630 < 1000); skip
2026-07-20 06:30:02 +0530 seo: before due time (now=0630 < 1100); skip
2026-07-20 07:00:01 +0530 wake-lock acquired
2026-07-20 07:00:02 +0530 site_monitor: before due time (now=0700 < 1000); skip
2026-07-20 07:00:02 +0530 seo: before due time (now=0700 < 1100); skip
2026-07-20 07:30:02 +0530 wake-lock acquired
2026-07-20 07:30:02 +0530 site_monitor: before due time (now=0730 < 1000); skip
2026-07-20 07:30:02 +0530 seo: before due time (now=0730 < 1100); skip
2026-07-20 08:00:02 +0530 wake-lock acquired
2026-07-20 08:00:02 +0530 site_monitor: before due time (now=0800 < 1000); skip
2026-07-20 08:00:02 +0530 seo: before due time (now=0800 < 1100); skip
2026-07-20 08:30:01 +0530 wake-lock acquired
2026-07-20 08:30:02 +0530 site_monitor: before due time (now=0830 < 1000); skip
2026-07-20 08:30:02 +0530 seo: before due time (now=0830 < 1100); skip
2026-07-20 16:20:52 +0530 wake-lock acquired
2026-07-20 16:20:54 +0530 site_monitor: catching up (now=1620, due=1000)…
2026-07-20 16:26:58 +0530 site_monitor: catch-up runner exited rc=1
2026-07-20 16:26:59 +0530 seo: catching up (now=1626, due=1100)…
2026-07-20 16:30:00 +0530 watchdog: another instance active; exit
2026-07-20 16:30:53 +0530 seo: catch-up runner exited rc=0
2026-07-20 17:00:01 +0530 wake-lock acquired
2026-07-20 17:00:03 +0530 site_monitor: catching up (now=1700, due=1000)…
2026-07-20 17:07:23 +0530 site_monitor: catch-up runner exited rc=1
2026-07-20 17:07:23 +0530 seo: already succeeded today (2026-07-20); skip
2026-07-20 17:30:02 +0530 wake-lock acquired
2026-07-20 17:30:04 +0530 site_monitor: catching up (now=1730, due=1000)…
2026-07-20 17:36:58 +0530 site_monitor: catch-up runner exited rc=1
2026-07-20 17:36:58 +0530 seo: already succeeded today (2026-07-20); skip
2026-07-20 18:00:01 +0530 wake-lock acquired
2026-07-20 18:00:05 +0530 site_monitor: catching up (now=1800, due=1000)…
2026-07-20 18:06:35 +0530 site_monitor: catch-up runner exited rc=1
2026-07-20 18:06:35 +0530 seo: already succeeded today (2026-07-20); skip
2026-07-20 18:30:01 +0530 wake-lock acquired
2026-07-20 18:30:02 +0530 site_monitor: due but network unavailable; will retry later
2026-07-20 18:30:02 +0530 seo: already succeeded today (2026-07-20); skip
2026-07-20 19:00:01 +0530 wake-lock acquired
2026-07-20 19:00:13 +0530 site_monitor: due but network unavailable; will retry later
2026-07-20 19:00:13 +0530 seo: already succeeded today (2026-07-20); skip
2026-07-20 19:30:01 +0530 wake-lock acquired
2026-07-20 19:30:02 +0530 site_monitor: catching up (now=1930, due=1000)…
2026-07-20 19:35:58 +0530 site_monitor: catch-up runner exited rc=1
2026-07-20 19:35:58 +0530 seo: already succeeded today (2026-07-20); skip
2026-07-20 20:00:02 +0530 wake-lock acquired
2026-07-20 20:00:03 +0530 site_monitor: catching up (now=2000, due=1000)…
2026-07-20 20:06:01 +0530 site_monitor: catch-up runner exited rc=1
2026-07-20 20:06:02 +0530 seo: already succeeded today (2026-07-20); skip
2026-07-20 20:30:01 +0530 wake-lock acquired
2026-07-20 20:30:04 +0530 site_monitor: catching up (now=2030, due=1000)…
2026-07-20 20:36:02 +0530 site_monitor: catch-up runner exited rc=1
2026-07-20 20:36:02 +0530 seo: already succeeded today (2026-07-20); skip
2026-07-20 21:00:01 +0530 wake-lock acquired
2026-07-20 21:00:02 +0530 site_monitor: catching up (now=2100, due=1000)…
2026-07-20 21:05:54 +0530 site_monitor: catch-up runner exited rc=1
2026-07-20 21:05:54 +0530 seo: already succeeded today (2026-07-20); skip
2026-07-20 21:30:02 +0530 wake-lock acquired
2026-07-20 21:30:03 +0530 site_monitor: catching up (now=2130, due=1000)…
2026-07-20 21:35:54 +0530 site_monitor: catch-up runner exited rc=1
2026-07-20 21:35:54 +0530 seo: already succeeded today (2026-07-20); skip
2026-07-20 22:00:01 +0530 wake-lock acquired
2026-07-20 22:00:03 +0530 site_monitor: catching up (now=2200, due=1000)…
2026-07-20 22:05:56 +0530 site_monitor: catch-up runner exited rc=1
2026-07-20 22:05:56 +0530 seo: already succeeded today (2026-07-20); skip
2026-07-20 22:30:02 +0530 wake-lock acquired
2026-07-20 22:30:04 +0530 site_monitor: catching up (now=2230, due=1000)…
2026-07-20 22:35:56 +0530 site_monitor: catch-up runner exited rc=1
2026-07-20 22:35:56 +0530 seo: already succeeded today (2026-07-20); skip
2026-07-20 23:00:02 +0530 wake-lock acquired
2026-07-20 23:00:03 +0530 site_monitor: catching up (now=2300, due=1000)…
2026-07-20 23:05:59 +0530 site_monitor: catch-up runner exited rc=1
2026-07-20 23:05:59 +0530 seo: already succeeded today (2026-07-20); skip
2026-07-20 23:30:02 +0530 wake-lock acquired
2026-07-20 23:30:03 +0530 site_monitor: catching up (now=2330, due=1000)…
2026-07-20 23:36:00 +0530 site_monitor: catch-up runner exited rc=1
2026-07-20 23:36:01 +0530 seo: already succeeded today (2026-07-20); skip
2026-07-21 00:00:01 +0530 wake-lock acquired
2026-07-21 00:00:01 +0530 site_monitor: before due time (now=0000 < 1000); skip
2026-07-21 00:00:02 +0530 seo: before due time (now=0000 < 1100); skip
2026-07-21 00:30:01 +0530 wake-lock acquired
2026-07-21 00:30:01 +0530 site_monitor: before due time (now=0030 < 1000); skip
2026-07-21 00:30:01 +0530 seo: before due time (now=0030 < 1100); skip
2026-07-21 01:00:01 +0530 wake-lock acquired
2026-07-21 01:00:01 +0530 site_monitor: before due time (now=0100 < 1000); skip
2026-07-21 01:00:01 +0530 seo: before due time (now=0100 < 1100); skip
2026-07-21 01:30:01 +0530 wake-lock acquired
2026-07-21 01:30:01 +0530 site_monitor: before due time (now=0130 < 1000); skip
2026-07-21 01:30:01 +0530 seo: before due time (now=0130 < 1100); skip
2026-07-21 02:00:02 +0530 wake-lock acquired
2026-07-21 02:00:02 +0530 site_monitor: before due time (now=0200 < 1000); skip
2026-07-21 02:00:02 +0530 seo: before due time (now=0200 < 1100); skip
2026-07-21 02:30:01 +0530 wake-lock acquired
2026-07-21 02:30:01 +0530 site_monitor: before due time (now=0230 < 1000); skip
2026-07-21 02:30:02 +0530 seo: before due time (now=0230 < 1100); skip
2026-07-21 03:00:01 +0530 wake-lock acquired
2026-07-21 03:00:01 +0530 site_monitor: before due time (now=0300 < 1000); skip
2026-07-21 03:00:02 +0530 seo: before due time (now=0300 < 1100); skip
2026-07-21 03:30:01 +0530 wake-lock acquired
2026-07-21 03:30:01 +0530 site_monitor: before due time (now=0330 < 1000); skip
2026-07-21 03:30:02 +0530 seo: before due time (now=0330 < 1100); skip
2026-07-21 04:00:01 +0530 wake-lock acquired
2026-07-21 04:00:01 +0530 site_monitor: before due time (now=0400 < 1000); skip
2026-07-21 04:00:01 +0530 seo: before due time (now=0400 < 1100); skip
2026-07-21 04:30:01 +0530 wake-lock acquired
2026-07-21 04:30:01 +0530 site_monitor: before due time (now=0430 < 1000); skip
2026-07-21 04:30:01 +0530 seo: before due time (now=0430 < 1100); skip
2026-07-21 05:00:01 +0530 wake-lock acquired
2026-07-21 05:00:02 +0530 site_monitor: before due time (now=0500 < 1000); skip
2026-07-21 05:00:02 +0530 seo: before due time (now=0500 < 1100); skip
2026-07-21 05:30:01 +0530 wake-lock acquired
2026-07-21 05:30:02 +0530 site_monitor: before due time (now=0530 < 1000); skip
2026-07-21 05:30:02 +0530 seo: before due time (now=0530 < 1100); skip
2026-07-21 06:00:01 +0530 wake-lock acquired
2026-07-21 06:00:02 +0530 site_monitor: before due time (now=0600 < 1000); skip
2026-07-21 06:00:02 +0530 seo: before due time (now=0600 < 1100); skip
2026-07-21 06:30:01 +0530 wake-lock acquired
2026-07-21 06:30:02 +0530 site_monitor: before due time (now=0630 < 1000); skip
2026-07-21 06:30:02 +0530 seo: before due time (now=0630 < 1100); skip
2026-07-21 07:00:01 +0530 wake-lock acquired
2026-07-21 07:00:01 +0530 site_monitor: before due time (now=0700 < 1000); skip
2026-07-21 07:00:02 +0530 seo: before due time (now=0700 < 1100); skip
2026-07-21 07:30:01 +0530 wake-lock acquired
2026-07-21 07:30:01 +0530 site_monitor: before due time (now=0730 < 1000); skip
2026-07-21 07:30:02 +0530 seo: before due time (now=0730 < 1100); skip
2026-07-21 08:00:01 +0530 wake-lock acquired
2026-07-21 08:00:01 +0530 site_monitor: before due time (now=0800 < 1000); skip
2026-07-21 08:00:01 +0530 seo: before due time (now=0800 < 1100); skip
2026-07-21 08:30:01 +0530 wake-lock acquired
2026-07-21 08:30:01 +0530 site_monitor: before due time (now=0830 < 1000); skip
2026-07-21 08:30:02 +0530 seo: before due time (now=0830 < 1100); skip
2026-07-21 09:00:01 +0530 wake-lock acquired
2026-07-21 09:00:01 +0530 site_monitor: before due time (now=0900 < 1000); skip
2026-07-21 09:00:02 +0530 seo: before due time (now=0900 < 1100); skip
2026-07-21 09:30:01 +0530 wake-lock acquired
2026-07-21 09:30:01 +0530 site_monitor: before due time (now=0930 < 1000); skip
2026-07-21 09:30:02 +0530 seo: before due time (now=0930 < 1100); skip
2026-07-21 10:00:01 +0530 wake-lock acquired
2026-07-21 10:00:02 +0530 site_monitor: catching up (now=1000, due=1000)…
2026-07-21 10:00:03 +0530 site_monitor: catch-up runner exited rc=0
2026-07-21 10:00:03 +0530 seo: before due time (now=1000 < 1100); skip
2026-07-21 10:30:02 +0530 wake-lock acquired
2026-07-21 10:30:03 +0530 site_monitor: catching up (now=1030, due=1000)…
2026-07-21 10:36:17 +0530 site_monitor: catch-up runner exited rc=1
2026-07-21 10:36:17 +0530 seo: before due time (now=1036 < 1100); skip
2026-07-21 11:00:01 +0530 wake-lock acquired
2026-07-21 11:00:02 +0530 site_monitor: catching up (now=1100, due=1000)…
2026-07-21 11:06:24 +0530 site_monitor: catch-up runner exited rc=1
2026-07-21 11:06:25 +0530 seo: already succeeded today (2026-07-21); skip
2026-07-21 11:30:01 +0530 wake-lock acquired
2026-07-21 11:30:04 +0530 site_monitor: catching up (now=1130, due=1000)…
2026-07-21 11:36:30 +0530 site_monitor: catch-up runner exited rc=1
2026-07-21 11:36:30 +0530 seo: already succeeded today (2026-07-21); skip
2026-07-21 12:00:02 +0530 wake-lock acquired
2026-07-21 12:00:05 +0530 site_monitor: catching up (now=1200, due=1000)…
2026-07-21 12:06:24 +0530 site_monitor: catch-up runner exited rc=1
2026-07-21 12:06:24 +0530 seo: already succeeded today (2026-07-21); skip
2026-07-21 12:30:01 +0530 wake-lock acquired
2026-07-21 12:30:02 +0530 site_monitor: catching up (now=1230, due=1000)…
2026-07-21 12:36:23 +0530 site_monitor: catch-up runner exited rc=1
2026-07-21 12:36:24 +0530 seo: already succeeded today (2026-07-21); skip
2026-07-21 13:00:01 +0530 wake-lock acquired
2026-07-21 13:00:03 +0530 site_monitor: catching up (now=1300, due=1000)…
2026-07-21 13:05:58 +0530 site_monitor: catch-up runner exited rc=1
2026-07-21 13:05:58 +0530 seo: already succeeded today (2026-07-21); skip
2026-07-21 13:30:02 +0530 wake-lock acquired
2026-07-21 13:30:03 +0530 site_monitor: catching up (now=1330, due=1000)…
2026-07-21 13:36:04 +0530 site_monitor: catch-up runner exited rc=1
2026-07-21 13:36:05 +0530 seo: already succeeded today (2026-07-21); skip
2026-07-21 14:00:01 +0530 wake-lock acquired
2026-07-21 14:00:02 +0530 site_monitor: catching up (now=1400, due=1000)…
2026-07-21 14:06:11 +0530 site_monitor: catch-up runner exited rc=1
2026-07-21 14:06:11 +0530 seo: already succeeded today (2026-07-21); skip
2026-07-21 14:30:02 +0530 wake-lock acquired
2026-07-21 14:30:04 +0530 site_monitor: catching up (now=1430, due=1000)…
2026-07-21 14:36:08 +0530 site_monitor: catch-up runner exited rc=1
2026-07-21 14:36:09 +0530 seo: already succeeded today (2026-07-21); skip
2026-07-21 15:00:01 +0530 wake-lock acquired
2026-07-21 15:00:02 +0530 site_monitor: catching up (now=1500, due=1000)…
2026-07-21 15:07:17 +0530 site_monitor: catch-up runner exited rc=1
2026-07-21 15:07:17 +0530 seo: already succeeded today (2026-07-21); skip
2026-07-21 15:30:02 +0530 wake-lock acquired
2026-07-21 15:30:05 +0530 site_monitor: catching up (now=1530, due=1000)…
2026-07-21 15:37:55 +0530 site_monitor: catch-up runner exited rc=1
2026-07-21 15:37:55 +0530 seo: already succeeded today (2026-07-21); skip
2026-07-21 16:00:01 +0530 wake-lock acquired
2026-07-21 16:00:13 +0530 site_monitor: due but network unavailable; will retry later
2026-07-21 16:00:13 +0530 seo: already succeeded today (2026-07-21); skip
2026-07-21 16:30:02 +0530 wake-lock acquired
2026-07-21 16:30:03 +0530 site_monitor: catching up (now=1630, due=1000)…
2026-07-21 16:35:22 +0530 site_monitor: catch-up runner exited rc=1
2026-07-21 16:35:22 +0530 seo: already succeeded today (2026-07-21); skip
2026-07-21 17:00:02 +0530 wake-lock acquired
2026-07-21 17:00:04 +0530 site_monitor: catching up (now=1700, due=1000)…
2026-07-21 17:04:56 +0530 site_monitor: catch-up runner exited rc=1
2026-07-21 17:04:56 +0530 seo: already succeeded today (2026-07-21); skip
2026-07-21 17:30:01 +0530 wake-lock acquired
2026-07-21 17:30:05 +0530 site_monitor: catching up (now=1730, due=1000)…
2026-07-21 17:36:24 +0530 site_monitor: catch-up runner exited rc=1
2026-07-21 17:36:24 +0530 seo: already succeeded today (2026-07-21); skip
2026-07-21 18:00:02 +0530 wake-lock acquired
2026-07-21 18:00:09 +0530 site_monitor: catching up (now=1800, due=1000)…
2026-07-21 18:06:19 +0530 site_monitor: catch-up runner exited rc=1
2026-07-21 18:06:19 +0530 seo: already succeeded today (2026-07-21); skip
2026-07-21 18:30:02 +0530 wake-lock acquired
2026-07-21 18:30:03 +0530 site_monitor: catching up (now=1830, due=1000)…
2026-07-21 18:36:25 +0530 site_monitor: catch-up runner exited rc=1
2026-07-21 18:36:26 +0530 seo: already succeeded today (2026-07-21); skip
2026-07-21 19:00:01 +0530 wake-lock acquired
2026-07-21 19:00:02 +0530 site_monitor: catching up (now=1900, due=1000)…
2026-07-21 19:06:13 +0530 site_monitor: catch-up runner exited rc=1
2026-07-21 19:06:13 +0530 seo: already succeeded today (2026-07-21); skip
2026-07-21 19:30:02 +0530 wake-lock acquired
2026-07-21 19:30:04 +0530 site_monitor: catching up (now=1930, due=1000)…
2026-07-21 19:36:06 +0530 site_monitor: catch-up runner exited rc=1
2026-07-21 19:36:06 +0530 seo: already succeeded today (2026-07-21); skip
2026-07-21 20:00:01 +0530 wake-lock acquired
2026-07-21 20:00:02 +0530 site_monitor: catching up (now=2000, due=1000)…
2026-07-21 20:06:02 +0530 site_monitor: catch-up runner exited rc=1
2026-07-21 20:06:02 +0530 seo: already succeeded today (2026-07-21); skip
2026-07-21 20:30:02 +0530 wake-lock acquired
2026-07-21 20:30:03 +0530 site_monitor: catching up (now=2030, due=1000)…
2026-07-21 20:36:04 +0530 site_monitor: catch-up runner exited rc=1
2026-07-21 20:36:05 +0530 seo: already succeeded today (2026-07-21); skip
2026-07-21 21:00:01 +0530 wake-lock acquired
2026-07-21 21:00:02 +0530 site_monitor: catching up (now=2100, due=1000)…
2026-07-21 21:06:00 +0530 site_monitor: catch-up runner exited rc=1
2026-07-21 21:06:00 +0530 seo: already succeeded today (2026-07-21); skip
2026-07-21 21:30:02 +0530 wake-lock acquired
2026-07-21 21:30:03 +0530 site_monitor: catching up (now=2130, due=1000)…
2026-07-21 21:36:07 +0530 site_monitor: catch-up runner exited rc=1
2026-07-21 21:36:08 +0530 seo: already succeeded today (2026-07-21); skip
2026-07-21 22:00:01 +0530 wake-lock acquired
2026-07-21 22:00:02 +0530 site_monitor: catching up (now=2200, due=1000)…
2026-07-21 22:06:01 +0530 site_monitor: catch-up runner exited rc=1
2026-07-21 22:06:01 +0530 seo: already succeeded today (2026-07-21); skip
2026-07-21 22:30:02 +0530 wake-lock acquired
2026-07-21 22:30:03 +0530 site_monitor: catching up (now=2230, due=1000)…
2026-07-21 22:35:59 +0530 site_monitor: catch-up runner exited rc=1
2026-07-21 22:35:59 +0530 seo: already succeeded today (2026-07-21); skip
2026-07-21 23:00:01 +0530 wake-lock acquired
2026-07-21 23:00:04 +0530 site_monitor: catching up (now=2300, due=1000)…
2026-07-21 23:05:57 +0530 site_monitor: catch-up runner exited rc=1
2026-07-21 23:05:57 +0530 seo: already succeeded today (2026-07-21); skip
2026-07-21 23:30:02 +0530 wake-lock acquired
2026-07-21 23:30:04 +0530 site_monitor: catching up (now=2330, due=1000)…
2026-07-21 23:36:03 +0530 site_monitor: catch-up runner exited rc=1
2026-07-21 23:36:03 +0530 seo: already succeeded today (2026-07-21); skip
2026-07-22 00:00:01 +0530 wake-lock acquired
2026-07-22 00:00:02 +0530 site_monitor: before due time (now=0000 < 1000); skip
2026-07-22 00:00:02 +0530 seo: before due time (now=0000 < 1100); skip
2026-07-22 00:30:01 +0530 wake-lock acquired
2026-07-22 00:30:01 +0530 site_monitor: before due time (now=0030 < 1000); skip
2026-07-22 00:30:02 +0530 seo: before due time (now=0030 < 1100); skip
2026-07-22 01:00:01 +0530 wake-lock acquired
2026-07-22 01:00:01 +0530 site_monitor: before due time (now=0100 < 1000); skip
2026-07-22 01:00:02 +0530 seo: before due time (now=0100 < 1100); skip
2026-07-22 01:30:01 +0530 wake-lock acquired
2026-07-22 01:30:01 +0530 site_monitor: before due time (now=0130 < 1000); skip
2026-07-22 01:30:02 +0530 seo: before due time (now=0130 < 1100); skip
2026-07-22 02:00:01 +0530 wake-lock acquired
2026-07-22 02:00:01 +0530 site_monitor: before due time (now=0200 < 1000); skip
2026-07-22 02:00:02 +0530 seo: before due time (now=0200 < 1100); skip
2026-07-22 02:30:01 +0530 wake-lock acquired
2026-07-22 02:30:02 +0530 site_monitor: before due time (now=0230 < 1000); skip
2026-07-22 02:30:02 +0530 seo: before due time (now=0230 < 1100); skip
2026-07-22 03:00:01 +0530 wake-lock acquired
2026-07-22 03:00:02 +0530 site_monitor: before due time (now=0300 < 1000); skip
2026-07-22 03:00:02 +0530 seo: before due time (now=0300 < 1100); skip
2026-07-22 03:30:01 +0530 wake-lock acquired
2026-07-22 03:30:02 +0530 site_monitor: before due time (now=0330 < 1000); skip
2026-07-22 03:30:02 +0530 seo: before due time (now=0330 < 1100); skip
2026-07-22 04:00:01 +0530 wake-lock acquired
2026-07-22 04:00:01 +0530 site_monitor: before due time (now=0400 < 1000); skip
2026-07-22 04:00:02 +0530 seo: before due time (now=0400 < 1100); skip
2026-07-22 04:30:01 +0530 wake-lock acquired
2026-07-22 04:30:01 +0530 site_monitor: before due time (now=0430 < 1000); skip
2026-07-22 04:30:02 +0530 seo: before due time (now=0430 < 1100); skip
2026-07-22 05:00:01 +0530 wake-lock acquired
2026-07-22 05:00:01 +0530 site_monitor: before due time (now=0500 < 1000); skip
2026-07-22 05:00:01 +0530 seo: before due time (now=0500 < 1100); skip
2026-07-22 05:30:01 +0530 wake-lock acquired
2026-07-22 05:30:01 +0530 site_monitor: before due time (now=0530 < 1000); skip
2026-07-22 05:30:01 +0530 seo: before due time (now=0530 < 1100); skip
2026-07-22 06:00:02 +0530 wake-lock acquired
2026-07-22 06:00:02 +0530 site_monitor: before due time (now=0600 < 1000); skip
2026-07-22 06:00:02 +0530 seo: before due time (now=0600 < 1100); skip
2026-07-22 06:30:02 +0530 wake-lock acquired
2026-07-22 06:30:02 +0530 site_monitor: before due time (now=0630 < 1000); skip
2026-07-22 06:30:02 +0530 seo: before due time (now=0630 < 1100); skip
2026-07-22 07:00:02 +0530 wake-lock acquired
2026-07-22 07:00:02 +0530 site_monitor: before due time (now=0700 < 1000); skip
2026-07-22 07:00:02 +0530 seo: before due time (now=0700 < 1100); skip
2026-07-22 07:30:02 +0530 wake-lock acquired
2026-07-22 07:30:02 +0530 site_monitor: before due time (now=0730 < 1000); skip
2026-07-22 07:30:02 +0530 seo: before due time (now=0730 < 1100); skip
2026-07-22 08:00:02 +0530 wake-lock acquired
2026-07-22 08:00:02 +0530 site_monitor: before due time (now=0800 < 1000); skip
2026-07-22 08:00:02 +0530 seo: before due time (now=0800 < 1100); skip
2026-07-22 08:30:02 +0530 wake-lock acquired
2026-07-22 08:30:02 +0530 site_monitor: before due time (now=0830 < 1000); skip
2026-07-22 08:30:02 +0530 seo: before due time (now=0830 < 1100); skip
2026-07-22 09:00:01 +0530 wake-lock acquired
2026-07-22 09:00:02 +0530 site_monitor: before due time (now=0900 < 1000); skip
2026-07-22 09:00:02 +0530 seo: before due time (now=0900 < 1100); skip
2026-07-22 09:30:01 +0530 wake-lock acquired
2026-07-22 09:30:02 +0530 site_monitor: before due time (now=0930 < 1000); skip
2026-07-22 09:30:02 +0530 seo: before due time (now=0930 < 1100); skip
2026-07-22 10:00:01 +0530 wake-lock acquired
2026-07-22 10:00:03 +0530 site_monitor: catching up (now=1000, due=1000)…
2026-07-22 10:00:05 +0530 site_monitor: catch-up runner exited rc=0
2026-07-22 10:00:05 +0530 seo: before due time (now=1000 < 1100); skip
2026-07-22 10:30:02 +0530 wake-lock acquired
2026-07-22 10:30:02 +0530 site_monitor: already succeeded today (2026-07-22); skip
2026-07-22 10:30:02 +0530 seo: before due time (now=1030 < 1100); skip
2026-07-22 11:00:01 +0530 wake-lock acquired
2026-07-22 11:00:02 +0530 site_monitor: already succeeded today (2026-07-22); skip
2026-07-22 11:00:03 +0530 seo: catching up (now=1100, due=1100)…
2026-07-22 11:00:04 +0530 seo: catch-up runner exited rc=0
2026-07-22 11:30:01 +0530 wake-lock acquired
2026-07-22 11:30:02 +0530 site_monitor: already succeeded today (2026-07-22); skip
2026-07-22 11:30:02 +0530 seo: already succeeded today (2026-07-22); skip
2026-07-22 12:00:01 +0530 wake-lock acquired
2026-07-22 12:00:01 +0530 site_monitor: already succeeded today (2026-07-22); skip
2026-07-22 12:00:01 +0530 seo: already succeeded today (2026-07-22); skip
2026-07-22 12:30:01 +0530 wake-lock acquired
2026-07-22 12:30:01 +0530 site_monitor: already succeeded today (2026-07-22); skip
2026-07-22 12:30:01 +0530 seo: already succeeded today (2026-07-22); skip
2026-07-22 13:00:02 +0530 wake-lock acquired
2026-07-22 13:00:02 +0530 site_monitor: already succeeded today (2026-07-22); skip
2026-07-22 13:00:02 +0530 seo: already succeeded today (2026-07-22); skip
2026-07-22 13:30:02 +0530 wake-lock acquired
2026-07-22 13:30:02 +0530 site_monitor: already succeeded today (2026-07-22); skip
2026-07-22 13:30:02 +0530 seo: already succeeded today (2026-07-22); skip
2026-07-22 14:00:01 +0530 wake-lock acquired
2026-07-22 14:00:02 +0530 site_monitor: already succeeded today (2026-07-22); skip
2026-07-22 14:00:02 +0530 seo: already succeeded today (2026-07-22); skip
2026-07-22 14:30:01 +0530 wake-lock acquired
2026-07-22 14:30:02 +0530 site_monitor: already succeeded today (2026-07-22); skip
2026-07-22 14:30:02 +0530 seo: already succeeded today (2026-07-22); skip
2026-07-22 15:00:01 +0530 wake-lock acquired
2026-07-22 15:00:01 +0530 site_monitor: already succeeded today (2026-07-22); skip
2026-07-22 15:00:02 +0530 seo: already succeeded today (2026-07-22); skip
2026-07-22 15:30:01 +0530 wake-lock acquired
2026-07-22 15:30:01 +0530 site_monitor: already succeeded today (2026-07-22); skip
2026-07-22 15:30:01 +0530 seo: already succeeded today (2026-07-22); skip
2026-07-22 16:00:02 +0530 wake-lock acquired
2026-07-22 16:00:02 +0530 site_monitor: already succeeded today (2026-07-22); skip
2026-07-22 16:00:02 +0530 seo: already succeeded today (2026-07-22); skip
2026-07-22 16:30:02 +0530 wake-lock acquired
2026-07-22 16:30:02 +0530 site_monitor: already succeeded today (2026-07-22); skip
2026-07-22 16:30:02 +0530 seo: already succeeded today (2026-07-22); skip
2026-07-22 17:00:02 +0530 wake-lock acquired
2026-07-22 17:00:02 +0530 site_monitor: already succeeded today (2026-07-22); skip
2026-07-22 17:00:02 +0530 seo: already succeeded today (2026-07-22); skip
2026-07-22 17:30:01 +0530 wake-lock acquired
2026-07-22 17:30:02 +0530 site_monitor: already succeeded today (2026-07-22); skip
2026-07-22 17:30:02 +0530 seo: already succeeded today (2026-07-22); skip
2026-07-22 18:00:01 +0530 wake-lock acquired
2026-07-22 18:00:02 +0530 site_monitor: already succeeded today (2026-07-22); skip
2026-07-22 18:00:02 +0530 seo: already succeeded today (2026-07-22); skip
2026-07-22 18:30:01 +0530 wake-lock acquired
2026-07-22 18:30:01 +0530 site_monitor: already succeeded today (2026-07-22); skip
2026-07-22 18:30:02 +0530 seo: already succeeded today (2026-07-22); skip
2026-07-22 19:00:01 +0530 wake-lock acquired
2026-07-22 19:00:01 +0530 site_monitor: already succeeded today (2026-07-22); skip
2026-07-22 19:00:01 +0530 seo: already succeeded today (2026-07-22); skip
2026-07-22 19:30:01 +0530 wake-lock acquired
2026-07-22 19:30:01 +0530 site_monitor: already succeeded today (2026-07-22); skip
2026-07-22 19:30:01 +0530 seo: already succeeded today (2026-07-22); skip
2026-07-22 20:00:02 +0530 wake-lock acquired
2026-07-22 20:00:02 +0530 site_monitor: already succeeded today (2026-07-22); skip
2026-07-22 20:00:02 +0530 seo: already succeeded today (2026-07-22); skip
2026-07-22 20:30:02 +0530 wake-lock acquired
2026-07-22 20:30:02 +0530 site_monitor: already succeeded today (2026-07-22); skip
2026-07-22 20:30:02 +0530 seo: already succeeded today (2026-07-22); skip
2026-07-22 21:00:01 +0530 wake-lock acquired
2026-07-22 21:00:02 +0530 site_monitor: already succeeded today (2026-07-22); skip
2026-07-22 21:00:02 +0530 seo: already succeeded today (2026-07-22); skip
2026-07-22 21:30:01 +0530 wake-lock acquired
2026-07-22 21:30:02 +0530 site_monitor: already succeeded today (2026-07-22); skip
2026-07-22 21:30:02 +0530 seo: already succeeded today (2026-07-22); skip
2026-07-22 22:00:01 +0530 wake-lock acquired
2026-07-22 22:00:02 +0530 site_monitor: already succeeded today (2026-07-22); skip
2026-07-22 22:00:02 +0530 seo: already succeeded today (2026-07-22); skip
2026-07-22 22:30:01 +0530 wake-lock acquired
2026-07-22 22:30:01 +0530 site_monitor: already succeeded today (2026-07-22); skip
2026-07-22 22:30:01 +0530 seo: already succeeded today (2026-07-22); skip
2026-07-22 23:00:01 +0530 wake-lock acquired
2026-07-22 23:00:01 +0530 site_monitor: already succeeded today (2026-07-22); skip
2026-07-22 23:00:01 +0530 seo: already succeeded today (2026-07-22); skip
2026-07-22 23:30:02 +0530 wake-lock acquired
2026-07-22 23:30:02 +0530 site_monitor: already succeeded today (2026-07-22); skip
2026-07-22 23:30:02 +0530 seo: already succeeded today (2026-07-22); skip
2026-07-23 00:00:02 +0530 wake-lock acquired
2026-07-23 00:00:02 +0530 site_monitor: before due time (now=0000 < 1000); skip
2026-07-23 00:00:02 +0530 seo: before due time (now=0000 < 1100); skip
2026-07-23 00:30:02 +0530 wake-lock acquired
2026-07-23 00:30:02 +0530 site_monitor: before due time (now=0030 < 1000); skip
2026-07-23 00:30:02 +0530 seo: before due time (now=0030 < 1100); skip
2026-07-23 01:00:01 +0530 wake-lock acquired
2026-07-23 01:00:02 +0530 site_monitor: before due time (now=0100 < 1000); skip
2026-07-23 01:00:02 +0530 seo: before due time (now=0100 < 1100); skip
2026-07-23 01:30:01 +0530 wake-lock acquired
2026-07-23 01:30:02 +0530 site_monitor: before due time (now=0130 < 1000); skip
2026-07-23 01:30:02 +0530 seo: before due time (now=0130 < 1100); skip
2026-07-23 02:00:01 +0530 wake-lock acquired
2026-07-23 02:00:02 +0530 site_monitor: before due time (now=0200 < 1000); skip
2026-07-23 02:00:02 +0530 seo: before due time (now=0200 < 1100); skip
2026-07-23 02:30:01 +0530 wake-lock acquired
2026-07-23 02:30:01 +0530 site_monitor: before due time (now=0230 < 1000); skip
2026-07-23 02:30:02 +0530 seo: before due time (now=0230 < 1100); skip
2026-07-23 03:00:01 +0530 wake-lock acquired
2026-07-23 03:00:01 +0530 site_monitor: before due time (now=0300 < 1000); skip
2026-07-23 03:00:01 +0530 seo: before due time (now=0300 < 1100); skip
2026-07-23 03:30:01 +0530 wake-lock acquired
2026-07-23 03:30:01 +0530 site_monitor: before due time (now=0330 < 1000); skip
2026-07-23 03:30:01 +0530 seo: before due time (now=0330 < 1100); skip
2026-07-23 04:00:02 +0530 wake-lock acquired
2026-07-23 04:00:02 +0530 site_monitor: before due time (now=0400 < 1000); skip
2026-07-23 04:00:02 +0530 seo: before due time (now=0400 < 1100); skip
2026-07-23 04:30:02 +0530 wake-lock acquired
2026-07-23 04:30:02 +0530 site_monitor: before due time (now=0430 < 1000); skip
2026-07-23 04:30:02 +0530 seo: before due time (now=0430 < 1100); skip
2026-07-23 05:00:02 +0530 wake-lock acquired
2026-07-23 05:00:02 +0530 site_monitor: before due time (now=0500 < 1000); skip
2026-07-23 05:00:02 +0530 seo: before due time (now=0500 < 1100); skip
2026-07-23 05:30:01 +0530 wake-lock acquired
2026-07-23 05:30:02 +0530 site_monitor: before due time (now=0530 < 1000); skip
2026-07-23 05:30:02 +0530 seo: before due time (now=0530 < 1100); skip
2026-07-23 06:00:01 +0530 wake-lock acquired
2026-07-23 06:00:02 +0530 site_monitor: before due time (now=0600 < 1000); skip
2026-07-23 06:00:02 +0530 seo: before due time (now=0600 < 1100); skip
2026-07-23 06:30:01 +0530 wake-lock acquired
2026-07-23 06:30:01 +0530 site_monitor: before due time (now=0630 < 1000); skip
2026-07-23 06:30:02 +0530 seo: before due time (now=0630 < 1100); skip
2026-07-23 07:00:01 +0530 wake-lock acquired
2026-07-23 07:00:01 +0530 site_monitor: before due time (now=0700 < 1000); skip
2026-07-23 07:00:01 +0530 seo: before due time (now=0700 < 1100); skip
2026-07-23 07:30:01 +0530 wake-lock acquired
2026-07-23 07:30:01 +0530 site_monitor: before due time (now=0730 < 1000); skip
2026-07-23 07:30:01 +0530 seo: before due time (now=0730 < 1100); skip
2026-07-23 08:00:01 +0530 wake-lock acquired
2026-07-23 08:00:01 +0530 site_monitor: before due time (now=0800 < 1000); skip
2026-07-23 08:00:01 +0530 seo: before due time (now=0800 < 1100); skip
2026-07-23 08:30:01 +0530 wake-lock acquired
2026-07-23 08:30:01 +0530 site_monitor: before due time (now=0830 < 1000); skip
2026-07-23 08:30:01 +0530 seo: before due time (now=0830 < 1100); skip
2026-07-23 09:00:02 +0530 wake-lock acquired
2026-07-23 09:00:02 +0530 site_monitor: before due time (now=0900 < 1000); skip
2026-07-23 09:00:02 +0530 seo: before due time (now=0900 < 1100); skip
2026-07-23 09:30:01 +0530 wake-lock acquired
2026-07-23 09:30:01 +0530 site_monitor: before due time (now=0930 < 1000); skip
2026-07-23 09:30:01 +0530 seo: before due time (now=0930 < 1100); skip
2026-07-23 10:00:01 +0530 wake-lock acquired
2026-07-23 10:00:02 +0530 site_monitor: catching up (now=1000, due=1000)…
2026-07-23 10:00:04 +0530 site_monitor: catch-up runner exited rc=0
2026-07-23 10:00:04 +0530 seo: before due time (now=1000 < 1100); skip
2026-07-23 10:30:01 +0530 wake-lock acquired
2026-07-23 10:30:04 +0530 site_monitor: catching up (now=1030, due=1000)…
2026-07-23 10:36:18 +0530 site_monitor: catch-up runner exited rc=1
2026-07-23 10:36:18 +0530 seo: before due time (now=1036 < 1100); skip
2026-07-23 11:00:01 +0530 wake-lock acquired
2026-07-23 11:00:03 +0530 site_monitor: catching up (now=1100, due=1000)…
2026-07-23 11:06:16 +0530 site_monitor: catch-up runner exited rc=1
2026-07-23 11:06:17 +0530 seo: already succeeded today (2026-07-23); skip
2026-07-23 11:30:01 +0530 wake-lock acquired
2026-07-23 11:30:03 +0530 site_monitor: catching up (now=1130, due=1000)…
2026-07-23 11:36:24 +0530 site_monitor: catch-up runner exited rc=1
2026-07-23 11:36:24 +0530 seo: already succeeded today (2026-07-23); skip
2026-07-23 12:00:01 +0530 wake-lock acquired
2026-07-23 12:00:03 +0530 site_monitor: catching up (now=1200, due=1000)…
2026-07-23 12:06:12 +0530 site_monitor: catch-up runner exited rc=1
2026-07-23 12:06:12 +0530 seo: already succeeded today (2026-07-23); skip
2026-07-23 12:30:02 +0530 wake-lock acquired
2026-07-23 12:30:04 +0530 site_monitor: catching up (now=1230, due=1000)…
2026-07-23 12:36:12 +0530 site_monitor: catch-up runner exited rc=1
2026-07-23 12:36:12 +0530 seo: already succeeded today (2026-07-23); skip
2026-07-23 13:00:01 +0530 wake-lock acquired
2026-07-23 13:00:04 +0530 site_monitor: catching up (now=1300, due=1000)…
2026-07-23 13:06:02 +0530 site_monitor: catch-up runner exited rc=1
2026-07-23 13:06:02 +0530 seo: already succeeded today (2026-07-23); skip
2026-07-23 13:30:02 +0530 wake-lock acquired
2026-07-23 13:30:03 +0530 site_monitor: catching up (now=1330, due=1000)…
2026-07-23 13:36:25 +0530 site_monitor: catch-up runner exited rc=1
2026-07-23 13:36:25 +0530 seo: already succeeded today (2026-07-23); skip
2026-07-23 14:00:02 +0530 wake-lock acquired
2026-07-23 14:00:03 +0530 site_monitor: catching up (now=1400, due=1000)…
2026-07-23 14:06:07 +0530 site_monitor: catch-up runner exited rc=1
2026-07-23 14:06:07 +0530 seo: already succeeded today (2026-07-23); skip
2026-07-23 14:30:02 +0530 wake-lock acquired
2026-07-23 14:30:04 +0530 site_monitor: catching up (now=1430, due=1000)…
2026-07-23 14:36:06 +0530 site_monitor: catch-up runner exited rc=1
2026-07-23 14:36:06 +0530 seo: already succeeded today (2026-07-23); skip
2026-07-23 15:00:01 +0530 wake-lock acquired
2026-07-23 15:00:04 +0530 site_monitor: catching up (now=1500, due=1000)…
2026-07-23 15:06:38 +0530 site_monitor: catch-up runner exited rc=1
2026-07-23 15:06:38 +0530 seo: already succeeded today (2026-07-23); skip
2026-07-23 15:30:01 +0530 wake-lock acquired
2026-07-23 15:30:03 +0530 site_monitor: catching up (now=1530, due=1000)…
2026-07-23 15:36:03 +0530 site_monitor: catch-up runner exited rc=1
2026-07-23 15:36:03 +0530 seo: already succeeded today (2026-07-23); skip
2026-07-23 16:00:01 +0530 wake-lock acquired
2026-07-23 16:00:04 +0530 site_monitor: catching up (now=1600, due=1000)…
2026-07-23 16:06:15 +0530 site_monitor: catch-up runner exited rc=1
2026-07-23 16:06:15 +0530 seo: already succeeded today (2026-07-23); skip
2026-07-23 16:30:02 +0530 wake-lock acquired
2026-07-23 16:30:04 +0530 site_monitor: catching up (now=1630, due=1000)…
2026-07-23 16:35:34 +0530 site_monitor: catch-up runner exited rc=1
2026-07-23 16:35:34 +0530 seo: already succeeded today (2026-07-23); skip
2026-07-23 17:00:01 +0530 wake-lock acquired
2026-07-23 17:00:02 +0530 site_monitor: catching up (now=1700, due=1000)…
2026-07-23 17:05:13 +0530 site_monitor: catch-up runner exited rc=1
2026-07-23 17:05:13 +0530 seo: already succeeded today (2026-07-23); skip
2026-07-23 17:30:01 +0530 wake-lock acquired
2026-07-23 17:30:02 +0530 site_monitor: catching up (now=1730, due=1000)…
2026-07-23 17:35:48 +0530 site_monitor: catch-up runner exited rc=1
2026-07-23 17:35:48 +0530 seo: already succeeded today (2026-07-23); skip
2026-07-23 18:00:01 +0530 wake-lock acquired
2026-07-23 18:00:02 +0530 site_monitor: catching up (now=1800, due=1000)…
2026-07-23 18:05:51 +0530 site_monitor: catch-up runner exited rc=1
2026-07-23 18:05:51 +0530 seo: already succeeded today (2026-07-23); skip
2026-07-23 18:30:01 +0530 wake-lock acquired
2026-07-23 18:30:03 +0530 site_monitor: catching up (now=1830, due=1000)…
2026-07-23 18:36:10 +0530 site_monitor: catch-up runner exited rc=1
2026-07-23 18:36:10 +0530 seo: already succeeded today (2026-07-23); skip
2026-07-23 19:00:02 +0530 wake-lock acquired
2026-07-23 19:00:03 +0530 site_monitor: catching up (now=1900, due=1000)…
2026-07-23 19:06:07 +0530 site_monitor: catch-up runner exited rc=1
2026-07-23 19:06:07 +0530 seo: already succeeded today (2026-07-23); skip
2026-07-23 19:30:01 +0530 wake-lock acquired
2026-07-23 19:30:02 +0530 site_monitor: catching up (now=1930, due=1000)…
2026-07-23 19:36:03 +0530 site_monitor: catch-up runner exited rc=1
2026-07-23 19:36:03 +0530 seo: already succeeded today (2026-07-23); skip
2026-07-23 20:00:01 +0530 wake-lock acquired
2026-07-23 20:00:02 +0530 site_monitor: catching up (now=2000, due=1000)…
2026-07-23 20:06:01 +0530 site_monitor: catch-up runner exited rc=1
2026-07-23 20:06:01 +0530 seo: already succeeded today (2026-07-23); skip
2026-07-23 20:30:01 +0530 wake-lock acquired
2026-07-23 20:30:02 +0530 site_monitor: catching up (now=2030, due=1000)…
2026-07-23 20:36:10 +0530 site_monitor: catch-up runner exited rc=1
2026-07-23 20:36:10 +0530 seo: already succeeded today (2026-07-23); skip
2026-07-23 21:00:02 +0530 wake-lock acquired
2026-07-23 21:00:03 +0530 site_monitor: catching up (now=2100, due=1000)…
2026-07-23 21:06:19 +0530 site_monitor: catch-up runner exited rc=1
2026-07-23 21:06:19 +0530 seo: already succeeded today (2026-07-23); skip
2026-07-23 21:30:02 +0530 wake-lock acquired
2026-07-23 21:30:03 +0530 site_monitor: catching up (now=2130, due=1000)…
2026-07-23 21:35:48 +0530 site_monitor: catch-up runner exited rc=1
2026-07-23 21:35:48 +0530 seo: already succeeded today (2026-07-23); skip
2026-07-23 22:00:01 +0530 wake-lock acquired
2026-07-23 22:00:03 +0530 site_monitor: catching up (now=2200, due=1000)…
2026-07-23 22:06:01 +0530 site_monitor: catch-up runner exited rc=1
2026-07-23 22:06:01 +0530 seo: already succeeded today (2026-07-23); skip
2026-07-23 22:30:01 +0530 wake-lock acquired
2026-07-23 22:30:02 +0530 site_monitor: catching up (now=2230, due=1000)…
2026-07-23 22:36:02 +0530 site_monitor: catch-up runner exited rc=1
2026-07-23 22:36:02 +0530 seo: already succeeded today (2026-07-23); skip
2026-07-23 23:00:01 +0530 wake-lock acquired
2026-07-23 23:00:03 +0530 site_monitor: catching up (now=2300, due=1000)…
2026-07-23 23:05:34 +0530 site_monitor: catch-up runner exited rc=1
2026-07-23 23:05:34 +0530 seo: already succeeded today (2026-07-23); skip
2026-07-23 23:30:02 +0530 wake-lock acquired
2026-07-23 23:30:03 +0530 site_monitor: catching up (now=2330, due=1000)…
2026-07-23 23:35:50 +0530 site_monitor: catch-up runner exited rc=1
2026-07-23 23:35:50 +0530 seo: already succeeded today (2026-07-23); skip
2026-07-24 00:00:01 +0530 wake-lock acquired
2026-07-24 00:00:01 +0530 site_monitor: before due time (now=0000 < 1000); skip
2026-07-24 00:00:02 +0530 seo: before due time (now=0000 < 1100); skip
2026-07-24 00:30:01 +0530 wake-lock acquired
2026-07-24 00:30:01 +0530 site_monitor: before due time (now=0030 < 1000); skip
2026-07-24 00:30:01 +0530 seo: before due time (now=0030 < 1100); skip
2026-07-24 01:00:01 +0530 wake-lock acquired
2026-07-24 01:00:01 +0530 site_monitor: before due time (now=0100 < 1000); skip
2026-07-24 01:00:01 +0530 seo: before due time (now=0100 < 1100); skip
2026-07-24 01:30:02 +0530 wake-lock acquired
2026-07-24 01:30:02 +0530 site_monitor: before due time (now=0130 < 1000); skip
2026-07-24 01:30:02 +0530 seo: before due time (now=0130 < 1100); skip
2026-07-24 02:00:02 +0530 wake-lock acquired
2026-07-24 02:00:02 +0530 site_monitor: before due time (now=0200 < 1000); skip
2026-07-24 02:00:02 +0530 seo: before due time (now=0200 < 1100); skip
2026-07-24 02:30:02 +0530 wake-lock acquired
2026-07-24 02:30:02 +0530 site_monitor: before due time (now=0230 < 1000); skip
2026-07-24 02:30:02 +0530 seo: before due time (now=0230 < 1100); skip
2026-07-24 03:00:02 +0530 wake-lock acquired
2026-07-24 03:00:02 +0530 site_monitor: before due time (now=0300 < 1000); skip
2026-07-24 03:00:02 +0530 seo: before due time (now=0300 < 1100); skip
2026-07-24 03:30:02 +0530 wake-lock acquired
2026-07-24 03:30:02 +0530 site_monitor: before due time (now=0330 < 1000); skip
2026-07-24 03:30:02 +0530 seo: before due time (now=0330 < 1100); skip
2026-07-24 04:00:02 +0530 wake-lock acquired
2026-07-24 04:00:02 +0530 site_monitor: before due time (now=0400 < 1000); skip
2026-07-24 04:00:02 +0530 seo: before due time (now=0400 < 1100); skip
2026-07-24 04:30:02 +0530 wake-lock acquired
2026-07-24 04:30:02 +0530 site_monitor: before due time (now=0430 < 1000); skip
2026-07-24 04:30:02 +0530 seo: before due time (now=0430 < 1100); skip
2026-07-24 05:00:02 +0530 wake-lock acquired
2026-07-24 05:00:02 +0530 site_monitor: before due time (now=0500 < 1000); skip
2026-07-24 05:00:02 +0530 seo: before due time (now=0500 < 1100); skip
2026-07-24 05:30:02 +0530 wake-lock acquired
2026-07-24 05:30:02 +0530 site_monitor: before due time (now=0530 < 1000); skip
2026-07-24 05:30:02 +0530 seo: before due time (now=0530 < 1100); skip
2026-07-24 06:00:02 +0530 wake-lock acquired
2026-07-24 06:00:02 +0530 site_monitor: before due time (now=0600 < 1000); skip
2026-07-24 06:00:02 +0530 seo: before due time (now=0600 < 1100); skip
2026-07-24 06:30:01 +0530 wake-lock acquired
2026-07-24 06:30:02 +0530 site_monitor: before due time (now=0630 < 1000); skip
2026-07-24 06:30:02 +0530 seo: before due time (now=0630 < 1100); skip
2026-07-24 07:00:01 +0530 wake-lock acquired
2026-07-24 07:00:02 +0530 site_monitor: before due time (now=0700 < 1000); skip
2026-07-24 07:00:02 +0530 seo: before due time (now=0700 < 1100); skip
2026-07-24 07:30:01 +0530 wake-lock acquired
2026-07-24 07:30:02 +0530 site_monitor: before due time (now=0730 < 1000); skip
2026-07-24 07:30:02 +0530 seo: before due time (now=0730 < 1100); skip
2026-07-24 08:00:01 +0530 wake-lock acquired
2026-07-24 08:00:02 +0530 site_monitor: before due time (now=0800 < 1000); skip
2026-07-24 08:00:02 +0530 seo: before due time (now=0800 < 1100); skip
2026-07-24 08:30:01 +0530 wake-lock acquired
2026-07-24 08:30:02 +0530 site_monitor: before due time (now=0830 < 1000); skip
2026-07-24 08:30:02 +0530 seo: before due time (now=0830 < 1100); skip
2026-07-24 09:00:01 +0530 wake-lock acquired
2026-07-24 09:00:01 +0530 site_monitor: before due time (now=0900 < 1000); skip
2026-07-24 09:00:02 +0530 seo: before due time (now=0900 < 1100); skip
2026-07-24 09:30:01 +0530 wake-lock acquired
2026-07-24 09:30:01 +0530 site_monitor: before due time (now=0930 < 1000); skip
2026-07-24 09:30:02 +0530 seo: before due time (now=0930 < 1100); skip
2026-07-24 10:00:01 +0530 wake-lock acquired
2026-07-24 10:00:02 +0530 site_monitor: catching up (now=1000, due=1000)…
2026-07-24 10:00:03 +0530 site_monitor: catch-up runner exited rc=0
2026-07-24 10:00:03 +0530 seo: before due time (now=1000 < 1100); skip
2026-07-24 10:30:02 +0530 wake-lock acquired
2026-07-24 10:30:03 +0530 site_monitor: catching up (now=1030, due=1000)…
2026-07-24 10:36:18 +0530 site_monitor: catch-up runner exited rc=1
2026-07-24 10:36:18 +0530 seo: before due time (now=1036 < 1100); skip
2026-07-24 11:00:02 +0530 wake-lock acquired
2026-07-24 11:00:03 +0530 site_monitor: catching up (now=1100, due=1000)…
2026-07-24 11:05:56 +0530 site_monitor: catch-up runner exited rc=1
2026-07-24 11:05:56 +0530 seo: already succeeded today (2026-07-24); skip
2026-07-24 11:30:02 +0530 wake-lock acquired
2026-07-24 11:30:03 +0530 site_monitor: catching up (now=1130, due=1000)…
2026-07-24 11:36:09 +0530 site_monitor: catch-up runner exited rc=1
2026-07-24 11:36:10 +0530 seo: already succeeded today (2026-07-24); skip
2026-07-24 12:00:01 +0530 wake-lock acquired
2026-07-24 12:00:02 +0530 site_monitor: catching up (now=1200, due=1000)…
2026-07-24 12:06:05 +0530 site_monitor: catch-up runner exited rc=1
2026-07-24 12:06:05 +0530 seo: already succeeded today (2026-07-24); skip
2026-07-24 12:30:02 +0530 wake-lock acquired
2026-07-24 12:30:09 +0530 site_monitor: catching up (now=1230, due=1000)…
2026-07-24 12:36:20 +0530 site_monitor: catch-up runner exited rc=1
2026-07-24 12:36:20 +0530 seo: already succeeded today (2026-07-24); skip
2026-07-24 13:00:02 +0530 wake-lock acquired
2026-07-24 13:00:03 +0530 site_monitor: catching up (now=1300, due=1000)…
2026-07-27 11:39:17 +0530 wake-lock acquired
2026-07-27 11:39:19 +0530 site_monitor: catching up (now=1139, due=1000)…
2026-07-27 11:45:33 +0530 site_monitor: catch-up runner exited rc=1
2026-07-27 11:45:34 +0530 seo: catching up (now=1145, due=1100)…
2026-07-27 11:49:47 +0530 seo: catch-up runner exited rc=0
2026-07-27 12:00:02 +0530 wake-lock acquired
2026-07-27 12:00:03 +0530 site_monitor: catching up (now=1200, due=1000)…
2026-07-27 12:05:38 +0530 site_monitor: catch-up runner exited rc=1
2026-07-27 12:05:38 +0530 seo: already succeeded today (2026-07-27); skip
2026-07-27 12:30:02 +0530 wake-lock acquired
2026-07-27 12:30:08 +0530 site_monitor: catching up (now=1230, due=1000)…
2026-07-27 12:36:16 +0530 site_monitor: catch-up runner exited rc=1
2026-07-27 12:36:16 +0530 seo: already succeeded today (2026-07-27); skip
2026-07-27 13:00:01 +0530 wake-lock acquired
2026-07-27 13:00:02 +0530 site_monitor: catching up (now=1300, due=1000)…
2026-07-27 13:06:11 +0530 site_monitor: catch-up runner exited rc=0
2026-07-27 13:06:11 +0530 seo: already succeeded today (2026-07-27); skip
2026-07-27 13:30:01 +0530 wake-lock acquired
2026-07-27 13:30:02 +0530 site_monitor: already succeeded today (2026-07-27); skip
2026-07-27 13:30:02 +0530 seo: already succeeded today (2026-07-27); skip
2026-07-27 14:00:01 +0530 wake-lock acquired
2026-07-27 14:00:01 +0530 site_monitor: already succeeded today (2026-07-27); skip
2026-07-27 14:00:01 +0530 seo: already succeeded today (2026-07-27); skip
2026-07-27 14:30:02 +0530 wake-lock acquired
2026-07-27 14:30:02 +0530 site_monitor: already succeeded today (2026-07-27); skip
2026-07-27 14:30:02 +0530 seo: already succeeded today (2026-07-27); skip
2026-07-27 15:00:01 +0530 wake-lock acquired
2026-07-27 15:00:01 +0530 site_monitor: already succeeded today (2026-07-27); skip
2026-07-27 15:00:02 +0530 seo: already succeeded today (2026-07-27); skip
2026-07-27 15:30:01 +0530 wake-lock acquired
2026-07-27 15:30:01 +0530 site_monitor: already succeeded today (2026-07-27); skip
2026-07-27 15:30:01 +0530 seo: already succeeded today (2026-07-27); skip
2026-07-27 16:00:01 +0530 wake-lock acquired
2026-07-27 16:00:01 +0530 site_monitor: already succeeded today (2026-07-27); skip
2026-07-27 16:00:01 +0530 seo: already succeeded today (2026-07-27); skip
2026-07-27 16:30:02 +0530 wake-lock acquired
2026-07-27 16:30:02 +0530 site_monitor: already succeeded today (2026-07-27); skip
2026-07-27 16:30:02 +0530 seo: already succeeded today (2026-07-27); skip
2026-07-27 17:00:02 +0530 wake-lock acquired
2026-07-27 17:00:02 +0530 site_monitor: already succeeded today (2026-07-27); skip
2026-07-27 17:00:02 +0530 seo: already succeeded today (2026-07-27); skip
2026-07-27 17:30:01 +0530 wake-lock acquired
2026-07-27 17:30:02 +0530 site_monitor: already succeeded today (2026-07-27); skip
2026-07-27 17:30:02 +0530 seo: already succeeded today (2026-07-27); skip
2026-07-27 18:00:02 +0530 wake-lock acquired
2026-07-27 18:00:02 +0530 site_monitor: already succeeded today (2026-07-27); skip
2026-07-27 18:00:02 +0530 seo: already succeeded today (2026-07-27); skip
2026-07-27 18:30:01 +0530 wake-lock acquired
2026-07-27 18:30:02 +0530 site_monitor: already succeeded today (2026-07-27); skip
2026-07-27 18:30:02 +0530 seo: already succeeded today (2026-07-27); skip
2026-07-27 19:00:01 +0530 wake-lock acquired
2026-07-27 19:00:01 +0530 site_monitor: already succeeded today (2026-07-27); skip
2026-07-27 19:00:01 +0530 seo: already succeeded today (2026-07-27); skip
2026-07-27 19:30:01 +0530 wake-lock acquired
2026-07-27 19:30:01 +0530 site_monitor: already succeeded today (2026-07-27); skip
2026-07-27 19:30:01 +0530 seo: already succeeded today (2026-07-27); skip
2026-07-27 20:00:01 +0530 wake-lock acquired
2026-07-27 20:00:01 +0530 site_monitor: already succeeded today (2026-07-27); skip
2026-07-27 20:00:01 +0530 seo: already succeeded today (2026-07-27); skip
2026-07-27 20:30:02 +0530 wake-lock acquired
2026-07-27 20:30:02 +0530 site_monitor: already succeeded today (2026-07-27); skip
2026-07-27 20:30:02 +0530 seo: already succeeded today (2026-07-27); skip
2026-07-27 21:00:02 +0530 wake-lock acquired
2026-07-27 21:00:02 +0530 site_monitor: already succeeded today (2026-07-27); skip
2026-07-27 21:00:02 +0530 seo: already succeeded today (2026-07-27); skip
2026-07-27 21:30:02 +0530 wake-lock acquired
2026-07-27 21:30:02 +0530 site_monitor: already succeeded today (2026-07-27); skip
2026-07-27 21:30:02 +0530 seo: already succeeded today (2026-07-27); skip
2026-07-27 22:00:02 +0530 wake-lock acquired
2026-07-27 22:00:02 +0530 site_monitor: already succeeded today (2026-07-27); skip
2026-07-27 22:00:02 +0530 seo: already succeeded today (2026-07-27); skip
2026-07-27 22:30:02 +0530 wake-lock acquired
2026-07-27 22:30:02 +0530 site_monitor: already succeeded today (2026-07-27); skip
2026-07-27 22:30:02 +0530 seo: already succeeded today (2026-07-27); skip
2026-07-27 23:00:02 +0530 wake-lock acquired
2026-07-27 23:00:02 +0530 site_monitor: already succeeded today (2026-07-27); skip
2026-07-27 23:00:02 +0530 seo: already succeeded today (2026-07-27); skip
2026-07-27 23:30:02 +0530 wake-lock acquired
2026-07-27 23:30:02 +0530 site_monitor: already succeeded today (2026-07-27); skip
2026-07-27 23:30:02 +0530 seo: already succeeded today (2026-07-27); skip
2026-07-28 00:00:02 +0530 wake-lock acquired
2026-07-28 00:00:02 +0530 site_monitor: before due time (now=0000 < 1000); skip
2026-07-28 00:00:02 +0530 seo: before due time (now=0000 < 1100); skip
2026-07-28 00:30:02 +0530 wake-lock acquired
2026-07-28 00:30:02 +0530 site_monitor: before due time (now=0030 < 1000); skip
2026-07-28 00:30:02 +0530 seo: before due time (now=0030 < 1100); skip
2026-07-28 01:00:01 +0530 wake-lock acquired
2026-07-28 01:00:02 +0530 site_monitor: before due time (now=0100 < 1000); skip
2026-07-28 01:00:02 +0530 seo: before due time (now=0100 < 1100); skip
2026-07-28 01:30:01 +0530 wake-lock acquired
2026-07-28 01:30:02 +0530 site_monitor: before due time (now=0130 < 1000); skip
2026-07-28 01:30:02 +0530 seo: before due time (now=0130 < 1100); skip
2026-07-28 02:00:01 +0530 wake-lock acquired
2026-07-28 02:00:02 +0530 site_monitor: before due time (now=0200 < 1000); skip
2026-07-28 02:00:02 +0530 seo: before due time (now=0200 < 1100); skip
2026-07-28 02:30:01 +0530 wake-lock acquired
2026-07-28 02:30:02 +0530 site_monitor: before due time (now=0230 < 1000); skip
2026-07-28 02:30:02 +0530 seo: before due time (now=0230 < 1100); skip
2026-07-28 03:00:02 +0530 wake-lock acquired
2026-07-28 03:00:02 +0530 site_monitor: before due time (now=0300 < 1000); skip
2026-07-28 03:00:02 +0530 seo: before due time (now=0300 < 1100); skip
2026-07-28 03:30:02 +0530 wake-lock acquired
2026-07-28 03:30:02 +0530 site_monitor: before due time (now=0330 < 1000); skip
2026-07-28 03:30:02 +0530 seo: before due time (now=0330 < 1100); skip
2026-07-28 04:00:01 +0530 wake-lock acquired
2026-07-28 04:00:02 +0530 site_monitor: before due time (now=0400 < 1000); skip
2026-07-28 04:00:02 +0530 seo: before due time (now=0400 < 1100); skip
2026-07-28 04:30:01 +0530 wake-lock acquired
2026-07-28 04:30:02 +0530 site_monitor: before due time (now=0430 < 1000); skip
2026-07-28 04:30:02 +0530 seo: before due time (now=0430 < 1100); skip
2026-07-28 05:00:01 +0530 wake-lock acquired
2026-07-28 05:00:02 +0530 site_monitor: before due time (now=0500 < 1000); skip
2026-07-28 05:00:02 +0530 seo: before due time (now=0500 < 1100); skip
2026-07-28 05:30:01 +0530 wake-lock acquired
2026-07-28 05:30:02 +0530 site_monitor: before due time (now=0530 < 1000); skip
2026-07-28 05:30:02 +0530 seo: before due time (now=0530 < 1100); skip
2026-07-28 06:00:01 +0530 wake-lock acquired
2026-07-28 06:00:02 +0530 site_monitor: before due time (now=0600 < 1000); skip
2026-07-28 06:00:02 +0530 seo: before due time (now=0600 < 1100); skip
2026-07-28 06:30:01 +0530 wake-lock acquired
2026-07-28 06:30:02 +0530 site_monitor: before due time (now=0630 < 1000); skip
2026-07-28 06:30:02 +0530 seo: before due time (now=0630 < 1100); skip
2026-07-28 07:00:01 +0530 wake-lock acquired
2026-07-28 07:00:02 +0530 site_monitor: before due time (now=0700 < 1000); skip
2026-07-28 07:00:02 +0530 seo: before due time (now=0700 < 1100); skip
2026-07-28 07:30:01 +0530 wake-lock acquired
2026-07-28 07:30:02 +0530 site_monitor: before due time (now=0730 < 1000); skip
2026-07-28 07:30:02 +0530 seo: before due time (now=0730 < 1100); skip
2026-07-28 08:00:01 +0530 wake-lock acquired
2026-07-28 08:00:02 +0530 site_monitor: before due time (now=0800 < 1000); skip
2026-07-28 08:00:02 +0530 seo: before due time (now=0800 < 1100); skip
2026-07-28 08:30:01 +0530 wake-lock acquired
2026-07-28 08:30:02 +0530 site_monitor: before due time (now=0830 < 1000); skip
2026-07-28 08:30:02 +0530 seo: before due time (now=0830 < 1100); skip
2026-07-28 09:00:01 +0530 wake-lock acquired
2026-07-28 09:00:02 +0530 site_monitor: before due time (now=0900 < 1000); skip
2026-07-28 09:00:02 +0530 seo: before due time (now=0900 < 1100); skip
2026-07-28 09:30:01 +0530 wake-lock acquired
2026-07-28 09:30:02 +0530 site_monitor: before due time (now=0930 < 1000); skip
2026-07-28 09:30:02 +0530 seo: before due time (now=0930 < 1100); skip
2026-07-28 10:00:01 +0530 wake-lock acquired
2026-07-28 10:00:02 +0530 site_monitor: catching up (now=1000, due=1000)…
2026-07-28 10:00:03 +0530 site_monitor: catch-up runner exited rc=0
2026-07-28 10:00:03 +0530 seo: before due time (now=1000 < 1100); skip
2026-07-28 10:30:02 +0530 wake-lock acquired
2026-07-28 10:30:02 +0530 site_monitor: already succeeded today (2026-07-28); skip
2026-07-28 10:30:02 +0530 seo: before due time (now=1030 < 1100); skip
2026-07-28 11:00:02 +0530 wake-lock acquired
2026-07-28 11:00:02 +0530 site_monitor: already succeeded today (2026-07-28); skip
2026-07-28 11:00:03 +0530 seo: catching up (now=1100, due=1100)…
2026-07-28 11:00:04 +0530 seo: catch-up runner exited rc=0
2026-07-28 11:30:01 +0530 wake-lock acquired
2026-07-28 11:30:02 +0530 site_monitor: already succeeded today (2026-07-28); skip
2026-07-28 11:30:02 +0530 seo: already succeeded today (2026-07-28); skip
2026-07-28 12:00:01 +0530 wake-lock acquired
2026-07-28 12:00:01 +0530 site_monitor: already succeeded today (2026-07-28); skip
2026-07-28 12:00:01 +0530 seo: already succeeded today (2026-07-28); skip
2026-07-28 12:30:01 +0530 wake-lock acquired
2026-07-28 12:30:01 +0530 site_monitor: already succeeded today (2026-07-28); skip
2026-07-28 12:30:01 +0530 seo: already succeeded today (2026-07-28); skip
2026-07-28 13:00:02 +0530 wake-lock acquired
2026-07-28 13:00:02 +0530 site_monitor: already succeeded today (2026-07-28); skip
2026-07-28 13:00:02 +0530 seo: already succeeded today (2026-07-28); skip
2026-07-28 13:30:01 +0530 wake-lock acquired
2026-07-28 13:30:02 +0530 site_monitor: already succeeded today (2026-07-28); skip
2026-07-28 13:30:02 +0530 seo: already succeeded today (2026-07-28); skip
2026-07-28 14:00:01 +0530 wake-lock acquired
2026-07-28 14:00:01 +0530 site_monitor: already succeeded today (2026-07-28); skip
2026-07-28 14:00:02 +0530 seo: already succeeded today (2026-07-28); skip
2026-07-28 14:30:01 +0530 wake-lock acquired
2026-07-28 14:30:01 +0530 site_monitor: already succeeded today (2026-07-28); skip
2026-07-28 14:30:01 +0530 seo: already succeeded today (2026-07-28); skip
2026-07-28 15:00:02 +0530 wake-lock acquired
2026-07-28 15:00:02 +0530 site_monitor: already succeeded today (2026-07-28); skip
2026-07-28 15:00:02 +0530 seo: already succeeded today (2026-07-28); skip
2026-07-28 15:30:02 +0530 wake-lock acquired
2026-07-28 15:30:02 +0530 site_monitor: already succeeded today (2026-07-28); skip
2026-07-28 15:30:02 +0530 seo: already succeeded today (2026-07-28); skip
2026-07-28 16:00:01 +0530 wake-lock acquired
2026-07-28 16:00:02 +0530 site_monitor: already succeeded today (2026-07-28); skip
2026-07-28 16:00:02 +0530 seo: already succeeded today (2026-07-28); skip
2026-07-28 16:30:01 +0530 wake-lock acquired
2026-07-28 16:30:01 +0530 site_monitor: already succeeded today (2026-07-28); skip
2026-07-28 16:30:02 +0530 seo: already succeeded today (2026-07-28); skip
2026-07-28 17:00:01 +0530 wake-lock acquired
2026-07-28 17:00:01 +0530 site_monitor: already succeeded today (2026-07-28); skip
2026-07-28 17:00:01 +0530 seo: already succeeded today (2026-07-28); skip
2026-07-28 17:30:02 +0530 wake-lock acquired
2026-07-28 17:30:02 +0530 site_monitor: already succeeded today (2026-07-28); skip
2026-07-28 17:30:02 +0530 seo: already succeeded today (2026-07-28); skip
2026-07-28 18:00:01 +0530 wake-lock acquired
2026-07-28 18:00:02 +0530 site_monitor: already succeeded today (2026-07-28); skip
2026-07-28 18:00:02 +0530 seo: already succeeded today (2026-07-28); skip
2026-07-28 18:30:01 +0530 wake-lock acquired
2026-07-28 18:30:01 +0530 site_monitor: already succeeded today (2026-07-28); skip
2026-07-28 18:30:02 +0530 seo: already succeeded today (2026-07-28); skip
2026-07-28 19:00:01 +0530 wake-lock acquired
2026-07-28 19:00:01 +0530 site_monitor: already succeeded today (2026-07-28); skip
2026-07-28 19:00:01 +0530 seo: already succeeded today (2026-07-28); skip
2026-07-28 19:30:02 +0530 wake-lock acquired
2026-07-28 19:30:02 +0530 site_monitor: already succeeded today (2026-07-28); skip
2026-07-28 19:30:02 +0530 seo: already succeeded today (2026-07-28); skip
2026-07-28 20:00:02 +0530 wake-lock acquired
2026-07-28 20:00:02 +0530 site_monitor: already succeeded today (2026-07-28); skip
2026-07-28 20:00:02 +0530 seo: already succeeded today (2026-07-28); skip
2026-07-28 20:30:01 +0530 wake-lock acquired
2026-07-28 20:30:02 +0530 site_monitor: already succeeded today (2026-07-28); skip
2026-07-28 20:30:02 +0530 seo: already succeeded today (2026-07-28); skip
2026-07-28 21:00:01 +0530 wake-lock acquired
2026-07-28 21:00:02 +0530 site_monitor: already succeeded today (2026-07-28); skip
2026-07-28 21:00:02 +0530 seo: already succeeded today (2026-07-28); skip
2026-07-28 21:30:01 +0530 wake-lock acquired
2026-07-28 21:30:02 +0530 site_monitor: already succeeded today (2026-07-28); skip
2026-07-28 21:30:02 +0530 seo: already succeeded today (2026-07-28); skip
2026-07-28 22:00:02 +0530 wake-lock acquired
2026-07-28 22:00:02 +0530 site_monitor: already succeeded today (2026-07-28); skip
2026-07-28 22:00:02 +0530 seo: already succeeded today (2026-07-28); skip
2026-07-28 22:30:01 +0530 wake-lock acquired
2026-07-28 22:30:02 +0530 site_monitor: already succeeded today (2026-07-28); skip
2026-07-28 22:30:02 +0530 seo: already succeeded today (2026-07-28); skip
2026-07-28 23:00:01 +0530 wake-lock acquired
2026-07-28 23:00:02 +0530 site_monitor: already succeeded today (2026-07-28); skip
2026-07-28 23:00:02 +0530 seo: already succeeded today (2026-07-28); skip
2026-07-28 23:30:01 +0530 wake-lock acquired
2026-07-28 23:30:02 +0530 site_monitor: already succeeded today (2026-07-28); skip
2026-07-28 23:30:02 +0530 seo: already succeeded today (2026-07-28); skip
2026-07-29 00:00:01 +0530 wake-lock acquired
2026-07-29 00:00:02 +0530 site_monitor: before due time (now=0000 < 1000); skip
2026-07-29 00:00:02 +0530 seo: before due time (now=0000 < 1100); skip
2026-07-29 00:30:01 +0530 wake-lock acquired
2026-07-29 00:30:02 +0530 site_monitor: before due time (now=0030 < 1000); skip
2026-07-29 00:30:02 +0530 seo: before due time (now=0030 < 1100); skip
2026-07-29 01:00:01 +0530 wake-lock acquired
2026-07-29 01:00:02 +0530 site_monitor: before due time (now=0100 < 1000); skip
2026-07-29 01:00:02 +0530 seo: before due time (now=0100 < 1100); skip
2026-07-29 01:30:01 +0530 wake-lock acquired
2026-07-29 01:30:02 +0530 site_monitor: before due time (now=0130 < 1000); skip
2026-07-29 01:30:02 +0530 seo: before due time (now=0130 < 1100); skip
2026-07-29 02:00:01 +0530 wake-lock acquired
2026-07-29 02:00:02 +0530 site_monitor: before due time (now=0200 < 1000); skip
2026-07-29 02:00:02 +0530 seo: before due time (now=0200 < 1100); skip
2026-07-29 02:30:01 +0530 wake-lock acquired
2026-07-29 02:30:02 +0530 site_monitor: before due time (now=0230 < 1000); skip
2026-07-29 02:30:02 +0530 seo: before due time (now=0230 < 1100); skip
2026-07-29 03:00:01 +0530 wake-lock acquired
2026-07-29 03:00:01 +0530 site_monitor: before due time (now=0300 < 1000); skip
2026-07-29 03:00:02 +0530 seo: before due time (now=0300 < 1100); skip
2026-07-29 03:30:01 +0530 wake-lock acquired
2026-07-29 03:30:01 +0530 site_monitor: before due time (now=0330 < 1000); skip
2026-07-29 03:30:02 +0530 seo: before due time (now=0330 < 1100); skip
2026-07-29 04:00:01 +0530 wake-lock acquired
2026-07-29 04:00:01 +0530 site_monitor: before due time (now=0400 < 1000); skip
2026-07-29 04:00:02 +0530 seo: before due time (now=0400 < 1100); skip
2026-07-29 04:30:01 +0530 wake-lock acquired
2026-07-29 04:30:01 +0530 site_monitor: before due time (now=0430 < 1000); skip
2026-07-29 04:30:02 +0530 seo: before due time (now=0430 < 1100); skip
2026-07-29 05:00:01 +0530 wake-lock acquired
2026-07-29 05:00:01 +0530 site_monitor: before due time (now=0500 < 1000); skip
2026-07-29 05:00:01 +0530 seo: before due time (now=0500 < 1100); skip
2026-07-29 05:30:01 +0530 wake-lock acquired
2026-07-29 05:30:01 +0530 site_monitor: before due time (now=0530 < 1000); skip
2026-07-29 05:30:01 +0530 seo: before due time (now=0530 < 1100); skip
2026-07-29 06:00:01 +0530 wake-lock acquired
2026-07-29 06:00:01 +0530 site_monitor: before due time (now=0600 < 1000); skip
2026-07-29 06:00:01 +0530 seo: before due time (now=0600 < 1100); skip
2026-07-29 06:30:01 +0530 wake-lock acquired
2026-07-29 06:30:01 +0530 site_monitor: before due time (now=0630 < 1000); skip
2026-07-29 06:30:02 +0530 seo: before due time (now=0630 < 1100); skip
2026-07-29 07:00:01 +0530 wake-lock acquired
2026-07-29 07:00:01 +0530 site_monitor: before due time (now=0700 < 1000); skip
2026-07-29 07:00:01 +0530 seo: before due time (now=0700 < 1100); skip
2026-07-29 07:30:01 +0530 wake-lock acquired
2026-07-29 07:30:01 +0530 site_monitor: before due time (now=0730 < 1000); skip
2026-07-29 07:30:01 +0530 seo: before due time (now=0730 < 1100); skip
2026-07-29 08:00:02 +0530 wake-lock acquired
2026-07-29 08:00:02 +0530 site_monitor: before due time (now=0800 < 1000); skip
2026-07-29 08:00:02 +0530 seo: before due time (now=0800 < 1100); skip
2026-07-29 08:30:02 +0530 wake-lock acquired
2026-07-29 08:30:02 +0530 site_monitor: before due time (now=0830 < 1000); skip
2026-07-29 08:30:02 +0530 seo: before due time (now=0830 < 1100); skip
2026-07-29 09:00:02 +0530 wake-lock acquired
2026-07-29 09:00:02 +0530 site_monitor: before due time (now=0900 < 1000); skip
2026-07-29 09:00:02 +0530 seo: before due time (now=0900 < 1100); skip
2026-07-29 09:30:02 +0530 wake-lock acquired
2026-07-29 09:30:02 +0530 site_monitor: before due time (now=0930 < 1000); skip
2026-07-29 09:30:02 +0530 seo: before due time (now=0930 < 1100); skip
2026-07-29 10:00:01 +0530 wake-lock acquired
2026-07-29 10:00:02 +0530 site_monitor: catching up (now=1000, due=1000)…
2026-07-29 10:00:03 +0530 site_monitor: catch-up runner exited rc=0
2026-07-29 10:00:03 +0530 seo: before due time (now=1000 < 1100); skip
2026-07-29 10:30:02 +0530 wake-lock acquired
2026-07-29 10:30:02 +0530 site_monitor: already succeeded today (2026-07-29); skip
2026-07-29 10:30:02 +0530 seo: before due time (now=1030 < 1100); skip
2026-07-29 11:00:01 +0530 wake-lock acquired
2026-07-29 11:00:02 +0530 site_monitor: already succeeded today (2026-07-29); skip
2026-07-29 11:00:02 +0530 seo: catching up (now=1100, due=1100)…
2026-07-29 11:00:03 +0530 seo: catch-up runner exited rc=0
2026-07-29 11:30:01 +0530 wake-lock acquired
2026-07-29 11:30:01 +0530 site_monitor: already succeeded today (2026-07-29); skip
2026-07-29 11:30:02 +0530 seo: already succeeded today (2026-07-29); skip
2026-07-29 12:00:01 +0530 wake-lock acquired
2026-07-29 12:00:01 +0530 site_monitor: already succeeded today (2026-07-29); skip
2026-07-29 12:00:02 +0530 seo: already succeeded today (2026-07-29); skip
2026-07-29 12:30:01 +0530 wake-lock acquired
2026-07-29 12:30:01 +0530 site_monitor: already succeeded today (2026-07-29); skip
2026-07-29 12:30:01 +0530 seo: already succeeded today (2026-07-29); skip
2026-07-29 13:00:02 +0530 wake-lock acquired
2026-07-29 13:00:02 +0530 site_monitor: already succeeded today (2026-07-29); skip
2026-07-29 13:00:02 +0530 seo: already succeeded today (2026-07-29); skip
2026-07-29 13:30:02 +0530 wake-lock acquired
2026-07-29 13:30:02 +0530 site_monitor: already succeeded today (2026-07-29); skip
2026-07-29 13:30:02 +0530 seo: already succeeded today (2026-07-29); skip
2026-07-29 14:00:02 +0530 wake-lock acquired
2026-07-29 14:00:02 +0530 site_monitor: already succeeded today (2026-07-29); skip
2026-07-29 14:00:02 +0530 seo: already succeeded today (2026-07-29); skip
2026-07-29 14:30:01 +0530 wake-lock acquired
2026-07-29 14:30:02 +0530 site_monitor: already succeeded today (2026-07-29); skip
2026-07-29 14:30:02 +0530 seo: already succeeded today (2026-07-29); skip
2026-07-29 15:00:01 +0530 wake-lock acquired
2026-07-29 15:00:02 +0530 site_monitor: already succeeded today (2026-07-29); skip
2026-07-29 15:00:02 +0530 seo: already succeeded today (2026-07-29); skip
2026-07-29 15:30:01 +0530 wake-lock acquired
2026-07-29 15:30:01 +0530 site_monitor: already succeeded today (2026-07-29); skip
2026-07-29 15:30:02 +0530 seo: already succeeded today (2026-07-29); skip
2026-07-29 16:00:01 +0530 wake-lock acquired
2026-07-29 16:00:01 +0530 site_monitor: already succeeded today (2026-07-29); skip
2026-07-29 16:00:01 +0530 seo: already succeeded today (2026-07-29); skip
2026-07-29 16:30:01 +0530 wake-lock acquired
2026-07-29 16:30:01 +0530 site_monitor: already succeeded today (2026-07-29); skip
2026-07-29 16:30:01 +0530 seo: already succeeded today (2026-07-29); skip
2026-07-29 17:00:01 +0530 wake-lock acquired
2026-07-29 17:00:01 +0530 site_monitor: already succeeded today (2026-07-29); skip
2026-07-29 17:00:01 +0530 seo: already succeeded today (2026-07-29); skip
2026-07-29 17:30:02 +0530 wake-lock acquired
2026-07-29 17:30:02 +0530 site_monitor: already succeeded today (2026-07-29); skip
2026-07-29 17:30:02 +0530 seo: already succeeded today (2026-07-29); skip
2026-07-29 18:00:01 +0530 wake-lock acquired
2026-07-29 18:00:02 +0530 site_monitor: already succeeded today (2026-07-29); skip
2026-07-29 18:00:02 +0530 seo: already succeeded today (2026-07-29); skip
2026-07-29 18:30:01 +0530 wake-lock acquired
2026-07-29 18:30:01 +0530 site_monitor: already succeeded today (2026-07-29); skip
2026-07-29 18:30:02 +0530 seo: already succeeded today (2026-07-29); skip
2026-07-29 19:00:01 +0530 wake-lock acquired
2026-07-29 19:00:01 +0530 site_monitor: already succeeded today (2026-07-29); skip
2026-07-29 19:00:01 +0530 seo: already succeeded today (2026-07-29); skip
2026-07-29 19:30:02 +0530 wake-lock acquired
2026-07-29 19:30:02 +0530 site_monitor: already succeeded today (2026-07-29); skip
2026-07-29 19:30:02 +0530 seo: already succeeded today (2026-07-29); skip
2026-07-29 20:00:02 +0530 wake-lock acquired
2026-07-29 20:00:02 +0530 site_monitor: already succeeded today (2026-07-29); skip
2026-07-29 20:00:02 +0530 seo: already succeeded today (2026-07-29); skip
2026-07-29 20:30:02 +0530 wake-lock acquired
2026-07-29 20:30:02 +0530 site_monitor: already succeeded today (2026-07-29); skip
2026-07-29 20:30:02 +0530 seo: already succeeded today (2026-07-29); skip
2026-07-29 21:00:02 +0530 wake-lock acquired
2026-07-29 21:00:02 +0530 site_monitor: already succeeded today (2026-07-29); skip
2026-07-29 21:00:02 +0530 seo: already succeeded today (2026-07-29); skip
2026-07-29 21:30:01 +0530 wake-lock acquired
2026-07-29 21:30:02 +0530 site_monitor: already succeeded today (2026-07-29); skip
2026-07-29 21:30:02 +0530 seo: already succeeded today (2026-07-29); skip
2026-07-29 22:00:01 +0530 wake-lock acquired
2026-07-29 22:00:01 +0530 site_monitor: already succeeded today (2026-07-29); skip
2026-07-29 22:00:02 +0530 seo: already succeeded today (2026-07-29); skip
2026-07-29 22:30:01 +0530 wake-lock acquired
2026-07-29 22:30:01 +0530 site_monitor: already succeeded today (2026-07-29); skip
2026-07-29 22:30:01 +0530 seo: already succeeded today (2026-07-29); skip
2026-07-29 23:00:01 +0530 wake-lock acquired
2026-07-29 23:00:01 +0530 site_monitor: already succeeded today (2026-07-29); skip
2026-07-29 23:00:01 +0530 seo: already succeeded today (2026-07-29); skip
2026-07-29 23:30:01 +0530 wake-lock acquired
2026-07-29 23:30:01 +0530 site_monitor: already succeeded today (2026-07-29); skip
2026-07-29 23:30:01 +0530 seo: already succeeded today (2026-07-29); skip
2026-07-30 00:00:01 +0530 wake-lock acquired
2026-07-30 00:00:01 +0530 site_monitor: before due time (now=0000 < 1000); skip
2026-07-30 00:00:01 +0530 seo: before due time (now=0000 < 1100); skip
2026-07-30 00:30:01 +0530 wake-lock acquired
2026-07-30 00:30:01 +0530 site_monitor: before due time (now=0030 < 1000); skip
2026-07-30 00:30:01 +0530 seo: before due time (now=0030 < 1100); skip
2026-07-30 01:00:01 +0530 wake-lock acquired
2026-07-30 01:00:01 +0530 site_monitor: before due time (now=0100 < 1000); skip
2026-07-30 01:00:01 +0530 seo: before due time (now=0100 < 1100); skip
2026-07-30 01:30:01 +0530 wake-lock acquired
2026-07-30 01:30:01 +0530 site_monitor: before due time (now=0130 < 1000); skip
2026-07-30 01:30:02 +0530 seo: before due time (now=0130 < 1100); skip
2026-07-30 02:00:01 +0530 wake-lock acquired
2026-07-30 02:00:01 +0530 site_monitor: before due time (now=0200 < 1000); skip
2026-07-30 02:00:01 +0530 seo: before due time (now=0200 < 1100); skip
2026-07-30 02:30:01 +0530 wake-lock acquired
2026-07-30 02:30:01 +0530 site_monitor: before due time (now=0230 < 1000); skip
2026-07-30 02:30:01 +0530 seo: before due time (now=0230 < 1100); skip
2026-07-30 03:00:01 +0530 wake-lock acquired
2026-07-30 03:00:01 +0530 site_monitor: before due time (now=0300 < 1000); skip
2026-07-30 03:00:01 +0530 seo: before due time (now=0300 < 1100); skip
2026-07-30 03:30:01 +0530 wake-lock acquired
2026-07-30 03:30:02 +0530 site_monitor: before due time (now=0330 < 1000); skip
2026-07-30 03:30:02 +0530 seo: before due time (now=0330 < 1100); skip
2026-07-30 04:00:01 +0530 wake-lock acquired
2026-07-30 04:00:01 +0530 site_monitor: before due time (now=0400 < 1000); skip
2026-07-30 04:00:02 +0530 seo: before due time (now=0400 < 1100); skip
2026-07-30 04:30:01 +0530 wake-lock acquired
2026-07-30 04:30:01 +0530 site_monitor: before due time (now=0430 < 1000); skip
2026-07-30 04:30:01 +0530 seo: before due time (now=0430 < 1100); skip
2026-07-30 05:00:01 +0530 wake-lock acquired
2026-07-30 05:00:01 +0530 site_monitor: before due time (now=0500 < 1000); skip
2026-07-30 05:00:01 +0530 seo: before due time (now=0500 < 1100); skip
2026-07-30 05:30:01 +0530 wake-lock acquired
2026-07-30 05:30:01 +0530 site_monitor: before due time (now=0530 < 1000); skip
2026-07-30 05:30:01 +0530 seo: before due time (now=0530 < 1100); skip
2026-07-30 06:00:01 +0530 wake-lock acquired
2026-07-30 06:00:01 +0530 site_monitor: before due time (now=0600 < 1000); skip
2026-07-30 06:00:01 +0530 seo: before due time (now=0600 < 1100); skip
2026-07-30 06:30:01 +0530 wake-lock acquired
2026-07-30 06:30:01 +0530 site_monitor: before due time (now=0630 < 1000); skip
2026-07-30 06:30:01 +0530 seo: before due time (now=0630 < 1100); skip
2026-07-30 07:00:01 +0530 wake-lock acquired
2026-07-30 07:00:01 +0530 site_monitor: before due time (now=0700 < 1000); skip
2026-07-30 07:00:01 +0530 seo: before due time (now=0700 < 1100); skip
2026-07-30 07:30:01 +0530 wake-lock acquired
2026-07-30 07:30:01 +0530 site_monitor: before due time (now=0730 < 1000); skip
2026-07-30 07:30:01 +0530 seo: before due time (now=0730 < 1100); skip
2026-07-30 08:00:01 +0530 wake-lock acquired
2026-07-30 08:00:01 +0530 site_monitor: before due time (now=0800 < 1000); skip
2026-07-30 08:00:01 +0530 seo: before due time (now=0800 < 1100); skip
2026-07-30 08:30:01 +0530 wake-lock acquired
2026-07-30 08:30:01 +0530 site_monitor: before due time (now=0830 < 1000); skip
2026-07-30 08:30:01 +0530 seo: before due time (now=0830 < 1100); skip
2026-07-30 09:00:02 +0530 wake-lock acquired
2026-07-30 09:00:02 +0530 site_monitor: before due time (now=0900 < 1000); skip
2026-07-30 09:00:02 +0530 seo: before due time (now=0900 < 1100); skip
2026-07-30 09:30:02 +0530 wake-lock acquired
2026-07-30 09:30:02 +0530 site_monitor: before due time (now=0930 < 1000); skip
2026-07-30 09:30:02 +0530 seo: before due time (now=0930 < 1100); skip
2026-07-30 10:00:01 +0530 wake-lock acquired
2026-07-30 10:00:02 +0530 site_monitor: catching up (now=1000, due=1000)…
2026-07-30 10:00:03 +0530 site_monitor: catch-up runner exited rc=0
2026-07-30 10:00:03 +0530 seo: before due time (now=1000 < 1100); skip
2026-07-30 10:30:01 +0530 wake-lock acquired
2026-07-30 10:30:02 +0530 site_monitor: already succeeded today (2026-07-30); skip
2026-07-30 10:30:02 +0530 seo: before due time (now=1030 < 1100); skip
2026-07-30 11:00:01 +0530 wake-lock acquired
2026-07-30 11:00:01 +0530 site_monitor: already succeeded today (2026-07-30); skip
2026-07-30 11:00:02 +0530 seo: catching up (now=1100, due=1100)…
2026-07-30 11:00:03 +0530 seo: catch-up runner exited rc=0
2026-07-30 11:30:01 +0530 wake-lock acquired
2026-07-30 11:30:01 +0530 site_monitor: already succeeded today (2026-07-30); skip
2026-07-30 11:30:01 +0530 seo: already succeeded today (2026-07-30); skip
2026-07-30 12:00:02 +0530 wake-lock acquired
2026-07-30 12:00:02 +0530 site_monitor: already succeeded today (2026-07-30); skip
2026-07-30 12:00:02 +0530 seo: already succeeded today (2026-07-30); skip
2026-07-30 12:30:01 +0530 wake-lock acquired
2026-07-30 12:30:02 +0530 site_monitor: already succeeded today (2026-07-30); skip
2026-07-30 12:30:02 +0530 seo: already succeeded today (2026-07-30); skip
2026-07-30 13:00:02 +0530 wake-lock acquired
2026-07-30 13:00:02 +0530 site_monitor: already succeeded today (2026-07-30); skip
2026-07-30 13:00:02 +0530 seo: already succeeded today (2026-07-30); skip
2026-07-30 13:30:02 +0530 wake-lock acquired
2026-07-30 13:30:02 +0530 site_monitor: already succeeded today (2026-07-30); skip
2026-07-30 13:30:02 +0530 seo: already succeeded today (2026-07-30); skip
2026-07-30 14:00:02 +0530 wake-lock acquired
2026-07-30 14:00:02 +0530 site_monitor: already succeeded today (2026-07-30); skip
2026-07-30 14:00:02 +0530 seo: already succeeded today (2026-07-30); skip
2026-07-30 14:30:01 +0530 wake-lock acquired
2026-07-30 14:30:02 +0530 site_monitor: already succeeded today (2026-07-30); skip
2026-07-30 14:30:02 +0530 seo: already succeeded today (2026-07-30); skip
2026-07-30 15:00:01 +0530 wake-lock acquired
2026-07-30 15:00:02 +0530 site_monitor: already succeeded today (2026-07-30); skip
2026-07-30 15:00:02 +0530 seo: already succeeded today (2026-07-30); skip
2026-07-30 15:30:01 +0530 wake-lock acquired
2026-07-30 15:30:01 +0530 site_monitor: already succeeded today (2026-07-30); skip
2026-07-30 15:30:02 +0530 seo: already succeeded today (2026-07-30); skip
2026-07-30 16:00:01 +0530 wake-lock acquired
2026-07-30 16:00:01 +0530 site_monitor: already succeeded today (2026-07-30); skip
2026-07-30 16:00:02 +0530 seo: already succeeded today (2026-07-30); skip
2026-07-30 16:30:01 +0530 wake-lock acquired
2026-07-30 16:30:01 +0530 site_monitor: already succeeded today (2026-07-30); skip
2026-07-30 16:30:01 +0530 seo: already succeeded today (2026-07-30); skip
2026-07-30 17:00:01 +0530 wake-lock acquired
2026-07-30 17:00:01 +0530 site_monitor: already succeeded today (2026-07-30); skip
2026-07-30 17:00:01 +0530 seo: already succeeded today (2026-07-30); skip
2026-07-30 17:30:01 +0530 wake-lock acquired
2026-07-30 17:30:01 +0530 site_monitor: already succeeded today (2026-07-30); skip
2026-07-30 17:30:01 +0530 seo: already succeeded today (2026-07-30); skip
2026-07-30 18:00:02 +0530 wake-lock acquired
2026-07-30 18:00:02 +0530 site_monitor: already succeeded today (2026-07-30); skip
2026-07-30 18:00:02 +0530 seo: already succeeded today (2026-07-30); skip
2026-07-30 18:30:02 +0530 wake-lock acquired
2026-07-30 18:30:02 +0530 site_monitor: already succeeded today (2026-07-30); skip
2026-07-30 18:30:02 +0530 seo: already succeeded today (2026-07-30); skip
2026-07-30 19:00:01 +0530 wake-lock acquired
2026-07-30 19:00:02 +0530 site_monitor: already succeeded today (2026-07-30); skip
2026-07-30 19:00:02 +0530 seo: already succeeded today (2026-07-30); skip
2026-07-30 19:30:01 +0530 wake-lock acquired
2026-07-30 19:30:02 +0530 site_monitor: already succeeded today (2026-07-30); skip
2026-07-30 19:30:02 +0530 seo: already succeeded today (2026-07-30); skip
2026-07-30 20:00:01 +0530 wake-lock acquired
2026-07-30 20:00:01 +0530 site_monitor: already succeeded today (2026-07-30); skip
2026-07-30 20:00:01 +0530 seo: already succeeded today (2026-07-30); skip
2026-07-30 20:30:01 +0530 wake-lock acquired
2026-07-30 20:30:01 +0530 site_monitor: already succeeded today (2026-07-30); skip
2026-07-30 20:30:01 +0530 seo: already succeeded today (2026-07-30); skip
2026-07-30 21:00:01 +0530 wake-lock acquired
2026-07-30 21:00:01 +0530 site_monitor: already succeeded today (2026-07-30); skip
2026-07-30 21:00:01 +0530 seo: already succeeded today (2026-07-30); skip
2026-07-30 21:30:02 +0530 wake-lock acquired
2026-07-30 21:30:02 +0530 site_monitor: already succeeded today (2026-07-30); skip
2026-07-30 21:30:02 +0530 seo: already succeeded today (2026-07-30); skip
2026-07-30 22:00:02 +0530 wake-lock acquired
2026-07-30 22:00:02 +0530 site_monitor: already succeeded today (2026-07-30); skip
2026-07-30 22:00:02 +0530 seo: already succeeded today (2026-07-30); skip
2026-07-30 22:30:02 +0530 wake-lock acquired
2026-07-30 22:30:02 +0530 site_monitor: already succeeded today (2026-07-30); skip
2026-07-30 22:30:02 +0530 seo: already succeeded today (2026-07-30); skip
2026-07-30 23:00:01 +0530 wake-lock acquired
2026-07-30 23:00:02 +0530 site_monitor: already succeeded today (2026-07-30); skip
2026-07-30 23:00:02 +0530 seo: already succeeded today (2026-07-30); skip
2026-07-30 23:30:01 +0530 wake-lock acquired
2026-07-30 23:30:02 +0530 site_monitor: already succeeded today (2026-07-30); skip
2026-07-30 23:30:02 +0530 seo: already succeeded today (2026-07-30); skip
2026-07-31 00:00:01 +0530 wake-lock acquired
2026-07-31 00:00:02 +0530 site_monitor: before due time (now=0000 < 1000); skip
2026-07-31 00:00:02 +0530 seo: before due time (now=0000 < 1100); skip
2026-07-31 00:30:01 +0530 wake-lock acquired
2026-07-31 00:30:02 +0530 site_monitor: before due time (now=0030 < 1000); skip
2026-07-31 00:30:02 +0530 seo: before due time (now=0030 < 1100); skip
2026-07-31 01:00:01 +0530 wake-lock acquired
2026-07-31 01:00:01 +0530 site_monitor: before due time (now=0100 < 1000); skip
2026-07-31 01:00:02 +0530 seo: before due time (now=0100 < 1100); skip
2026-07-31 01:30:01 +0530 wake-lock acquired
2026-07-31 01:30:01 +0530 site_monitor: before due time (now=0130 < 1000); skip
2026-07-31 01:30:02 +0530 seo: before due time (now=0130 < 1100); skip
2026-07-31 02:00:01 +0530 wake-lock acquired
2026-07-31 02:00:01 +0530 site_monitor: before due time (now=0200 < 1000); skip
2026-07-31 02:00:02 +0530 seo: before due time (now=0200 < 1100); skip
2026-07-31 02:30:01 +0530 wake-lock acquired
2026-07-31 02:30:01 +0530 site_monitor: before due time (now=0230 < 1000); skip
2026-07-31 02:30:01 +0530 seo: before due time (now=0230 < 1100); skip
2026-07-31 03:00:01 +0530 wake-lock acquired
2026-07-31 03:00:01 +0530 site_monitor: before due time (now=0300 < 1000); skip
2026-07-31 03:00:01 +0530 seo: before due time (now=0300 < 1100); skip
2026-07-31 03:30:01 +0530 wake-lock acquired
2026-07-31 03:30:01 +0530 site_monitor: before due time (now=0330 < 1000); skip
2026-07-31 03:30:01 +0530 seo: before due time (now=0330 < 1100); skip
2026-07-31 04:00:01 +0530 wake-lock acquired
2026-07-31 04:00:01 +0530 site_monitor: before due time (now=0400 < 1000); skip
2026-07-31 04:00:01 +0530 seo: before due time (now=0400 < 1100); skip
2026-07-31 04:30:01 +0530 wake-lock acquired
2026-07-31 04:30:01 +0530 site_monitor: before due time (now=0430 < 1000); skip
2026-07-31 04:30:01 +0530 seo: before due time (now=0430 < 1100); skip
2026-07-31 05:00:01 +0530 wake-lock acquired
2026-07-31 05:00:01 +0530 site_monitor: before due time (now=0500 < 1000); skip
2026-07-31 05:00:01 +0530 seo: before due time (now=0500 < 1100); skip
2026-07-31 05:30:01 +0530 wake-lock acquired
2026-07-31 05:30:01 +0530 site_monitor: before due time (now=0530 < 1000); skip
2026-07-31 05:30:02 +0530 seo: before due time (now=0530 < 1100); skip
2026-07-31 06:00:01 +0530 wake-lock acquired
2026-07-31 06:00:01 +0530 site_monitor: before due time (now=0600 < 1000); skip
2026-07-31 06:00:02 +0530 seo: before due time (now=0600 < 1100); skip
2026-07-31 06:30:01 +0530 wake-lock acquired
2026-07-31 06:30:01 +0530 site_monitor: before due time (now=0630 < 1000); skip
2026-07-31 06:30:01 +0530 seo: before due time (now=0630 < 1100); skip
2026-07-31 07:00:01 +0530 wake-lock acquired
2026-07-31 07:00:01 +0530 site_monitor: before due time (now=0700 < 1000); skip
2026-07-31 07:00:01 +0530 seo: before due time (now=0700 < 1100); skip
2026-07-31 07:30:01 +0530 wake-lock acquired
2026-07-31 07:30:01 +0530 site_monitor: before due time (now=0730 < 1000); skip
2026-07-31 07:30:02 +0530 seo: before due time (now=0730 < 1100); skip
2026-07-31 08:00:01 +0530 wake-lock acquired
2026-07-31 08:00:01 +0530 site_monitor: before due time (now=0800 < 1000); skip
2026-07-31 08:00:01 +0530 seo: before due time (now=0800 < 1100); skip
2026-07-31 08:30:02 +0530 wake-lock acquired
2026-07-31 08:30:02 +0530 site_monitor: before due time (now=0830 < 1000); skip
2026-07-31 08:30:02 +0530 seo: before due time (now=0830 < 1100); skip
2026-07-31 09:00:02 +0530 wake-lock acquired
2026-07-31 09:00:02 +0530 site_monitor: before due time (now=0900 < 1000); skip
2026-07-31 09:00:02 +0530 seo: before due time (now=0900 < 1100); skip
2026-07-31 09:30:02 +0530 wake-lock acquired
2026-07-31 09:30:02 +0530 site_monitor: before due time (now=0930 < 1000); skip
2026-07-31 09:30:02 +0530 seo: before due time (now=0930 < 1100); skip
2026-07-31 10:00:02 +0530 wake-lock acquired
2026-07-31 10:00:03 +0530 site_monitor: catching up (now=1000, due=1000)…
2026-07-31 10:00:04 +0530 site_monitor: catch-up runner exited rc=0
2026-07-31 10:00:04 +0530 seo: before due time (now=1000 < 1100); skip
2026-07-31 10:30:02 +0530 wake-lock acquired
2026-07-31 10:30:02 +0530 site_monitor: already succeeded today (2026-07-31); skip
2026-07-31 10:30:02 +0530 seo: before due time (now=1030 < 1100); skip
2026-07-31 11:00:01 +0530 wake-lock acquired
2026-07-31 11:00:02 +0530 site_monitor: already succeeded today (2026-07-31); skip
2026-07-31 11:00:02 +0530 seo: catching up (now=1100, due=1100)…
2026-07-31 11:00:04 +0530 seo: catch-up runner exited rc=0
2026-07-31 11:30:02 +0530 wake-lock acquired
2026-07-31 11:30:02 +0530 site_monitor: already succeeded today (2026-07-31); skip
2026-07-31 11:30:02 +0530 seo: already succeeded today (2026-07-31); skip
2026-07-31 12:00:02 +0530 wake-lock acquired
2026-07-31 12:00:02 +0530 site_monitor: already succeeded today (2026-07-31); skip
2026-07-31 12:00:02 +0530 seo: already succeeded today (2026-07-31); skip
2026-07-31 12:30:01 +0530 wake-lock acquired
2026-07-31 12:30:02 +0530 site_monitor: already succeeded today (2026-07-31); skip
2026-07-31 12:30:02 +0530 seo: already succeeded today (2026-07-31); skip
2026-07-31 13:00:01 +0530 wake-lock acquired
2026-07-31 13:00:02 +0530 site_monitor: already succeeded today (2026-07-31); skip
2026-07-31 13:00:02 +0530 seo: already succeeded today (2026-07-31); skip
2026-07-31 13:30:01 +0530 wake-lock acquired
2026-07-31 13:30:01 +0530 site_monitor: already succeeded today (2026-07-31); skip
2026-07-31 13:30:02 +0530 seo: already succeeded today (2026-07-31); skip
2026-07-31 14:00:01 +0530 wake-lock acquired
2026-07-31 14:00:01 +0530 site_monitor: already succeeded today (2026-07-31); skip
2026-07-31 14:00:02 +0530 seo: already succeeded today (2026-07-31); skip
2026-07-31 14:30:01 +0530 wake-lock acquired
2026-07-31 14:30:01 +0530 site_monitor: already succeeded today (2026-07-31); skip
2026-07-31 14:30:01 +0530 seo: already succeeded today (2026-07-31); skip
2026-07-31 15:00:01 +0530 wake-lock acquired
2026-07-31 15:00:01 +0530 site_monitor: already succeeded today (2026-07-31); skip
2026-07-31 15:00:01 +0530 seo: already succeeded today (2026-07-31); skip
2026-07-31 15:30:02 +0530 wake-lock acquired
2026-07-31 15:30:02 +0530 site_monitor: already succeeded today (2026-07-31); skip
2026-07-31 15:30:02 +0530 seo: already succeeded today (2026-07-31); skip
2026-07-31 16:00:02 +0530 wake-lock acquired
2026-07-31 16:00:02 +0530 site_monitor: already succeeded today (2026-07-31); skip
2026-07-31 16:00:02 +0530 seo: already succeeded today (2026-07-31); skip
2026-07-31 16:30:02 +0530 wake-lock acquired
2026-07-31 16:30:02 +0530 site_monitor: already succeeded today (2026-07-31); skip
2026-07-31 16:30:02 +0530 seo: already succeeded today (2026-07-31); skip
2026-07-31 17:00:02 +0530 wake-lock acquired
2026-07-31 17:00:02 +0530 site_monitor: already succeeded today (2026-07-31); skip
2026-07-31 17:00:02 +0530 seo: already succeeded today (2026-07-31); skip
