checked_url,check_category,severity,reported_value,expected_value,original_finding,source_report,normalized_interpretation,confidence,notes
https://ambimat.com/ (site-level),seo_run_metric,info,437,,pages_crawled=437,raw/seo/seo_tracker_reports/report_20260731_112213.json,aggregate reported by the 11:00 run,high (as-reported),
https://ambimat.com/ (site-level),seo_run_metric,info,845,,keywords_tracked=845,raw/seo/seo_tracker_reports/report_20260731_112213.json,aggregate reported by the 11:00 run,high (as-reported),
https://ambimat.com/ (site-level),seo_run_metric,info,41.1,,ai_readiness_average=41.1,raw/seo/seo_tracker_reports/report_20260731_112213.json,aggregate reported by the 11:00 run,high (as-reported),
https://ambimat.com/ (site-level),seo_run_metric,info,0,,ai_readiness_above_70=0,raw/seo/seo_tracker_reports/report_20260731_112213.json,aggregate reported by the 11:00 run,high (as-reported),
https://ambimat.com/ (site-level),seo_run_metric,info,209,,ai_readiness_below_40=209,raw/seo/seo_tracker_reports/report_20260731_112213.json,aggregate reported by the 11:00 run,high (as-reported),
https://ambimat.com/ (site-level),seo_run_metric,info,1,,technical_noindex=1,raw/seo/seo_tracker_reports/report_20260731_112213.json,aggregate reported by the 11:00 run,high (as-reported),
https://ambimat.com/ (site-level),seo_run_metric,info,0,,technical_redirect_chains=0,raw/seo/seo_tracker_reports/report_20260731_112213.json,aggregate reported by the 11:00 run,high (as-reported),
https://ambimat.com/ (site-level),seo_run_metric,info,2,,technical_canonical_off=2,raw/seo/seo_tracker_reports/report_20260731_112213.json,aggregate reported by the 11:00 run,high (as-reported),
https://ambimat.com/ (site-level),seo_run_metric,info,1,,technical_slow_pages=1,raw/seo/seo_tracker_reports/report_20260731_112213.json,aggregate reported by the 11:00 run,high (as-reported),
https://ambimat.com/ (site-level),seo_run_metric,info,700,,technical_avg_response_ms=700,raw/seo/seo_tracker_reports/report_20260731_112213.json,aggregate reported by the 11:00 run,high (as-reported),
https://ambimat.com/ (site-level),seo_run_metric,info,127,,metadata_og_incomplete=127,raw/seo/seo_tracker_reports/report_20260731_112213.json,aggregate reported by the 11:00 run,high (as-reported),
https://ambimat.com/ (site-level),seo_run_metric,info,0,,metadata_twitter_missing=0,raw/seo/seo_tracker_reports/report_20260731_112213.json,aggregate reported by the 11:00 run,high (as-reported),
https://ambimat.com/ (site-level),seo_run_metric,info,327,,metadata_heading_issues=327,raw/seo/seo_tracker_reports/report_20260731_112213.json,aggregate reported by the 11:00 run,high (as-reported),
https://ambimat.com/ (site-level),seo_run_metric,info,1.0,,metadata_alt_coverage=1.0,raw/seo/seo_tracker_reports/report_20260731_112213.json,aggregate reported by the 11:00 run,high (as-reported),
https://ambimat.com/ (site-level),seo_run_metric,info,1.0,,schema_coverage=1.0,raw/seo/seo_tracker_reports/report_20260731_112213.json,aggregate reported by the 11:00 run,high (as-reported),
https://ambimat.com/ (site-level),seo_run_metric,info,6,,schema_faq_pages=6,raw/seo/seo_tracker_reports/report_20260731_112213.json,aggregate reported by the 11:00 run,high (as-reported),
https://ambimat.com/ (site-level),seo_run_metric,info,92.4,,content_quality_average=92.4,raw/seo/seo_tracker_reports/report_20260731_112213.json,aggregate reported by the 11:00 run,high (as-reported),
https://ambimat.com/ (site-level),seo_run_metric,info,30,,weak_pages_high=30,raw/seo/seo_tracker_reports/report_20260731_112213.json,aggregate reported by the 11:00 run,high (as-reported),
https://ambimat.com/ (site-level),seo_run_metric,info,656,,weak_pages_medium=656,raw/seo/seo_tracker_reports/report_20260731_112213.json,aggregate reported by the 11:00 run,high (as-reported),
https://ambimat.com/ (site-level),seo_run_metric,info,408,,weak_pages_low=408,raw/seo/seo_tracker_reports/report_20260731_112213.json,aggregate reported by the 11:00 run,high (as-reported),
https://ambimat.com/ (site-level),seo_run_metric,info,12,,orphan_pages=12,raw/seo/seo_tracker_reports/report_20260731_112213.json,aggregate reported by the 11:00 run,high (as-reported),
https://ambimat.com/ (site-level),seo_run_metric,info,98,,internal_link_recommendations=98,raw/seo/seo_tracker_reports/report_20260731_112213.json,aggregate reported by the 11:00 run,high (as-reported),
https://ambimat.com/category/general/,audit/technical,high,Page is noindex,,"{""category"": ""technical"", ""issue"": ""Page is noindex"", ""severity"": ""high"", ""url"": ""https://ambimat.com/category/general/""}",raw/seo/seo_tracker_reports/report_20260731_112213.json,audit finding as reported; not re-verified against the live site,medium (as-reported),
https://ambimat.com/holistic-iot-security-architecture-for-smart%e2%80%91city-street%e2%80%91light-controllers/,audit/technical,medium,Canonical points elsewhere,,"{""category"": ""technical"", ""issue"": ""Canonical points elsewhere"", ""severity"": ""medium"", ""url"": ""https://ambimat.com/holistic-iot-security-architecture-for-smart%e2%80%91city-street%e2%80%91light-controllers/""}",raw/seo/seo_tracker_reports/report_20260731_112213.json,audit finding as reported; not re-verified against the live site,medium (as-reported),
https://ambimat.com/holistic-iot-security-architecture-for-smart%e2%80%91city-street%e2%80%91light-controllers/,audit/technical,medium,Canonical points elsewhere,,"{""category"": ""technical"", ""issue"": ""Canonical points elsewhere"", ""severity"": ""medium"", ""url"": ""https://ambimat.com/holistic-iot-security-architecture-for-smart%e2%80%91city-street%e2%80%91light-controllers/""}",raw/seo/seo_tracker_reports/report_20260731_112213.json,audit finding as reported; not re-verified against the live site,medium (as-reported),
https://ambimat.com/public-transport-ticketing-system-part-1/,audit/metadata,medium,Duplicate title across 3 pages,,"{""category"": ""metadata"", ""issue"": ""Duplicate title across 3 pages"", ""severity"": ""medium"", ""url"": ""https://ambimat.com/public-transport-ticketing-system-part-1/""}",raw/seo/seo_tracker_reports/report_20260731_112213.json,audit finding as reported; not re-verified against the live site,medium (as-reported),
https://ambimat.com/mindbody-mobile-credit-card-swiper-unimag-ii-ios/,audit/metadata,medium,Duplicate title across 2 pages,,"{""category"": ""metadata"", ""issue"": ""Duplicate title across 2 pages"", ""severity"": ""medium"", ""url"": ""https://ambimat.com/mindbody-mobile-credit-card-swiper-unimag-ii-ios/""}",raw/seo/seo_tracker_reports/report_20260731_112213.json,audit finding as reported; not re-verified against the live site,medium (as-reported),
https://ambimat.com/choosing-the-right-surface-finish-for-your-pcb-project-based-on-application/,audit/metadata,medium,Duplicate title across 4 pages,,"{""category"": ""metadata"", ""issue"": ""Duplicate title across 4 pages"", ""severity"": ""medium"", ""url"": ""https://ambimat.com/choosing-the-right-surface-finish-for-your-pcb-project-based-on-application/""}",raw/seo/seo_tracker_reports/report_20260731_112213.json,audit finding as reported; not re-verified against the live site,medium (as-reported),
https://ambimat.com/holistic-iot-security-architecture-for-smart%e2%80%91city-street%e2%80%91light-controllers/,audit/metadata,medium,Duplicate title across 2 pages,,"{""category"": ""metadata"", ""issue"": ""Duplicate title across 2 pages"", ""severity"": ""medium"", ""url"": ""https://ambimat.com/holistic-iot-security-architecture-for-smart%e2%80%91city-street%e2%80%91light-controllers/""}",raw/seo/seo_tracker_reports/report_20260731_112213.json,audit finding as reported; not re-verified against the live site,medium (as-reported),
https://ambimat.com/about/,audit/metadata,medium,Duplicate title across 2 pages,,"{""category"": ""metadata"", ""issue"": ""Duplicate title across 2 pages"", ""severity"": ""medium"", ""url"": ""https://ambimat.com/about/""}",raw/seo/seo_tracker_reports/report_20260731_112213.json,audit finding as reported; not re-verified against the live site,medium (as-reported),
https://ambimat.com/success-stories/,audit/metadata,medium,Duplicate title across 2 pages,,"{""category"": ""metadata"", ""issue"": ""Duplicate title across 2 pages"", ""severity"": ""medium"", ""url"": ""https://ambimat.com/success-stories/""}",raw/seo/seo_tracker_reports/report_20260731_112213.json,audit finding as reported; not re-verified against the live site,medium (as-reported),
https://ambimat.com/category/general/,audit/metadata,medium,Duplicate title across 2 pages,,"{""category"": ""metadata"", ""issue"": ""Duplicate title across 2 pages"", ""severity"": ""medium"", ""url"": ""https://ambimat.com/category/general/""}",raw/seo/seo_tracker_reports/report_20260731_112213.json,audit finding as reported; not re-verified against the live site,medium (as-reported),
https://ambimat.com/tag/smart-label/,audit/metadata,medium,Duplicate title across 2 pages,,"{""category"": ""metadata"", ""issue"": ""Duplicate title across 2 pages"", ""severity"": ""medium"", ""url"": ""https://ambimat.com/tag/smart-label/""}",raw/seo/seo_tracker_reports/report_20260731_112213.json,audit finding as reported; not re-verified against the live site,medium (as-reported),
https://ambimat.com/tag/smart-city/,audit/metadata,medium,Duplicate title across 2 pages,,"{""category"": ""metadata"", ""issue"": ""Duplicate title across 2 pages"", ""severity"": ""medium"", ""url"": ""https://ambimat.com/tag/smart-city/""}",raw/seo/seo_tracker_reports/report_20260731_112213.json,audit finding as reported; not re-verified against the live site,medium (as-reported),
https://ambimat.com/about/,weak_page,high,Duplicate intent vs https://ambimat.com/about/company-overview/,,"{""url"": ""https://ambimat.com/about/"", ""issue"": ""Duplicate intent vs https://ambimat.com/about/company-overview/"", ""severity"": ""high"", ""action"": ""Differentiate or consolidate. If the two pages target the same query, merge into one cornerstone and 301-redirect the thinner URL.""}",raw/seo/seo_tracker_reports/report_20260731_112213.json,content/duplication finding as reported; editorial judgement required,medium (as-reported),"suggested action: Differentiate or consolidate. If the two pages target the same query, merge into one cornerstone and 301-redirect the thinner URL."
https://ambimat.com/ambi-con/,weak_page,high,Duplicate intent vs https://ambimat.com/categories/ambi-con/,,"{""url"": ""https://ambimat.com/ambi-con/"", ""issue"": ""Duplicate intent vs https://ambimat.com/categories/ambi-con/"", ""severity"": ""high"", ""action"": ""Differentiate or consolidate. If the two pages target the same query, merge into one cornerstone and 301-redirect the thinner URL.""}",raw/seo/seo_tracker_reports/report_20260731_112213.json,content/duplication finding as reported; editorial judgement required,medium (as-reported),"suggested action: Differentiate or consolidate. If the two pages target the same query, merge into one cornerstone and 301-redirect the thinner URL."
https://ambimat.com/choosing-the-right-surface-finish-for-your-pcb-project-based-on-application/,weak_page,high,Duplicate intent vs https://ambimat.com/choosing-the-right-surface-finish-for-your-pcb-project-based-on-performance-needs/,,"{""url"": ""https://ambimat.com/choosing-the-right-surface-finish-for-your-pcb-project-based-on-application/"", ""issue"": ""Duplicate intent vs https://ambimat.com/choosing-the-right-surface-finish-for-your-pcb-project-based-on-performance-needs/"", ""severity"": ""high"", ""action"": ""Differentiate or consolidate. If the two pages target the same query, merge into one cornerstone and 301-redirect the thinner URL.""}",raw/seo/seo_tracker_reports/report_20260731_112213.json,content/duplication finding as reported; editorial judgement required,medium (as-reported),"suggested action: Differentiate or consolidate. If the two pages target the same query, merge into one cornerstone and 301-redirect the thinner URL."
https://ambimat.com/developer-resources/list-of-application-identifiers-aid/,weak_page,high,Duplicate intent vs https://ambimat.com/complete-list-of-application-identifiers-aid/,,"{""url"": ""https://ambimat.com/developer-resources/list-of-application-identifiers-aid/"", ""issue"": ""Duplicate intent vs https://ambimat.com/complete-list-of-application-identifiers-aid/"", ""severity"": ""high"", ""action"": ""Differentiate or consolidate. If the two pages target the same query, merge into one cornerstone and 301-redirect the thinner URL.""}",raw/seo/seo_tracker_reports/report_20260731_112213.json,content/duplication finding as reported; editorial judgement required,medium (as-reported),"suggested action: Differentiate or consolidate. If the two pages target the same query, merge into one cornerstone and 301-redirect the thinner URL."
https://ambimat.com/emv-application-selection/,weak_page,high,Duplicate intent vs https://ambimat.com/emvtm-application-selection/,,"{""url"": ""https://ambimat.com/emv-application-selection/"", ""issue"": ""Duplicate intent vs https://ambimat.com/emvtm-application-selection/"", ""severity"": ""high"", ""action"": ""Differentiate or consolidate. If the two pages target the same query, merge into one cornerstone and 301-redirect the thinner URL.""}",raw/seo/seo_tracker_reports/report_20260731_112213.json,content/duplication finding as reported; editorial judgement required,medium (as-reported),"suggested action: Differentiate or consolidate. If the two pages target the same query, merge into one cornerstone and 301-redirect the thinner URL."
https://ambimat.com/holistic-iot-security-architecture-for-smart%e2%80%91city-street%e2%80%91light-controllers/,weak_page,high,Duplicate intent vs https://ambimat.com/holistic-iot-security-architecture-for-smart%e2%80%91city-street%e2%80%91light-controllers/,,"{""url"": ""https://ambimat.com/holistic-iot-security-architecture-for-smart%e2%80%91city-street%e2%80%91light-controllers/"", ""issue"": ""Duplicate intent vs https://ambimat.com/holistic-iot-security-architecture-for-smart%e2%80%91city-street%e2%80%91light-controllers/"", ""severity"": ""high"", ""action"": ""Differentiate or consolidate. If the two pages target the same query, merge into one cornerstone and 301-redirect the thinner URL.""}",raw/seo/seo_tracker_reports/report_20260731_112213.json,content/duplication finding as reported; editorial judgement required,medium (as-reported),"suggested action: Differentiate or consolidate. If the two pages target the same query, merge into one cornerstone and 301-redirect the thinner URL."
https://ambimat.com/success-stories/,weak_page,high,Duplicate intent vs https://ambimat.com/success-stories/,,"{""url"": ""https://ambimat.com/success-stories/"", ""issue"": ""Duplicate intent vs https://ambimat.com/success-stories/"", ""severity"": ""high"", ""action"": ""Differentiate or consolidate. If the two pages target the same query, merge into one cornerstone and 301-redirect the thinner URL.""}",raw/seo/seo_tracker_reports/report_20260731_112213.json,content/duplication finding as reported; editorial judgement required,medium (as-reported),"suggested action: Differentiate or consolidate. If the two pages target the same query, merge into one cornerstone and 301-redirect the thinner URL."
https://ambimat.com/tag/authentication/,weak_page,high,Duplicate intent vs https://ambimat.com/tag/multifactor-authentication/,,"{""url"": ""https://ambimat.com/tag/authentication/"", ""issue"": ""Duplicate intent vs https://ambimat.com/tag/multifactor-authentication/"", ""severity"": ""high"", ""action"": ""Differentiate or consolidate. If the two pages target the same query, merge into one cornerstone and 301-redirect the thinner URL.""}",raw/seo/seo_tracker_reports/report_20260731_112213.json,content/duplication finding as reported; editorial judgement required,medium (as-reported),"suggested action: Differentiate or consolidate. If the two pages target the same query, merge into one cornerstone and 301-redirect the thinner URL."
https://ambimat.com/tag/automation/,weak_page,high,Duplicate intent vs https://ambimat.com/tag/industrial-automation/,,"{""url"": ""https://ambimat.com/tag/automation/"", ""issue"": ""Duplicate intent vs https://ambimat.com/tag/industrial-automation/"", ""severity"": ""high"", ""action"": ""Differentiate or consolidate. If the two pages target the same query, merge into one cornerstone and 301-redirect the thinner URL.""}",raw/seo/seo_tracker_reports/report_20260731_112213.json,content/duplication finding as reported; editorial judgement required,medium (as-reported),"suggested action: Differentiate or consolidate. If the two pages target the same query, merge into one cornerstone and 301-redirect the thinner URL."
https://ambimat.com/tag/automotive-security/,weak_page,high,Duplicate intent vs https://ambimat.com/tag/security/,,"{""url"": ""https://ambimat.com/tag/automotive-security/"", ""issue"": ""Duplicate intent vs https://ambimat.com/tag/security/"", ""severity"": ""high"", ""action"": ""Differentiate or consolidate. If the two pages target the same query, merge into one cornerstone and 301-redirect the thinner URL.""}",raw/seo/seo_tracker_reports/report_20260731_112213.json,content/duplication finding as reported; editorial judgement required,medium (as-reported),"suggested action: Differentiate or consolidate. If the two pages target the same query, merge into one cornerstone and 301-redirect the thinner URL."
https://ambimat.com/tag/cold-chain-logistics/,weak_page,high,Duplicate intent vs https://ambimat.com/cold-chain-logistics/,,"{""url"": ""https://ambimat.com/tag/cold-chain-logistics/"", ""issue"": ""Duplicate intent vs https://ambimat.com/cold-chain-logistics/"", ""severity"": ""high"", ""action"": ""Differentiate or consolidate. If the two pages target the same query, merge into one cornerstone and 301-redirect the thinner URL.""}",raw/seo/seo_tracker_reports/report_20260731_112213.json,content/duplication finding as reported; editorial judgement required,medium (as-reported),"suggested action: Differentiate or consolidate. If the two pages target the same query, merge into one cornerstone and 301-redirect the thinner URL."
https://ambimat.com/tag/fast-identity-online-fido/,weak_page,high,Duplicate intent vs https://ambimat.com/fast-identity-online-fido/,,"{""url"": ""https://ambimat.com/tag/fast-identity-online-fido/"", ""issue"": ""Duplicate intent vs https://ambimat.com/fast-identity-online-fido/"", ""severity"": ""high"", ""action"": ""Differentiate or consolidate. If the two pages target the same query, merge into one cornerstone and 301-redirect the thinner URL.""}",raw/seo/seo_tracker_reports/report_20260731_112213.json,content/duplication finding as reported; editorial judgement required,medium (as-reported),"suggested action: Differentiate or consolidate. If the two pages target the same query, merge into one cornerstone and 301-redirect the thinner URL."
https://ambimat.com/tag/general/,weak_page,high,Duplicate intent vs https://ambimat.com/category/general/,,"{""url"": ""https://ambimat.com/tag/general/"", ""issue"": ""Duplicate intent vs https://ambimat.com/category/general/"", ""severity"": ""high"", ""action"": ""Differentiate or consolidate. If the two pages target the same query, merge into one cornerstone and 301-redirect the thinner URL.""}",raw/seo/seo_tracker_reports/report_20260731_112213.json,content/duplication finding as reported; editorial judgement required,medium (as-reported),"suggested action: Differentiate or consolidate. If the two pages target the same query, merge into one cornerstone and 301-redirect the thinner URL."
https://ambimat.com/tag/iot-security/,weak_page,high,Duplicate intent vs https://ambimat.com/tag/iot/,,"{""url"": ""https://ambimat.com/tag/iot-security/"", ""issue"": ""Duplicate intent vs https://ambimat.com/tag/iot/"", ""severity"": ""high"", ""action"": ""Differentiate or consolidate. If the two pages target the same query, merge into one cornerstone and 301-redirect the thinner URL.""}",raw/seo/seo_tracker_reports/report_20260731_112213.json,content/duplication finding as reported; editorial judgement required,medium (as-reported),"suggested action: Differentiate or consolidate. If the two pages target the same query, merge into one cornerstone and 301-redirect the thinner URL."
https://ambimat.com/tag/iot-security/,weak_page,high,Duplicate intent vs https://ambimat.com/tag/security/,,"{""url"": ""https://ambimat.com/tag/iot-security/"", ""issue"": ""Duplicate intent vs https://ambimat.com/tag/security/"", ""severity"": ""high"", ""action"": ""Differentiate or consolidate. If the two pages target the same query, merge into one cornerstone and 301-redirect the thinner URL.""}",raw/seo/seo_tracker_reports/report_20260731_112213.json,content/duplication finding as reported; editorial judgement required,medium (as-reported),"suggested action: Differentiate or consolidate. If the two pages target the same query, merge into one cornerstone and 301-redirect the thinner URL."
https://ambimat.com/ambi-space/,internal_links/orphan,medium,no internal inbound links found in crawl,,orphans[],raw/seo/seo_tracker_reports/report_20260731_112213.json,reported orphan within the crawled set only,medium (as-reported),
https://ambimat.com/ambi-sense/,internal_links/orphan,medium,no internal inbound links found in crawl,,orphans[],raw/seo/seo_tracker_reports/report_20260731_112213.json,reported orphan within the crawled set only,medium (as-reported),
https://ambimat.com/ambi-pay/,internal_links/orphan,medium,no internal inbound links found in crawl,,orphans[],raw/seo/seo_tracker_reports/report_20260731_112213.json,reported orphan within the crawled set only,medium (as-reported),
https://ambimat.com/ambi-secure/,internal_links/orphan,medium,no internal inbound links found in crawl,,orphans[],raw/seo/seo_tracker_reports/report_20260731_112213.json,reported orphan within the crawled set only,medium (as-reported),
https://ambimat.com/refund-cancellation-policy/,internal_links/orphan,medium,no internal inbound links found in crawl,,orphans[],raw/seo/seo_tracker_reports/report_20260731_112213.json,reported orphan within the crawled set only,medium (as-reported),
https://ambimat.com/terms-conditions/,internal_links/orphan,medium,no internal inbound links found in crawl,,orphans[],raw/seo/seo_tracker_reports/report_20260731_112213.json,reported orphan within the crawled set only,medium (as-reported),
https://ambimat.com/ambi-power/,internal_links/orphan,medium,no internal inbound links found in crawl,,orphans[],raw/seo/seo_tracker_reports/report_20260731_112213.json,reported orphan within the crawled set only,medium (as-reported),
https://ambimat.com/ambi-con/,internal_links/orphan,medium,no internal inbound links found in crawl,,orphans[],raw/seo/seo_tracker_reports/report_20260731_112213.json,reported orphan within the crawled set only,medium (as-reported),
https://ambimat.com/by-industry/,internal_links/orphan,medium,no internal inbound links found in crawl,,orphans[],raw/seo/seo_tracker_reports/report_20260731_112213.json,reported orphan within the crawled set only,medium (as-reported),
https://ambimat.com/by-technologies/,internal_links/orphan,medium,no internal inbound links found in crawl,,orphans[],raw/seo/seo_tracker_reports/report_20260731_112213.json,reported orphan within the crawled set only,medium (as-reported),
https://ambimat.com/f1tenth/,internal_links/orphan,medium,no internal inbound links found in crawl,,orphans[],raw/seo/seo_tracker_reports/report_20260731_112213.json,reported orphan within the crawled set only,medium (as-reported),
https://ambimat.com/event/ambimat-history/,internal_links/orphan,medium,no internal inbound links found in crawl,,orphans[],raw/seo/seo_tracker_reports/report_20260731_112213.json,reported orphan within the crawled set only,medium (as-reported),
https://ambimat.com/workplace-security-how-biometrics-is-the-key-to-the-new-normal/,internal_links/under_linked,low,few internal inbound links,,under_linked[],raw/seo/seo_tracker_reports/report_20260731_112213.json,reported as under-linked within the crawled set,medium (as-reported),
https://ambimat.com/how-secure-is-5g-really/,internal_links/under_linked,low,few internal inbound links,,under_linked[],raw/seo/seo_tracker_reports/report_20260731_112213.json,reported as under-linked within the crawled set,medium (as-reported),
https://ambimat.com/a-hardware-start-up-part-2-ideationconceptualization/,internal_links/under_linked,low,few internal inbound links,,under_linked[],raw/seo/seo_tracker_reports/report_20260731_112213.json,reported as under-linked within the crawled set,medium (as-reported),
https://ambimat.com/the-story-of-yet-another-framework-propeller-2/,internal_links/under_linked,low,few internal inbound links,,under_linked[],raw/seo/seo_tracker_reports/report_20260731_112213.json,reported as under-linked within the crawled set,medium (as-reported),
https://ambimat.com/is-passwordless-the-right-choice-for-organization/,internal_links/under_linked,low,few internal inbound links,,under_linked[],raw/seo/seo_tracker_reports/report_20260731_112213.json,reported as under-linked within the crawled set,medium (as-reported),
https://ambimat.com/debunking-3-misconception-about-cybersecurity/,internal_links/under_linked,low,few internal inbound links,,under_linked[],raw/seo/seo_tracker_reports/report_20260731_112213.json,reported as under-linked within the crawled set,medium (as-reported),
https://ambimat.com/cyber-security-best-practices-with-the-proliferation-of-employees-working-from-home/,internal_links/under_linked,low,few internal inbound links,,under_linked[],raw/seo/seo_tracker_reports/report_20260731_112213.json,reported as under-linked within the crawled set,medium (as-reported),
https://ambimat.com/built-in-fido-authenticators/,internal_links/under_linked,low,few internal inbound links,,under_linked[],raw/seo/seo_tracker_reports/report_20260731_112213.json,reported as under-linked within the crawled set,medium (as-reported),
https://ambimat.com/steps-to-go-passwordless/,internal_links/under_linked,low,few internal inbound links,,under_linked[],raw/seo/seo_tracker_reports/report_20260731_112213.json,reported as under-linked within the crawled set,medium (as-reported),
https://ambimat.com/steps-to-keep-organizational-credential-safe/,internal_links/under_linked,low,few internal inbound links,,under_linked[],raw/seo/seo_tracker_reports/report_20260731_112213.json,reported as under-linked within the crawled set,medium (as-reported),
https://ambimat.com/perils-to-circumvent-when-shifting-to-passwordless-technology/,internal_links/under_linked,low,few internal inbound links,,under_linked[],raw/seo/seo_tracker_reports/report_20260731_112213.json,reported as under-linked within the crawled set,medium (as-reported),
https://ambimat.com/security-tips/,internal_links/under_linked,low,few internal inbound links,,under_linked[],raw/seo/seo_tracker_reports/report_20260731_112213.json,reported as under-linked within the crawled set,medium (as-reported),
https://ambimat.com/features-to-consider-on-route-to-digital-transformation/,internal_links/under_linked,low,few internal inbound links,,under_linked[],raw/seo/seo_tracker_reports/report_20260731_112213.json,reported as under-linked within the crawled set,medium (as-reported),
https://ambimat.com/the-risks-of-hybrid-employment-for-security/,internal_links/under_linked,low,few internal inbound links,,under_linked[],raw/seo/seo_tracker_reports/report_20260731_112213.json,reported as under-linked within the crawled set,medium (as-reported),
https://ambimat.com/the-importance-of-digital-id-in-cybersecurity/,internal_links/under_linked,low,few internal inbound links,,under_linked[],raw/seo/seo_tracker_reports/report_20260731_112213.json,reported as under-linked within the crawled set,medium (as-reported),
https://ambimat.com/rethink-your-companys-data-security-strategy/,internal_links/under_linked,low,few internal inbound links,,under_linked[],raw/seo/seo_tracker_reports/report_20260731_112213.json,reported as under-linked within the crawled set,medium (as-reported),
https://ambimat.com/quantum-computings-rising-cybersecurity-threat/,internal_links/under_linked,low,few internal inbound links,,under_linked[],raw/seo/seo_tracker_reports/report_20260731_112213.json,reported as under-linked within the crawled set,medium (as-reported),
https://ambimat.com/phishing-assaults-are-becoming-more-common-are-you-prepared/,internal_links/under_linked,low,few internal inbound links,,under_linked[],raw/seo/seo_tracker_reports/report_20260731_112213.json,reported as under-linked within the crawled set,medium (as-reported),
https://ambimat.com/is-there-a-secure-way-to-distribute-passwords-in-an-organisation/,internal_links/under_linked,low,few internal inbound links,,under_linked[],raw/seo/seo_tracker_reports/report_20260731_112213.json,reported as under-linked within the crawled set,medium (as-reported),
https://ambimat.com/identity-biometrics/,internal_links/under_linked,low,few internal inbound links,,under_linked[],raw/seo/seo_tracker_reports/report_20260731_112213.json,reported as under-linked within the crawled set,medium (as-reported),
https://ambimat.com/how-might-verification-efficiency-help-the-aviation-industry-achieve-its-net-zero-goals-what-is-verification-efficiency/,internal_links/under_linked,low,few internal inbound links,,under_linked[],raw/seo/seo_tracker_reports/report_20260731_112213.json,reported as under-linked within the crawled set,medium (as-reported),
https://ambimat.com/how-does-identity-verification-work-and-is-my-data-secure/,internal_links/under_linked,low,few internal inbound links,,under_linked[],raw/seo/seo_tracker_reports/report_20260731_112213.json,reported as under-linked within the crawled set,medium (as-reported),
https://ambimat.com/getting-an-accurate-biometric-security-key/,internal_links/under_linked,low,few internal inbound links,,under_linked[],raw/seo/seo_tracker_reports/report_20260731_112213.json,reported as under-linked within the crawled set,medium (as-reported),
https://ambimat.com/developing-an-unphishable-security-key/,internal_links/under_linked,low,few internal inbound links,,under_linked[],raw/seo/seo_tracker_reports/report_20260731_112213.json,reported as under-linked within the crawled set,medium (as-reported),
https://ambimat.com/demonstration-of-an-ecosystem-how-identity-federation-id-proofing-and-strong-authentication-protect-digital-identities/,internal_links/under_linked,low,few internal inbound links,,under_linked[],raw/seo/seo_tracker_reports/report_20260731_112213.json,reported as under-linked within the crawled set,medium (as-reported),
https://ambimat.com/defending-your-company-against-ransomware-assaults/,internal_links/under_linked,low,few internal inbound links,,under_linked[],raw/seo/seo_tracker_reports/report_20260731_112213.json,reported as under-linked within the crawled set,medium (as-reported),
https://ambimat.com/defending-the-healthcare-industry-from-cyber-threats/,internal_links/under_linked,low,few internal inbound links,,under_linked[],raw/seo/seo_tracker_reports/report_20260731_112213.json,reported as under-linked within the crawled set,medium (as-reported),
https://ambimat.com/citizens-expectations-of-a-digital-identity-wallet/,internal_links/under_linked,low,few internal inbound links,,under_linked[],raw/seo/seo_tracker_reports/report_20260731_112213.json,reported as under-linked within the crawled set,medium (as-reported),
https://ambimat.com/biometrics-airport-technologys-future/,internal_links/under_linked,low,few internal inbound links,,under_linked[],raw/seo/seo_tracker_reports/report_20260731_112213.json,reported as under-linked within the crawled set,medium (as-reported),
https://ambimat.com/attempting-to-protect-the-future-of-iot-devices/,internal_links/under_linked,low,few internal inbound links,,under_linked[],raw/seo/seo_tracker_reports/report_20260731_112213.json,reported as under-linked within the crawled set,medium (as-reported),
https://ambimat.com/what-is-token-based-authentication/,internal_links/under_linked,low,few internal inbound links,,under_linked[],raw/seo/seo_tracker_reports/report_20260731_112213.json,reported as under-linked within the crawled set,medium (as-reported),
https://ambimat.com/user-experience-with-passwordless-authentication-edited/,internal_links/under_linked,low,few internal inbound links,,under_linked[],raw/seo/seo_tracker_reports/report_20260731_112213.json,reported as under-linked within the crawled set,medium (as-reported),
https://ambimat.com/user-adoption-of-multi-factor-authentication/,internal_links/under_linked,low,few internal inbound links,,under_linked[],raw/seo/seo_tracker_reports/report_20260731_112213.json,reported as under-linked within the crawled set,medium (as-reported),
https://ambimat.com/how-will-authentication-based-security-change/,internal_links/under_linked,low,few internal inbound links,,under_linked[],raw/seo/seo_tracker_reports/report_20260731_112213.json,reported as under-linked within the crawled set,medium (as-reported),
https://ambimat.com/how-does-passwordless-authentication-works/,internal_links/under_linked,low,few internal inbound links,,under_linked[],raw/seo/seo_tracker_reports/report_20260731_112213.json,reported as under-linked within the crawled set,medium (as-reported),
https://ambimat.com/ransomware-anatomy/,internal_links/under_linked,low,few internal inbound links,,under_linked[],raw/seo/seo_tracker_reports/report_20260731_112213.json,reported as under-linked within the crawled set,medium (as-reported),
https://ambimat.com/reduce-cost-and-strengthen-security-with-passwordless-authentication/,internal_links/under_linked,low,few internal inbound links,,under_linked[],raw/seo/seo_tracker_reports/report_20260731_112213.json,reported as under-linked within the crawled set,medium (as-reported),
https://ambimat.com/simple-explanation-to-passwordless/,internal_links/under_linked,low,few internal inbound links,,under_linked[],raw/seo/seo_tracker_reports/report_20260731_112213.json,reported as under-linked within the crawled set,medium (as-reported),
https://ambimat.com/convenience-security-and-privacy-are-the-three-pillars-of-digital-identity/,internal_links/under_linked,low,few internal inbound links,,under_linked[],raw/seo/seo_tracker_reports/report_20260731_112213.json,reported as under-linked within the crawled set,medium (as-reported),
https://ambimat.com/the-new-information-security-default-is-zero-trust/,internal_links/under_linked,low,few internal inbound links,,under_linked[],raw/seo/seo_tracker_reports/report_20260731_112213.json,reported as under-linked within the crawled set,medium (as-reported),
https://ambimat.com/how-can-water-utilities-be-protected-against-cybercrime/,internal_links/under_linked,low,few internal inbound links,,under_linked[],raw/seo/seo_tracker_reports/report_20260731_112213.json,reported as under-linked within the crawled set,medium (as-reported),
https://ambimat.com/critical-security-considerations-for-makers-of-iot-devices/,internal_links/under_linked,low,few internal inbound links,,under_linked[],raw/seo/seo_tracker_reports/report_20260731_112213.json,reported as under-linked within the crawled set,medium (as-reported),
https://ambimat.com/a-close-examination-of-the-strategies-hackers-employ-to-start-effective-phishing-operations/,internal_links/under_linked,low,few internal inbound links,,under_linked[],raw/seo/seo_tracker_reports/report_20260731_112213.json,reported as under-linked within the crawled set,medium (as-reported),
https://ambimat.com/10-simple-tips-to-be-secure-online-and-preserve-your-identity/,internal_links/under_linked,low,few internal inbound links,,under_linked[],raw/seo/seo_tracker_reports/report_20260731_112213.json,reported as under-linked within the crawled set,medium (as-reported),
https://ambimat.com/four-reasons-why-a-security-first-approach-to-product-development-should-be-considered/,internal_links/under_linked,low,few internal inbound links,,under_linked[],raw/seo/seo_tracker_reports/report_20260731_112213.json,reported as under-linked within the crawled set,medium (as-reported),
https://ambimat.com/jar/,internal_links/under_linked,low,few internal inbound links,,under_linked[],raw/seo/seo_tracker_reports/report_20260731_112213.json,reported as under-linked within the crawled set,medium (as-reported),
https://ambimat.com/three-ways-technology-might-help-the-music-business-recover/,internal_links/under_linked,low,few internal inbound links,,under_linked[],raw/seo/seo_tracker_reports/report_20260731_112213.json,reported as under-linked within the crawled set,medium (as-reported),
https://ambimat.com/three-techniques-for-protecting-customer-data/,internal_links/under_linked,low,few internal inbound links,,under_linked[],raw/seo/seo_tracker_reports/report_20260731_112213.json,reported as under-linked within the crawled set,medium (as-reported),
https://ambimat.com/top-five-pitfalls-that-organisations-should-avoid-when-using-a-passwordless-strategy/,internal_links/under_linked,low,few internal inbound links,,under_linked[],raw/seo/seo_tracker_reports/report_20260731_112213.json,reported as under-linked within the crawled set,medium (as-reported),
https://ambimat.com/using-ethical-hackers-to-protect-firm-data-from-cybersecurity-concerns/,internal_links/under_linked,low,few internal inbound links,,under_linked[],raw/seo/seo_tracker_reports/report_20260731_112213.json,reported as under-linked within the crawled set,medium (as-reported),
https://ambimat.com/what-are-the-benefits-of-iot-in-healthcare-and-how-can-it-be-secured/,internal_links/under_linked,low,few internal inbound links,,under_linked[],raw/seo/seo_tracker_reports/report_20260731_112213.json,reported as under-linked within the crawled set,medium (as-reported),
https://ambimat.com/what-does-a-hacker-look-like/,internal_links/under_linked,low,few internal inbound links,,under_linked[],raw/seo/seo_tracker_reports/report_20260731_112213.json,reported as under-linked within the crawled set,medium (as-reported),
https://ambimat.com/who-has-the-keys-in-passwordless-authentication/,internal_links/under_linked,low,few internal inbound links,,under_linked[],raw/seo/seo_tracker_reports/report_20260731_112213.json,reported as under-linked within the crawled set,medium (as-reported),
https://ambimat.com/transarmor-faq-first-data/,internal_links/under_linked,low,few internal inbound links,,under_linked[],raw/seo/seo_tracker_reports/report_20260731_112213.json,reported as under-linked within the crawled set,medium (as-reported),
https://ambimat.com/tools-for-payment-device-integration-encrypt-decrypt-tool/,internal_links/under_linked,low,few internal inbound links,,under_linked[],raw/seo/seo_tracker_reports/report_20260731_112213.json,reported as under-linked within the crawled set,medium (as-reported),
https://ambimat.com/the-use-of-ctqs-and-ttqs-in-nfc-transactions/,internal_links/under_linked,low,few internal inbound links,,under_linked[],raw/seo/seo_tracker_reports/report_20260731_112213.json,reported as under-linked within the crawled set,medium (as-reported),
https://ambimat.com/think-youre-ready-for-emv-10-steps-to-implementing-chip-tech/,internal_links/under_linked,low,few internal inbound links,,under_linked[],raw/seo/seo_tracker_reports/report_20260731_112213.json,reported as under-linked within the crawled set,medium (as-reported),
https://ambimat.com/the-primary-players-in-payments-processing/,internal_links/under_linked,low,few internal inbound links,,under_linked[],raw/seo/seo_tracker_reports/report_20260731_112213.json,reported as under-linked within the crawled set,medium (as-reported),
https://ambimat.com/smartpin-b100-pci-certified-modular-pin-entry-device/,internal_links/under_linked,low,few internal inbound links,,under_linked[],raw/seo/seo_tracker_reports/report_20260731_112213.json,reported as under-linked within the crawled set,medium (as-reported),
https://ambimat.com/terminal-action-analysis/,internal_links/under_linked,low,few internal inbound links,,under_linked[],raw/seo/seo_tracker_reports/report_20260731_112213.json,reported as under-linked within the crawled set,medium (as-reported),
https://ambimat.com/symmetric-key-and-public-key-encryption/,internal_links/under_linked,low,few internal inbound links,,under_linked[],raw/seo/seo_tracker_reports/report_20260731_112213.json,reported as under-linked within the crawled set,medium (as-reported),
https://ambimat.com/rsa-cryptosystem/,internal_links/under_linked,low,few internal inbound links,,under_linked[],raw/seo/seo_tracker_reports/report_20260731_112213.json,reported as under-linked within the crawled set,medium (as-reported),
https://ambimat.com/symmetric-key-algorithm/,internal_links/under_linked,low,few internal inbound links,,under_linked[],raw/seo/seo_tracker_reports/report_20260731_112213.json,reported as under-linked within the crawled set,medium (as-reported),
https://ambimat.com/step-by-step-how-does-a-emv-contact-card-payment-work/,internal_links/under_linked,low,few internal inbound links,,under_linked[],raw/seo/seo_tracker_reports/report_20260731_112213.json,reported as under-linked within the crawled set,medium (as-reported),
https://ambimat.com/public-key-cryptography/,internal_links/under_linked,low,few internal inbound links,,under_linked[],raw/seo/seo_tracker_reports/report_20260731_112213.json,reported as under-linked within the crawled set,medium (as-reported),
https://ambimat.com/smart-card-selected-apdu-commands/,internal_links/under_linked,low,few internal inbound links,,under_linked[],raw/seo/seo_tracker_reports/report_20260731_112213.json,reported as under-linked within the crawled set,medium (as-reported),
https://ambimat.com/pki-public-key-infrastructure/,internal_links/under_linked,low,few internal inbound links,,under_linked[],raw/seo/seo_tracker_reports/report_20260731_112213.json,reported as under-linked within the crawled set,medium (as-reported),
https://ambimat.com/pci-ssc-data-security-standards-overview/,internal_links/under_linked,low,few internal inbound links,,under_linked[],raw/seo/seo_tracker_reports/report_20260731_112213.json,reported as under-linked within the crawled set,medium (as-reported),
https://ambimat.com/slim-cd-the-latest-in-credit-card-processing/,internal_links/under_linked,low,few internal inbound links,,under_linked[],raw/seo/seo_tracker_reports/report_20260731_112213.json,reported as under-linked within the crawled set,medium (as-reported),
https://ambimat.com/mac-basics/,internal_links/under_linked,low,few internal inbound links,,under_linked[],raw/seo/seo_tracker_reports/report_20260731_112213.json,reported as under-linked within the crawled set,medium (as-reported),
https://ambimat.com/official-pci-security-standards-council-document-libary/,internal_links/under_linked,low,few internal inbound links,,under_linked[],raw/seo/seo_tracker_reports/report_20260731_112213.json,reported as under-linked within the crawled set,medium (as-reported),
https://ambimat.com/payment-gateway/,internal_links/under_linked,low,few internal inbound links,,under_linked[],raw/seo/seo_tracker_reports/report_20260731_112213.json,reported as under-linked within the crawled set,medium (as-reported),
https://ambimat.com/pa-dss-payment-application-data-security-standard/,internal_links/under_linked,low,few internal inbound links,,under_linked[],raw/seo/seo_tracker_reports/report_20260731_112213.json,reported as under-linked within the crawled set,medium (as-reported),
https://ambimat.com/luhn-algorithm-for-credit-card/,internal_links/under_linked,low,few internal inbound links,,under_linked[],raw/seo/seo_tracker_reports/report_20260731_112213.json,reported as under-linked within the crawled set,medium (as-reported),
https://ambimat.com/node-js/,internal_links/under_linked,low,few internal inbound links,,under_linked[],raw/seo/seo_tracker_reports/report_20260731_112213.json,reported as under-linked within the crawled set,medium (as-reported),
https://ambimat.com/payment-gateway-vs-payment-processor/,internal_links/under_linked,low,few internal inbound links,,under_linked[],raw/seo/seo_tracker_reports/report_20260731_112213.json,reported as under-linked within the crawled set,medium (as-reported),
https://ambimat.com/mindbody-mobile-credit-card-swiper-unimag-ii-ios/,internal_links/under_linked,low,few internal inbound links,,under_linked[],raw/seo/seo_tracker_reports/report_20260731_112213.json,reported as under-linked within the crawled set,medium (as-reported),
https://ambimat.com/mobile-payments-what-is-nfc-card-emulation-mode/,internal_links/under_linked,low,few internal inbound links,,under_linked[],raw/seo/seo_tracker_reports/report_20260731_112213.json,reported as under-linked within the crawled set,medium (as-reported),
https://ambimat.com/message-authentication-code/,internal_links/under_linked,low,few internal inbound links,,under_linked[],raw/seo/seo_tracker_reports/report_20260731_112213.json,reported as under-linked within the crawled set,medium (as-reported),
https://ambimat.com/mindbody-mobile-credit-card-swiper-uniimag-ii-android/,internal_links/under_linked,low,few internal inbound links,,under_linked[],raw/seo/seo_tracker_reports/report_20260731_112213.json,reported as under-linked within the crawled set,medium (as-reported),
https://ambimat.com/list-of-ca-public-keys/,internal_links/under_linked,low,few internal inbound links,,under_linked[],raw/seo/seo_tracker_reports/report_20260731_112213.json,reported as under-linked within the crawled set,medium (as-reported),
https://ambimat.com/ip-rating-table/,internal_links/under_linked,low,few internal inbound links,,under_linked[],raw/seo/seo_tracker_reports/report_20260731_112213.json,reported as under-linked within the crawled set,medium (as-reported),
https://ambimat.com/how-emv-chip-pin-works-transaction-flow-chart/,internal_links/under_linked,low,few internal inbound links,,under_linked[],raw/seo/seo_tracker_reports/report_20260731_112213.json,reported as under-linked within the crawled set,medium (as-reported),
https://ambimat.com/ip-code/,internal_links/under_linked,low,few internal inbound links,,under_linked[],raw/seo/seo_tracker_reports/report_20260731_112213.json,reported as under-linked within the crawled set,medium (as-reported),
https://ambimat.com/how-magnetic-card-reader-works/,internal_links/under_linked,low,few internal inbound links,,under_linked[],raw/seo/seo_tracker_reports/report_20260731_112213.json,reported as under-linked within the crawled set,medium (as-reported),
https://ambimat.com/hardware-security-module-hsm/,internal_links/under_linked,low,few internal inbound links,,under_linked[],raw/seo/seo_tracker_reports/report_20260731_112213.json,reported as under-linked within the crawled set,medium (as-reported),
https://ambimat.com/emv-static-data-authentication-sda/,internal_links/under_linked,low,few internal inbound links,,under_linked[],raw/seo/seo_tracker_reports/report_20260731_112213.json,reported as under-linked within the crawled set,medium (as-reported),
https://ambimat.com/emv-liability-shifts-fallback-transactions/,internal_links/under_linked,low,few internal inbound links,,under_linked[],raw/seo/seo_tracker_reports/report_20260731_112213.json,reported as under-linked within the crawled set,medium (as-reported),
https://ambimat.com/emv-issuer-scripts/,internal_links/under_linked,low,few internal inbound links,,under_linked[],raw/seo/seo_tracker_reports/report_20260731_112213.json,reported as under-linked within the crawled set,medium (as-reported),
https://ambimat.com/emv-certification-in-a-nutshell/,internal_links/under_linked,low,few internal inbound links,,under_linked[],raw/seo/seo_tracker_reports/report_20260731_112213.json,reported as under-linked within the crawled set,medium (as-reported),
https://ambimat.com/emv-ca-cryptomathic/,internal_links/under_linked,low,few internal inbound links,,under_linked[],raw/seo/seo_tracker_reports/report_20260731_112213.json,reported as under-linked within the crawled set,medium (as-reported),
https://ambimat.com/emv-connection-a-smart-card-alliance-site/,internal_links/under_linked,low,few internal inbound links,,under_linked[],raw/seo/seo_tracker_reports/report_20260731_112213.json,reported as under-linked within the crawled set,medium (as-reported),
https://ambimat.com/compute-card-verification-values-cvv/,internal_links/under_linked,low,few internal inbound links,,under_linked[],raw/seo/seo_tracker_reports/report_20260731_112213.json,reported as under-linked within the crawled set,medium (as-reported),
https://ambimat.com/emv-application-selection/,internal_links/under_linked,low,few internal inbound links,,under_linked[],raw/seo/seo_tracker_reports/report_20260731_112213.json,reported as under-linked within the crawled set,medium (as-reported),
https://ambimat.com/connect-to-usb-card-readers-with-nodejs/,internal_links/under_linked,low,few internal inbound links,,under_linked[],raw/seo/seo_tracker_reports/report_20260731_112213.json,reported as under-linked within the crawled set,medium (as-reported),
https://ambimat.com/complete-list-of-emv-nfc-tags/,internal_links/under_linked,low,few internal inbound links,,under_linked[],raw/seo/seo_tracker_reports/report_20260731_112213.json,reported as under-linked within the crawled set,medium (as-reported),
https://ambimat.com/id-scanner-coverage-chart/,internal_links/under_linked,low,few internal inbound links,,under_linked[],raw/seo/seo_tracker_reports/report_20260731_112213.json,reported as under-linked within the crawled set,medium (as-reported),
https://ambimat.com/data-layout-on-magnetic-stripe-cards/,internal_links/under_linked,low,few internal inbound links,,under_linked[],raw/seo/seo_tracker_reports/report_20260731_112213.json,reported as under-linked within the crawled set,medium (as-reported),
https://ambimat.com/complete-list-of-application-identifiers-aid/,internal_links/under_linked,low,few internal inbound links,,under_linked[],raw/seo/seo_tracker_reports/report_20260731_112213.json,reported as under-linked within the crawled set,medium (as-reported),
https://ambimat.com/chip-card-transactions-faster-than-a-new-york-minute/,internal_links/under_linked,low,few internal inbound links,,under_linked[],raw/seo/seo_tracker_reports/report_20260731_112213.json,reported as under-linked within the crawled set,medium (as-reported),
https://ambimat.com/card-action-analysis/,internal_links/under_linked,low,few internal inbound links,,under_linked[],raw/seo/seo_tracker_reports/report_20260731_112213.json,reported as under-linked within the crawled set,medium (as-reported),
https://ambimat.com/a-chip-card-reader-that-outputs-text-2/,internal_links/under_linked,low,few internal inbound links,,under_linked[],raw/seo/seo_tracker_reports/report_20260731_112213.json,reported as under-linked within the crawled set,medium (as-reported),
https://ambimat.com/how-to-parse-tlvs-in-javascript/,internal_links/under_linked,low,few internal inbound links,,under_linked[],raw/seo/seo_tracker_reports/report_20260731_112213.json,reported as under-linked within the crawled set,medium (as-reported),
https://ambimat.com/16903-2/,internal_links/under_linked,low,few internal inbound links,,under_linked[],raw/seo/seo_tracker_reports/report_20260731_112213.json,reported as under-linked within the crawled set,medium (as-reported),
https://ambimat.com/16901-2/,internal_links/under_linked,low,few internal inbound links,,under_linked[],raw/seo/seo_tracker_reports/report_20260731_112213.json,reported as under-linked within the crawled set,medium (as-reported),
https://ambimat.com/barcode/,internal_links/under_linked,low,few internal inbound links,,under_linked[],raw/seo/seo_tracker_reports/report_20260731_112213.json,reported as under-linked within the crawled set,medium (as-reported),
https://ambimat.com/applevas-about-pass-files/,internal_links/under_linked,low,few internal inbound links,,under_linked[],raw/seo/seo_tracker_reports/report_20260731_112213.json,reported as under-linked within the crawled set,medium (as-reported),
https://ambimat.com/applevas-wallet-developer-guide/,internal_links/under_linked,low,few internal inbound links,,under_linked[],raw/seo/seo_tracker_reports/report_20260731_112213.json,reported as under-linked within the crawled set,medium (as-reported),
https://ambimat.com/an-introduction-to-nfc-standards/,internal_links/under_linked,low,few internal inbound links,,under_linked[],raw/seo/seo_tracker_reports/report_20260731_112213.json,reported as under-linked within the crawled set,medium (as-reported),
https://ambimat.com/16857-2/,internal_links/under_linked,low,few internal inbound links,,under_linked[],raw/seo/seo_tracker_reports/report_20260731_112213.json,reported as under-linked within the crawled set,medium (as-reported),
https://ambimat.com/an-introduction-to-mifarea-cards-a-beginners-guide-from-digital-id/,internal_links/under_linked,low,few internal inbound links,,under_linked[],raw/seo/seo_tracker_reports/report_20260731_112213.json,reported as under-linked within the crawled set,medium (as-reported),
https://ambimat.com/emvtm-application-selection/,internal_links/under_linked,low,few internal inbound links,,under_linked[],raw/seo/seo_tracker_reports/report_20260731_112213.json,reported as under-linked within the crawled set,medium (as-reported),
https://ambimat.com/acquiring-bank/,internal_links/under_linked,low,few internal inbound links,,under_linked[],raw/seo/seo_tracker_reports/report_20260731_112213.json,reported as under-linked within the crawled set,medium (as-reported),
https://ambimat.com/ipa-file-format/,internal_links/under_linked,low,few internal inbound links,,under_linked[],raw/seo/seo_tracker_reports/report_20260731_112213.json,reported as under-linked within the crawled set,medium (as-reported),
https://ambimat.com/apk/,internal_links/under_linked,low,few internal inbound links,,under_linked[],raw/seo/seo_tracker_reports/report_20260731_112213.json,reported as under-linked within the crawled set,medium (as-reported),
https://ambimat.com/with-phishing-resistant-mfa-we-can-break-the-hacking-loop-in-healthcare/,internal_links/under_linked,low,few internal inbound links,,under_linked[],raw/seo/seo_tracker_reports/report_20260731_112213.json,reported as under-linked within the crawled set,medium (as-reported),
https://ambimat.com/why-is-cyber-resilience-important-for-id-document-issuance/,internal_links/under_linked,low,few internal inbound links,,under_linked[],raw/seo/seo_tracker_reports/report_20260731_112213.json,reported as under-linked within the crawled set,medium (as-reported),
https://ambimat.com/why-is-a-password-free-future-required/,internal_links/under_linked,low,few internal inbound links,,under_linked[],raw/seo/seo_tracker_reports/report_20260731_112213.json,reported as under-linked within the crawled set,medium (as-reported),
https://ambimat.com/why-does-the-security-of-passwords-still-matter-in-2022/,internal_links/under_linked,low,few internal inbound links,,under_linked[],raw/seo/seo_tracker_reports/report_20260731_112213.json,reported as under-linked within the crawled set,medium (as-reported),
https://ambimat.com/why-ambisecure-usbkey-makes-it-easier-to-deploy-dependable-cybersecurity/,internal_links/under_linked,low,few internal inbound links,,under_linked[],raw/seo/seo_tracker_reports/report_20260731_112213.json,reported as under-linked within the crawled set,medium (as-reported),
https://ambimat.com/credit-card-service-code-chart/,internal_links/under_linked,low,few internal inbound links,,under_linked[],raw/seo/seo_tracker_reports/report_20260731_112213.json,reported as under-linked within the crawled set,medium (as-reported),
https://ambimat.com/cardholder-verification-in-emv/,internal_links/under_linked,low,few internal inbound links,,under_linked[],raw/seo/seo_tracker_reports/report_20260731_112213.json,reported as under-linked within the crawled set,medium (as-reported),
https://ambimat.com/mifare/,internal_links/under_linked,low,few internal inbound links,,under_linked[],raw/seo/seo_tracker_reports/report_20260731_112213.json,reported as under-linked within the crawled set,medium (as-reported),
https://ambimat.com/authorize-net-mpos-mobile-application-vpos-v2-application-tested-devices/,internal_links/under_linked,low,few internal inbound links,,under_linked[],raw/seo/seo_tracker_reports/report_20260731_112213.json,reported as under-linked within the crawled set,medium (as-reported),
https://ambimat.com/privacy-policy/,internal_links/under_linked,low,few internal inbound links,,under_linked[],raw/seo/seo_tracker_reports/report_20260731_112213.json,reported as under-linked within the crawled set,medium (as-reported),
https://ambimat.com/tag/lte-m/,internal_links/under_linked,low,few internal inbound links,,under_linked[],raw/seo/seo_tracker_reports/report_20260731_112213.json,reported as under-linked within the crawled set,medium (as-reported),
https://ambimat.com/tag/street-lighting/,internal_links/under_linked,low,few internal inbound links,,under_linked[],raw/seo/seo_tracker_reports/report_20260731_112213.json,reported as under-linked within the crawled set,medium (as-reported),
https://ambimat.com/tag/payment-processing/,internal_links/under_linked,low,few internal inbound links,,under_linked[],raw/seo/seo_tracker_reports/report_20260731_112213.json,reported as under-linked within the crawled set,medium (as-reported),
https://ambimat.com/tag/industrialiot/,internal_links/under_linked,low,few internal inbound links,,under_linked[],raw/seo/seo_tracker_reports/report_20260731_112213.json,reported as under-linked within the crawled set,medium (as-reported),
https://ambimat.com/tag/communication-protocol/,internal_links/under_linked,low,few internal inbound links,,under_linked[],raw/seo/seo_tracker_reports/report_20260731_112213.json,reported as under-linked within the crawled set,medium (as-reported),
https://ambimat.com/tag/secure/,internal_links/under_linked,low,few internal inbound links,,under_linked[],raw/seo/seo_tracker_reports/report_20260731_112213.json,reported as under-linked within the crawled set,medium (as-reported),
https://ambimat.com/tag/social-attacks/,internal_links/under_linked,low,few internal inbound links,,under_linked[],raw/seo/seo_tracker_reports/report_20260731_112213.json,reported as under-linked within the crawled set,medium (as-reported),
https://ambimat.com/tag/iot-replay-protection/,internal_links/under_linked,low,few internal inbound links,,under_linked[],raw/seo/seo_tracker_reports/report_20260731_112213.json,reported as under-linked within the crawled set,medium (as-reported),
https://ambimat.com/tag/sigfox/,internal_links/under_linked,low,few internal inbound links,,under_linked[],raw/seo/seo_tracker_reports/report_20260731_112213.json,reported as under-linked within the crawled set,medium (as-reported),
https://ambimat.com/tag/led/,internal_links/under_linked,low,few internal inbound links,,under_linked[],raw/seo/seo_tracker_reports/report_20260731_112213.json,reported as under-linked within the crawled set,medium (as-reported),
https://ambimat.com/tag/fintech/,internal_links/under_linked,low,few internal inbound links,,under_linked[],raw/seo/seo_tracker_reports/report_20260731_112213.json,reported as under-linked within the crawled set,medium (as-reported),
https://ambimat.com/tag/telecommunications/,internal_links/under_linked,low,few internal inbound links,,under_linked[],raw/seo/seo_tracker_reports/report_20260731_112213.json,reported as under-linked within the crawled set,medium (as-reported),
https://ambimat.com/tag/wide-spectrum/,internal_links/under_linked,low,few internal inbound links,,under_linked[],raw/seo/seo_tracker_reports/report_20260731_112213.json,reported as under-linked within the crawled set,medium (as-reported),
https://ambimat.com/tag/mqtt/,internal_links/under_linked,low,few internal inbound links,,under_linked[],raw/seo/seo_tracker_reports/report_20260731_112213.json,reported as under-linked within the crawled set,medium (as-reported),
https://ambimat.com/tag/remote-worker/,internal_links/under_linked,low,few internal inbound links,,under_linked[],raw/seo/seo_tracker_reports/report_20260731_112213.json,reported as under-linked within the crawled set,medium (as-reported),
https://ambimat.com/tag/secure-iot-commissioning/,internal_links/under_linked,low,few internal inbound links,,under_linked[],raw/seo/seo_tracker_reports/report_20260731_112213.json,reported as under-linked within the crawled set,medium (as-reported),
https://ambimat.com/tag/covid19/,internal_links/under_linked,low,few internal inbound links,,under_linked[],raw/seo/seo_tracker_reports/report_20260731_112213.json,reported as under-linked within the crawled set,medium (as-reported),
https://ambimat.com/tag/data/,internal_links/under_linked,low,few internal inbound links,,under_linked[],raw/seo/seo_tracker_reports/report_20260731_112213.json,reported as under-linked within the crawled set,medium (as-reported),
https://ambimat.com/tag/sensor/,internal_links/under_linked,low,few internal inbound links,,under_linked[],raw/seo/seo_tracker_reports/report_20260731_112213.json,reported as under-linked within the crawled set,medium (as-reported),
https://ambimat.com/tag/authentication/,internal_links/under_linked,low,few internal inbound links,,under_linked[],raw/seo/seo_tracker_reports/report_20260731_112213.json,reported as under-linked within the crawled set,medium (as-reported),
https://ambimat.com/tag/mesh-key-rotation-iot/,internal_links/under_linked,low,few internal inbound links,,under_linked[],raw/seo/seo_tracker_reports/report_20260731_112213.json,reported as under-linked within the crawled set,medium (as-reported),
https://ambimat.com/tag/digital-payment/,internal_links/under_linked,low,few internal inbound links,,under_linked[],raw/seo/seo_tracker_reports/report_20260731_112213.json,reported as under-linked within the crawled set,medium (as-reported),
https://ambimat.com/tag/ultraviolet/,internal_links/under_linked,low,few internal inbound links,,under_linked[],raw/seo/seo_tracker_reports/report_20260731_112213.json,reported as under-linked within the crawled set,medium (as-reported),
https://ambimat.com/tag/privacy/,internal_links/under_linked,low,few internal inbound links,,under_linked[],raw/seo/seo_tracker_reports/report_20260731_112213.json,reported as under-linked within the crawled set,medium (as-reported),
https://ambimat.com/tag/secure-ota-iot/,internal_links/under_linked,low,few internal inbound links,,under_linked[],raw/seo/seo_tracker_reports/report_20260731_112213.json,reported as under-linked within the crawled set,medium (as-reported),
https://ambimat.com/tag/smart-city-mesh-security-architecture/,internal_links/under_linked,low,few internal inbound links,,under_linked[],raw/seo/seo_tracker_reports/report_20260731_112213.json,reported as under-linked within the crawled set,medium (as-reported),
https://ambimat.com/tag/smart-ticket-solutions/,internal_links/under_linked,low,few internal inbound links,,under_linked[],raw/seo/seo_tracker_reports/report_20260731_112213.json,reported as under-linked within the crawled set,medium (as-reported),
https://ambimat.com/tag/coronavirus/,internal_links/under_linked,low,few internal inbound links,,under_linked[],raw/seo/seo_tracker_reports/report_20260731_112213.json,reported as under-linked within the crawled set,medium (as-reported),
https://ambimat.com/tag/biometric/,internal_links/under_linked,low,few internal inbound links,,under_linked[],raw/seo/seo_tracker_reports/report_20260731_112213.json,reported as under-linked within the crawled set,medium (as-reported),
https://ambimat.com/tag/supply-chain/,internal_links/under_linked,low,few internal inbound links,,under_linked[],raw/seo/seo_tracker_reports/report_20260731_112213.json,reported as under-linked within the crawled set,medium (as-reported),
https://ambimat.com/tag/mfa/,internal_links/under_linked,low,few internal inbound links,,under_linked[],raw/seo/seo_tracker_reports/report_20260731_112213.json,reported as under-linked within the crawled set,medium (as-reported),
https://ambimat.com/tag/iot-firmware-signing/,internal_links/under_linked,low,few internal inbound links,,under_linked[],raw/seo/seo_tracker_reports/report_20260731_112213.json,reported as under-linked within the crawled set,medium (as-reported),
https://ambimat.com/tag/electronics/,internal_links/under_linked,low,few internal inbound links,,under_linked[],raw/seo/seo_tracker_reports/report_20260731_112213.json,reported as under-linked within the crawled set,medium (as-reported),
https://ambimat.com/tag/public-transport-system/,internal_links/under_linked,low,few internal inbound links,,under_linked[],raw/seo/seo_tracker_reports/report_20260731_112213.json,reported as under-linked within the crawled set,medium (as-reported),
https://ambimat.com/tag/healthcare/,internal_links/under_linked,low,few internal inbound links,,under_linked[],raw/seo/seo_tracker_reports/report_20260731_112213.json,reported as under-linked within the crawled set,medium (as-reported),
https://ambimat.com/tag/gdpr/,internal_links/under_linked,low,few internal inbound links,,under_linked[],raw/seo/seo_tracker_reports/report_20260731_112213.json,reported as under-linked within the crawled set,medium (as-reported),
https://ambimat.com/tag/ambisense/,internal_links/under_linked,low,few internal inbound links,,under_linked[],raw/seo/seo_tracker_reports/report_20260731_112213.json,reported as under-linked within the crawled set,medium (as-reported),
https://ambimat.com/tag/semiconductor/,internal_links/under_linked,low,few internal inbound links,,under_linked[],raw/seo/seo_tracker_reports/report_20260731_112213.json,reported as under-linked within the crawled set,medium (as-reported),
https://ambimat.com/tag/iot-patch-management/,internal_links/under_linked,low,few internal inbound links,,under_linked[],raw/seo/seo_tracker_reports/report_20260731_112213.json,reported as under-linked within the crawled set,medium (as-reported),
https://ambimat.com/tag/urban-ticketing-system/,internal_links/under_linked,low,few internal inbound links,,under_linked[],raw/seo/seo_tracker_reports/report_20260731_112213.json,reported as under-linked within the crawled set,medium (as-reported),
https://ambimat.com/tag/medical/,internal_links/under_linked,low,few internal inbound links,,under_linked[],raw/seo/seo_tracker_reports/report_20260731_112213.json,reported as under-linked within the crawled set,medium (as-reported),
https://ambimat.com/tag/pin/,internal_links/under_linked,low,few internal inbound links,,under_linked[],raw/seo/seo_tracker_reports/report_20260731_112213.json,reported as under-linked within the crawled set,medium (as-reported),
https://ambimat.com/tag/shortage/,internal_links/under_linked,low,few internal inbound links,,under_linked[],raw/seo/seo_tracker_reports/report_20260731_112213.json,reported as under-linked within the crawled set,medium (as-reported),
https://ambimat.com/tag/iot-secure-boot/,internal_links/under_linked,low,few internal inbound links,,under_linked[],raw/seo/seo_tracker_reports/report_20260731_112213.json,reported as under-linked within the crawled set,medium (as-reported),
https://ambimat.com/tag/urban-ticketing/,internal_links/under_linked,low,few internal inbound links,,under_linked[],raw/seo/seo_tracker_reports/report_20260731_112213.json,reported as under-linked within the crawled set,medium (as-reported),
https://ambimat.com/tag/robots/,internal_links/under_linked,low,few internal inbound links,,under_linked[],raw/seo/seo_tracker_reports/report_20260731_112213.json,reported as under-linked within the crawled set,medium (as-reported),
https://ambimat.com/tag/password/,internal_links/under_linked,low,few internal inbound links,,under_linked[],raw/seo/seo_tracker_reports/report_20260731_112213.json,reported as under-linked within the crawled set,medium (as-reported),
https://ambimat.com/tag/ambiiot/,internal_links/under_linked,low,few internal inbound links,,under_linked[],raw/seo/seo_tracker_reports/report_20260731_112213.json,reported as under-linked within the crawled set,medium (as-reported),
https://ambimat.com/tag/smart-city-firmware-updates/,internal_links/under_linked,low,few internal inbound links,,under_linked[],raw/seo/seo_tracker_reports/report_20260731_112213.json,reported as under-linked within the crawled set,medium (as-reported),
https://ambimat.com/tag/material-design/,internal_links/under_linked,low,few internal inbound links,,under_linked[],raw/seo/seo_tracker_reports/report_20260731_112213.json,reported as under-linked within the crawled set,medium (as-reported),
https://ambimat.com/tag/national-common-mobility-card-ncmc/,internal_links/under_linked,low,few internal inbound links,,under_linked[],raw/seo/seo_tracker_reports/report_20260731_112213.json,reported as under-linked within the crawled set,medium (as-reported),
https://ambimat.com/tag/uvcdisinfection/,internal_links/under_linked,low,few internal inbound links,,under_linked[],raw/seo/seo_tracker_reports/report_20260731_112213.json,reported as under-linked within the crawled set,medium (as-reported),
https://ambimat.com/tag/5g/,internal_links/under_linked,low,few internal inbound links,,under_linked[],raw/seo/seo_tracker_reports/report_20260731_112213.json,reported as under-linked within the crawled set,medium (as-reported),
https://ambimat.com/tag/pilferage-detection-tag/,internal_links/under_linked,low,few internal inbound links,,under_linked[],raw/seo/seo_tracker_reports/report_20260731_112213.json,reported as under-linked within the crawled set,medium (as-reported),
https://ambimat.com/tag/electronic/,internal_links/under_linked,low,few internal inbound links,,under_linked[],raw/seo/seo_tracker_reports/report_20260731_112213.json,reported as under-linked within the crawled set,medium (as-reported),
https://ambimat.com/tag/zero-trust-iot-security/,internal_links/under_linked,low,few internal inbound links,,under_linked[],raw/seo/seo_tracker_reports/report_20260731_112213.json,reported as under-linked within the crawled set,medium (as-reported),
https://ambimat.com/tag/google/,internal_links/under_linked,low,few internal inbound links,,under_linked[],raw/seo/seo_tracker_reports/report_20260731_112213.json,reported as under-linked within the crawled set,medium (as-reported),
https://ambimat.com/tag/automation/,internal_links/under_linked,low,few internal inbound links,,under_linked[],raw/seo/seo_tracker_reports/report_20260731_112213.json,reported as under-linked within the crawled set,medium (as-reported),
https://ambimat.com/tag/sanitizing/,internal_links/under_linked,low,few internal inbound links,,under_linked[],raw/seo/seo_tracker_reports/report_20260731_112213.json,reported as under-linked within the crawled set,medium (as-reported),
https://ambimat.com/tag/internet/,internal_links/under_linked,low,few internal inbound links,,under_linked[],raw/seo/seo_tracker_reports/report_20260731_112213.json,reported as under-linked within the crawled set,medium (as-reported),
https://ambimat.com/tag/inventory-management-tag-or-uhf-tag/,internal_links/under_linked,low,few internal inbound links,,under_linked[],raw/seo/seo_tracker_reports/report_20260731_112213.json,reported as under-linked within the crawled set,medium (as-reported),
https://ambimat.com/tag/multifactor-authentication/,internal_links/under_linked,low,few internal inbound links,,under_linked[],raw/seo/seo_tracker_reports/report_20260731_112213.json,reported as under-linked within the crawled set,medium (as-reported),
https://ambimat.com/tag/smart-city-cybersecurity/,internal_links/under_linked,low,few internal inbound links,,under_linked[],raw/seo/seo_tracker_reports/report_20260731_112213.json,reported as under-linked within the crawled set,medium (as-reported),
https://ambimat.com/tag/digicorp/,internal_links/under_linked,low,few internal inbound links,,under_linked[],raw/seo/seo_tracker_reports/report_20260731_112213.json,reported as under-linked within the crawled set,medium (as-reported),
https://ambimat.com/tag/smart-devices/,internal_links/under_linked,low,few internal inbound links,,under_linked[],raw/seo/seo_tracker_reports/report_20260731_112213.json,reported as under-linked within the crawled set,medium (as-reported),
https://ambimat.com/tag/metro/,internal_links/under_linked,low,few internal inbound links,,under_linked[],raw/seo/seo_tracker_reports/report_20260731_112213.json,reported as under-linked within the crawled set,medium (as-reported),
https://ambimat.com/tag/pandemic/,internal_links/under_linked,low,few internal inbound links,,under_linked[],raw/seo/seo_tracker_reports/report_20260731_112213.json,reported as under-linked within the crawled set,medium (as-reported),
https://ambimat.com/tag/payments/,internal_links/under_linked,low,few internal inbound links,,under_linked[],raw/seo/seo_tracker_reports/report_20260731_112213.json,reported as under-linked within the crawled set,medium (as-reported),
https://ambimat.com/tag/fast-identity-online-fido/,internal_links/under_linked,low,few internal inbound links,,under_linked[],raw/seo/seo_tracker_reports/report_20260731_112213.json,reported as under-linked within the crawled set,medium (as-reported),
https://ambimat.com/tag/iot-micro-segmentation/,internal_links/under_linked,low,few internal inbound links,,under_linked[],raw/seo/seo_tracker_reports/report_20260731_112213.json,reported as under-linked within the crawled set,medium (as-reported),
https://ambimat.com/tag/general/,internal_links/under_linked,low,few internal inbound links,,under_linked[],raw/seo/seo_tracker_reports/report_20260731_112213.json,reported as under-linked within the crawled set,medium (as-reported),
https://ambimat.com/tag/iotsecurity/,internal_links/under_linked,low,few internal inbound links,,under_linked[],raw/seo/seo_tracker_reports/report_20260731_112213.json,reported as under-linked within the crawled set,medium (as-reported),
https://ambimat.com/tag/covid-19/,internal_links/under_linked,low,few internal inbound links,,under_linked[],raw/seo/seo_tracker_reports/report_20260731_112213.json,reported as under-linked within the crawled set,medium (as-reported),
https://ambimat.com/tag/universal-second-factor-u2f/,internal_links/under_linked,low,few internal inbound links,,under_linked[],raw/seo/seo_tracker_reports/report_20260731_112213.json,reported as under-linked within the crawled set,medium (as-reported),
https://ambimat.com/tag/fido2/,internal_links/under_linked,low,few internal inbound links,,under_linked[],raw/seo/seo_tracker_reports/report_20260731_112213.json,reported as under-linked within the crawled set,medium (as-reported),
https://ambimat.com/tag/iot-continuous-authentication/,internal_links/under_linked,low,few internal inbound links,,under_linked[],raw/seo/seo_tracker_reports/report_20260731_112213.json,reported as under-linked within the crawled set,medium (as-reported),
https://ambimat.com/tag/lpwan/,internal_links/under_linked,low,few internal inbound links,,under_linked[],raw/seo/seo_tracker_reports/report_20260731_112213.json,reported as under-linked within the crawled set,medium (as-reported),
https://ambimat.com/tag/industrial-automation/,internal_links/under_linked,low,few internal inbound links,,under_linked[],raw/seo/seo_tracker_reports/report_20260731_112213.json,reported as under-linked within the crawled set,medium (as-reported),
https://ambimat.com/tag/iiot/,internal_links/under_linked,low,few internal inbound links,,under_linked[],raw/seo/seo_tracker_reports/report_20260731_112213.json,reported as under-linked within the crawled set,medium (as-reported),
https://ambimat.com/tag/zoom-fatigue/,internal_links/under_linked,low,few internal inbound links,,under_linked[],raw/seo/seo_tracker_reports/report_20260731_112213.json,reported as under-linked within the crawled set,medium (as-reported),
https://ambimat.com/tag/ticket-solutions/,internal_links/under_linked,low,few internal inbound links,,under_linked[],raw/seo/seo_tracker_reports/report_20260731_112213.json,reported as under-linked within the crawled set,medium (as-reported),
https://ambimat.com/tag/fido/,internal_links/under_linked,low,few internal inbound links,,under_linked[],raw/seo/seo_tracker_reports/report_20260731_112213.json,reported as under-linked within the crawled set,medium (as-reported),
https://ambimat.com/tag/iot-runtime-attestation/,internal_links/under_linked,low,few internal inbound links,,under_linked[],raw/seo/seo_tracker_reports/report_20260731_112213.json,reported as under-linked within the crawled set,medium (as-reported),
https://ambimat.com/tag/smart/,internal_links/under_linked,low,few internal inbound links,,under_linked[],raw/seo/seo_tracker_reports/report_20260731_112213.json,reported as under-linked within the crawled set,medium (as-reported),
https://ambimat.com/tag/payment/,internal_links/under_linked,low,few internal inbound links,,under_linked[],raw/seo/seo_tracker_reports/report_20260731_112213.json,reported as under-linked within the crawled set,medium (as-reported),
https://ambimat.com/tag/internetofthings/,internal_links/under_linked,low,few internal inbound links,,under_linked[],raw/seo/seo_tracker_reports/report_20260731_112213.json,reported as under-linked within the crawled set,medium (as-reported),
https://ambimat.com/tag/ultra-wideband/,internal_links/under_linked,low,few internal inbound links,,under_linked[],raw/seo/seo_tracker_reports/report_20260731_112213.json,reported as under-linked within the crawled set,medium (as-reported),
https://ambimat.com/tag/apdu/,internal_links/under_linked,low,few internal inbound links,,under_linked[],raw/seo/seo_tracker_reports/report_20260731_112213.json,reported as under-linked within the crawled set,medium (as-reported),
https://ambimat.com/tag/cyberattack/,internal_links/under_linked,low,few internal inbound links,,under_linked[],raw/seo/seo_tracker_reports/report_20260731_112213.json,reported as under-linked within the crawled set,medium (as-reported),
https://ambimat.com/tag/zero-trust-architecture-for-iot/,internal_links/under_linked,low,few internal inbound links,,under_linked[],raw/seo/seo_tracker_reports/report_20260731_112213.json,reported as under-linked within the crawled set,medium (as-reported),
https://ambimat.com/tag/automotive-security/,internal_links/under_linked,low,few internal inbound links,,under_linked[],raw/seo/seo_tracker_reports/report_20260731_112213.json,reported as under-linked within the crawled set,medium (as-reported),
https://ambimat.com/tag/smartcity/,internal_links/under_linked,low,few internal inbound links,,under_linked[],raw/seo/seo_tracker_reports/report_20260731_112213.json,reported as under-linked within the crawled set,medium (as-reported),
https://ambimat.com/tag/uwb/,internal_links/under_linked,low,few internal inbound links,,under_linked[],raw/seo/seo_tracker_reports/report_20260731_112213.json,reported as under-linked within the crawled set,medium (as-reported),
https://ambimat.com/tag/java-card/,internal_links/under_linked,low,few internal inbound links,,under_linked[],raw/seo/seo_tracker_reports/report_20260731_112213.json,reported as under-linked within the crawled set,medium (as-reported),
https://ambimat.com/tag/protection/,internal_links/under_linked,low,few internal inbound links,,under_linked[],raw/seo/seo_tracker_reports/report_20260731_112213.json,reported as under-linked within the crawled set,medium (as-reported),
https://ambimat.com/tag/zigbee-mesh-security/,internal_links/under_linked,low,few internal inbound links,,under_linked[],raw/seo/seo_tracker_reports/report_20260731_112213.json,reported as under-linked within the crawled set,medium (as-reported),
https://ambimat.com/tag/nbiot/,internal_links/under_linked,low,few internal inbound links,,under_linked[],raw/seo/seo_tracker_reports/report_20260731_112213.json,reported as under-linked within the crawled set,medium (as-reported),
https://ambimat.com/tag/firmware/,internal_links/under_linked,low,few internal inbound links,,under_linked[],raw/seo/seo_tracker_reports/report_20260731_112213.json,reported as under-linked within the crawled set,medium (as-reported),
https://ambimat.com/tag/afc/,internal_links/under_linked,low,few internal inbound links,,under_linked[],raw/seo/seo_tracker_reports/report_20260731_112213.json,reported as under-linked within the crawled set,medium (as-reported),
https://ambimat.com/tag/short-range-wireless/,internal_links/under_linked,low,few internal inbound links,,under_linked[],raw/seo/seo_tracker_reports/report_20260731_112213.json,reported as under-linked within the crawled set,medium (as-reported),
https://ambimat.com/tag/e-passport/,internal_links/under_linked,low,few internal inbound links,,under_linked[],raw/seo/seo_tracker_reports/report_20260731_112213.json,reported as under-linked within the crawled set,medium (as-reported),
https://ambimat.com/tag/intellectual/,internal_links/under_linked,low,few internal inbound links,,under_linked[],raw/seo/seo_tracker_reports/report_20260731_112213.json,reported as under-linked within the crawled set,medium (as-reported),
https://ambimat.com/tag/ble-mesh-iot-best-practices/,internal_links/under_linked,low,few internal inbound links,,under_linked[],raw/seo/seo_tracker_reports/report_20260731_112213.json,reported as under-linked within the crawled set,medium (as-reported),
https://ambimat.com/categories/wi-fi/,internal_links/under_linked,low,few internal inbound links,,under_linked[],raw/seo/seo_tracker_reports/report_20260731_112213.json,reported as under-linked within the crawled set,medium (as-reported),
https://ambimat.com/categories/lora-sigfox/,internal_links/under_linked,low,few internal inbound links,,under_linked[],raw/seo/seo_tracker_reports/report_20260731_112213.json,reported as under-linked within the crawled set,medium (as-reported),
https://ambimat.com/categories/industrial-automation/,internal_links/under_linked,low,few internal inbound links,,under_linked[],raw/seo/seo_tracker_reports/report_20260731_112213.json,reported as under-linked within the crawled set,medium (as-reported),
https://ambimat.com/categories/retail/,internal_links/under_linked,low,few internal inbound links,,under_linked[],raw/seo/seo_tracker_reports/report_20260731_112213.json,reported as under-linked within the crawled set,medium (as-reported),
https://ambimat.com/for-developer/blogs/,internal_links/over_linked,low,many internal inbound links,,over_linked[],raw/seo/seo_tracker_reports/report_20260731_112213.json,reported as over-linked within the crawled set,medium (as-reported),
https://ambimat.com/holistic-iot-security-architecture-for-smart%e2%80%91city-street%e2%80%91light-controllers/,internal_links/over_linked,low,many internal inbound links,,over_linked[],raw/seo/seo_tracker_reports/report_20260731_112213.json,reported as over-linked within the crawled set,medium (as-reported),
https://ambimat.com/iot-device-identity-lifecycle-management-best-practices/,internal_links/over_linked,low,many internal inbound links,,over_linked[],raw/seo/seo_tracker_reports/report_20260731_112213.json,reported as over-linked within the crawled set,medium (as-reported),
https://ambimat.com/secure-ota-patch-management-for-iot-best-practices/,internal_links/over_linked,low,many internal inbound links,,over_linked[],raw/seo/seo_tracker_reports/report_20260731_112213.json,reported as over-linked within the crawled set,medium (as-reported),
https://ambimat.com/zero-trust-iot-security-for-smart-cities/,internal_links/over_linked,low,many internal inbound links,,over_linked[],raw/seo/seo_tracker_reports/report_20260731_112213.json,reported as over-linked within the crawled set,medium (as-reported),
https://ambimat.com/mesh-network-security-hardening-for-iot-zigbee-ble/,internal_links/over_linked,low,many internal inbound links,,over_linked[],raw/seo/seo_tracker_reports/report_20260731_112213.json,reported as over-linked within the crawled set,medium (as-reported),
https://ambimat.com/,internal_links/over_linked,low,many internal inbound links,,over_linked[],raw/seo/seo_tracker_reports/report_20260731_112213.json,reported as over-linked within the crawled set,medium (as-reported),
https://ambimat.com/about/ambimat-history/,internal_links/over_linked,low,many internal inbound links,,over_linked[],raw/seo/seo_tracker_reports/report_20260731_112213.json,reported as over-linked within the crawled set,medium (as-reported),
https://ambimat.com/about/about-our-director/,internal_links/over_linked,low,many internal inbound links,,over_linked[],raw/seo/seo_tracker_reports/report_20260731_112213.json,reported as over-linked within the crawled set,medium (as-reported),
https://ambimat.com/contact/,internal_links/over_linked,low,many internal inbound links,,over_linked[],raw/seo/seo_tracker_reports/report_20260731_112213.json,reported as over-linked within the crawled set,medium (as-reported),
https://ambimat.com/design/design-services/electronic-manufacturing-services-ems-contract-manufacturing/,internal_links/over_linked,low,many internal inbound links,,over_linked[],raw/seo/seo_tracker_reports/report_20260731_112213.json,reported as over-linked within the crawled set,medium (as-reported),
https://ambimat.com/design/design-services/embedded-software-services/,internal_links/over_linked,low,many internal inbound links,,over_linked[],raw/seo/seo_tracker_reports/report_20260731_112213.json,reported as over-linked within the crawled set,medium (as-reported),
https://ambimat.com/design/design-by-technology/lora-and-sigfox/,internal_links/over_linked,low,many internal inbound links,,over_linked[],raw/seo/seo_tracker_reports/report_20260731_112213.json,reported as over-linked within the crawled set,medium (as-reported),
https://ambimat.com/design/design-by-technology/zigbee/,internal_links/over_linked,low,many internal inbound links,,over_linked[],raw/seo/seo_tracker_reports/report_20260731_112213.json,reported as over-linked within the crawled set,medium (as-reported),
https://ambimat.com/design/ambi-iot/security/,internal_links/over_linked,low,many internal inbound links,,over_linked[],raw/seo/seo_tracker_reports/report_20260731_112213.json,reported as over-linked within the crawled set,medium (as-reported),
https://ambimat.com/design/design-by-technology/machine-2-machine-m2m/,internal_links/over_linked,low,many internal inbound links,,over_linked[],raw/seo/seo_tracker_reports/report_20260731_112213.json,reported as over-linked within the crawled set,medium (as-reported),
https://ambimat.com/design/design-services/turn-key-design-and-development-solutions/,internal_links/over_linked,low,many internal inbound links,,over_linked[],raw/seo/seo_tracker_reports/report_20260731_112213.json,reported as over-linked within the crawled set,medium (as-reported),
https://ambimat.com/design/design-services/supply-chain-management/,internal_links/over_linked,low,many internal inbound links,,over_linked[],raw/seo/seo_tracker_reports/report_20260731_112213.json,reported as over-linked within the crawled set,medium (as-reported),
https://ambimat.com/design/design-services/outsourcing-rd-and-design-partnerships/,internal_links/over_linked,low,many internal inbound links,,over_linked[],raw/seo/seo_tracker_reports/report_20260731_112213.json,reported as over-linked within the crawled set,medium (as-reported),
https://ambimat.com/design/design-services/mobile-app-development-and-cloud-computing-services/,internal_links/over_linked,low,many internal inbound links,,over_linked[],raw/seo/seo_tracker_reports/report_20260731_112213.json,reported as over-linked within the crawled set,medium (as-reported),
https://ambimat.com/design/design-services/,internal_links/over_linked,low,many internal inbound links,,over_linked[],raw/seo/seo_tracker_reports/report_20260731_112213.json,reported as over-linked within the crawled set,medium (as-reported),
https://ambimat.com/design/ambi-iot/sound/,internal_links/over_linked,low,many internal inbound links,,over_linked[],raw/seo/seo_tracker_reports/report_20260731_112213.json,reported as over-linked within the crawled set,medium (as-reported),
https://ambimat.com/about/,internal_links/over_linked,low,many internal inbound links,,over_linked[],raw/seo/seo_tracker_reports/report_20260731_112213.json,reported as over-linked within the crawled set,medium (as-reported),
https://ambimat.com/developer-resources/,internal_links/over_linked,low,many internal inbound links,,over_linked[],raw/seo/seo_tracker_reports/report_20260731_112213.json,reported as over-linked within the crawled set,medium (as-reported),
https://ambimat.com/solutions/ambilogistics/,internal_links/over_linked,low,many internal inbound links,,over_linked[],raw/seo/seo_tracker_reports/report_20260731_112213.json,reported as over-linked within the crawled set,medium (as-reported),
https://ambimat.com/solutions/,internal_links/over_linked,low,many internal inbound links,,over_linked[],raw/seo/seo_tracker_reports/report_20260731_112213.json,reported as over-linked within the crawled set,medium (as-reported),
https://ambimat.com/design/design-by-technology/wifi/,internal_links/over_linked,low,many internal inbound links,,over_linked[],raw/seo/seo_tracker_reports/report_20260731_112213.json,reported as over-linked within the crawled set,medium (as-reported),
https://ambimat.com/design/design-by-technology/ethernet/,internal_links/over_linked,low,many internal inbound links,,over_linked[],raw/seo/seo_tracker_reports/report_20260731_112213.json,reported as over-linked within the crawled set,medium (as-reported),
https://ambimat.com/design/design-services/flexible-printed-circuit-boards-pcbs/,internal_links/over_linked,low,many internal inbound links,,over_linked[],raw/seo/seo_tracker_reports/report_20260731_112213.json,reported as over-linked within the crawled set,medium (as-reported),
https://ambimat.com/design/ambi-iot/smart-homes/,internal_links/over_linked,low,many internal inbound links,,over_linked[],raw/seo/seo_tracker_reports/report_20260731_112213.json,reported as over-linked within the crawled set,medium (as-reported),
https://ambimat.com/design/design-by-technology/,internal_links/over_linked,low,many internal inbound links,,over_linked[],raw/seo/seo_tracker_reports/report_20260731_112213.json,reported as over-linked within the crawled set,medium (as-reported),
https://ambimat.com/design/design-services/hardware-design-manufacturing-assembly-and-testing/,internal_links/over_linked,low,many internal inbound links,,over_linked[],raw/seo/seo_tracker_reports/report_20260731_112213.json,reported as over-linked within the crawled set,medium (as-reported),
https://ambimat.com/about/why-ambimat/,internal_links/over_linked,low,many internal inbound links,,over_linked[],raw/seo/seo_tracker_reports/report_20260731_112213.json,reported as over-linked within the crawled set,medium (as-reported),
https://ambimat.com/design/ambi-iot/,internal_links/over_linked,low,many internal inbound links,,over_linked[],raw/seo/seo_tracker_reports/report_20260731_112213.json,reported as over-linked within the crawled set,medium (as-reported),
https://ambimat.com/holistic-iot-security-architecture-for-smart%e2%80%91city-street%e2%80%91light-controllers/,internal_links/over_linked,low,many internal inbound links,,over_linked[],raw/seo/seo_tracker_reports/report_20260731_112213.json,reported as over-linked within the crawled set,medium (as-reported),
https://ambimat.com/clients-vendors/,internal_links/over_linked,low,many internal inbound links,,over_linked[],raw/seo/seo_tracker_reports/report_20260731_112213.json,reported as over-linked within the crawled set,medium (as-reported),
https://ambimat.com/about/company-overview/,internal_links/over_linked,low,many internal inbound links,,over_linked[],raw/seo/seo_tracker_reports/report_20260731_112213.json,reported as over-linked within the crawled set,medium (as-reported),
https://ambimat.com/careers/,internal_links/over_linked,low,many internal inbound links,,over_linked[],raw/seo/seo_tracker_reports/report_20260731_112213.json,reported as over-linked within the crawled set,medium (as-reported),
https://ambimat.com/success-stories/,internal_links/over_linked,low,many internal inbound links,,over_linked[],raw/seo/seo_tracker_reports/report_20260731_112213.json,reported as over-linked within the crawled set,medium (as-reported),
https://ambimat.com/design/design-by-technology/nfc-uhf-rfid/,internal_links/over_linked,low,many internal inbound links,,over_linked[],raw/seo/seo_tracker_reports/report_20260731_112213.json,reported as over-linked within the crawled set,medium (as-reported),
https://ambimat.com/design/,internal_links/over_linked,low,many internal inbound links,,over_linked[],raw/seo/seo_tracker_reports/report_20260731_112213.json,reported as over-linked within the crawled set,medium (as-reported),
https://ambimat.com/timeline/,internal_links/over_linked,low,many internal inbound links,,over_linked[],raw/seo/seo_tracker_reports/report_20260731_112213.json,reported as over-linked within the crawled set,medium (as-reported),
https://ambimat.com/design/ambi-iot/pubs-and-brewery/,internal_links/over_linked,low,many internal inbound links,,over_linked[],raw/seo/seo_tracker_reports/report_20260731_112213.json,reported as over-linked within the crawled set,medium (as-reported),
https://ambimat.com/design/ambi-iot/robotics/,internal_links/over_linked,low,many internal inbound links,,over_linked[],raw/seo/seo_tracker_reports/report_20260731_112213.json,reported as over-linked within the crawled set,medium (as-reported),
https://ambimat.com/design/ambi-iot/music/,internal_links/over_linked,low,many internal inbound links,,over_linked[],raw/seo/seo_tracker_reports/report_20260731_112213.json,reported as over-linked within the crawled set,medium (as-reported),
https://ambimat.com/design/ambi-iot/medicals/,internal_links/over_linked,low,many internal inbound links,,over_linked[],raw/seo/seo_tracker_reports/report_20260731_112213.json,reported as over-linked within the crawled set,medium (as-reported),
https://ambimat.com/design/ambi-iot/retail/,internal_links/over_linked,low,many internal inbound links,,over_linked[],raw/seo/seo_tracker_reports/report_20260731_112213.json,reported as over-linked within the crawled set,medium (as-reported),
https://ambimat.com/success-stories/,internal_links/over_linked,low,many internal inbound links,,over_linked[],raw/seo/seo_tracker_reports/report_20260731_112213.json,reported as over-linked within the crawled set,medium (as-reported),
https://ambimat.com/category/general/,internal_links/over_linked,low,many internal inbound links,,over_linked[],raw/seo/seo_tracker_reports/report_20260731_112213.json,reported as over-linked within the crawled set,medium (as-reported),
https://ambimat.com/categories/ambi-con/,internal_links/over_linked,low,many internal inbound links,,over_linked[],raw/seo/seo_tracker_reports/report_20260731_112213.json,reported as over-linked within the crawled set,medium (as-reported),
https://ambimat.com/categories/ambi-secure/,internal_links/over_linked,low,many internal inbound links,,over_linked[],raw/seo/seo_tracker_reports/report_20260731_112213.json,reported as over-linked within the crawled set,medium (as-reported),
https://ambimat.com/categories/ambi-space/,internal_links/over_linked,low,many internal inbound links,,over_linked[],raw/seo/seo_tracker_reports/report_20260731_112213.json,reported as over-linked within the crawled set,medium (as-reported),
https://ambimat.com/categories/ambi-pay/,internal_links/over_linked,low,many internal inbound links,,over_linked[],raw/seo/seo_tracker_reports/report_20260731_112213.json,reported as over-linked within the crawled set,medium (as-reported),
https://ambimat.com/categories/ambi-sense/,internal_links/over_linked,low,many internal inbound links,,over_linked[],raw/seo/seo_tracker_reports/report_20260731_112213.json,reported as over-linked within the crawled set,medium (as-reported),
https://ambimat.com/categories/ambi-automation/,internal_links/over_linked,low,many internal inbound links,,over_linked[],raw/seo/seo_tracker_reports/report_20260731_112213.json,reported as over-linked within the crawled set,medium (as-reported),
https://ambimat.com,internal_links/broken_outbound,medium,outbound internal link reported unresolved,,broken_outbound: https://ambimat.com/for-developer/blogs/ -> https://ambimat.com,raw/seo/seo_tracker_reports/report_20260731_112213.json,"reported by the SEO crawler only; the 10:00 site-monitor run recorded broken_internal_links=0 — CONTRADICTORY, preserved",low (conflicting evidence),link source page: https://ambimat.com/for-developer/blogs/
https://ambimat.com/for-developer/blogs/page/10/,internal_links/broken_outbound,medium,outbound internal link reported unresolved,,broken_outbound: https://ambimat.com/for-developer/blogs/ -> https://ambimat.com/for-developer/blogs/page/10/,raw/seo/seo_tracker_reports/report_20260731_112213.json,"reported by the SEO crawler only; the 10:00 site-monitor run recorded broken_internal_links=0 — CONTRADICTORY, preserved",low (conflicting evidence),link source page: https://ambimat.com/for-developer/blogs/
https://ambimat.com/for-developer/blogs/page/2/,internal_links/broken_outbound,medium,outbound internal link reported unresolved,,broken_outbound: https://ambimat.com/for-developer/blogs/ -> https://ambimat.com/for-developer/blogs/page/2/,raw/seo/seo_tracker_reports/report_20260731_112213.json,"reported by the SEO crawler only; the 10:00 site-monitor run recorded broken_internal_links=0 — CONTRADICTORY, preserved",low (conflicting evidence),link source page: https://ambimat.com/for-developer/blogs/
https://ambimat.com,internal_links/broken_outbound,medium,outbound internal link reported unresolved,,broken_outbound: https://ambimat.com/contactless-emv-payments-in-public-transportation/ -> https://ambimat.com,raw/seo/seo_tracker_reports/report_20260731_112213.json,"reported by the SEO crawler only; the 10:00 site-monitor run recorded broken_internal_links=0 — CONTRADICTORY, preserved",low (conflicting evidence),link source page: https://ambimat.com/contactless-emv-payments-in-public-transportation/
https://ambimat.com,internal_links/broken_outbound,medium,outbound internal link reported unresolved,,broken_outbound: https://ambimat.com/zoom-fatigue-how-to-make-video-calls-less-tiring/ -> https://ambimat.com,raw/seo/seo_tracker_reports/report_20260731_112213.json,"reported by the SEO crawler only; the 10:00 site-monitor run recorded broken_internal_links=0 — CONTRADICTORY, preserved",low (conflicting evidence),link source page: https://ambimat.com/zoom-fatigue-how-to-make-video-calls-less-tiring/
https://ambimat.com,internal_links/broken_outbound,medium,outbound internal link reported unresolved,,broken_outbound: https://ambimat.com/workplace-security-how-biometrics-is-the-key-to-the-new-normal/ -> https://ambimat.com,raw/seo/seo_tracker_reports/report_20260731_112213.json,"reported by the SEO crawler only; the 10:00 site-monitor run recorded broken_internal_links=0 — CONTRADICTORY, preserved",low (conflicting evidence),link source page: https://ambimat.com/workplace-security-how-biometrics-is-the-key-to-the-new-normal/
https://ambimat.com,internal_links/broken_outbound,medium,outbound internal link reported unresolved,,broken_outbound: https://ambimat.com/how-secure-is-5g-really/ -> https://ambimat.com,raw/seo/seo_tracker_reports/report_20260731_112213.json,"reported by the SEO crawler only; the 10:00 site-monitor run recorded broken_internal_links=0 — CONTRADICTORY, preserved",low (conflicting evidence),link source page: https://ambimat.com/how-secure-is-5g-really/
https://ambimat.com,internal_links/broken_outbound,medium,outbound internal link reported unresolved,,broken_outbound: https://ambimat.com/consumer-biometrics-in-the-data-privacy-age/ -> https://ambimat.com,raw/seo/seo_tracker_reports/report_20260731_112213.json,"reported by the SEO crawler only; the 10:00 site-monitor run recorded broken_internal_links=0 — CONTRADICTORY, preserved",low (conflicting evidence),link source page: https://ambimat.com/consumer-biometrics-in-the-data-privacy-age/
https://ambimat.com,internal_links/broken_outbound,medium,outbound internal link reported unresolved,,broken_outbound: https://ambimat.com/securing-your-iiot-infrastructure/ -> https://ambimat.com,raw/seo/seo_tracker_reports/report_20260731_112213.json,"reported by the SEO crawler only; the 10:00 site-monitor run recorded broken_internal_links=0 — CONTRADICTORY, preserved",low (conflicting evidence),link source page: https://ambimat.com/securing-your-iiot-infrastructure/
https://ambimat.com,internal_links/broken_outbound,medium,outbound internal link reported unresolved,,broken_outbound: https://ambimat.com/public-transport-ticketing-system-part-1/ -> https://ambimat.com,raw/seo/seo_tracker_reports/report_20260731_112213.json,"reported by the SEO crawler only; the 10:00 site-monitor run recorded broken_internal_links=0 — CONTRADICTORY, preserved",low (conflicting evidence),link source page: https://ambimat.com/public-transport-ticketing-system-part-1/
https://ambimat.com,internal_links/broken_outbound,medium,outbound internal link reported unresolved,,broken_outbound: https://ambimat.com/the-transformation-of-city-street-lighting/ -> https://ambimat.com,raw/seo/seo_tracker_reports/report_20260731_112213.json,"reported by the SEO crawler only; the 10:00 site-monitor run recorded broken_internal_links=0 — CONTRADICTORY, preserved",low (conflicting evidence),link source page: https://ambimat.com/the-transformation-of-city-street-lighting/
https://ambimat.com,internal_links/broken_outbound,medium,outbound internal link reported unresolved,,broken_outbound: https://ambimat.com/non-cellular-network-based-wide-area-networks-1/ -> https://ambimat.com,raw/seo/seo_tracker_reports/report_20260731_112213.json,"reported by the SEO crawler only; the 10:00 site-monitor run recorded broken_internal_links=0 — CONTRADICTORY, preserved",low (conflicting evidence),link source page: https://ambimat.com/non-cellular-network-based-wide-area-networks-1/
https://ambimat.com/what-is-lpwan-and-types-of-lpwan-network,internal_links/broken_outbound,medium,outbound internal link reported unresolved,,broken_outbound: https://ambimat.com/non-cellular-network-based-wide-area-networks-1/ -> https://ambimat.com/what-is-lpwan-and-types-of-lpwan-network,raw/seo/seo_tracker_reports/report_20260731_112213.json,"reported by the SEO crawler only; the 10:00 site-monitor run recorded broken_internal_links=0 — CONTRADICTORY, preserved",low (conflicting evidence),link source page: https://ambimat.com/non-cellular-network-based-wide-area-networks-1/
https://ambimat.com,internal_links/broken_outbound,medium,outbound internal link reported unresolved,,broken_outbound: https://ambimat.com/a-hardware-start-up-part-2-ideationconceptualization/ -> https://ambimat.com,raw/seo/seo_tracker_reports/report_20260731_112213.json,"reported by the SEO crawler only; the 10:00 site-monitor run recorded broken_internal_links=0 — CONTRADICTORY, preserved",low (conflicting evidence),link source page: https://ambimat.com/a-hardware-start-up-part-2-ideationconceptualization/
https://ambimat.com,internal_links/broken_outbound,medium,outbound internal link reported unresolved,,broken_outbound: https://ambimat.com/a-hardware-start-up-part-3-proof-of-concept-poc/ -> https://ambimat.com,raw/seo/seo_tracker_reports/report_20260731_112213.json,"reported by the SEO crawler only; the 10:00 site-monitor run recorded broken_internal_links=0 — CONTRADICTORY, preserved",low (conflicting evidence),link source page: https://ambimat.com/a-hardware-start-up-part-3-proof-of-concept-poc/
https://ambimat.com,internal_links/broken_outbound,medium,outbound internal link reported unresolved,,broken_outbound: https://ambimat.com/the-story-of-yet-another-framework-propeller-2/ -> https://ambimat.com,raw/seo/seo_tracker_reports/report_20260731_112213.json,"reported by the SEO crawler only; the 10:00 site-monitor run recorded broken_internal_links=0 — CONTRADICTORY, preserved",low (conflicting evidence),link source page: https://ambimat.com/the-story-of-yet-another-framework-propeller-2/
https://ambimat.com,internal_links/broken_outbound,medium,outbound internal link reported unresolved,,broken_outbound: https://ambimat.com/public-transport-ticketing-system-part-3/ -> https://ambimat.com,raw/seo/seo_tracker_reports/report_20260731_112213.json,"reported by the SEO crawler only; the 10:00 site-monitor run recorded broken_internal_links=0 — CONTRADICTORY, preserved",low (conflicting evidence),link source page: https://ambimat.com/public-transport-ticketing-system-part-3/
https://ambimat.com,internal_links/broken_outbound,medium,outbound internal link reported unresolved,,broken_outbound: https://ambimat.com/public-transport-ticketing-2/ -> https://ambimat.com,raw/seo/seo_tracker_reports/report_20260731_112213.json,"reported by the SEO crawler only; the 10:00 site-monitor run recorded broken_internal_links=0 — CONTRADICTORY, preserved",low (conflicting evidence),link source page: https://ambimat.com/public-transport-ticketing-2/
https://ambimat.com,internal_links/broken_outbound,medium,outbound internal link reported unresolved,,broken_outbound: https://ambimat.com/e-passport-and-its-application/ -> https://ambimat.com,raw/seo/seo_tracker_reports/report_20260731_112213.json,"reported by the SEO crawler only; the 10:00 site-monitor run recorded broken_internal_links=0 — CONTRADICTORY, preserved",low (conflicting evidence),link source page: https://ambimat.com/e-passport-and-its-application/
https://ambimat.com,internal_links/broken_outbound,medium,outbound internal link reported unresolved,,broken_outbound: https://ambimat.com/cyber-attacks-in-india/ -> https://ambimat.com,raw/seo/seo_tracker_reports/report_20260731_112213.json,"reported by the SEO crawler only; the 10:00 site-monitor run recorded broken_internal_links=0 — CONTRADICTORY, preserved",low (conflicting evidence),link source page: https://ambimat.com/cyber-attacks-in-india/
https://ambimat.com,internal_links/broken_outbound,medium,outbound internal link reported unresolved,,broken_outbound: https://ambimat.com/enterprise-security-threats/ -> https://ambimat.com,raw/seo/seo_tracker_reports/report_20260731_112213.json,"reported by the SEO crawler only; the 10:00 site-monitor run recorded broken_internal_links=0 — CONTRADICTORY, preserved",low (conflicting evidence),link source page: https://ambimat.com/enterprise-security-threats/
https://ambimat.com,internal_links/broken_outbound,medium,outbound internal link reported unresolved,,broken_outbound: https://ambimat.com/sms-based-otp-authentication-and-its-disadvantages/ -> https://ambimat.com,raw/seo/seo_tracker_reports/report_20260731_112213.json,"reported by the SEO crawler only; the 10:00 site-monitor run recorded broken_internal_links=0 — CONTRADICTORY, preserved",low (conflicting evidence),link source page: https://ambimat.com/sms-based-otp-authentication-and-its-disadvantages/
https://ambimat.com,internal_links/broken_outbound,medium,outbound internal link reported unresolved,,broken_outbound: https://ambimat.com/taking-security-future-for-government/ -> https://ambimat.com,raw/seo/seo_tracker_reports/report_20260731_112213.json,"reported by the SEO crawler only; the 10:00 site-monitor run recorded broken_internal_links=0 — CONTRADICTORY, preserved",low (conflicting evidence),link source page: https://ambimat.com/taking-security-future-for-government/
https://ambimat.com,internal_links/broken_outbound,medium,outbound internal link reported unresolved,,broken_outbound: https://ambimat.com/mqtt-sn-lowering-the-cost-of-iot-at-scale/ -> https://ambimat.com,raw/seo/seo_tracker_reports/report_20260731_112213.json,"reported by the SEO crawler only; the 10:00 site-monitor run recorded broken_internal_links=0 — CONTRADICTORY, preserved",low (conflicting evidence),link source page: https://ambimat.com/mqtt-sn-lowering-the-cost-of-iot-at-scale/
https://ambimat.com,internal_links/broken_outbound,medium,outbound internal link reported unresolved,,broken_outbound: https://ambimat.com/rise-of-uwb-and-the-impact-on-different-industry-verticals/ -> https://ambimat.com,raw/seo/seo_tracker_reports/report_20260731_112213.json,"reported by the SEO crawler only; the 10:00 site-monitor run recorded broken_internal_links=0 — CONTRADICTORY, preserved",low (conflicting evidence),link source page: https://ambimat.com/rise-of-uwb-and-the-impact-on-different-industry-verticals/
https://ambimat.com,internal_links/broken_outbound,medium,outbound internal link reported unresolved,,broken_outbound: https://ambimat.com/cold-chain-logistics-effective-vaccine-management/ -> https://ambimat.com,raw/seo/seo_tracker_reports/report_20260731_112213.json,"reported by the SEO crawler only; the 10:00 site-monitor run recorded broken_internal_links=0 — CONTRADICTORY, preserved",low (conflicting evidence),link source page: https://ambimat.com/cold-chain-logistics-effective-vaccine-management/
https://ambimat.com,internal_links/broken_outbound,medium,outbound internal link reported unresolved,,broken_outbound: https://ambimat.com/what-is-ultra-wideband-and-how-does-it-work/ -> https://ambimat.com,raw/seo/seo_tracker_reports/report_20260731_112213.json,"reported by the SEO crawler only; the 10:00 site-monitor run recorded broken_internal_links=0 — CONTRADICTORY, preserved",low (conflicting evidence),link source page: https://ambimat.com/what-is-ultra-wideband-and-how-does-it-work/
https://ambimat.com,internal_links/broken_outbound,medium,outbound internal link reported unresolved,,broken_outbound: https://ambimat.com/5g-and-iot-the-future-of-5g-communications/ -> https://ambimat.com,raw/seo/seo_tracker_reports/report_20260731_112213.json,"reported by the SEO crawler only; the 10:00 site-monitor run recorded broken_internal_links=0 — CONTRADICTORY, preserved",low (conflicting evidence),link source page: https://ambimat.com/5g-and-iot-the-future-of-5g-communications/
https://ambimat.com,internal_links/broken_outbound,medium,outbound internal link reported unresolved,,broken_outbound: https://ambimat.com/is-passwordless-the-right-choice-for-organization/ -> https://ambimat.com,raw/seo/seo_tracker_reports/report_20260731_112213.json,"reported by the SEO crawler only; the 10:00 site-monitor run recorded broken_internal_links=0 — CONTRADICTORY, preserved",low (conflicting evidence),link source page: https://ambimat.com/is-passwordless-the-right-choice-for-organization/
https://ambimat.com,internal_links/broken_outbound,medium,outbound internal link reported unresolved,,broken_outbound: https://ambimat.com/debunking-3-misconception-about-cybersecurity/ -> https://ambimat.com,raw/seo/seo_tracker_reports/report_20260731_112213.json,"reported by the SEO crawler only; the 10:00 site-monitor run recorded broken_internal_links=0 — CONTRADICTORY, preserved",low (conflicting evidence),link source page: https://ambimat.com/debunking-3-misconception-about-cybersecurity/
https://ambimat.com,internal_links/broken_outbound,medium,outbound internal link reported unresolved,,broken_outbound: https://ambimat.com/cyber-security-best-practices-with-the-proliferation-of-employees-working-from-home/ -> https://ambimat.com,raw/seo/seo_tracker_reports/report_20260731_112213.json,"reported by the SEO crawler only; the 10:00 site-monitor run recorded broken_internal_links=0 — CONTRADICTORY, preserved",low (conflicting evidence),link source page: https://ambimat.com/cyber-security-best-practices-with-the-proliferation-of-employees-working-from-home/
https://ambimat.com,internal_links/broken_outbound,medium,outbound internal link reported unresolved,,broken_outbound: https://ambimat.com/built-in-fido-authenticators/ -> https://ambimat.com,raw/seo/seo_tracker_reports/report_20260731_112213.json,"reported by the SEO crawler only; the 10:00 site-monitor run recorded broken_internal_links=0 — CONTRADICTORY, preserved",low (conflicting evidence),link source page: https://ambimat.com/built-in-fido-authenticators/
https://ambimat.com,internal_links/broken_outbound,medium,outbound internal link reported unresolved,,broken_outbound: https://ambimat.com/steps-to-go-passwordless/ -> https://ambimat.com,raw/seo/seo_tracker_reports/report_20260731_112213.json,"reported by the SEO crawler only; the 10:00 site-monitor run recorded broken_internal_links=0 — CONTRADICTORY, preserved",low (conflicting evidence),link source page: https://ambimat.com/steps-to-go-passwordless/
https://ambimat.com,internal_links/broken_outbound,medium,outbound internal link reported unresolved,,broken_outbound: https://ambimat.com/steps-to-keep-organizational-credential-safe/ -> https://ambimat.com,raw/seo/seo_tracker_reports/report_20260731_112213.json,"reported by the SEO crawler only; the 10:00 site-monitor run recorded broken_internal_links=0 — CONTRADICTORY, preserved",low (conflicting evidence),link source page: https://ambimat.com/steps-to-keep-organizational-credential-safe/
https://ambimat.com,internal_links/broken_outbound,medium,outbound internal link reported unresolved,,broken_outbound: https://ambimat.com/perils-to-circumvent-when-shifting-to-passwordless-technology/ -> https://ambimat.com,raw/seo/seo_tracker_reports/report_20260731_112213.json,"reported by the SEO crawler only; the 10:00 site-monitor run recorded broken_internal_links=0 — CONTRADICTORY, preserved",low (conflicting evidence),link source page: https://ambimat.com/perils-to-circumvent-when-shifting-to-passwordless-technology/
https://ambimat.com,internal_links/broken_outbound,medium,outbound internal link reported unresolved,,broken_outbound: https://ambimat.com/security-tips/ -> https://ambimat.com,raw/seo/seo_tracker_reports/report_20260731_112213.json,"reported by the SEO crawler only; the 10:00 site-monitor run recorded broken_internal_links=0 — CONTRADICTORY, preserved",low (conflicting evidence),link source page: https://ambimat.com/security-tips/
https://ambimat.com,internal_links/broken_outbound,medium,outbound internal link reported unresolved,,broken_outbound: https://ambimat.com/features-to-consider-on-route-to-digital-transformation/ -> https://ambimat.com,raw/seo/seo_tracker_reports/report_20260731_112213.json,"reported by the SEO crawler only; the 10:00 site-monitor run recorded broken_internal_links=0 — CONTRADICTORY, preserved",low (conflicting evidence),link source page: https://ambimat.com/features-to-consider-on-route-to-digital-transformation/
https://ambimat.com,internal_links/broken_outbound,medium,outbound internal link reported unresolved,,broken_outbound: https://ambimat.com/the-great-semiconductor-shortage/ -> https://ambimat.com,raw/seo/seo_tracker_reports/report_20260731_112213.json,"reported by the SEO crawler only; the 10:00 site-monitor run recorded broken_internal_links=0 — CONTRADICTORY, preserved",low (conflicting evidence),link source page: https://ambimat.com/the-great-semiconductor-shortage/
https://ambimat.com,internal_links/broken_outbound,medium,outbound internal link reported unresolved,,broken_outbound: https://ambimat.com/e-passport-and-how-will-chip-based-e-passports-work/ -> https://ambimat.com,raw/seo/seo_tracker_reports/report_20260731_112213.json,"reported by the SEO crawler only; the 10:00 site-monitor run recorded broken_internal_links=0 — CONTRADICTORY, preserved",low (conflicting evidence),link source page: https://ambimat.com/e-passport-and-how-will-chip-based-e-passports-work/
https://ambimat.com,internal_links/broken_outbound,medium,outbound internal link reported unresolved,,broken_outbound: https://ambimat.com/multi-factor-authentication-in-government-sector/ -> https://ambimat.com,raw/seo/seo_tracker_reports/report_20260731_112213.json,"reported by the SEO crawler only; the 10:00 site-monitor run recorded broken_internal_links=0 — CONTRADICTORY, preserved",low (conflicting evidence),link source page: https://ambimat.com/multi-factor-authentication-in-government-sector/
https://ambimat.com,internal_links/broken_outbound,medium,outbound internal link reported unresolved,,broken_outbound: https://ambimat.com/the-risks-of-hybrid-employment-for-security/ -> https://ambimat.com,raw/seo/seo_tracker_reports/report_20260731_112213.json,"reported by the SEO crawler only; the 10:00 site-monitor run recorded broken_internal_links=0 — CONTRADICTORY, preserved",low (conflicting evidence),link source page: https://ambimat.com/the-risks-of-hybrid-employment-for-security/
https://ambimat.com,internal_links/broken_outbound,medium,outbound internal link reported unresolved,,broken_outbound: https://ambimat.com/the-importance-of-digital-id-in-cybersecurity/ -> https://ambimat.com,raw/seo/seo_tracker_reports/report_20260731_112213.json,"reported by the SEO crawler only; the 10:00 site-monitor run recorded broken_internal_links=0 — CONTRADICTORY, preserved",low (conflicting evidence),link source page: https://ambimat.com/the-importance-of-digital-id-in-cybersecurity/
https://ambimat.com,internal_links/broken_outbound,medium,outbound internal link reported unresolved,,broken_outbound: https://ambimat.com/rethink-your-companys-data-security-strategy/ -> https://ambimat.com,raw/seo/seo_tracker_reports/report_20260731_112213.json,"reported by the SEO crawler only; the 10:00 site-monitor run recorded broken_internal_links=0 — CONTRADICTORY, preserved",low (conflicting evidence),link source page: https://ambimat.com/rethink-your-companys-data-security-strategy/
https://ambimat.com,internal_links/broken_outbound,medium,outbound internal link reported unresolved,,broken_outbound: https://ambimat.com/quantum-computings-rising-cybersecurity-threat/ -> https://ambimat.com,raw/seo/seo_tracker_reports/report_20260731_112213.json,"reported by the SEO crawler only; the 10:00 site-monitor run recorded broken_internal_links=0 — CONTRADICTORY, preserved",low (conflicting evidence),link source page: https://ambimat.com/quantum-computings-rising-cybersecurity-threat/
https://ambimat.com,internal_links/broken_outbound,medium,outbound internal link reported unresolved,,broken_outbound: https://ambimat.com/phishing-assaults-are-becoming-more-common-are-you-prepared/ -> https://ambimat.com,raw/seo/seo_tracker_reports/report_20260731_112213.json,"reported by the SEO crawler only; the 10:00 site-monitor run recorded broken_internal_links=0 — CONTRADICTORY, preserved",low (conflicting evidence),link source page: https://ambimat.com/phishing-assaults-are-becoming-more-common-are-you-prepared/
https://ambimat.com,internal_links/broken_outbound,medium,outbound internal link reported unresolved,,broken_outbound: https://ambimat.com/is-there-a-secure-way-to-distribute-passwords-in-an-organisation/ -> https://ambimat.com,raw/seo/seo_tracker_reports/report_20260731_112213.json,"reported by the SEO crawler only; the 10:00 site-monitor run recorded broken_internal_links=0 — CONTRADICTORY, preserved",low (conflicting evidence),link source page: https://ambimat.com/is-there-a-secure-way-to-distribute-passwords-in-an-organisation/
https://ambimat.com,internal_links/broken_outbound,medium,outbound internal link reported unresolved,,broken_outbound: https://ambimat.com/identity-biometrics/ -> https://ambimat.com,raw/seo/seo_tracker_reports/report_20260731_112213.json,"reported by the SEO crawler only; the 10:00 site-monitor run recorded broken_internal_links=0 — CONTRADICTORY, preserved",low (conflicting evidence),link source page: https://ambimat.com/identity-biometrics/
https://ambimat.com,internal_links/broken_outbound,medium,outbound internal link reported unresolved,,broken_outbound: https://ambimat.com/how-might-verification-efficiency-help-the-aviation-industry-achieve-its-net-zero-goals-what-is-verification-efficiency/ -> https://ambimat.com,raw/seo/seo_tracker_reports/report_20260731_112213.json,"reported by the SEO crawler only; the 10:00 site-monitor run recorded broken_internal_links=0 — CONTRADICTORY, preserved",low (conflicting evidence),link source page: https://ambimat.com/how-might-verification-efficiency-help-the-aviation-industry-achieve-its-net-zero-goals-what-is-verification-efficiency/
https://ambimat.com,internal_links/broken_outbound,medium,outbound internal link reported unresolved,,broken_outbound: https://ambimat.com/how-does-identity-verification-work-and-is-my-data-secure/ -> https://ambimat.com,raw/seo/seo_tracker_reports/report_20260731_112213.json,"reported by the SEO crawler only; the 10:00 site-monitor run recorded broken_internal_links=0 — CONTRADICTORY, preserved",low (conflicting evidence),link source page: https://ambimat.com/how-does-identity-verification-work-and-is-my-data-secure/
https://ambimat.com,internal_links/broken_outbound,medium,outbound internal link reported unresolved,,broken_outbound: https://ambimat.com/getting-an-accurate-biometric-security-key/ -> https://ambimat.com,raw/seo/seo_tracker_reports/report_20260731_112213.json,"reported by the SEO crawler only; the 10:00 site-monitor run recorded broken_internal_links=0 — CONTRADICTORY, preserved",low (conflicting evidence),link source page: https://ambimat.com/getting-an-accurate-biometric-security-key/
https://ambimat.com,internal_links/broken_outbound,medium,outbound internal link reported unresolved,,broken_outbound: https://ambimat.com/developing-an-unphishable-security-key/ -> https://ambimat.com,raw/seo/seo_tracker_reports/report_20260731_112213.json,"reported by the SEO crawler only; the 10:00 site-monitor run recorded broken_internal_links=0 — CONTRADICTORY, preserved",low (conflicting evidence),link source page: https://ambimat.com/developing-an-unphishable-security-key/
https://ambimat.com,internal_links/broken_outbound,medium,outbound internal link reported unresolved,,broken_outbound: https://ambimat.com/demonstration-of-an-ecosystem-how-identity-federation-id-proofing-and-strong-authentication-protect-digital-identities/ -> https://ambimat.com,raw/seo/seo_tracker_reports/report_20260731_112213.json,"reported by the SEO crawler only; the 10:00 site-monitor run recorded broken_internal_links=0 — CONTRADICTORY, preserved",low (conflicting evidence),link source page: https://ambimat.com/demonstration-of-an-ecosystem-how-identity-federation-id-proofing-and-strong-authentication-protect-digital-identities/
https://ambimat.com,internal_links/broken_outbound,medium,outbound internal link reported unresolved,,broken_outbound: https://ambimat.com/defending-your-company-against-ransomware-assaults/ -> https://ambimat.com,raw/seo/seo_tracker_reports/report_20260731_112213.json,"reported by the SEO crawler only; the 10:00 site-monitor run recorded broken_internal_links=0 — CONTRADICTORY, preserved",low (conflicting evidence),link source page: https://ambimat.com/defending-your-company-against-ransomware-assaults/
https://ambimat.com,internal_links/broken_outbound,medium,outbound internal link reported unresolved,,broken_outbound: https://ambimat.com/defending-the-healthcare-industry-from-cyber-threats/ -> https://ambimat.com,raw/seo/seo_tracker_reports/report_20260731_112213.json,"reported by the SEO crawler only; the 10:00 site-monitor run recorded broken_internal_links=0 — CONTRADICTORY, preserved",low (conflicting evidence),link source page: https://ambimat.com/defending-the-healthcare-industry-from-cyber-threats/
https://ambimat.com,internal_links/broken_outbound,medium,outbound internal link reported unresolved,,broken_outbound: https://ambimat.com/citizens-expectations-of-a-digital-identity-wallet/ -> https://ambimat.com,raw/seo/seo_tracker_reports/report_20260731_112213.json,"reported by the SEO crawler only; the 10:00 site-monitor run recorded broken_internal_links=0 — CONTRADICTORY, preserved",low (conflicting evidence),link source page: https://ambimat.com/citizens-expectations-of-a-digital-identity-wallet/
https://ambimat.com,internal_links/broken_outbound,medium,outbound internal link reported unresolved,,broken_outbound: https://ambimat.com/biometrics-airport-technologys-future/ -> https://ambimat.com,raw/seo/seo_tracker_reports/report_20260731_112213.json,"reported by the SEO crawler only; the 10:00 site-monitor run recorded broken_internal_links=0 — CONTRADICTORY, preserved",low (conflicting evidence),link source page: https://ambimat.com/biometrics-airport-technologys-future/
https://ambimat.com,internal_links/broken_outbound,medium,outbound internal link reported unresolved,,broken_outbound: https://ambimat.com/attempting-to-protect-the-future-of-iot-devices/ -> https://ambimat.com,raw/seo/seo_tracker_reports/report_20260731_112213.json,"reported by the SEO crawler only; the 10:00 site-monitor run recorded broken_internal_links=0 — CONTRADICTORY, preserved",low (conflicting evidence),link source page: https://ambimat.com/attempting-to-protect-the-future-of-iot-devices/
https://ambimat.com,internal_links/broken_outbound,medium,outbound internal link reported unresolved,,broken_outbound: https://ambimat.com/what-is-token-based-authentication/ -> https://ambimat.com,raw/seo/seo_tracker_reports/report_20260731_112213.json,"reported by the SEO crawler only; the 10:00 site-monitor run recorded broken_internal_links=0 — CONTRADICTORY, preserved",low (conflicting evidence),link source page: https://ambimat.com/what-is-token-based-authentication/
https://ambimat.com,internal_links/broken_outbound,medium,outbound internal link reported unresolved,,broken_outbound: https://ambimat.com/user-experience-with-passwordless-authentication-edited/ -> https://ambimat.com,raw/seo/seo_tracker_reports/report_20260731_112213.json,"reported by the SEO crawler only; the 10:00 site-monitor run recorded broken_internal_links=0 — CONTRADICTORY, preserved",low (conflicting evidence),link source page: https://ambimat.com/user-experience-with-passwordless-authentication-edited/
https://ambimat.com,internal_links/broken_outbound,medium,outbound internal link reported unresolved,,broken_outbound: https://ambimat.com/user-adoption-of-multi-factor-authentication/ -> https://ambimat.com,raw/seo/seo_tracker_reports/report_20260731_112213.json,"reported by the SEO crawler only; the 10:00 site-monitor run recorded broken_internal_links=0 — CONTRADICTORY, preserved",low (conflicting evidence),link source page: https://ambimat.com/user-adoption-of-multi-factor-authentication/
https://ambimat.com,internal_links/broken_outbound,medium,outbound internal link reported unresolved,,broken_outbound: https://ambimat.com/protecting-intellectual-property/ -> https://ambimat.com,raw/seo/seo_tracker_reports/report_20260731_112213.json,"reported by the SEO crawler only; the 10:00 site-monitor run recorded broken_internal_links=0 — CONTRADICTORY, preserved",low (conflicting evidence),link source page: https://ambimat.com/protecting-intellectual-property/
https://ambimat.com,internal_links/broken_outbound,medium,outbound internal link reported unresolved,,broken_outbound: https://ambimat.com/how-will-authentication-based-security-change/ -> https://ambimat.com,raw/seo/seo_tracker_reports/report_20260731_112213.json,"reported by the SEO crawler only; the 10:00 site-monitor run recorded broken_internal_links=0 — CONTRADICTORY, preserved",low (conflicting evidence),link source page: https://ambimat.com/how-will-authentication-based-security-change/
https://ambimat.com,internal_links/broken_outbound,medium,outbound internal link reported unresolved,,broken_outbound: https://ambimat.com/how-does-passwordless-authentication-works/ -> https://ambimat.com,raw/seo/seo_tracker_reports/report_20260731_112213.json,"reported by the SEO crawler only; the 10:00 site-monitor run recorded broken_internal_links=0 — CONTRADICTORY, preserved",low (conflicting evidence),link source page: https://ambimat.com/how-does-passwordless-authentication-works/
https://ambimat.com,internal_links/broken_outbound,medium,outbound internal link reported unresolved,,broken_outbound: https://ambimat.com/ransomware-anatomy/ -> https://ambimat.com,raw/seo/seo_tracker_reports/report_20260731_112213.json,"reported by the SEO crawler only; the 10:00 site-monitor run recorded broken_internal_links=0 — CONTRADICTORY, preserved",low (conflicting evidence),link source page: https://ambimat.com/ransomware-anatomy/
https://ambimat.com,internal_links/broken_outbound,medium,outbound internal link reported unresolved,,broken_outbound: https://ambimat.com/reduce-cost-and-strengthen-security-with-passwordless-authentication/ -> https://ambimat.com,raw/seo/seo_tracker_reports/report_20260731_112213.json,"reported by the SEO crawler only; the 10:00 site-monitor run recorded broken_internal_links=0 — CONTRADICTORY, preserved",low (conflicting evidence),link source page: https://ambimat.com/reduce-cost-and-strengthen-security-with-passwordless-authentication/
https://ambimat.com,internal_links/broken_outbound,medium,outbound internal link reported unresolved,,broken_outbound: https://ambimat.com/simple-explanation-to-passwordless/ -> https://ambimat.com,raw/seo/seo_tracker_reports/report_20260731_112213.json,"reported by the SEO crawler only; the 10:00 site-monitor run recorded broken_internal_links=0 — CONTRADICTORY, preserved",low (conflicting evidence),link source page: https://ambimat.com/simple-explanation-to-passwordless/
https://ambimat.com,internal_links/broken_outbound,medium,outbound internal link reported unresolved,,broken_outbound: https://ambimat.com/the-facts-and-fiction-of-passwordless-journey/ -> https://ambimat.com,raw/seo/seo_tracker_reports/report_20260731_112213.json,"reported by the SEO crawler only; the 10:00 site-monitor run recorded broken_internal_links=0 — CONTRADICTORY, preserved",low (conflicting evidence),link source page: https://ambimat.com/the-facts-and-fiction-of-passwordless-journey/
https://ambimat.com,internal_links/broken_outbound,medium,outbound internal link reported unresolved,,broken_outbound: https://ambimat.com/use-multi-factor-authentication-mfa/ -> https://ambimat.com,raw/seo/seo_tracker_reports/report_20260731_112213.json,"reported by the SEO crawler only; the 10:00 site-monitor run recorded broken_internal_links=0 — CONTRADICTORY, preserved",low (conflicting evidence),link source page: https://ambimat.com/use-multi-factor-authentication-mfa/
https://ambimat.com,internal_links/broken_outbound,medium,outbound internal link reported unresolved,,broken_outbound: https://ambimat.com/addressing-the-rise-of-social-engineering-attacks-against-remote-workers/ -> https://ambimat.com,raw/seo/seo_tracker_reports/report_20260731_112213.json,"reported by the SEO crawler only; the 10:00 site-monitor run recorded broken_internal_links=0 — CONTRADICTORY, preserved",low (conflicting evidence),link source page: https://ambimat.com/addressing-the-rise-of-social-engineering-attacks-against-remote-workers/
https://ambimat.com,internal_links/broken_outbound,medium,outbound internal link reported unresolved,,broken_outbound: https://ambimat.com/convenience-security-and-privacy-are-the-three-pillars-of-digital-identity/ -> https://ambimat.com,raw/seo/seo_tracker_reports/report_20260731_112213.json,"reported by the SEO crawler only; the 10:00 site-monitor run recorded broken_internal_links=0 — CONTRADICTORY, preserved",low (conflicting evidence),link source page: https://ambimat.com/convenience-security-and-privacy-are-the-three-pillars-of-digital-identity/
https://ambimat.com,internal_links/broken_outbound,medium,outbound internal link reported unresolved,,broken_outbound: https://ambimat.com/the-new-information-security-default-is-zero-trust/ -> https://ambimat.com,raw/seo/seo_tracker_reports/report_20260731_112213.json,"reported by the SEO crawler only; the 10:00 site-monitor run recorded broken_internal_links=0 — CONTRADICTORY, preserved",low (conflicting evidence),link source page: https://ambimat.com/the-new-information-security-default-is-zero-trust/
https://ambimat.com,internal_links/broken_outbound,medium,outbound internal link reported unresolved,,broken_outbound: https://ambimat.com/how-can-water-utilities-be-protected-against-cybercrime/ -> https://ambimat.com,raw/seo/seo_tracker_reports/report_20260731_112213.json,"reported by the SEO crawler only; the 10:00 site-monitor run recorded broken_internal_links=0 — CONTRADICTORY, preserved",low (conflicting evidence),link source page: https://ambimat.com/how-can-water-utilities-be-protected-against-cybercrime/
https://ambimat.com,internal_links/broken_outbound,medium,outbound internal link reported unresolved,,broken_outbound: https://ambimat.com/critical-security-considerations-for-makers-of-iot-devices/ -> https://ambimat.com,raw/seo/seo_tracker_reports/report_20260731_112213.json,"reported by the SEO crawler only; the 10:00 site-monitor run recorded broken_internal_links=0 — CONTRADICTORY, preserved",low (conflicting evidence),link source page: https://ambimat.com/critical-security-considerations-for-makers-of-iot-devices/
https://ambimat.com,internal_links/broken_outbound,medium,outbound internal link reported unresolved,,broken_outbound: https://ambimat.com/a-close-examination-of-the-strategies-hackers-employ-to-start-effective-phishing-operations/ -> https://ambimat.com,raw/seo/seo_tracker_reports/report_20260731_112213.json,"reported by the SEO crawler only; the 10:00 site-monitor run recorded broken_internal_links=0 — CONTRADICTORY, preserved",low (conflicting evidence),link source page: https://ambimat.com/a-close-examination-of-the-strategies-hackers-employ-to-start-effective-phishing-operations/
https://ambimat.com,internal_links/broken_outbound,medium,outbound internal link reported unresolved,,broken_outbound: https://ambimat.com/10-simple-tips-to-be-secure-online-and-preserve-your-identity/ -> https://ambimat.com,raw/seo/seo_tracker_reports/report_20260731_112213.json,"reported by the SEO crawler only; the 10:00 site-monitor run recorded broken_internal_links=0 — CONTRADICTORY, preserved",low (conflicting evidence),link source page: https://ambimat.com/10-simple-tips-to-be-secure-online-and-preserve-your-identity/
https://ambimat.com,internal_links/broken_outbound,medium,outbound internal link reported unresolved,,broken_outbound: https://ambimat.com/four-reasons-why-a-security-first-approach-to-product-development-should-be-considered/ -> https://ambimat.com,raw/seo/seo_tracker_reports/report_20260731_112213.json,"reported by the SEO crawler only; the 10:00 site-monitor run recorded broken_internal_links=0 — CONTRADICTORY, preserved",low (conflicting evidence),link source page: https://ambimat.com/four-reasons-why-a-security-first-approach-to-product-development-should-be-considered/
https://ambimat.com,internal_links/broken_outbound,medium,outbound internal link reported unresolved,,broken_outbound: https://ambimat.com/jar/ -> https://ambimat.com,raw/seo/seo_tracker_reports/report_20260731_112213.json,"reported by the SEO crawler only; the 10:00 site-monitor run recorded broken_internal_links=0 — CONTRADICTORY, preserved",low (conflicting evidence),link source page: https://ambimat.com/jar/
https://ambimat.com,internal_links/broken_outbound,medium,outbound internal link reported unresolved,,broken_outbound: https://ambimat.com/three-ways-technology-might-help-the-music-business-recover/ -> https://ambimat.com,raw/seo/seo_tracker_reports/report_20260731_112213.json,"reported by the SEO crawler only; the 10:00 site-monitor run recorded broken_internal_links=0 — CONTRADICTORY, preserved",low (conflicting evidence),link source page: https://ambimat.com/three-ways-technology-might-help-the-music-business-recover/
https://ambimat.com,internal_links/broken_outbound,medium,outbound internal link reported unresolved,,broken_outbound: https://ambimat.com/three-techniques-for-protecting-customer-data/ -> https://ambimat.com,raw/seo/seo_tracker_reports/report_20260731_112213.json,"reported by the SEO crawler only; the 10:00 site-monitor run recorded broken_internal_links=0 — CONTRADICTORY, preserved",low (conflicting evidence),link source page: https://ambimat.com/three-techniques-for-protecting-customer-data/
https://ambimat.com,internal_links/broken_outbound,medium,outbound internal link reported unresolved,,broken_outbound: https://ambimat.com/top-five-pitfalls-that-organisations-should-avoid-when-using-a-passwordless-strategy/ -> https://ambimat.com,raw/seo/seo_tracker_reports/report_20260731_112213.json,"reported by the SEO crawler only; the 10:00 site-monitor run recorded broken_internal_links=0 — CONTRADICTORY, preserved",low (conflicting evidence),link source page: https://ambimat.com/top-five-pitfalls-that-organisations-should-avoid-when-using-a-passwordless-strategy/
https://ambimat.com,internal_links/broken_outbound,medium,outbound internal link reported unresolved,,broken_outbound: https://ambimat.com/using-ethical-hackers-to-protect-firm-data-from-cybersecurity-concerns/ -> https://ambimat.com,raw/seo/seo_tracker_reports/report_20260731_112213.json,"reported by the SEO crawler only; the 10:00 site-monitor run recorded broken_internal_links=0 — CONTRADICTORY, preserved",low (conflicting evidence),link source page: https://ambimat.com/using-ethical-hackers-to-protect-firm-data-from-cybersecurity-concerns/
https://ambimat.com,internal_links/broken_outbound,medium,outbound internal link reported unresolved,,broken_outbound: https://ambimat.com/what-are-the-benefits-of-iot-in-healthcare-and-how-can-it-be-secured/ -> https://ambimat.com,raw/seo/seo_tracker_reports/report_20260731_112213.json,"reported by the SEO crawler only; the 10:00 site-monitor run recorded broken_internal_links=0 — CONTRADICTORY, preserved",low (conflicting evidence),link source page: https://ambimat.com/what-are-the-benefits-of-iot-in-healthcare-and-how-can-it-be-secured/
https://ambimat.com,internal_links/broken_outbound,medium,outbound internal link reported unresolved,,broken_outbound: https://ambimat.com/what-does-a-hacker-look-like/ -> https://ambimat.com,raw/seo/seo_tracker_reports/report_20260731_112213.json,"reported by the SEO crawler only; the 10:00 site-monitor run recorded broken_internal_links=0 — CONTRADICTORY, preserved",low (conflicting evidence),link source page: https://ambimat.com/what-does-a-hacker-look-like/
https://ambimat.com,internal_links/broken_outbound,medium,outbound internal link reported unresolved,,broken_outbound: https://ambimat.com/who-has-the-keys-in-passwordless-authentication/ -> https://ambimat.com,raw/seo/seo_tracker_reports/report_20260731_112213.json,"reported by the SEO crawler only; the 10:00 site-monitor run recorded broken_internal_links=0 — CONTRADICTORY, preserved",low (conflicting evidence),link source page: https://ambimat.com/who-has-the-keys-in-passwordless-authentication/
https://ambimat.com,internal_links/broken_outbound,medium,outbound internal link reported unresolved,,broken_outbound: https://ambimat.com/difference-between-central-bank-digital-currency-cbdc-and-upi/ -> https://ambimat.com,raw/seo/seo_tracker_reports/report_20260731_112213.json,"reported by the SEO crawler only; the 10:00 site-monitor run recorded broken_internal_links=0 — CONTRADICTORY, preserved",low (conflicting evidence),link source page: https://ambimat.com/difference-between-central-bank-digital-currency-cbdc-and-upi/
https://ambimat.com,internal_links/broken_outbound,medium,outbound internal link reported unresolved,,broken_outbound: https://ambimat.com/what-is-the-difference-between-digital-rupee-and-upi/ -> https://ambimat.com,raw/seo/seo_tracker_reports/report_20260731_112213.json,"reported by the SEO crawler only; the 10:00 site-monitor run recorded broken_internal_links=0 — CONTRADICTORY, preserved",low (conflicting evidence),link source page: https://ambimat.com/what-is-the-difference-between-digital-rupee-and-upi/
https://ambimat.com,internal_links/broken_outbound,medium,outbound internal link reported unresolved,,broken_outbound: https://ambimat.com/smart-card-list/ -> https://ambimat.com,raw/seo/seo_tracker_reports/report_20260731_112213.json,"reported by the SEO crawler only; the 10:00 site-monitor run recorded broken_internal_links=0 — CONTRADICTORY, preserved",low (conflicting evidence),link source page: https://ambimat.com/smart-card-list/
https://ambimat.com,internal_links/broken_outbound,medium,outbound internal link reported unresolved,,broken_outbound: https://ambimat.com/cyberchef/ -> https://ambimat.com,raw/seo/seo_tracker_reports/report_20260731_112213.json,"reported by the SEO crawler only; the 10:00 site-monitor run recorded broken_internal_links=0 — CONTRADICTORY, preserved",low (conflicting evidence),link source page: https://ambimat.com/cyberchef/
https://ambimat.com,internal_links/broken_outbound,medium,outbound internal link reported unresolved,,broken_outbound: https://ambimat.com/worldnet-launches-gochipnow-to-deliver-plug-and-play-emv-solution/ -> https://ambimat.com,raw/seo/seo_tracker_reports/report_20260731_112213.json,"reported by the SEO crawler only; the 10:00 site-monitor run recorded broken_internal_links=0 — CONTRADICTORY, preserved",low (conflicting evidence),link source page: https://ambimat.com/worldnet-launches-gochipnow-to-deliver-plug-and-play-emv-solution/
https://ambimat.com,internal_links/broken_outbound,medium,outbound internal link reported unresolved,,broken_outbound: https://ambimat.com/windows-10-iot-editions/ -> https://ambimat.com,raw/seo/seo_tracker_reports/report_20260731_112213.json,"reported by the SEO crawler only; the 10:00 site-monitor run recorded broken_internal_links=0 — CONTRADICTORY, preserved",low (conflicting evidence),link source page: https://ambimat.com/windows-10-iot-editions/
https://ambimat.com,internal_links/broken_outbound,medium,outbound internal link reported unresolved,,broken_outbound: https://ambimat.com/wiegand-interface/ -> https://ambimat.com,raw/seo/seo_tracker_reports/report_20260731_112213.json,"reported by the SEO crawler only; the 10:00 site-monitor run recorded broken_internal_links=0 — CONTRADICTORY, preserved",low (conflicting evidence),link source page: https://ambimat.com/wiegand-interface/
https://ambimat.com,internal_links/broken_outbound,medium,outbound internal link reported unresolved,,broken_outbound: https://ambimat.com/what-is-the-difference-between-emv-and-pci-compliance/ -> https://ambimat.com,raw/seo/seo_tracker_reports/report_20260731_112213.json,"reported by the SEO crawler only; the 10:00 site-monitor run recorded broken_internal_links=0 — CONTRADICTORY, preserved",low (conflicting evidence),link source page: https://ambimat.com/what-is-the-difference-between-emv-and-pci-compliance/
https://ambimat.com,internal_links/broken_outbound,medium,outbound internal link reported unresolved,,broken_outbound: https://ambimat.com/what-is-a-virtual-terminal/ -> https://ambimat.com,raw/seo/seo_tracker_reports/report_20260731_112213.json,"reported by the SEO crawler only; the 10:00 site-monitor run recorded broken_internal_links=0 — CONTRADICTORY, preserved",low (conflicting evidence),link source page: https://ambimat.com/what-is-a-virtual-terminal/
https://ambimat.com,internal_links/broken_outbound,medium,outbound internal link reported unresolved,,broken_outbound: https://ambimat.com/whats-the-difference-between-a-hico-loco-magstripe-card/ -> https://ambimat.com,raw/seo/seo_tracker_reports/report_20260731_112213.json,"reported by the SEO crawler only; the 10:00 site-monitor run recorded broken_internal_links=0 — CONTRADICTORY, preserved",low (conflicting evidence),link source page: https://ambimat.com/whats-the-difference-between-a-hico-loco-magstripe-card/
https://ambimat.com,internal_links/broken_outbound,medium,outbound internal link reported unresolved,,broken_outbound: https://ambimat.com/usb-hid-human-interface-device/ -> https://ambimat.com,raw/seo/seo_tracker_reports/report_20260731_112213.json,"reported by the SEO crawler only; the 10:00 site-monitor run recorded broken_internal_links=0 — CONTRADICTORY, preserved",low (conflicting evidence),link source page: https://ambimat.com/usb-hid-human-interface-device/
https://ambimat.com,internal_links/broken_outbound,medium,outbound internal link reported unresolved,,broken_outbound: https://ambimat.com/usb-power-delivery/ -> https://ambimat.com,raw/seo/seo_tracker_reports/report_20260731_112213.json,"reported by the SEO crawler only; the 10:00 site-monitor run recorded broken_internal_links=0 — CONTRADICTORY, preserved",low (conflicting evidence),link source page: https://ambimat.com/usb-power-delivery/
https://ambimat.com,internal_links/broken_outbound,medium,outbound internal link reported unresolved,,broken_outbound: https://ambimat.com/understanding-big-and-little-endian-byte-order/ -> https://ambimat.com,raw/seo/seo_tracker_reports/report_20260731_112213.json,"reported by the SEO crawler only; the 10:00 site-monitor run recorded broken_internal_links=0 — CONTRADICTORY, preserved",low (conflicting evidence),link source page: https://ambimat.com/understanding-big-and-little-endian-byte-order/
https://ambimat.com,internal_links/broken_outbound,medium,outbound internal link reported unresolved,,broken_outbound: https://ambimat.com/triple-des-or-3des/ -> https://ambimat.com,raw/seo/seo_tracker_reports/report_20260731_112213.json,"reported by the SEO crawler only; the 10:00 site-monitor run recorded broken_internal_links=0 — CONTRADICTORY, preserved",low (conflicting evidence),link source page: https://ambimat.com/triple-des-or-3des/
https://ambimat.com,internal_links/broken_outbound,medium,outbound internal link reported unresolved,,broken_outbound: https://ambimat.com/transarmor-faq-first-data/ -> https://ambimat.com,raw/seo/seo_tracker_reports/report_20260731_112213.json,"reported by the SEO crawler only; the 10:00 site-monitor run recorded broken_internal_links=0 — CONTRADICTORY, preserved",low (conflicting evidence),link source page: https://ambimat.com/transarmor-faq-first-data/
https://ambimat.com,internal_links/broken_outbound,medium,outbound internal link reported unresolved,,broken_outbound: https://ambimat.com/tools-for-payment-device-integration-encrypt-decrypt-tool/ -> https://ambimat.com,raw/seo/seo_tracker_reports/report_20260731_112213.json,"reported by the SEO crawler only; the 10:00 site-monitor run recorded broken_internal_links=0 — CONTRADICTORY, preserved",low (conflicting evidence),link source page: https://ambimat.com/tools-for-payment-device-integration-encrypt-decrypt-tool/
https://ambimat.com,internal_links/broken_outbound,medium,outbound internal link reported unresolved,,broken_outbound: https://ambimat.com/the-use-of-ctqs-and-ttqs-in-nfc-transactions/ -> https://ambimat.com,raw/seo/seo_tracker_reports/report_20260731_112213.json,"reported by the SEO crawler only; the 10:00 site-monitor run recorded broken_internal_links=0 — CONTRADICTORY, preserved",low (conflicting evidence),link source page: https://ambimat.com/the-use-of-ctqs-and-ttqs-in-nfc-transactions/
https://ambimat.com,internal_links/broken_outbound,medium,outbound internal link reported unresolved,,broken_outbound: https://ambimat.com/think-youre-ready-for-emv-10-steps-to-implementing-chip-tech/ -> https://ambimat.com,raw/seo/seo_tracker_reports/report_20260731_112213.json,"reported by the SEO crawler only; the 10:00 site-monitor run recorded broken_internal_links=0 — CONTRADICTORY, preserved",low (conflicting evidence),link source page: https://ambimat.com/think-youre-ready-for-emv-10-steps-to-implementing-chip-tech/
https://ambimat.com,internal_links/broken_outbound,medium,outbound internal link reported unresolved,,broken_outbound: https://ambimat.com/the-primary-players-in-payments-processing/ -> https://ambimat.com,raw/seo/seo_tracker_reports/report_20260731_112213.json,"reported by the SEO crawler only; the 10:00 site-monitor run recorded broken_internal_links=0 — CONTRADICTORY, preserved",low (conflicting evidence),link source page: https://ambimat.com/the-primary-players-in-payments-processing/
https://ambimat.com,internal_links/broken_outbound,medium,outbound internal link reported unresolved,,broken_outbound: https://ambimat.com/smartpin-b100-pci-certified-modular-pin-entry-device/ -> https://ambimat.com,raw/seo/seo_tracker_reports/report_20260731_112213.json,"reported by the SEO crawler only; the 10:00 site-monitor run recorded broken_internal_links=0 — CONTRADICTORY, preserved",low (conflicting evidence),link source page: https://ambimat.com/smartpin-b100-pci-certified-modular-pin-entry-device/
https://ambimat.com,internal_links/broken_outbound,medium,outbound internal link reported unresolved,,broken_outbound: https://ambimat.com/terminal-action-analysis/ -> https://ambimat.com,raw/seo/seo_tracker_reports/report_20260731_112213.json,"reported by the SEO crawler only; the 10:00 site-monitor run recorded broken_internal_links=0 — CONTRADICTORY, preserved",low (conflicting evidence),link source page: https://ambimat.com/terminal-action-analysis/
https://ambimat.com,internal_links/broken_outbound,medium,outbound internal link reported unresolved,,broken_outbound: https://ambimat.com/symmetric-key-and-public-key-encryption/ -> https://ambimat.com,raw/seo/seo_tracker_reports/report_20260731_112213.json,"reported by the SEO crawler only; the 10:00 site-monitor run recorded broken_internal_links=0 — CONTRADICTORY, preserved",low (conflicting evidence),link source page: https://ambimat.com/symmetric-key-and-public-key-encryption/
https://ambimat.com,internal_links/broken_outbound,medium,outbound internal link reported unresolved,,broken_outbound: https://ambimat.com/rsa-cryptosystem/ -> https://ambimat.com,raw/seo/seo_tracker_reports/report_20260731_112213.json,"reported by the SEO crawler only; the 10:00 site-monitor run recorded broken_internal_links=0 — CONTRADICTORY, preserved",low (conflicting evidence),link source page: https://ambimat.com/rsa-cryptosystem/
https://ambimat.com,internal_links/broken_outbound,medium,outbound internal link reported unresolved,,broken_outbound: https://ambimat.com/symmetric-key-algorithm/ -> https://ambimat.com,raw/seo/seo_tracker_reports/report_20260731_112213.json,"reported by the SEO crawler only; the 10:00 site-monitor run recorded broken_internal_links=0 — CONTRADICTORY, preserved",low (conflicting evidence),link source page: https://ambimat.com/symmetric-key-algorithm/
https://ambimat.com,internal_links/broken_outbound,medium,outbound internal link reported unresolved,,broken_outbound: https://ambimat.com/step-by-step-how-does-a-emv-contact-card-payment-work/ -> https://ambimat.com,raw/seo/seo_tracker_reports/report_20260731_112213.json,"reported by the SEO crawler only; the 10:00 site-monitor run recorded broken_internal_links=0 — CONTRADICTORY, preserved",low (conflicting evidence),link source page: https://ambimat.com/step-by-step-how-does-a-emv-contact-card-payment-work/
https://ambimat.com,internal_links/broken_outbound,medium,outbound internal link reported unresolved,,broken_outbound: https://ambimat.com/public-key-cryptography/ -> https://ambimat.com,raw/seo/seo_tracker_reports/report_20260731_112213.json,"reported by the SEO crawler only; the 10:00 site-monitor run recorded broken_internal_links=0 — CONTRADICTORY, preserved",low (conflicting evidence),link source page: https://ambimat.com/public-key-cryptography/
https://ambimat.com,internal_links/broken_outbound,medium,outbound internal link reported unresolved,,broken_outbound: https://ambimat.com/smart-card-selected-apdu-commands/ -> https://ambimat.com,raw/seo/seo_tracker_reports/report_20260731_112213.json,"reported by the SEO crawler only; the 10:00 site-monitor run recorded broken_internal_links=0 — CONTRADICTORY, preserved",low (conflicting evidence),link source page: https://ambimat.com/smart-card-selected-apdu-commands/
https://ambimat.com,internal_links/broken_outbound,medium,outbound internal link reported unresolved,,broken_outbound: https://ambimat.com/pki-public-key-infrastructure/ -> https://ambimat.com,raw/seo/seo_tracker_reports/report_20260731_112213.json,"reported by the SEO crawler only; the 10:00 site-monitor run recorded broken_internal_links=0 — CONTRADICTORY, preserved",low (conflicting evidence),link source page: https://ambimat.com/pki-public-key-infrastructure/
https://ambimat.com,internal_links/broken_outbound,medium,outbound internal link reported unresolved,,broken_outbound: https://ambimat.com/pci-ssc-data-security-standards-overview/ -> https://ambimat.com,raw/seo/seo_tracker_reports/report_20260731_112213.json,"reported by the SEO crawler only; the 10:00 site-monitor run recorded broken_internal_links=0 — CONTRADICTORY, preserved",low (conflicting evidence),link source page: https://ambimat.com/pci-ssc-data-security-standards-overview/
https://ambimat.com,internal_links/broken_outbound,medium,outbound internal link reported unresolved,,broken_outbound: https://ambimat.com/slim-cd-the-latest-in-credit-card-processing/ -> https://ambimat.com,raw/seo/seo_tracker_reports/report_20260731_112213.json,"reported by the SEO crawler only; the 10:00 site-monitor run recorded broken_internal_links=0 — CONTRADICTORY, preserved",low (conflicting evidence),link source page: https://ambimat.com/slim-cd-the-latest-in-credit-card-processing/
https://ambimat.com,internal_links/broken_outbound,medium,outbound internal link reported unresolved,,broken_outbound: https://ambimat.com/mac-basics/ -> https://ambimat.com,raw/seo/seo_tracker_reports/report_20260731_112213.json,"reported by the SEO crawler only; the 10:00 site-monitor run recorded broken_internal_links=0 — CONTRADICTORY, preserved",low (conflicting evidence),link source page: https://ambimat.com/mac-basics/
https://ambimat.com,internal_links/broken_outbound,medium,outbound internal link reported unresolved,,broken_outbound: https://ambimat.com/official-pci-security-standards-council-document-libary/ -> https://ambimat.com,raw/seo/seo_tracker_reports/report_20260731_112213.json,"reported by the SEO crawler only; the 10:00 site-monitor run recorded broken_internal_links=0 — CONTRADICTORY, preserved",low (conflicting evidence),link source page: https://ambimat.com/official-pci-security-standards-council-document-libary/
https://ambimat.com,internal_links/broken_outbound,medium,outbound internal link reported unresolved,,broken_outbound: https://ambimat.com/payment-gateway/ -> https://ambimat.com,raw/seo/seo_tracker_reports/report_20260731_112213.json,"reported by the SEO crawler only; the 10:00 site-monitor run recorded broken_internal_links=0 — CONTRADICTORY, preserved",low (conflicting evidence),link source page: https://ambimat.com/payment-gateway/
https://ambimat.com,internal_links/broken_outbound,medium,outbound internal link reported unresolved,,broken_outbound: https://ambimat.com/pa-dss-payment-application-data-security-standard/ -> https://ambimat.com,raw/seo/seo_tracker_reports/report_20260731_112213.json,"reported by the SEO crawler only; the 10:00 site-monitor run recorded broken_internal_links=0 — CONTRADICTORY, preserved",low (conflicting evidence),link source page: https://ambimat.com/pa-dss-payment-application-data-security-standard/
https://ambimat.com,internal_links/broken_outbound,medium,outbound internal link reported unresolved,,broken_outbound: https://ambimat.com/luhn-algorithm-for-credit-card/ -> https://ambimat.com,raw/seo/seo_tracker_reports/report_20260731_112213.json,"reported by the SEO crawler only; the 10:00 site-monitor run recorded broken_internal_links=0 — CONTRADICTORY, preserved",low (conflicting evidence),link source page: https://ambimat.com/luhn-algorithm-for-credit-card/
https://ambimat.com,internal_links/broken_outbound,medium,outbound internal link reported unresolved,,broken_outbound: https://ambimat.com/node-js/ -> https://ambimat.com,raw/seo/seo_tracker_reports/report_20260731_112213.json,"reported by the SEO crawler only; the 10:00 site-monitor run recorded broken_internal_links=0 — CONTRADICTORY, preserved",low (conflicting evidence),link source page: https://ambimat.com/node-js/
https://ambimat.com,internal_links/broken_outbound,medium,outbound internal link reported unresolved,,broken_outbound: https://ambimat.com/payment-gateway-vs-payment-processor/ -> https://ambimat.com,raw/seo/seo_tracker_reports/report_20260731_112213.json,"reported by the SEO crawler only; the 10:00 site-monitor run recorded broken_internal_links=0 — CONTRADICTORY, preserved",low (conflicting evidence),link source page: https://ambimat.com/payment-gateway-vs-payment-processor/
https://ambimat.com,internal_links/broken_outbound,medium,outbound internal link reported unresolved,,broken_outbound: https://ambimat.com/mindbody-mobile-credit-card-swiper-unimag-ii-ios/ -> https://ambimat.com,raw/seo/seo_tracker_reports/report_20260731_112213.json,"reported by the SEO crawler only; the 10:00 site-monitor run recorded broken_internal_links=0 — CONTRADICTORY, preserved",low (conflicting evidence),link source page: https://ambimat.com/mindbody-mobile-credit-card-swiper-unimag-ii-ios/
https://ambimat.com,internal_links/broken_outbound,medium,outbound internal link reported unresolved,,broken_outbound: https://ambimat.com/mobile-payments-what-is-nfc-card-emulation-mode/ -> https://ambimat.com,raw/seo/seo_tracker_reports/report_20260731_112213.json,"reported by the SEO crawler only; the 10:00 site-monitor run recorded broken_internal_links=0 — CONTRADICTORY, preserved",low (conflicting evidence),link source page: https://ambimat.com/mobile-payments-what-is-nfc-card-emulation-mode/
https://ambimat.com,internal_links/broken_outbound,medium,outbound internal link reported unresolved,,broken_outbound: https://ambimat.com/message-authentication-code/ -> https://ambimat.com,raw/seo/seo_tracker_reports/report_20260731_112213.json,"reported by the SEO crawler only; the 10:00 site-monitor run recorded broken_internal_links=0 — CONTRADICTORY, preserved",low (conflicting evidence),link source page: https://ambimat.com/message-authentication-code/
https://ambimat.com,internal_links/broken_outbound,medium,outbound internal link reported unresolved,,broken_outbound: https://ambimat.com/mindbody-mobile-credit-card-swiper-uniimag-ii-android/ -> https://ambimat.com,raw/seo/seo_tracker_reports/report_20260731_112213.json,"reported by the SEO crawler only; the 10:00 site-monitor run recorded broken_internal_links=0 — CONTRADICTORY, preserved",low (conflicting evidence),link source page: https://ambimat.com/mindbody-mobile-credit-card-swiper-uniimag-ii-android/
https://ambimat.com,internal_links/broken_outbound,medium,outbound internal link reported unresolved,,broken_outbound: https://ambimat.com/list-of-ca-public-keys/ -> https://ambimat.com,raw/seo/seo_tracker_reports/report_20260731_112213.json,"reported by the SEO crawler only; the 10:00 site-monitor run recorded broken_internal_links=0 — CONTRADICTORY, preserved",low (conflicting evidence),link source page: https://ambimat.com/list-of-ca-public-keys/
https://ambimat.com,internal_links/broken_outbound,medium,outbound internal link reported unresolved,,broken_outbound: https://ambimat.com/ip-rating-table/ -> https://ambimat.com,raw/seo/seo_tracker_reports/report_20260731_112213.json,"reported by the SEO crawler only; the 10:00 site-monitor run recorded broken_internal_links=0 — CONTRADICTORY, preserved",low (conflicting evidence),link source page: https://ambimat.com/ip-rating-table/
https://ambimat.com,internal_links/broken_outbound,medium,outbound internal link reported unresolved,,broken_outbound: https://ambimat.com/how-emv-chip-pin-works-transaction-flow-chart/ -> https://ambimat.com,raw/seo/seo_tracker_reports/report_20260731_112213.json,"reported by the SEO crawler only; the 10:00 site-monitor run recorded broken_internal_links=0 — CONTRADICTORY, preserved",low (conflicting evidence),link source page: https://ambimat.com/how-emv-chip-pin-works-transaction-flow-chart/
https://ambimat.com,internal_links/broken_outbound,medium,outbound internal link reported unresolved,,broken_outbound: https://ambimat.com/ip-code/ -> https://ambimat.com,raw/seo/seo_tracker_reports/report_20260731_112213.json,"reported by the SEO crawler only; the 10:00 site-monitor run recorded broken_internal_links=0 — CONTRADICTORY, preserved",low (conflicting evidence),link source page: https://ambimat.com/ip-code/
https://ambimat.com,internal_links/broken_outbound,medium,outbound internal link reported unresolved,,broken_outbound: https://ambimat.com/how-magnetic-card-reader-works/ -> https://ambimat.com,raw/seo/seo_tracker_reports/report_20260731_112213.json,"reported by the SEO crawler only; the 10:00 site-monitor run recorded broken_internal_links=0 — CONTRADICTORY, preserved",low (conflicting evidence),link source page: https://ambimat.com/how-magnetic-card-reader-works/
https://ambimat.com,internal_links/broken_outbound,medium,outbound internal link reported unresolved,,broken_outbound: https://ambimat.com/hardware-security-module-hsm/ -> https://ambimat.com,raw/seo/seo_tracker_reports/report_20260731_112213.json,"reported by the SEO crawler only; the 10:00 site-monitor run recorded broken_internal_links=0 — CONTRADICTORY, preserved",low (conflicting evidence),link source page: https://ambimat.com/hardware-security-module-hsm/
https://ambimat.com,internal_links/broken_outbound,medium,outbound internal link reported unresolved,,broken_outbound: https://ambimat.com/emv-static-data-authentication-sda/ -> https://ambimat.com,raw/seo/seo_tracker_reports/report_20260731_112213.json,"reported by the SEO crawler only; the 10:00 site-monitor run recorded broken_internal_links=0 — CONTRADICTORY, preserved",low (conflicting evidence),link source page: https://ambimat.com/emv-static-data-authentication-sda/
https://ambimat.com,internal_links/broken_outbound,medium,outbound internal link reported unresolved,,broken_outbound: https://ambimat.com/emv-liability-shifts-fallback-transactions/ -> https://ambimat.com,raw/seo/seo_tracker_reports/report_20260731_112213.json,"reported by the SEO crawler only; the 10:00 site-monitor run recorded broken_internal_links=0 — CONTRADICTORY, preserved",low (conflicting evidence),link source page: https://ambimat.com/emv-liability-shifts-fallback-transactions/
https://ambimat.com,internal_links/broken_outbound,medium,outbound internal link reported unresolved,,broken_outbound: https://ambimat.com/emv-issuer-scripts/ -> https://ambimat.com,raw/seo/seo_tracker_reports/report_20260731_112213.json,"reported by the SEO crawler only; the 10:00 site-monitor run recorded broken_internal_links=0 — CONTRADICTORY, preserved",low (conflicting evidence),link source page: https://ambimat.com/emv-issuer-scripts/
https://ambimat.com,internal_links/broken_outbound,medium,outbound internal link reported unresolved,,broken_outbound: https://ambimat.com/emv-certification-in-a-nutshell/ -> https://ambimat.com,raw/seo/seo_tracker_reports/report_20260731_112213.json,"reported by the SEO crawler only; the 10:00 site-monitor run recorded broken_internal_links=0 — CONTRADICTORY, preserved",low (conflicting evidence),link source page: https://ambimat.com/emv-certification-in-a-nutshell/
https://ambimat.com,internal_links/broken_outbound,medium,outbound internal link reported unresolved,,broken_outbound: https://ambimat.com/emv-ca-cryptomathic/ -> https://ambimat.com,raw/seo/seo_tracker_reports/report_20260731_112213.json,"reported by the SEO crawler only; the 10:00 site-monitor run recorded broken_internal_links=0 — CONTRADICTORY, preserved",low (conflicting evidence),link source page: https://ambimat.com/emv-ca-cryptomathic/
https://ambimat.com,internal_links/broken_outbound,medium,outbound internal link reported unresolved,,broken_outbound: https://ambimat.com/emv-connection-a-smart-card-alliance-site/ -> https://ambimat.com,raw/seo/seo_tracker_reports/report_20260731_112213.json,"reported by the SEO crawler only; the 10:00 site-monitor run recorded broken_internal_links=0 — CONTRADICTORY, preserved",low (conflicting evidence),link source page: https://ambimat.com/emv-connection-a-smart-card-alliance-site/
https://ambimat.com,internal_links/broken_outbound,medium,outbound internal link reported unresolved,,broken_outbound: https://ambimat.com/compute-card-verification-values-cvv/ -> https://ambimat.com,raw/seo/seo_tracker_reports/report_20260731_112213.json,"reported by the SEO crawler only; the 10:00 site-monitor run recorded broken_internal_links=0 — CONTRADICTORY, preserved",low (conflicting evidence),link source page: https://ambimat.com/compute-card-verification-values-cvv/
https://ambimat.com,internal_links/broken_outbound,medium,outbound internal link reported unresolved,,broken_outbound: https://ambimat.com/emv-application-selection/ -> https://ambimat.com,raw/seo/seo_tracker_reports/report_20260731_112213.json,"reported by the SEO crawler only; the 10:00 site-monitor run recorded broken_internal_links=0 — CONTRADICTORY, preserved",low (conflicting evidence),link source page: https://ambimat.com/emv-application-selection/
https://ambimat.com,internal_links/broken_outbound,medium,outbound internal link reported unresolved,,broken_outbound: https://ambimat.com/connect-to-usb-card-readers-with-nodejs/ -> https://ambimat.com,raw/seo/seo_tracker_reports/report_20260731_112213.json,"reported by the SEO crawler only; the 10:00 site-monitor run recorded broken_internal_links=0 — CONTRADICTORY, preserved",low (conflicting evidence),link source page: https://ambimat.com/connect-to-usb-card-readers-with-nodejs/
https://ambimat.com,internal_links/broken_outbound,medium,outbound internal link reported unresolved,,broken_outbound: https://ambimat.com/complete-list-of-emv-nfc-tags/ -> https://ambimat.com,raw/seo/seo_tracker_reports/report_20260731_112213.json,"reported by the SEO crawler only; the 10:00 site-monitor run recorded broken_internal_links=0 — CONTRADICTORY, preserved",low (conflicting evidence),link source page: https://ambimat.com/complete-list-of-emv-nfc-tags/
https://ambimat.com,internal_links/broken_outbound,medium,outbound internal link reported unresolved,,broken_outbound: https://ambimat.com/id-scanner-coverage-chart/ -> https://ambimat.com,raw/seo/seo_tracker_reports/report_20260731_112213.json,"reported by the SEO crawler only; the 10:00 site-monitor run recorded broken_internal_links=0 — CONTRADICTORY, preserved",low (conflicting evidence),link source page: https://ambimat.com/id-scanner-coverage-chart/
https://ambimat.com,internal_links/broken_outbound,medium,outbound internal link reported unresolved,,broken_outbound: https://ambimat.com/data-layout-on-magnetic-stripe-cards/ -> https://ambimat.com,raw/seo/seo_tracker_reports/report_20260731_112213.json,"reported by the SEO crawler only; the 10:00 site-monitor run recorded broken_internal_links=0 — CONTRADICTORY, preserved",low (conflicting evidence),link source page: https://ambimat.com/data-layout-on-magnetic-stripe-cards/
https://ambimat.com,internal_links/broken_outbound,medium,outbound internal link reported unresolved,,broken_outbound: https://ambimat.com/complete-list-of-application-identifiers-aid/ -> https://ambimat.com,raw/seo/seo_tracker_reports/report_20260731_112213.json,"reported by the SEO crawler only; the 10:00 site-monitor run recorded broken_internal_links=0 — CONTRADICTORY, preserved",low (conflicting evidence),link source page: https://ambimat.com/complete-list-of-application-identifiers-aid/
https://ambimat.com,internal_links/broken_outbound,medium,outbound internal link reported unresolved,,broken_outbound: https://ambimat.com/chip-card-transactions-faster-than-a-new-york-minute/ -> https://ambimat.com,raw/seo/seo_tracker_reports/report_20260731_112213.json,"reported by the SEO crawler only; the 10:00 site-monitor run recorded broken_internal_links=0 — CONTRADICTORY, preserved",low (conflicting evidence),link source page: https://ambimat.com/chip-card-transactions-faster-than-a-new-york-minute/
https://ambimat.com,internal_links/broken_outbound,medium,outbound internal link reported unresolved,,broken_outbound: https://ambimat.com/card-action-analysis/ -> https://ambimat.com,raw/seo/seo_tracker_reports/report_20260731_112213.json,"reported by the SEO crawler only; the 10:00 site-monitor run recorded broken_internal_links=0 — CONTRADICTORY, preserved",low (conflicting evidence),link source page: https://ambimat.com/card-action-analysis/
https://ambimat.com,internal_links/broken_outbound,medium,outbound internal link reported unresolved,,broken_outbound: https://ambimat.com/a-chip-card-reader-that-outputs-text-2/ -> https://ambimat.com,raw/seo/seo_tracker_reports/report_20260731_112213.json,"reported by the SEO crawler only; the 10:00 site-monitor run recorded broken_internal_links=0 — CONTRADICTORY, preserved",low (conflicting evidence),link source page: https://ambimat.com/a-chip-card-reader-that-outputs-text-2/
https://ambimat.com,internal_links/broken_outbound,medium,outbound internal link reported unresolved,,broken_outbound: https://ambimat.com/how-to-parse-tlvs-in-javascript/ -> https://ambimat.com,raw/seo/seo_tracker_reports/report_20260731_112213.json,"reported by the SEO crawler only; the 10:00 site-monitor run recorded broken_internal_links=0 — CONTRADICTORY, preserved",low (conflicting evidence),link source page: https://ambimat.com/how-to-parse-tlvs-in-javascript/
https://ambimat.com,internal_links/broken_outbound,medium,outbound internal link reported unresolved,,broken_outbound: https://ambimat.com/16903-2/ -> https://ambimat.com,raw/seo/seo_tracker_reports/report_20260731_112213.json,"reported by the SEO crawler only; the 10:00 site-monitor run recorded broken_internal_links=0 — CONTRADICTORY, preserved",low (conflicting evidence),link source page: https://ambimat.com/16903-2/
https://ambimat.com,internal_links/broken_outbound,medium,outbound internal link reported unresolved,,broken_outbound: https://ambimat.com/16901-2/ -> https://ambimat.com,raw/seo/seo_tracker_reports/report_20260731_112213.json,"reported by the SEO crawler only; the 10:00 site-monitor run recorded broken_internal_links=0 — CONTRADICTORY, preserved",low (conflicting evidence),link source page: https://ambimat.com/16901-2/
https://ambimat.com,internal_links/broken_outbound,medium,outbound internal link reported unresolved,,broken_outbound: https://ambimat.com/barcode/ -> https://ambimat.com,raw/seo/seo_tracker_reports/report_20260731_112213.json,"reported by the SEO crawler only; the 10:00 site-monitor run recorded broken_internal_links=0 — CONTRADICTORY, preserved",low (conflicting evidence),link source page: https://ambimat.com/barcode/
https://ambimat.com,internal_links/broken_outbound,medium,outbound internal link reported unresolved,,broken_outbound: https://ambimat.com/applevas-about-pass-files/ -> https://ambimat.com,raw/seo/seo_tracker_reports/report_20260731_112213.json,"reported by the SEO crawler only; the 10:00 site-monitor run recorded broken_internal_links=0 — CONTRADICTORY, preserved",low (conflicting evidence),link source page: https://ambimat.com/applevas-about-pass-files/
https://ambimat.com,internal_links/broken_outbound,medium,outbound internal link reported unresolved,,broken_outbound: https://ambimat.com/applevas-wallet-developer-guide/ -> https://ambimat.com,raw/seo/seo_tracker_reports/report_20260731_112213.json,"reported by the SEO crawler only; the 10:00 site-monitor run recorded broken_internal_links=0 — CONTRADICTORY, preserved",low (conflicting evidence),link source page: https://ambimat.com/applevas-wallet-developer-guide/
https://ambimat.com,internal_links/broken_outbound,medium,outbound internal link reported unresolved,,broken_outbound: https://ambimat.com/an-introduction-to-nfc-standards/ -> https://ambimat.com,raw/seo/seo_tracker_reports/report_20260731_112213.json,"reported by the SEO crawler only; the 10:00 site-monitor run recorded broken_internal_links=0 — CONTRADICTORY, preserved",low (conflicting evidence),link source page: https://ambimat.com/an-introduction-to-nfc-standards/
https://ambimat.com,internal_links/broken_outbound,medium,outbound internal link reported unresolved,,broken_outbound: https://ambimat.com/16857-2/ -> https://ambimat.com,raw/seo/seo_tracker_reports/report_20260731_112213.json,"reported by the SEO crawler only; the 10:00 site-monitor run recorded broken_internal_links=0 — CONTRADICTORY, preserved",low (conflicting evidence),link source page: https://ambimat.com/16857-2/
https://ambimat.com,internal_links/broken_outbound,medium,outbound internal link reported unresolved,,broken_outbound: https://ambimat.com/an-introduction-to-mifarea-cards-a-beginners-guide-from-digital-id/ -> https://ambimat.com,raw/seo/seo_tracker_reports/report_20260731_112213.json,"reported by the SEO crawler only; the 10:00 site-monitor run recorded broken_internal_links=0 — CONTRADICTORY, preserved",low (conflicting evidence),link source page: https://ambimat.com/an-introduction-to-mifarea-cards-a-beginners-guide-from-digital-id/
https://ambimat.com,internal_links/broken_outbound,medium,outbound internal link reported unresolved,,broken_outbound: https://ambimat.com/emvtm-application-selection/ -> https://ambimat.com,raw/seo/seo_tracker_reports/report_20260731_112213.json,"reported by the SEO crawler only; the 10:00 site-monitor run recorded broken_internal_links=0 — CONTRADICTORY, preserved",low (conflicting evidence),link source page: https://ambimat.com/emvtm-application-selection/
https://ambimat.com,internal_links/broken_outbound,medium,outbound internal link reported unresolved,,broken_outbound: https://ambimat.com/acquiring-bank/ -> https://ambimat.com,raw/seo/seo_tracker_reports/report_20260731_112213.json,"reported by the SEO crawler only; the 10:00 site-monitor run recorded broken_internal_links=0 — CONTRADICTORY, preserved",low (conflicting evidence),link source page: https://ambimat.com/acquiring-bank/
https://ambimat.com,internal_links/broken_outbound,medium,outbound internal link reported unresolved,,broken_outbound: https://ambimat.com/ipa-file-format/ -> https://ambimat.com,raw/seo/seo_tracker_reports/report_20260731_112213.json,"reported by the SEO crawler only; the 10:00 site-monitor run recorded broken_internal_links=0 — CONTRADICTORY, preserved",low (conflicting evidence),link source page: https://ambimat.com/ipa-file-format/
https://ambimat.com,internal_links/broken_outbound,medium,outbound internal link reported unresolved,,broken_outbound: https://ambimat.com/apk/ -> https://ambimat.com,raw/seo/seo_tracker_reports/report_20260731_112213.json,"reported by the SEO crawler only; the 10:00 site-monitor run recorded broken_internal_links=0 — CONTRADICTORY, preserved",low (conflicting evidence),link source page: https://ambimat.com/apk/
https://ambimat.com,internal_links/broken_outbound,medium,outbound internal link reported unresolved,,broken_outbound: https://ambimat.com/with-phishing-resistant-mfa-we-can-break-the-hacking-loop-in-healthcare/ -> https://ambimat.com,raw/seo/seo_tracker_reports/report_20260731_112213.json,"reported by the SEO crawler only; the 10:00 site-monitor run recorded broken_internal_links=0 — CONTRADICTORY, preserved",low (conflicting evidence),link source page: https://ambimat.com/with-phishing-resistant-mfa-we-can-break-the-hacking-loop-in-healthcare/
https://ambimat.com,internal_links/broken_outbound,medium,outbound internal link reported unresolved,,broken_outbound: https://ambimat.com/why-is-cyber-resilience-important-for-id-document-issuance/ -> https://ambimat.com,raw/seo/seo_tracker_reports/report_20260731_112213.json,"reported by the SEO crawler only; the 10:00 site-monitor run recorded broken_internal_links=0 — CONTRADICTORY, preserved",low (conflicting evidence),link source page: https://ambimat.com/why-is-cyber-resilience-important-for-id-document-issuance/
https://ambimat.com,internal_links/broken_outbound,medium,outbound internal link reported unresolved,,broken_outbound: https://ambimat.com/why-is-a-password-free-future-required/ -> https://ambimat.com,raw/seo/seo_tracker_reports/report_20260731_112213.json,"reported by the SEO crawler only; the 10:00 site-monitor run recorded broken_internal_links=0 — CONTRADICTORY, preserved",low (conflicting evidence),link source page: https://ambimat.com/why-is-a-password-free-future-required/
https://ambimat.com,internal_links/broken_outbound,medium,outbound internal link reported unresolved,,broken_outbound: https://ambimat.com/why-does-the-security-of-passwords-still-matter-in-2022/ -> https://ambimat.com,raw/seo/seo_tracker_reports/report_20260731_112213.json,"reported by the SEO crawler only; the 10:00 site-monitor run recorded broken_internal_links=0 — CONTRADICTORY, preserved",low (conflicting evidence),link source page: https://ambimat.com/why-does-the-security-of-passwords-still-matter-in-2022/
https://ambimat.com,internal_links/broken_outbound,medium,outbound internal link reported unresolved,,broken_outbound: https://ambimat.com/why-ambisecure-usbkey-makes-it-easier-to-deploy-dependable-cybersecurity/ -> https://ambimat.com,raw/seo/seo_tracker_reports/report_20260731_112213.json,"reported by the SEO crawler only; the 10:00 site-monitor run recorded broken_internal_links=0 — CONTRADICTORY, preserved",low (conflicting evidence),link source page: https://ambimat.com/why-ambisecure-usbkey-makes-it-easier-to-deploy-dependable-cybersecurity/
https://ambimat.com,internal_links/broken_outbound,medium,outbound internal link reported unresolved,,broken_outbound: https://ambimat.com/rfid-key-fobs-for-ev-charging-stations/ -> https://ambimat.com,raw/seo/seo_tracker_reports/report_20260731_112213.json,"reported by the SEO crawler only; the 10:00 site-monitor run recorded broken_internal_links=0 — CONTRADICTORY, preserved",low (conflicting evidence),link source page: https://ambimat.com/rfid-key-fobs-for-ev-charging-stations/
https://ambimat.com,internal_links/broken_outbound,medium,outbound internal link reported unresolved,,broken_outbound: https://ambimat.com/choosing-the-right-surface-finish-for-your-pcb-project-based-on-application/ -> https://ambimat.com,raw/seo/seo_tracker_reports/report_20260731_112213.json,"reported by the SEO crawler only; the 10:00 site-monitor run recorded broken_internal_links=0 — CONTRADICTORY, preserved",low (conflicting evidence),link source page: https://ambimat.com/choosing-the-right-surface-finish-for-your-pcb-project-based-on-application/
https://ambimat.com,internal_links/broken_outbound,medium,outbound internal link reported unresolved,,broken_outbound: https://ambimat.com/choosing-the-right-surface-finish-for-your-pcb-project-based-on-performance-needs/ -> https://ambimat.com,raw/seo/seo_tracker_reports/report_20260731_112213.json,"reported by the SEO crawler only; the 10:00 site-monitor run recorded broken_internal_links=0 — CONTRADICTORY, preserved",low (conflicting evidence),link source page: https://ambimat.com/choosing-the-right-surface-finish-for-your-pcb-project-based-on-performance-needs/
https://ambimat.com,internal_links/broken_outbound,medium,outbound internal link reported unresolved,,broken_outbound: https://ambimat.com/choosing-the-right-surface-finish-for-your-pcb-project-based-on-cost-and-availability/ -> https://ambimat.com,raw/seo/seo_tracker_reports/report_20260731_112213.json,"reported by the SEO crawler only; the 10:00 site-monitor run recorded broken_internal_links=0 — CONTRADICTORY, preserved",low (conflicting evidence),link source page: https://ambimat.com/choosing-the-right-surface-finish-for-your-pcb-project-based-on-cost-and-availability/
https://ambimat.com,internal_links/broken_outbound,medium,outbound internal link reported unresolved,,broken_outbound: https://ambimat.com/choosing-the-right-surface-finish-for-your-pcb-project-our-offerings/ -> https://ambimat.com,raw/seo/seo_tracker_reports/report_20260731_112213.json,"reported by the SEO crawler only; the 10:00 site-monitor run recorded broken_internal_links=0 — CONTRADICTORY, preserved",low (conflicting evidence),link source page: https://ambimat.com/choosing-the-right-surface-finish-for-your-pcb-project-our-offerings/
https://ambimat.com,internal_links/broken_outbound,medium,outbound internal link reported unresolved,,broken_outbound: https://ambimat.com/integrating-fido-protocol-into-consumer-electronics/ -> https://ambimat.com,raw/seo/seo_tracker_reports/report_20260731_112213.json,"reported by the SEO crawler only; the 10:00 site-monitor run recorded broken_internal_links=0 — CONTRADICTORY, preserved",low (conflicting evidence),link source page: https://ambimat.com/integrating-fido-protocol-into-consumer-electronics/
https://ambimat.com,internal_links/broken_outbound,medium,outbound internal link reported unresolved,,broken_outbound: https://ambimat.com/holistic-iot-security-architecture-for-smart%e2%80%91city-street%e2%80%91light-controllers/ -> https://ambimat.com,raw/seo/seo_tracker_reports/report_20260731_112213.json,"reported by the SEO crawler only; the 10:00 site-monitor run recorded broken_internal_links=0 — CONTRADICTORY, preserved",low (conflicting evidence),link source page: https://ambimat.com/holistic-iot-security-architecture-for-smart%e2%80%91city-street%e2%80%91light-controllers/
https://ambimat.com,internal_links/broken_outbound,medium,outbound internal link reported unresolved,,broken_outbound: https://ambimat.com/iot-device-identity-lifecycle-management-best-practices/ -> https://ambimat.com,raw/seo/seo_tracker_reports/report_20260731_112213.json,"reported by the SEO crawler only; the 10:00 site-monitor run recorded broken_internal_links=0 — CONTRADICTORY, preserved",low (conflicting evidence),link source page: https://ambimat.com/iot-device-identity-lifecycle-management-best-practices/
https://ambimat.com,internal_links/broken_outbound,medium,outbound internal link reported unresolved,,broken_outbound: https://ambimat.com/secure-ota-patch-management-for-iot-best-practices/ -> https://ambimat.com,raw/seo/seo_tracker_reports/report_20260731_112213.json,"reported by the SEO crawler only; the 10:00 site-monitor run recorded broken_internal_links=0 — CONTRADICTORY, preserved",low (conflicting evidence),link source page: https://ambimat.com/secure-ota-patch-management-for-iot-best-practices/
https://ambimat.com,internal_links/broken_outbound,medium,outbound internal link reported unresolved,,broken_outbound: https://ambimat.com/zero-trust-iot-security-for-smart-cities/ -> https://ambimat.com,raw/seo/seo_tracker_reports/report_20260731_112213.json,"reported by the SEO crawler only; the 10:00 site-monitor run recorded broken_internal_links=0 — CONTRADICTORY, preserved",low (conflicting evidence),link source page: https://ambimat.com/zero-trust-iot-security-for-smart-cities/
https://ambimat.com,internal_links/broken_outbound,medium,outbound internal link reported unresolved,,broken_outbound: https://ambimat.com/mesh-network-security-hardening-for-iot-zigbee-ble/ -> https://ambimat.com,raw/seo/seo_tracker_reports/report_20260731_112213.json,"reported by the SEO crawler only; the 10:00 site-monitor run recorded broken_internal_links=0 — CONTRADICTORY, preserved",low (conflicting evidence),link source page: https://ambimat.com/mesh-network-security-hardening-for-iot-zigbee-ble/
https://ambimat.com,internal_links/broken_outbound,medium,outbound internal link reported unresolved,,broken_outbound: https://ambimat.com/fast-identity-online-fido/ -> https://ambimat.com,raw/seo/seo_tracker_reports/report_20260731_112213.json,"reported by the SEO crawler only; the 10:00 site-monitor run recorded broken_internal_links=0 — CONTRADICTORY, preserved",low (conflicting evidence),link source page: https://ambimat.com/fast-identity-online-fido/
https://ambimat.com,internal_links/broken_outbound,medium,outbound internal link reported unresolved,,broken_outbound: https://ambimat.com/uvc-based-sanitization-devices-really-effective-against-covid-19/ -> https://ambimat.com,raw/seo/seo_tracker_reports/report_20260731_112213.json,"reported by the SEO crawler only; the 10:00 site-monitor run recorded broken_internal_links=0 — CONTRADICTORY, preserved",low (conflicting evidence),link source page: https://ambimat.com/uvc-based-sanitization-devices-really-effective-against-covid-19/
https://ambimat.com,internal_links/broken_outbound,medium,outbound internal link reported unresolved,,broken_outbound: https://ambimat.com/cold-chain-logistics/ -> https://ambimat.com,raw/seo/seo_tracker_reports/report_20260731_112213.json,"reported by the SEO crawler only; the 10:00 site-monitor run recorded broken_internal_links=0 — CONTRADICTORY, preserved",low (conflicting evidence),link source page: https://ambimat.com/cold-chain-logistics/
https://ambimat.com,internal_links/broken_outbound,medium,outbound internal link reported unresolved,,broken_outbound: https://ambimat.com/an-introduction-to-java-card-technology/ -> https://ambimat.com,raw/seo/seo_tracker_reports/report_20260731_112213.json,"reported by the SEO crawler only; the 10:00 site-monitor run recorded broken_internal_links=0 — CONTRADICTORY, preserved",low (conflicting evidence),link source page: https://ambimat.com/an-introduction-to-java-card-technology/
https://ambimat.com,internal_links/broken_outbound,medium,outbound internal link reported unresolved,,broken_outbound: https://ambimat.com/challenges-to-iot-security-2/ -> https://ambimat.com,raw/seo/seo_tracker_reports/report_20260731_112213.json,"reported by the SEO crawler only; the 10:00 site-monitor run recorded broken_internal_links=0 — CONTRADICTORY, preserved",low (conflicting evidence),link source page: https://ambimat.com/challenges-to-iot-security-2/
https://ambimat.com,internal_links/broken_outbound,medium,outbound internal link reported unresolved,,broken_outbound: https://ambimat.com/cellular-network-based-wide-area-networks/ -> https://ambimat.com,raw/seo/seo_tracker_reports/report_20260731_112213.json,"reported by the SEO crawler only; the 10:00 site-monitor run recorded broken_internal_links=0 — CONTRADICTORY, preserved",low (conflicting evidence),link source page: https://ambimat.com/cellular-network-based-wide-area-networks/
https://ambimat.com/what-is-lpwan-and-types-of-lpwan-network,internal_links/broken_outbound,medium,outbound internal link reported unresolved,,broken_outbound: https://ambimat.com/cellular-network-based-wide-area-networks/ -> https://ambimat.com/what-is-lpwan-and-types-of-lpwan-network,raw/seo/seo_tracker_reports/report_20260731_112213.json,"reported by the SEO crawler only; the 10:00 site-monitor run recorded broken_internal_links=0 — CONTRADICTORY, preserved",low (conflicting evidence),link source page: https://ambimat.com/cellular-network-based-wide-area-networks/
https://ambimat.com,internal_links/broken_outbound,medium,outbound internal link reported unresolved,,broken_outbound: https://ambimat.com/challenges-to-iot-security/ -> https://ambimat.com,raw/seo/seo_tracker_reports/report_20260731_112213.json,"reported by the SEO crawler only; the 10:00 site-monitor run recorded broken_internal_links=0 — CONTRADICTORY, preserved",low (conflicting evidence),link source page: https://ambimat.com/challenges-to-iot-security/
https://ambimat.com,internal_links/broken_outbound,medium,outbound internal link reported unresolved,,broken_outbound: https://ambimat.com/is-passwordless-the-future/ -> https://ambimat.com,raw/seo/seo_tracker_reports/report_20260731_112213.json,"reported by the SEO crawler only; the 10:00 site-monitor run recorded broken_internal_links=0 — CONTRADICTORY, preserved",low (conflicting evidence),link source page: https://ambimat.com/is-passwordless-the-future/
https://ambimat.com,internal_links/broken_outbound,medium,outbound internal link reported unresolved,,broken_outbound: https://ambimat.com/what-is-passwordless-authentication/ -> https://ambimat.com,raw/seo/seo_tracker_reports/report_20260731_112213.json,"reported by the SEO crawler only; the 10:00 site-monitor run recorded broken_internal_links=0 — CONTRADICTORY, preserved",low (conflicting evidence),link source page: https://ambimat.com/what-is-passwordless-authentication/
https://ambimat.com,internal_links/broken_outbound,medium,outbound internal link reported unresolved,,broken_outbound: https://ambimat.com/what-is-lpwan-and-types-of-lpwan-network/ -> https://ambimat.com,raw/seo/seo_tracker_reports/report_20260731_112213.json,"reported by the SEO crawler only; the 10:00 site-monitor run recorded broken_internal_links=0 — CONTRADICTORY, preserved",low (conflicting evidence),link source page: https://ambimat.com/what-is-lpwan-and-types-of-lpwan-network/
https://ambimat.com,internal_links/broken_outbound,medium,outbound internal link reported unresolved,,broken_outbound: https://ambimat.com/cold-chain-logistics-solutions-benefits/ -> https://ambimat.com,raw/seo/seo_tracker_reports/report_20260731_112213.json,"reported by the SEO crawler only; the 10:00 site-monitor run recorded broken_internal_links=0 — CONTRADICTORY, preserved",low (conflicting evidence),link source page: https://ambimat.com/cold-chain-logistics-solutions-benefits/
https://ambimat.com,internal_links/broken_outbound,medium,outbound internal link reported unresolved,,broken_outbound: https://ambimat.com/credit-card-service-code-chart/ -> https://ambimat.com,raw/seo/seo_tracker_reports/report_20260731_112213.json,"reported by the SEO crawler only; the 10:00 site-monitor run recorded broken_internal_links=0 — CONTRADICTORY, preserved",low (conflicting evidence),link source page: https://ambimat.com/credit-card-service-code-chart/
https://ambimat.com,internal_links/broken_outbound,medium,outbound internal link reported unresolved,,broken_outbound: https://ambimat.com/cardholder-verification-in-emv/ -> https://ambimat.com,raw/seo/seo_tracker_reports/report_20260731_112213.json,"reported by the SEO crawler only; the 10:00 site-monitor run recorded broken_internal_links=0 — CONTRADICTORY, preserved",low (conflicting evidence),link source page: https://ambimat.com/cardholder-verification-in-emv/
https://ambimat.com,internal_links/broken_outbound,medium,outbound internal link reported unresolved,,broken_outbound: https://ambimat.com/mifare/ -> https://ambimat.com,raw/seo/seo_tracker_reports/report_20260731_112213.json,"reported by the SEO crawler only; the 10:00 site-monitor run recorded broken_internal_links=0 — CONTRADICTORY, preserved",low (conflicting evidence),link source page: https://ambimat.com/mifare/
https://ambimat.com,internal_links/broken_outbound,medium,outbound internal link reported unresolved,,broken_outbound: https://ambimat.com/authorize-net-mpos-mobile-application-vpos-v2-application-tested-devices/ -> https://ambimat.com,raw/seo/seo_tracker_reports/report_20260731_112213.json,"reported by the SEO crawler only; the 10:00 site-monitor run recorded broken_internal_links=0 — CONTRADICTORY, preserved",low (conflicting evidence),link source page: https://ambimat.com/authorize-net-mpos-mobile-application-vpos-v2-application-tested-devices/
https://ambimat.com,internal_links/broken_outbound,medium,outbound internal link reported unresolved,,broken_outbound: https://ambimat.com/ -> https://ambimat.com,raw/seo/seo_tracker_reports/report_20260731_112213.json,"reported by the SEO crawler only; the 10:00 site-monitor run recorded broken_internal_links=0 — CONTRADICTORY, preserved",low (conflicting evidence),link source page: https://ambimat.com/
https://ambimat.com/design/ambi-iot/pubs-and-brewery,internal_links/broken_outbound,medium,outbound internal link reported unresolved,,broken_outbound: https://ambimat.com/ -> https://ambimat.com/design/ambi-iot/pubs-and-brewery,raw/seo/seo_tracker_reports/report_20260731_112213.json,"reported by the SEO crawler only; the 10:00 site-monitor run recorded broken_internal_links=0 — CONTRADICTORY, preserved",low (conflicting evidence),link source page: https://ambimat.com/
https://ambimat.com/design/ambi-iot/smart-watches,internal_links/broken_outbound,medium,outbound internal link reported unresolved,,broken_outbound: https://ambimat.com/ -> https://ambimat.com/design/ambi-iot/smart-watches,raw/seo/seo_tracker_reports/report_20260731_112213.json,"reported by the SEO crawler only; the 10:00 site-monitor run recorded broken_internal_links=0 — CONTRADICTORY, preserved",low (conflicting evidence),link source page: https://ambimat.com/
https://ambimat.com,internal_links/broken_outbound,medium,outbound internal link reported unresolved,,broken_outbound: https://ambimat.com/about/ambimat-history/ -> https://ambimat.com,raw/seo/seo_tracker_reports/report_20260731_112213.json,"reported by the SEO crawler only; the 10:00 site-monitor run recorded broken_internal_links=0 — CONTRADICTORY, preserved",low (conflicting evidence),link source page: https://ambimat.com/about/ambimat-history/
https://ambimat.com,internal_links/broken_outbound,medium,outbound internal link reported unresolved,,broken_outbound: https://ambimat.com/about/about-our-director/ -> https://ambimat.com,raw/seo/seo_tracker_reports/report_20260731_112213.json,"reported by the SEO crawler only; the 10:00 site-monitor run recorded broken_internal_links=0 — CONTRADICTORY, preserved",low (conflicting evidence),link source page: https://ambimat.com/about/about-our-director/
https://ambimat.com,internal_links/broken_outbound,medium,outbound internal link reported unresolved,,broken_outbound: https://ambimat.com/contact/ -> https://ambimat.com,raw/seo/seo_tracker_reports/report_20260731_112213.json,"reported by the SEO crawler only; the 10:00 site-monitor run recorded broken_internal_links=0 — CONTRADICTORY, preserved",low (conflicting evidence),link source page: https://ambimat.com/contact/
https://ambimat.com,internal_links/broken_outbound,medium,outbound internal link reported unresolved,,broken_outbound: https://ambimat.com/design/design-services/electronic-manufacturing-services-ems-contract-manufacturing/ -> https://ambimat.com,raw/seo/seo_tracker_reports/report_20260731_112213.json,"reported by the SEO crawler only; the 10:00 site-monitor run recorded broken_internal_links=0 — CONTRADICTORY, preserved",low (conflicting evidence),link source page: https://ambimat.com/design/design-services/electronic-manufacturing-services-ems-contract-manufacturing/
https://ambimat.com,internal_links/broken_outbound,medium,outbound internal link reported unresolved,,broken_outbound: https://ambimat.com/design/design-services/embedded-software-services/ -> https://ambimat.com,raw/seo/seo_tracker_reports/report_20260731_112213.json,"reported by the SEO crawler only; the 10:00 site-monitor run recorded broken_internal_links=0 — CONTRADICTORY, preserved",low (conflicting evidence),link source page: https://ambimat.com/design/design-services/embedded-software-services/
https://ambimat.com,internal_links/broken_outbound,medium,outbound internal link reported unresolved,,broken_outbound: https://ambimat.com/design/design-by-technology/lora-and-sigfox/ -> https://ambimat.com,raw/seo/seo_tracker_reports/report_20260731_112213.json,"reported by the SEO crawler only; the 10:00 site-monitor run recorded broken_internal_links=0 — CONTRADICTORY, preserved",low (conflicting evidence),link source page: https://ambimat.com/design/design-by-technology/lora-and-sigfox/
https://ambimat.com,internal_links/broken_outbound,medium,outbound internal link reported unresolved,,broken_outbound: https://ambimat.com/design/design-by-technology/zigbee/ -> https://ambimat.com,raw/seo/seo_tracker_reports/report_20260731_112213.json,"reported by the SEO crawler only; the 10:00 site-monitor run recorded broken_internal_links=0 — CONTRADICTORY, preserved",low (conflicting evidence),link source page: https://ambimat.com/design/design-by-technology/zigbee/
https://ambimat.com,internal_links/broken_outbound,medium,outbound internal link reported unresolved,,broken_outbound: https://ambimat.com/design/ambi-iot/security/ -> https://ambimat.com,raw/seo/seo_tracker_reports/report_20260731_112213.json,"reported by the SEO crawler only; the 10:00 site-monitor run recorded broken_internal_links=0 — CONTRADICTORY, preserved",low (conflicting evidence),link source page: https://ambimat.com/design/ambi-iot/security/
https://ambimat.com,internal_links/broken_outbound,medium,outbound internal link reported unresolved,,broken_outbound: https://ambimat.com/design/design-by-technology/machine-2-machine-m2m/ -> https://ambimat.com,raw/seo/seo_tracker_reports/report_20260731_112213.json,"reported by the SEO crawler only; the 10:00 site-monitor run recorded broken_internal_links=0 — CONTRADICTORY, preserved",low (conflicting evidence),link source page: https://ambimat.com/design/design-by-technology/machine-2-machine-m2m/
https://ambimat.com,internal_links/broken_outbound,medium,outbound internal link reported unresolved,,broken_outbound: https://ambimat.com/design/design-services/turn-key-design-and-development-solutions/ -> https://ambimat.com,raw/seo/seo_tracker_reports/report_20260731_112213.json,"reported by the SEO crawler only; the 10:00 site-monitor run recorded broken_internal_links=0 — CONTRADICTORY, preserved",low (conflicting evidence),link source page: https://ambimat.com/design/design-services/turn-key-design-and-development-solutions/
https://ambimat.com,internal_links/broken_outbound,medium,outbound internal link reported unresolved,,broken_outbound: https://ambimat.com/design/design-services/supply-chain-management/ -> https://ambimat.com,raw/seo/seo_tracker_reports/report_20260731_112213.json,"reported by the SEO crawler only; the 10:00 site-monitor run recorded broken_internal_links=0 — CONTRADICTORY, preserved",low (conflicting evidence),link source page: https://ambimat.com/design/design-services/supply-chain-management/
https://ambimat.com,internal_links/broken_outbound,medium,outbound internal link reported unresolved,,broken_outbound: https://ambimat.com/design/design-services/outsourcing-rd-and-design-partnerships/ -> https://ambimat.com,raw/seo/seo_tracker_reports/report_20260731_112213.json,"reported by the SEO crawler only; the 10:00 site-monitor run recorded broken_internal_links=0 — CONTRADICTORY, preserved",low (conflicting evidence),link source page: https://ambimat.com/design/design-services/outsourcing-rd-and-design-partnerships/
https://ambimat.com,internal_links/broken_outbound,medium,outbound internal link reported unresolved,,broken_outbound: https://ambimat.com/design/design-services/mobile-app-development-and-cloud-computing-services/ -> https://ambimat.com,raw/seo/seo_tracker_reports/report_20260731_112213.json,"reported by the SEO crawler only; the 10:00 site-monitor run recorded broken_internal_links=0 — CONTRADICTORY, preserved",low (conflicting evidence),link source page: https://ambimat.com/design/design-services/mobile-app-development-and-cloud-computing-services/
https://ambimat.com,internal_links/broken_outbound,medium,outbound internal link reported unresolved,,broken_outbound: https://ambimat.com/design/design-services/ -> https://ambimat.com,raw/seo/seo_tracker_reports/report_20260731_112213.json,"reported by the SEO crawler only; the 10:00 site-monitor run recorded broken_internal_links=0 — CONTRADICTORY, preserved",low (conflicting evidence),link source page: https://ambimat.com/design/design-services/
https://ambimat.com/design/design-services/java-card-applet/,internal_links/broken_outbound,medium,outbound internal link reported unresolved,,broken_outbound: https://ambimat.com/design/design-services/ -> https://ambimat.com/design/design-services/java-card-applet/,raw/seo/seo_tracker_reports/report_20260731_112213.json,"reported by the SEO crawler only; the 10:00 site-monitor run recorded broken_internal_links=0 — CONTRADICTORY, preserved",low (conflicting evidence),link source page: https://ambimat.com/design/design-services/
https://ambimat.com,internal_links/broken_outbound,medium,outbound internal link reported unresolved,,broken_outbound: https://ambimat.com/design/ambi-iot/sound/ -> https://ambimat.com,raw/seo/seo_tracker_reports/report_20260731_112213.json,"reported by the SEO crawler only; the 10:00 site-monitor run recorded broken_internal_links=0 — CONTRADICTORY, preserved",low (conflicting evidence),link source page: https://ambimat.com/design/ambi-iot/sound/
https://ambimat.com,internal_links/broken_outbound,medium,outbound internal link reported unresolved,,broken_outbound: https://ambimat.com/ambi-space/ -> https://ambimat.com,raw/seo/seo_tracker_reports/report_20260731_112213.json,"reported by the SEO crawler only; the 10:00 site-monitor run recorded broken_internal_links=0 — CONTRADICTORY, preserved",low (conflicting evidence),link source page: https://ambimat.com/ambi-space/
https://ambimat.com,internal_links/broken_outbound,medium,outbound internal link reported unresolved,,broken_outbound: https://ambimat.com/ambi-sense/ -> https://ambimat.com,raw/seo/seo_tracker_reports/report_20260731_112213.json,"reported by the SEO crawler only; the 10:00 site-monitor run recorded broken_internal_links=0 — CONTRADICTORY, preserved",low (conflicting evidence),link source page: https://ambimat.com/ambi-sense/
https://ambimat.com,internal_links/broken_outbound,medium,outbound internal link reported unresolved,,broken_outbound: https://ambimat.com/ambi-pay/ -> https://ambimat.com,raw/seo/seo_tracker_reports/report_20260731_112213.json,"reported by the SEO crawler only; the 10:00 site-monitor run recorded broken_internal_links=0 — CONTRADICTORY, preserved",low (conflicting evidence),link source page: https://ambimat.com/ambi-pay/
https://ambimat.com,internal_links/broken_outbound,medium,outbound internal link reported unresolved,,broken_outbound: https://ambimat.com/ambi-secure/ -> https://ambimat.com,raw/seo/seo_tracker_reports/report_20260731_112213.json,"reported by the SEO crawler only; the 10:00 site-monitor run recorded broken_internal_links=0 — CONTRADICTORY, preserved",low (conflicting evidence),link source page: https://ambimat.com/ambi-secure/
https://ambimat.com,internal_links/broken_outbound,medium,outbound internal link reported unresolved,,broken_outbound: https://ambimat.com/about/ -> https://ambimat.com,raw/seo/seo_tracker_reports/report_20260731_112213.json,"reported by the SEO crawler only; the 10:00 site-monitor run recorded broken_internal_links=0 — CONTRADICTORY, preserved",low (conflicting evidence),link source page: https://ambimat.com/about/
https://ambimat.com/wp-content/uploads/2026/06/Ambimat_Group_Presentation_2026.pdf,internal_links/broken_outbound,medium,outbound internal link reported unresolved,,broken_outbound: https://ambimat.com/about/ -> https://ambimat.com/wp-content/uploads/2026/06/Ambimat_Group_Presentation_2026.pdf,raw/seo/seo_tracker_reports/report_20260731_112213.json,"reported by the SEO crawler only; the 10:00 site-monitor run recorded broken_internal_links=0 — CONTRADICTORY, preserved",low (conflicting evidence),link source page: https://ambimat.com/about/
https://ambimat.com,internal_links/broken_outbound,medium,outbound internal link reported unresolved,,broken_outbound: https://ambimat.com/developer-resources/iso-7816-smart-card-standard/iso-7816-part-1-physical-charcteristics-of-integrated-circuit-cards/ -> https://ambimat.com,raw/seo/seo_tracker_reports/report_20260731_112213.json,"reported by the SEO crawler only; the 10:00 site-monitor run recorded broken_internal_links=0 — CONTRADICTORY, preserved",low (conflicting evidence),link source page: https://ambimat.com/developer-resources/iso-7816-smart-card-standard/iso-7816-part-1-physical-charcteristics-of-integrated-circuit-cards/
https://ambimat.com,internal_links/broken_outbound,medium,outbound internal link reported unresolved,,broken_outbound: https://ambimat.com/developer-resources/iso-7816-smart-card-standard/iso-7816-part-2-dimensions-and-location-of-the-contacts/ -> https://ambimat.com,raw/seo/seo_tracker_reports/report_20260731_112213.json,"reported by the SEO crawler only; the 10:00 site-monitor run recorded broken_internal_links=0 — CONTRADICTORY, preserved",low (conflicting evidence),link source page: https://ambimat.com/developer-resources/iso-7816-smart-card-standard/iso-7816-part-2-dimensions-and-location-of-the-contacts/
https://ambimat.com,internal_links/broken_outbound,medium,outbound internal link reported unresolved,,broken_outbound: https://ambimat.com/developer-resources/iso-7816-smart-card-standard/iso-7816-part-3-electronic-signals-and-transmission-protocols/ -> https://ambimat.com,raw/seo/seo_tracker_reports/report_20260731_112213.json,"reported by the SEO crawler only; the 10:00 site-monitor run recorded broken_internal_links=0 — CONTRADICTORY, preserved",low (conflicting evidence),link source page: https://ambimat.com/developer-resources/iso-7816-smart-card-standard/iso-7816-part-3-electronic-signals-and-transmission-protocols/
https://ambimat.com,internal_links/broken_outbound,medium,outbound internal link reported unresolved,,broken_outbound: https://ambimat.com/developer-resources/ -> https://ambimat.com,raw/seo/seo_tracker_reports/report_20260731_112213.json,"reported by the SEO crawler only; the 10:00 site-monitor run recorded broken_internal_links=0 — CONTRADICTORY, preserved",low (conflicting evidence),link source page: https://ambimat.com/developer-resources/
https://ambimat.com,internal_links/broken_outbound,medium,outbound internal link reported unresolved,,broken_outbound: https://ambimat.com/developer-resources/knowledge-base-list-of-apdu-responses/ -> https://ambimat.com,raw/seo/seo_tracker_reports/report_20260731_112213.json,"reported by the SEO crawler only; the 10:00 site-monitor run recorded broken_internal_links=0 — CONTRADICTORY, preserved",low (conflicting evidence),link source page: https://ambimat.com/developer-resources/knowledge-base-list-of-apdu-responses/
https://ambimat.com/categories/ambi-pay,internal_links/broken_outbound,medium,outbound internal link reported unresolved,,broken_outbound: https://ambimat.com/developer-resources/knowledge-base-list-of-apdu-responses/ -> https://ambimat.com/categories/ambi-pay,raw/seo/seo_tracker_reports/report_20260731_112213.json,"reported by the SEO crawler only; the 10:00 site-monitor run recorded broken_internal_links=0 — CONTRADICTORY, preserved",low (conflicting evidence),link source page: https://ambimat.com/developer-resources/knowledge-base-list-of-apdu-responses/
https://ambimat.com,internal_links/broken_outbound,medium,outbound internal link reported unresolved,,broken_outbound: https://ambimat.com/developer-resources/list-of-application-identifiers-aid/ -> https://ambimat.com,raw/seo/seo_tracker_reports/report_20260731_112213.json,"reported by the SEO crawler only; the 10:00 site-monitor run recorded broken_internal_links=0 — CONTRADICTORY, preserved",low (conflicting evidence),link source page: https://ambimat.com/developer-resources/list-of-application-identifiers-aid/
https://ambimat.com,internal_links/broken_outbound,medium,outbound internal link reported unresolved,,broken_outbound: https://ambimat.com/developer-resources/iso-7816-smart-card-standard/ -> https://ambimat.com,raw/seo/seo_tracker_reports/report_20260731_112213.json,"reported by the SEO crawler only; the 10:00 site-monitor run recorded broken_internal_links=0 — CONTRADICTORY, preserved",low (conflicting evidence),link source page: https://ambimat.com/developer-resources/iso-7816-smart-card-standard/
https://ambimat.com,internal_links/broken_outbound,medium,outbound internal link reported unresolved,,broken_outbound: https://ambimat.com/solutions/ambilogistics/ -> https://ambimat.com,raw/seo/seo_tracker_reports/report_20260731_112213.json,"reported by the SEO crawler only; the 10:00 site-monitor run recorded broken_internal_links=0 — CONTRADICTORY, preserved",low (conflicting evidence),link source page: https://ambimat.com/solutions/ambilogistics/
https://ambimat.com,internal_links/broken_outbound,medium,outbound internal link reported unresolved,,broken_outbound: https://ambimat.com/solutions/ -> https://ambimat.com,raw/seo/seo_tracker_reports/report_20260731_112213.json,"reported by the SEO crawler only; the 10:00 site-monitor run recorded broken_internal_links=0 — CONTRADICTORY, preserved",low (conflicting evidence),link source page: https://ambimat.com/solutions/
https://ambimat.com/categories/ambi-logistics/,internal_links/broken_outbound,medium,outbound internal link reported unresolved,,broken_outbound: https://ambimat.com/solutions/ -> https://ambimat.com/categories/ambi-logistics/,raw/seo/seo_tracker_reports/report_20260731_112213.json,"reported by the SEO crawler only; the 10:00 site-monitor run recorded broken_internal_links=0 — CONTRADICTORY, preserved",low (conflicting evidence),link source page: https://ambimat.com/solutions/
https://ambimat.com/categories/powered-card/,internal_links/broken_outbound,medium,outbound internal link reported unresolved,,broken_outbound: https://ambimat.com/solutions/ -> https://ambimat.com/categories/powered-card/,raw/seo/seo_tracker_reports/report_20260731_112213.json,"reported by the SEO crawler only; the 10:00 site-monitor run recorded broken_internal_links=0 — CONTRADICTORY, preserved",low (conflicting evidence),link source page: https://ambimat.com/solutions/
https://ambimat.com,internal_links/broken_outbound,medium,outbound internal link reported unresolved,,broken_outbound: https://ambimat.com/design/design-by-technology/wifi/ -> https://ambimat.com,raw/seo/seo_tracker_reports/report_20260731_112213.json,"reported by the SEO crawler only; the 10:00 site-monitor run recorded broken_internal_links=0 — CONTRADICTORY, preserved",low (conflicting evidence),link source page: https://ambimat.com/design/design-by-technology/wifi/
https://ambimat.com,internal_links/broken_outbound,medium,outbound internal link reported unresolved,,broken_outbound: https://ambimat.com/design/design-by-technology/ethernet/ -> https://ambimat.com,raw/seo/seo_tracker_reports/report_20260731_112213.json,"reported by the SEO crawler only; the 10:00 site-monitor run recorded broken_internal_links=0 — CONTRADICTORY, preserved",low (conflicting evidence),link source page: https://ambimat.com/design/design-by-technology/ethernet/
https://ambimat.com,internal_links/broken_outbound,medium,outbound internal link reported unresolved,,broken_outbound: https://ambimat.com/design/design-services/flexible-printed-circuit-boards-pcbs/ -> https://ambimat.com,raw/seo/seo_tracker_reports/report_20260731_112213.json,"reported by the SEO crawler only; the 10:00 site-monitor run recorded broken_internal_links=0 — CONTRADICTORY, preserved",low (conflicting evidence),link source page: https://ambimat.com/design/design-services/flexible-printed-circuit-boards-pcbs/
https://ambimat.com,internal_links/broken_outbound,medium,outbound internal link reported unresolved,,broken_outbound: https://ambimat.com/design/ambi-iot/smart-homes/ -> https://ambimat.com,raw/seo/seo_tracker_reports/report_20260731_112213.json,"reported by the SEO crawler only; the 10:00 site-monitor run recorded broken_internal_links=0 — CONTRADICTORY, preserved",low (conflicting evidence),link source page: https://ambimat.com/design/ambi-iot/smart-homes/
https://ambimat.com,internal_links/broken_outbound,medium,outbound internal link reported unresolved,,broken_outbound: https://ambimat.com/design/design-by-technology/ -> https://ambimat.com,raw/seo/seo_tracker_reports/report_20260731_112213.json,"reported by the SEO crawler only; the 10:00 site-monitor run recorded broken_internal_links=0 — CONTRADICTORY, preserved",low (conflicting evidence),link source page: https://ambimat.com/design/design-by-technology/
https://ambimat.com/design/design-by-technology/sound/,internal_links/broken_outbound,medium,outbound internal link reported unresolved,,broken_outbound: https://ambimat.com/design/design-by-technology/ -> https://ambimat.com/design/design-by-technology/sound/,raw/seo/seo_tracker_reports/report_20260731_112213.json,"reported by the SEO crawler only; the 10:00 site-monitor run recorded broken_internal_links=0 — CONTRADICTORY, preserved",low (conflicting evidence),link source page: https://ambimat.com/design/design-by-technology/
https://ambimat.com,internal_links/broken_outbound,medium,outbound internal link reported unresolved,,broken_outbound: https://ambimat.com/design/design-services/hardware-design-manufacturing-assembly-and-testing/ -> https://ambimat.com,raw/seo/seo_tracker_reports/report_20260731_112213.json,"reported by the SEO crawler only; the 10:00 site-monitor run recorded broken_internal_links=0 — CONTRADICTORY, preserved",low (conflicting evidence),link source page: https://ambimat.com/design/design-services/hardware-design-manufacturing-assembly-and-testing/
http://ambimat.com/contact/,internal_links/broken_outbound,medium,outbound internal link reported unresolved,,broken_outbound: https://ambimat.com/about/why-ambimat/ -> http://ambimat.com/contact/,raw/seo/seo_tracker_reports/report_20260731_112213.json,"reported by the SEO crawler only; the 10:00 site-monitor run recorded broken_internal_links=0 — CONTRADICTORY, preserved",low (conflicting evidence),link source page: https://ambimat.com/about/why-ambimat/
https://ambimat.com,internal_links/broken_outbound,medium,outbound internal link reported unresolved,,broken_outbound: https://ambimat.com/about/why-ambimat/ -> https://ambimat.com,raw/seo/seo_tracker_reports/report_20260731_112213.json,"reported by the SEO crawler only; the 10:00 site-monitor run recorded broken_internal_links=0 — CONTRADICTORY, preserved",low (conflicting evidence),link source page: https://ambimat.com/about/why-ambimat/
https://ambimat.com/wp-content/uploads/2023/09/Brochure-1.pdf,internal_links/broken_outbound,medium,outbound internal link reported unresolved,,broken_outbound: https://ambimat.com/about/why-ambimat/ -> https://ambimat.com/wp-content/uploads/2023/09/Brochure-1.pdf,raw/seo/seo_tracker_reports/report_20260731_112213.json,"reported by the SEO crawler only; the 10:00 site-monitor run recorded broken_internal_links=0 — CONTRADICTORY, preserved",low (conflicting evidence),link source page: https://ambimat.com/about/why-ambimat/
https://ambimat.com,internal_links/broken_outbound,medium,outbound internal link reported unresolved,,broken_outbound: https://ambimat.com/design/ambi-iot/ -> https://ambimat.com,raw/seo/seo_tracker_reports/report_20260731_112213.json,"reported by the SEO crawler only; the 10:00 site-monitor run recorded broken_internal_links=0 — CONTRADICTORY, preserved",low (conflicting evidence),link source page: https://ambimat.com/design/ambi-iot/
https://ambimat.com/wp-content/uploads/2023/09/Brochure-6.pdf,internal_links/broken_outbound,medium,outbound internal link reported unresolved,,broken_outbound: https://ambimat.com/design/ambi-iot/ -> https://ambimat.com/wp-content/uploads/2023/09/Brochure-6.pdf,raw/seo/seo_tracker_reports/report_20260731_112213.json,"reported by the SEO crawler only; the 10:00 site-monitor run recorded broken_internal_links=0 — CONTRADICTORY, preserved",low (conflicting evidence),link source page: https://ambimat.com/design/ambi-iot/
https://ambimat.com,internal_links/broken_outbound,medium,outbound internal link reported unresolved,,broken_outbound: https://ambimat.com/refund-cancellation-policy/ -> https://ambimat.com,raw/seo/seo_tracker_reports/report_20260731_112213.json,"reported by the SEO crawler only; the 10:00 site-monitor run recorded broken_internal_links=0 — CONTRADICTORY, preserved",low (conflicting evidence),link source page: https://ambimat.com/refund-cancellation-policy/
https://ambimat.com,internal_links/broken_outbound,medium,outbound internal link reported unresolved,,broken_outbound: https://ambimat.com/terms-conditions/ -> https://ambimat.com,raw/seo/seo_tracker_reports/report_20260731_112213.json,"reported by the SEO crawler only; the 10:00 site-monitor run recorded broken_internal_links=0 — CONTRADICTORY, preserved",low (conflicting evidence),link source page: https://ambimat.com/terms-conditions/
https://ambimat.com,internal_links/broken_outbound,medium,outbound internal link reported unresolved,,broken_outbound: https://ambimat.com/privacy-policy/ -> https://ambimat.com,raw/seo/seo_tracker_reports/report_20260731_112213.json,"reported by the SEO crawler only; the 10:00 site-monitor run recorded broken_internal_links=0 — CONTRADICTORY, preserved",low (conflicting evidence),link source page: https://ambimat.com/privacy-policy/
https://ambimat.com,internal_links/broken_outbound,medium,outbound internal link reported unresolved,,broken_outbound: https://ambimat.com/holistic-iot-security-architecture-for-smart%e2%80%91city-street%e2%80%91light-controllers/ -> https://ambimat.com,raw/seo/seo_tracker_reports/report_20260731_112213.json,"reported by the SEO crawler only; the 10:00 site-monitor run recorded broken_internal_links=0 — CONTRADICTORY, preserved",low (conflicting evidence),link source page: https://ambimat.com/holistic-iot-security-architecture-for-smart%e2%80%91city-street%e2%80%91light-controllers/
https://ambimat.com,internal_links/broken_outbound,medium,outbound internal link reported unresolved,,broken_outbound: https://ambimat.com/clients-vendors/ -> https://ambimat.com,raw/seo/seo_tracker_reports/report_20260731_112213.json,"reported by the SEO crawler only; the 10:00 site-monitor run recorded broken_internal_links=0 — CONTRADICTORY, preserved",low (conflicting evidence),link source page: https://ambimat.com/clients-vendors/
https://ambimat.com,internal_links/broken_outbound,medium,outbound internal link reported unresolved,,broken_outbound: https://ambimat.com/about/company-overview/ -> https://ambimat.com,raw/seo/seo_tracker_reports/report_20260731_112213.json,"reported by the SEO crawler only; the 10:00 site-monitor run recorded broken_internal_links=0 — CONTRADICTORY, preserved",low (conflicting evidence),link source page: https://ambimat.com/about/company-overview/
https://ambimat.com/wp-content/uploads/2026/06/Ambimat_Group_Presentation_2026.pdf,internal_links/broken_outbound,medium,outbound internal link reported unresolved,,broken_outbound: https://ambimat.com/about/company-overview/ -> https://ambimat.com/wp-content/uploads/2026/06/Ambimat_Group_Presentation_2026.pdf,raw/seo/seo_tracker_reports/report_20260731_112213.json,"reported by the SEO crawler only; the 10:00 site-monitor run recorded broken_internal_links=0 — CONTRADICTORY, preserved",low (conflicting evidence),link source page: https://ambimat.com/about/company-overview/
https://ambimat.com,internal_links/broken_outbound,medium,outbound internal link reported unresolved,,broken_outbound: https://ambimat.com/ambi-power/ -> https://ambimat.com,raw/seo/seo_tracker_reports/report_20260731_112213.json,"reported by the SEO crawler only; the 10:00 site-monitor run recorded broken_internal_links=0 — CONTRADICTORY, preserved",low (conflicting evidence),link source page: https://ambimat.com/ambi-power/
https://ambimat.com,internal_links/broken_outbound,medium,outbound internal link reported unresolved,,broken_outbound: https://ambimat.com/ambi-con/ -> https://ambimat.com,raw/seo/seo_tracker_reports/report_20260731_112213.json,"reported by the SEO crawler only; the 10:00 site-monitor run recorded broken_internal_links=0 — CONTRADICTORY, preserved",low (conflicting evidence),link source page: https://ambimat.com/ambi-con/
https://ambimat.com,internal_links/broken_outbound,medium,outbound internal link reported unresolved,,broken_outbound: https://ambimat.com/careers/ -> https://ambimat.com,raw/seo/seo_tracker_reports/report_20260731_112213.json,"reported by the SEO crawler only; the 10:00 site-monitor run recorded broken_internal_links=0 — CONTRADICTORY, preserved",low (conflicting evidence),link source page: https://ambimat.com/careers/
https://ambimat.com/design/ambi-iot/ambiiot-medicals/,internal_links/broken_outbound,medium,outbound internal link reported unresolved,,broken_outbound: https://ambimat.com/careers/ -> https://ambimat.com/design/ambi-iot/ambiiot-medicals/,raw/seo/seo_tracker_reports/report_20260731_112213.json,"reported by the SEO crawler only; the 10:00 site-monitor run recorded broken_internal_links=0 — CONTRADICTORY, preserved",low (conflicting evidence),link source page: https://ambimat.com/careers/
https://ambimat.com/design/ambi-iot/digital-receipt-printer/,internal_links/broken_outbound,medium,outbound internal link reported unresolved,,broken_outbound: https://ambimat.com/careers/ -> https://ambimat.com/design/ambi-iot/digital-receipt-printer/,raw/seo/seo_tracker_reports/report_20260731_112213.json,"reported by the SEO crawler only; the 10:00 site-monitor run recorded broken_internal_links=0 — CONTRADICTORY, preserved",low (conflicting evidence),link source page: https://ambimat.com/careers/
https://ambimat.com,internal_links/broken_outbound,medium,outbound internal link reported unresolved,,broken_outbound: https://ambimat.com/success-stories/ -> https://ambimat.com,raw/seo/seo_tracker_reports/report_20260731_112213.json,"reported by the SEO crawler only; the 10:00 site-monitor run recorded broken_internal_links=0 — CONTRADICTORY, preserved",low (conflicting evidence),link source page: https://ambimat.com/success-stories/
https://ambimat.com,internal_links/broken_outbound,medium,outbound internal link reported unresolved,,broken_outbound: https://ambimat.com/design/design-by-technology/nfc-uhf-rfid/ -> https://ambimat.com,raw/seo/seo_tracker_reports/report_20260731_112213.json,"reported by the SEO crawler only; the 10:00 site-monitor run recorded broken_internal_links=0 — CONTRADICTORY, preserved",low (conflicting evidence),link source page: https://ambimat.com/design/design-by-technology/nfc-uhf-rfid/
https://ambimat.com,internal_links/broken_outbound,medium,outbound internal link reported unresolved,,broken_outbound: https://ambimat.com/design/ -> https://ambimat.com,raw/seo/seo_tracker_reports/report_20260731_112213.json,"reported by the SEO crawler only; the 10:00 site-monitor run recorded broken_internal_links=0 — CONTRADICTORY, preserved",low (conflicting evidence),link source page: https://ambimat.com/design/
https://ambimat.com,internal_links/broken_outbound,medium,outbound internal link reported unresolved,,broken_outbound: https://ambimat.com/timeline/ -> https://ambimat.com,raw/seo/seo_tracker_reports/report_20260731_112213.json,"reported by the SEO crawler only; the 10:00 site-monitor run recorded broken_internal_links=0 — CONTRADICTORY, preserved",low (conflicting evidence),link source page: https://ambimat.com/timeline/
https://ambimat.com,internal_links/broken_outbound,medium,outbound internal link reported unresolved,,broken_outbound: https://ambimat.com/design/ambi-iot/smart-watches/ -> https://ambimat.com,raw/seo/seo_tracker_reports/report_20260731_112213.json,"reported by the SEO crawler only; the 10:00 site-monitor run recorded broken_internal_links=0 — CONTRADICTORY, preserved",low (conflicting evidence),link source page: https://ambimat.com/design/ambi-iot/smart-watches/
https://ambimat.com,internal_links/broken_outbound,medium,outbound internal link reported unresolved,,broken_outbound: https://ambimat.com/design/ambi-iot/pubs-and-brewery/ -> https://ambimat.com,raw/seo/seo_tracker_reports/report_20260731_112213.json,"reported by the SEO crawler only; the 10:00 site-monitor run recorded broken_internal_links=0 — CONTRADICTORY, preserved",low (conflicting evidence),link source page: https://ambimat.com/design/ambi-iot/pubs-and-brewery/
https://ambimat.com,internal_links/broken_outbound,medium,outbound internal link reported unresolved,,broken_outbound: https://ambimat.com/design/ambi-iot/robotics/ -> https://ambimat.com,raw/seo/seo_tracker_reports/report_20260731_112213.json,"reported by the SEO crawler only; the 10:00 site-monitor run recorded broken_internal_links=0 — CONTRADICTORY, preserved",low (conflicting evidence),link source page: https://ambimat.com/design/ambi-iot/robotics/
https://ambimat.com,internal_links/broken_outbound,medium,outbound internal link reported unresolved,,broken_outbound: https://ambimat.com/design/ambi-iot/music/ -> https://ambimat.com,raw/seo/seo_tracker_reports/report_20260731_112213.json,"reported by the SEO crawler only; the 10:00 site-monitor run recorded broken_internal_links=0 — CONTRADICTORY, preserved",low (conflicting evidence),link source page: https://ambimat.com/design/ambi-iot/music/
https://ambimat.com,internal_links/broken_outbound,medium,outbound internal link reported unresolved,,broken_outbound: https://ambimat.com/design/ambi-iot/medicals/ -> https://ambimat.com,raw/seo/seo_tracker_reports/report_20260731_112213.json,"reported by the SEO crawler only; the 10:00 site-monitor run recorded broken_internal_links=0 — CONTRADICTORY, preserved",low (conflicting evidence),link source page: https://ambimat.com/design/ambi-iot/medicals/
https://ambimat.com,internal_links/broken_outbound,medium,outbound internal link reported unresolved,,broken_outbound: https://ambimat.com/design/ambi-iot/retail/ -> https://ambimat.com,raw/seo/seo_tracker_reports/report_20260731_112213.json,"reported by the SEO crawler only; the 10:00 site-monitor run recorded broken_internal_links=0 — CONTRADICTORY, preserved",low (conflicting evidence),link source page: https://ambimat.com/design/ambi-iot/retail/
https://ambimat.com,internal_links/broken_outbound,medium,outbound internal link reported unresolved,,broken_outbound: https://ambimat.com/developer-resources/iso-7816-smart-card-standard/iso-7816-part-4-interindustry-commands-for-interchange/ -> https://ambimat.com,raw/seo/seo_tracker_reports/report_20260731_112213.json,"reported by the SEO crawler only; the 10:00 site-monitor run recorded broken_internal_links=0 — CONTRADICTORY, preserved",low (conflicting evidence),link source page: https://ambimat.com/developer-resources/iso-7816-smart-card-standard/iso-7816-part-4-interindustry-commands-for-interchange/
https://ambimat.com,internal_links/broken_outbound,medium,outbound internal link reported unresolved,,broken_outbound: https://ambimat.com/smart-card-standard-iso7816-part-4-section-1-scope/ -> https://ambimat.com,raw/seo/seo_tracker_reports/report_20260731_112213.json,"reported by the SEO crawler only; the 10:00 site-monitor run recorded broken_internal_links=0 — CONTRADICTORY, preserved",low (conflicting evidence),link source page: https://ambimat.com/smart-card-standard-iso7816-part-4-section-1-scope/
https://ambimat.com,internal_links/broken_outbound,medium,outbound internal link reported unresolved,,broken_outbound: https://ambimat.com/smart-card-standard-iso7816-part-4-section-2-normative-references/ -> https://ambimat.com,raw/seo/seo_tracker_reports/report_20260731_112213.json,"reported by the SEO crawler only; the 10:00 site-monitor run recorded broken_internal_links=0 — CONTRADICTORY, preserved",low (conflicting evidence),link source page: https://ambimat.com/smart-card-standard-iso7816-part-4-section-2-normative-references/
https://ambimat.com,internal_links/broken_outbound,medium,outbound internal link reported unresolved,,broken_outbound: https://ambimat.com/smart-card-standard-iso7816-part-4-section-3-definitions/ -> https://ambimat.com,raw/seo/seo_tracker_reports/report_20260731_112213.json,"reported by the SEO crawler only; the 10:00 site-monitor run recorded broken_internal_links=0 — CONTRADICTORY, preserved",low (conflicting evidence),link source page: https://ambimat.com/smart-card-standard-iso7816-part-4-section-3-definitions/
https://ambimat.com,internal_links/broken_outbound,medium,outbound internal link reported unresolved,,broken_outbound: https://ambimat.com/smart-card-standard-iso7816-part-4-section-4-abbreviations-and-notation/ -> https://ambimat.com,raw/seo/seo_tracker_reports/report_20260731_112213.json,"reported by the SEO crawler only; the 10:00 site-monitor run recorded broken_internal_links=0 — CONTRADICTORY, preserved",low (conflicting evidence),link source page: https://ambimat.com/smart-card-standard-iso7816-part-4-section-4-abbreviations-and-notation/
https://ambimat.com,internal_links/broken_outbound,medium,outbound internal link reported unresolved,,broken_outbound: https://ambimat.com/section-6-basic-interindustry-commands/ -> https://ambimat.com,raw/seo/seo_tracker_reports/report_20260731_112213.json,"reported by the SEO crawler only; the 10:00 site-monitor run recorded broken_internal_links=0 — CONTRADICTORY, preserved",low (conflicting evidence),link source page: https://ambimat.com/section-6-basic-interindustry-commands/
https://ambimat.com,internal_links/broken_outbound,medium,outbound internal link reported unresolved,,broken_outbound: https://ambimat.com/section-7-transmission-oriented-interindustry-commands/ -> https://ambimat.com,raw/seo/seo_tracker_reports/report_20260731_112213.json,"reported by the SEO crawler only; the 10:00 site-monitor run recorded broken_internal_links=0 — CONTRADICTORY, preserved",low (conflicting evidence),link source page: https://ambimat.com/section-7-transmission-oriented-interindustry-commands/
https://ambimat.com,internal_links/broken_outbound,medium,outbound internal link reported unresolved,,broken_outbound: https://ambimat.com/section-8-historical-bytes/ -> https://ambimat.com,raw/seo/seo_tracker_reports/report_20260731_112213.json,"reported by the SEO crawler only; the 10:00 site-monitor run recorded broken_internal_links=0 — CONTRADICTORY, preserved",low (conflicting evidence),link source page: https://ambimat.com/section-8-historical-bytes/
https://ambimat.com,internal_links/broken_outbound,medium,outbound internal link reported unresolved,,broken_outbound: https://ambimat.com/section-9-application-independent-card-services/ -> https://ambimat.com,raw/seo/seo_tracker_reports/report_20260731_112213.json,"reported by the SEO crawler only; the 10:00 site-monitor run recorded broken_internal_links=0 — CONTRADICTORY, preserved",low (conflicting evidence),link source page: https://ambimat.com/section-9-application-independent-card-services/
https://ambimat.com,internal_links/broken_outbound,medium,outbound internal link reported unresolved,,broken_outbound: https://ambimat.com/annex-a-transportation-of-apdu-messages-by-t0/ -> https://ambimat.com,raw/seo/seo_tracker_reports/report_20260731_112213.json,"reported by the SEO crawler only; the 10:00 site-monitor run recorded broken_internal_links=0 — CONTRADICTORY, preserved",low (conflicting evidence),link source page: https://ambimat.com/annex-a-transportation-of-apdu-messages-by-t0/
https://ambimat.com,internal_links/broken_outbound,medium,outbound internal link reported unresolved,,broken_outbound: https://ambimat.com/annex-b-transportation-of-apdu-messages-by-t1/ -> https://ambimat.com,raw/seo/seo_tracker_reports/report_20260731_112213.json,"reported by the SEO crawler only; the 10:00 site-monitor run recorded broken_internal_links=0 — CONTRADICTORY, preserved",low (conflicting evidence),link source page: https://ambimat.com/annex-b-transportation-of-apdu-messages-by-t1/
https://ambimat.com,internal_links/broken_outbound,medium,outbound internal link reported unresolved,,broken_outbound: https://ambimat.com/iso7816-4-annex-c-record-pointer-management/ -> https://ambimat.com,raw/seo/seo_tracker_reports/report_20260731_112213.json,"reported by the SEO crawler only; the 10:00 site-monitor run recorded broken_internal_links=0 — CONTRADICTORY, preserved",low (conflicting evidence),link source page: https://ambimat.com/iso7816-4-annex-c-record-pointer-management/
https://ambimat.com,internal_links/broken_outbound,medium,outbound internal link reported unresolved,,broken_outbound: https://ambimat.com/annex-d-use-of-basic-encoding-rules-asn-1/ -> https://ambimat.com,raw/seo/seo_tracker_reports/report_20260731_112213.json,"reported by the SEO crawler only; the 10:00 site-monitor run recorded broken_internal_links=0 — CONTRADICTORY, preserved",low (conflicting evidence),link source page: https://ambimat.com/annex-d-use-of-basic-encoding-rules-asn-1/
https://ambimat.com,internal_links/broken_outbound,medium,outbound internal link reported unresolved,,broken_outbound: https://ambimat.com/iso-7816-4-annex-e-examples-of-card-profiles/ -> https://ambimat.com,raw/seo/seo_tracker_reports/report_20260731_112213.json,"reported by the SEO crawler only; the 10:00 site-monitor run recorded broken_internal_links=0 — CONTRADICTORY, preserved",low (conflicting evidence),link source page: https://ambimat.com/iso-7816-4-annex-e-examples-of-card-profiles/
https://ambimat.com,internal_links/broken_outbound,medium,outbound internal link reported unresolved,,broken_outbound: https://ambimat.com/iso-7816-4-annex-f-use-of-secure-messaging/ -> https://ambimat.com,raw/seo/seo_tracker_reports/report_20260731_112213.json,"reported by the SEO crawler only; the 10:00 site-monitor run recorded broken_internal_links=0 — CONTRADICTORY, preserved",low (conflicting evidence),link source page: https://ambimat.com/iso-7816-4-annex-f-use-of-secure-messaging/
https://ambimat.com,internal_links/broken_outbound,medium,outbound internal link reported unresolved,,broken_outbound: https://ambimat.com/by-industry/ -> https://ambimat.com,raw/seo/seo_tracker_reports/report_20260731_112213.json,"reported by the SEO crawler only; the 10:00 site-monitor run recorded broken_internal_links=0 — CONTRADICTORY, preserved",low (conflicting evidence),link source page: https://ambimat.com/by-industry/
https://ambimat.com/categories/ambi-logistics/,internal_links/broken_outbound,medium,outbound internal link reported unresolved,,broken_outbound: https://ambimat.com/by-industry/ -> https://ambimat.com/categories/ambi-logistics/,raw/seo/seo_tracker_reports/report_20260731_112213.json,"reported by the SEO crawler only; the 10:00 site-monitor run recorded broken_internal_links=0 — CONTRADICTORY, preserved",low (conflicting evidence),link source page: https://ambimat.com/by-industry/
https://ambimat.com/categories/powered-card/,internal_links/broken_outbound,medium,outbound internal link reported unresolved,,broken_outbound: https://ambimat.com/by-industry/ -> https://ambimat.com/categories/powered-card/,raw/seo/seo_tracker_reports/report_20260731_112213.json,"reported by the SEO crawler only; the 10:00 site-monitor run recorded broken_internal_links=0 — CONTRADICTORY, preserved",low (conflicting evidence),link source page: https://ambimat.com/by-industry/
https://ambimat.com,internal_links/broken_outbound,medium,outbound internal link reported unresolved,,broken_outbound: https://ambimat.com/by-technologies/ -> https://ambimat.com,raw/seo/seo_tracker_reports/report_20260731_112213.json,"reported by the SEO crawler only; the 10:00 site-monitor run recorded broken_internal_links=0 — CONTRADICTORY, preserved",low (conflicting evidence),link source page: https://ambimat.com/by-technologies/
https://ambimat.com/categories/ambi-logistics/,internal_links/broken_outbound,medium,outbound internal link reported unresolved,,broken_outbound: https://ambimat.com/by-technologies/ -> https://ambimat.com/categories/ambi-logistics/,raw/seo/seo_tracker_reports/report_20260731_112213.json,"reported by the SEO crawler only; the 10:00 site-monitor run recorded broken_internal_links=0 — CONTRADICTORY, preserved",low (conflicting evidence),link source page: https://ambimat.com/by-technologies/
https://ambimat.com/categories/powered-card/,internal_links/broken_outbound,medium,outbound internal link reported unresolved,,broken_outbound: https://ambimat.com/by-technologies/ -> https://ambimat.com/categories/powered-card/,raw/seo/seo_tracker_reports/report_20260731_112213.json,"reported by the SEO crawler only; the 10:00 site-monitor run recorded broken_internal_links=0 — CONTRADICTORY, preserved",low (conflicting evidence),link source page: https://ambimat.com/by-technologies/
https://ambimat.com,internal_links/broken_outbound,medium,outbound internal link reported unresolved,,broken_outbound: https://ambimat.com/section-5-basic-organizations/ -> https://ambimat.com,raw/seo/seo_tracker_reports/report_20260731_112213.json,"reported by the SEO crawler only; the 10:00 site-monitor run recorded broken_internal_links=0 — CONTRADICTORY, preserved",low (conflicting evidence),link source page: https://ambimat.com/section-5-basic-organizations/
https://ambimat.com,internal_links/broken_outbound,medium,outbound internal link reported unresolved,,broken_outbound: https://ambimat.com/f1tenth/ -> https://ambimat.com,raw/seo/seo_tracker_reports/report_20260731_112213.json,"reported by the SEO crawler only; the 10:00 site-monitor run recorded broken_internal_links=0 — CONTRADICTORY, preserved",low (conflicting evidence),link source page: https://ambimat.com/f1tenth/
https://ambimat.com/wp-content/uploads/2024/04/F1Tenth-Power-Board-Files.zip,internal_links/broken_outbound,medium,outbound internal link reported unresolved,,broken_outbound: https://ambimat.com/f1tenth/ -> https://ambimat.com/wp-content/uploads/2024/04/F1Tenth-Power-Board-Files.zip,raw/seo/seo_tracker_reports/report_20260731_112213.json,"reported by the SEO crawler only; the 10:00 site-monitor run recorded broken_internal_links=0 — CONTRADICTORY, preserved",low (conflicting evidence),link source page: https://ambimat.com/f1tenth/
https://ambimat.com/wp-content/uploads/2024/04/Power-Board-User-Manual.pdf,internal_links/broken_outbound,medium,outbound internal link reported unresolved,,broken_outbound: https://ambimat.com/f1tenth/ -> https://ambimat.com/wp-content/uploads/2024/04/Power-Board-User-Manual.pdf,raw/seo/seo_tracker_reports/report_20260731_112213.json,"reported by the SEO crawler only; the 10:00 site-monitor run recorded broken_internal_links=0 — CONTRADICTORY, preserved",low (conflicting evidence),link source page: https://ambimat.com/f1tenth/
https://ambimat.com,internal_links/broken_outbound,medium,outbound internal link reported unresolved,,broken_outbound: https://ambimat.com/timeline/1987/ -> https://ambimat.com,raw/seo/seo_tracker_reports/report_20260731_112213.json,"reported by the SEO crawler only; the 10:00 site-monitor run recorded broken_internal_links=0 — CONTRADICTORY, preserved",low (conflicting evidence),link source page: https://ambimat.com/timeline/1987/
https://ambimat.com,internal_links/broken_outbound,medium,outbound internal link reported unresolved,,broken_outbound: https://ambimat.com/timeline/1990/ -> https://ambimat.com,raw/seo/seo_tracker_reports/report_20260731_112213.json,"reported by the SEO crawler only; the 10:00 site-monitor run recorded broken_internal_links=0 — CONTRADICTORY, preserved",low (conflicting evidence),link source page: https://ambimat.com/timeline/1990/
https://ambimat.com,internal_links/broken_outbound,medium,outbound internal link reported unresolved,,broken_outbound: https://ambimat.com/timeline/2008/ -> https://ambimat.com,raw/seo/seo_tracker_reports/report_20260731_112213.json,"reported by the SEO crawler only; the 10:00 site-monitor run recorded broken_internal_links=0 — CONTRADICTORY, preserved",low (conflicting evidence),link source page: https://ambimat.com/timeline/2008/
https://ambimat.com,internal_links/broken_outbound,medium,outbound internal link reported unresolved,,broken_outbound: https://ambimat.com/timeline/2015/ -> https://ambimat.com,raw/seo/seo_tracker_reports/report_20260731_112213.json,"reported by the SEO crawler only; the 10:00 site-monitor run recorded broken_internal_links=0 — CONTRADICTORY, preserved",low (conflicting evidence),link source page: https://ambimat.com/timeline/2015/
https://ambimat.com,internal_links/broken_outbound,medium,outbound internal link reported unresolved,,broken_outbound: https://ambimat.com/timeline/1981/ -> https://ambimat.com,raw/seo/seo_tracker_reports/report_20260731_112213.json,"reported by the SEO crawler only; the 10:00 site-monitor run recorded broken_internal_links=0 — CONTRADICTORY, preserved",low (conflicting evidence),link source page: https://ambimat.com/timeline/1981/
https://ambimat.com,internal_links/broken_outbound,medium,outbound internal link reported unresolved,,broken_outbound: https://ambimat.com/timeline/1982/ -> https://ambimat.com,raw/seo/seo_tracker_reports/report_20260731_112213.json,"reported by the SEO crawler only; the 10:00 site-monitor run recorded broken_internal_links=0 — CONTRADICTORY, preserved",low (conflicting evidence),link source page: https://ambimat.com/timeline/1982/
https://ambimat.com,internal_links/broken_outbound,medium,outbound internal link reported unresolved,,broken_outbound: https://ambimat.com/timeline/1983/ -> https://ambimat.com,raw/seo/seo_tracker_reports/report_20260731_112213.json,"reported by the SEO crawler only; the 10:00 site-monitor run recorded broken_internal_links=0 — CONTRADICTORY, preserved",low (conflicting evidence),link source page: https://ambimat.com/timeline/1983/
https://ambimat.com,internal_links/broken_outbound,medium,outbound internal link reported unresolved,,broken_outbound: https://ambimat.com/timeline/1984/ -> https://ambimat.com,raw/seo/seo_tracker_reports/report_20260731_112213.json,"reported by the SEO crawler only; the 10:00 site-monitor run recorded broken_internal_links=0 — CONTRADICTORY, preserved",low (conflicting evidence),link source page: https://ambimat.com/timeline/1984/
https://ambimat.com,internal_links/broken_outbound,medium,outbound internal link reported unresolved,,broken_outbound: https://ambimat.com/timeline/1986/ -> https://ambimat.com,raw/seo/seo_tracker_reports/report_20260731_112213.json,"reported by the SEO crawler only; the 10:00 site-monitor run recorded broken_internal_links=0 — CONTRADICTORY, preserved",low (conflicting evidence),link source page: https://ambimat.com/timeline/1986/
https://ambimat.com,internal_links/broken_outbound,medium,outbound internal link reported unresolved,,broken_outbound: https://ambimat.com/timeline/1988/ -> https://ambimat.com,raw/seo/seo_tracker_reports/report_20260731_112213.json,"reported by the SEO crawler only; the 10:00 site-monitor run recorded broken_internal_links=0 — CONTRADICTORY, preserved",low (conflicting evidence),link source page: https://ambimat.com/timeline/1988/
https://ambimat.com,internal_links/broken_outbound,medium,outbound internal link reported unresolved,,broken_outbound: https://ambimat.com/timeline/1989/ -> https://ambimat.com,raw/seo/seo_tracker_reports/report_20260731_112213.json,"reported by the SEO crawler only; the 10:00 site-monitor run recorded broken_internal_links=0 — CONTRADICTORY, preserved",low (conflicting evidence),link source page: https://ambimat.com/timeline/1989/
https://ambimat.com,internal_links/broken_outbound,medium,outbound internal link reported unresolved,,broken_outbound: https://ambimat.com/timeline/1992/ -> https://ambimat.com,raw/seo/seo_tracker_reports/report_20260731_112213.json,"reported by the SEO crawler only; the 10:00 site-monitor run recorded broken_internal_links=0 — CONTRADICTORY, preserved",low (conflicting evidence),link source page: https://ambimat.com/timeline/1992/
https://ambimat.com,internal_links/broken_outbound,medium,outbound internal link reported unresolved,,broken_outbound: https://ambimat.com/timeline/1993/ -> https://ambimat.com,raw/seo/seo_tracker_reports/report_20260731_112213.json,"reported by the SEO crawler only; the 10:00 site-monitor run recorded broken_internal_links=0 — CONTRADICTORY, preserved",low (conflicting evidence),link source page: https://ambimat.com/timeline/1993/
https://ambimat.com,internal_links/broken_outbound,medium,outbound internal link reported unresolved,,broken_outbound: https://ambimat.com/timeline/1994/ -> https://ambimat.com,raw/seo/seo_tracker_reports/report_20260731_112213.json,"reported by the SEO crawler only; the 10:00 site-monitor run recorded broken_internal_links=0 — CONTRADICTORY, preserved",low (conflicting evidence),link source page: https://ambimat.com/timeline/1994/
https://ambimat.com,internal_links/broken_outbound,medium,outbound internal link reported unresolved,,broken_outbound: https://ambimat.com/timeline/1995/ -> https://ambimat.com,raw/seo/seo_tracker_reports/report_20260731_112213.json,"reported by the SEO crawler only; the 10:00 site-monitor run recorded broken_internal_links=0 — CONTRADICTORY, preserved",low (conflicting evidence),link source page: https://ambimat.com/timeline/1995/
https://ambimat.com,internal_links/broken_outbound,medium,outbound internal link reported unresolved,,broken_outbound: https://ambimat.com/timeline/2000/ -> https://ambimat.com,raw/seo/seo_tracker_reports/report_20260731_112213.json,"reported by the SEO crawler only; the 10:00 site-monitor run recorded broken_internal_links=0 — CONTRADICTORY, preserved",low (conflicting evidence),link source page: https://ambimat.com/timeline/2000/
https://ambimat.com,internal_links/broken_outbound,medium,outbound internal link reported unresolved,,broken_outbound: https://ambimat.com/timeline/2002/ -> https://ambimat.com,raw/seo/seo_tracker_reports/report_20260731_112213.json,"reported by the SEO crawler only; the 10:00 site-monitor run recorded broken_internal_links=0 — CONTRADICTORY, preserved",low (conflicting evidence),link source page: https://ambimat.com/timeline/2002/
https://ambimat.com,internal_links/broken_outbound,medium,outbound internal link reported unresolved,,broken_outbound: https://ambimat.com/timeline/2005/ -> https://ambimat.com,raw/seo/seo_tracker_reports/report_20260731_112213.json,"reported by the SEO crawler only; the 10:00 site-monitor run recorded broken_internal_links=0 — CONTRADICTORY, preserved",low (conflicting evidence),link source page: https://ambimat.com/timeline/2005/
https://ambimat.com,internal_links/broken_outbound,medium,outbound internal link reported unresolved,,broken_outbound: https://ambimat.com/timeline/2010/ -> https://ambimat.com,raw/seo/seo_tracker_reports/report_20260731_112213.json,"reported by the SEO crawler only; the 10:00 site-monitor run recorded broken_internal_links=0 — CONTRADICTORY, preserved",low (conflicting evidence),link source page: https://ambimat.com/timeline/2010/
https://ambimat.com,internal_links/broken_outbound,medium,outbound internal link reported unresolved,,broken_outbound: https://ambimat.com/timeline/2013/ -> https://ambimat.com,raw/seo/seo_tracker_reports/report_20260731_112213.json,"reported by the SEO crawler only; the 10:00 site-monitor run recorded broken_internal_links=0 — CONTRADICTORY, preserved",low (conflicting evidence),link source page: https://ambimat.com/timeline/2013/
https://ambimat.com,internal_links/broken_outbound,medium,outbound internal link reported unresolved,,broken_outbound: https://ambimat.com/timeline/2018/ -> https://ambimat.com,raw/seo/seo_tracker_reports/report_20260731_112213.json,"reported by the SEO crawler only; the 10:00 site-monitor run recorded broken_internal_links=0 — CONTRADICTORY, preserved",low (conflicting evidence),link source page: https://ambimat.com/timeline/2018/
https://ambimat.com,internal_links/broken_outbound,medium,outbound internal link reported unresolved,,broken_outbound: https://ambimat.com/timeline/2019/ -> https://ambimat.com,raw/seo/seo_tracker_reports/report_20260731_112213.json,"reported by the SEO crawler only; the 10:00 site-monitor run recorded broken_internal_links=0 — CONTRADICTORY, preserved",low (conflicting evidence),link source page: https://ambimat.com/timeline/2019/
https://ambimat.com,internal_links/broken_outbound,medium,outbound internal link reported unresolved,,broken_outbound: https://ambimat.com/timeline/2017/ -> https://ambimat.com,raw/seo/seo_tracker_reports/report_20260731_112213.json,"reported by the SEO crawler only; the 10:00 site-monitor run recorded broken_internal_links=0 — CONTRADICTORY, preserved",low (conflicting evidence),link source page: https://ambimat.com/timeline/2017/
https://ambimat.com,internal_links/broken_outbound,medium,outbound internal link reported unresolved,,broken_outbound: https://ambimat.com/timeline/2016/ -> https://ambimat.com,raw/seo/seo_tracker_reports/report_20260731_112213.json,"reported by the SEO crawler only; the 10:00 site-monitor run recorded broken_internal_links=0 — CONTRADICTORY, preserved",low (conflicting evidence),link source page: https://ambimat.com/timeline/2016/
https://ambimat.com,internal_links/broken_outbound,medium,outbound internal link reported unresolved,,broken_outbound: https://ambimat.com/timeline/2014/ -> https://ambimat.com,raw/seo/seo_tracker_reports/report_20260731_112213.json,"reported by the SEO crawler only; the 10:00 site-monitor run recorded broken_internal_links=0 — CONTRADICTORY, preserved",low (conflicting evidence),link source page: https://ambimat.com/timeline/2014/
https://ambimat.com,internal_links/broken_outbound,medium,outbound internal link reported unresolved,,broken_outbound: https://ambimat.com/timeline/2011/ -> https://ambimat.com,raw/seo/seo_tracker_reports/report_20260731_112213.json,"reported by the SEO crawler only; the 10:00 site-monitor run recorded broken_internal_links=0 — CONTRADICTORY, preserved",low (conflicting evidence),link source page: https://ambimat.com/timeline/2011/
https://ambimat.com,internal_links/broken_outbound,medium,outbound internal link reported unresolved,,broken_outbound: https://ambimat.com/timeline/2020/ -> https://ambimat.com,raw/seo/seo_tracker_reports/report_20260731_112213.json,"reported by the SEO crawler only; the 10:00 site-monitor run recorded broken_internal_links=0 — CONTRADICTORY, preserved",low (conflicting evidence),link source page: https://ambimat.com/timeline/2020/
https://ambimat.com,internal_links/broken_outbound,medium,outbound internal link reported unresolved,,broken_outbound: https://ambimat.com/success-stories/ -> https://ambimat.com,raw/seo/seo_tracker_reports/report_20260731_112213.json,"reported by the SEO crawler only; the 10:00 site-monitor run recorded broken_internal_links=0 — CONTRADICTORY, preserved",low (conflicting evidence),link source page: https://ambimat.com/success-stories/
https://ambimat.com,internal_links/broken_outbound,medium,outbound internal link reported unresolved,,broken_outbound: https://ambimat.com/success-stories/hvac-systems/ -> https://ambimat.com,raw/seo/seo_tracker_reports/report_20260731_112213.json,"reported by the SEO crawler only; the 10:00 site-monitor run recorded broken_internal_links=0 — CONTRADICTORY, preserved",low (conflicting evidence),link source page: https://ambimat.com/success-stories/hvac-systems/
https://ambimat.com,internal_links/broken_outbound,medium,outbound internal link reported unresolved,,broken_outbound: https://ambimat.com/success-stories/manufacturing/ -> https://ambimat.com,raw/seo/seo_tracker_reports/report_20260731_112213.json,"reported by the SEO crawler only; the 10:00 site-monitor run recorded broken_internal_links=0 — CONTRADICTORY, preserved",low (conflicting evidence),link source page: https://ambimat.com/success-stories/manufacturing/
https://ambimat.com,internal_links/broken_outbound,medium,outbound internal link reported unresolved,,broken_outbound: https://ambimat.com/success-stories/power-grid-and-utilities/ -> https://ambimat.com,raw/seo/seo_tracker_reports/report_20260731_112213.json,"reported by the SEO crawler only; the 10:00 site-monitor run recorded broken_internal_links=0 — CONTRADICTORY, preserved",low (conflicting evidence),link source page: https://ambimat.com/success-stories/power-grid-and-utilities/
https://ambimat.com,internal_links/broken_outbound,medium,outbound internal link reported unresolved,,broken_outbound: https://ambimat.com/success-stories/education-microprocessor-trainer-i-f-board/ -> https://ambimat.com,raw/seo/seo_tracker_reports/report_20260731_112213.json,"reported by the SEO crawler only; the 10:00 site-monitor run recorded broken_internal_links=0 — CONTRADICTORY, preserved",low (conflicting evidence),link source page: https://ambimat.com/success-stories/education-microprocessor-trainer-i-f-board/
https://ambimat.com,internal_links/broken_outbound,medium,outbound internal link reported unresolved,,broken_outbound: https://ambimat.com/category/general/ -> https://ambimat.com,raw/seo/seo_tracker_reports/report_20260731_112213.json,"reported by the SEO crawler only; the 10:00 site-monitor run recorded broken_internal_links=0 — CONTRADICTORY, preserved",low (conflicting evidence),link source page: https://ambimat.com/category/general/
https://ambimat.com/category/general/page/10/,internal_links/broken_outbound,medium,outbound internal link reported unresolved,,broken_outbound: https://ambimat.com/category/general/ -> https://ambimat.com/category/general/page/10/,raw/seo/seo_tracker_reports/report_20260731_112213.json,"reported by the SEO crawler only; the 10:00 site-monitor run recorded broken_internal_links=0 — CONTRADICTORY, preserved",low (conflicting evidence),link source page: https://ambimat.com/category/general/
https://ambimat.com/category/general/page/2/,internal_links/broken_outbound,medium,outbound internal link reported unresolved,,broken_outbound: https://ambimat.com/category/general/ -> https://ambimat.com/category/general/page/2/,raw/seo/seo_tracker_reports/report_20260731_112213.json,"reported by the SEO crawler only; the 10:00 site-monitor run recorded broken_internal_links=0 — CONTRADICTORY, preserved",low (conflicting evidence),link source page: https://ambimat.com/category/general/
https://ambimat.com,internal_links/broken_outbound,medium,outbound internal link reported unresolved,,broken_outbound: https://ambimat.com/category/uncategorized/ -> https://ambimat.com,raw/seo/seo_tracker_reports/report_20260731_112213.json,"reported by the SEO crawler only; the 10:00 site-monitor run recorded broken_internal_links=0 — CONTRADICTORY, preserved",low (conflicting evidence),link source page: https://ambimat.com/category/uncategorized/
https://ambimat.com,internal_links/broken_outbound,medium,outbound internal link reported unresolved,,broken_outbound: https://ambimat.com/tag/lte-m/ -> https://ambimat.com,raw/seo/seo_tracker_reports/report_20260731_112213.json,"reported by the SEO crawler only; the 10:00 site-monitor run recorded broken_internal_links=0 — CONTRADICTORY, preserved",low (conflicting evidence),link source page: https://ambimat.com/tag/lte-m/
https://ambimat.com,internal_links/broken_outbound,medium,outbound internal link reported unresolved,,broken_outbound: https://ambimat.com/tag/street-lighting/ -> https://ambimat.com,raw/seo/seo_tracker_reports/report_20260731_112213.json,"reported by the SEO crawler only; the 10:00 site-monitor run recorded broken_internal_links=0 — CONTRADICTORY, preserved",low (conflicting evidence),link source page: https://ambimat.com/tag/street-lighting/
https://ambimat.com,internal_links/broken_outbound,medium,outbound internal link reported unresolved,,broken_outbound: https://ambimat.com/tag/payment-processing/ -> https://ambimat.com,raw/seo/seo_tracker_reports/report_20260731_112213.json,"reported by the SEO crawler only; the 10:00 site-monitor run recorded broken_internal_links=0 — CONTRADICTORY, preserved",low (conflicting evidence),link source page: https://ambimat.com/tag/payment-processing/
https://ambimat.com,internal_links/broken_outbound,medium,outbound internal link reported unresolved,,broken_outbound: https://ambimat.com/tag/industrialiot/ -> https://ambimat.com,raw/seo/seo_tracker_reports/report_20260731_112213.json,"reported by the SEO crawler only; the 10:00 site-monitor run recorded broken_internal_links=0 — CONTRADICTORY, preserved",low (conflicting evidence),link source page: https://ambimat.com/tag/industrialiot/
https://ambimat.com,internal_links/broken_outbound,medium,outbound internal link reported unresolved,,broken_outbound: https://ambimat.com/tag/communication-protocol/ -> https://ambimat.com,raw/seo/seo_tracker_reports/report_20260731_112213.json,"reported by the SEO crawler only; the 10:00 site-monitor run recorded broken_internal_links=0 — CONTRADICTORY, preserved",low (conflicting evidence),link source page: https://ambimat.com/tag/communication-protocol/
https://ambimat.com,internal_links/broken_outbound,medium,outbound internal link reported unresolved,,broken_outbound: https://ambimat.com/tag/secure/ -> https://ambimat.com,raw/seo/seo_tracker_reports/report_20260731_112213.json,"reported by the SEO crawler only; the 10:00 site-monitor run recorded broken_internal_links=0 — CONTRADICTORY, preserved",low (conflicting evidence),link source page: https://ambimat.com/tag/secure/
https://ambimat.com,internal_links/broken_outbound,medium,outbound internal link reported unresolved,,broken_outbound: https://ambimat.com/tag/social-attacks/ -> https://ambimat.com,raw/seo/seo_tracker_reports/report_20260731_112213.json,"reported by the SEO crawler only; the 10:00 site-monitor run recorded broken_internal_links=0 — CONTRADICTORY, preserved",low (conflicting evidence),link source page: https://ambimat.com/tag/social-attacks/
https://ambimat.com,internal_links/broken_outbound,medium,outbound internal link reported unresolved,,broken_outbound: https://ambimat.com/tag/iot-replay-protection/ -> https://ambimat.com,raw/seo/seo_tracker_reports/report_20260731_112213.json,"reported by the SEO crawler only; the 10:00 site-monitor run recorded broken_internal_links=0 — CONTRADICTORY, preserved",low (conflicting evidence),link source page: https://ambimat.com/tag/iot-replay-protection/
https://ambimat.com,internal_links/broken_outbound,medium,outbound internal link reported unresolved,,broken_outbound: https://ambimat.com/tag/sigfox/ -> https://ambimat.com,raw/seo/seo_tracker_reports/report_20260731_112213.json,"reported by the SEO crawler only; the 10:00 site-monitor run recorded broken_internal_links=0 — CONTRADICTORY, preserved",low (conflicting evidence),link source page: https://ambimat.com/tag/sigfox/
https://ambimat.com,internal_links/broken_outbound,medium,outbound internal link reported unresolved,,broken_outbound: https://ambimat.com/tag/led/ -> https://ambimat.com,raw/seo/seo_tracker_reports/report_20260731_112213.json,"reported by the SEO crawler only; the 10:00 site-monitor run recorded broken_internal_links=0 — CONTRADICTORY, preserved",low (conflicting evidence),link source page: https://ambimat.com/tag/led/
https://ambimat.com,internal_links/broken_outbound,medium,outbound internal link reported unresolved,,broken_outbound: https://ambimat.com/tag/fintech/ -> https://ambimat.com,raw/seo/seo_tracker_reports/report_20260731_112213.json,"reported by the SEO crawler only; the 10:00 site-monitor run recorded broken_internal_links=0 — CONTRADICTORY, preserved",low (conflicting evidence),link source page: https://ambimat.com/tag/fintech/
https://ambimat.com,internal_links/broken_outbound,medium,outbound internal link reported unresolved,,broken_outbound: https://ambimat.com/tag/telecommunications/ -> https://ambimat.com,raw/seo/seo_tracker_reports/report_20260731_112213.json,"reported by the SEO crawler only; the 10:00 site-monitor run recorded broken_internal_links=0 — CONTRADICTORY, preserved",low (conflicting evidence),link source page: https://ambimat.com/tag/telecommunications/
https://ambimat.com,internal_links/broken_outbound,medium,outbound internal link reported unresolved,,broken_outbound: https://ambimat.com/tag/wide-spectrum/ -> https://ambimat.com,raw/seo/seo_tracker_reports/report_20260731_112213.json,"reported by the SEO crawler only; the 10:00 site-monitor run recorded broken_internal_links=0 — CONTRADICTORY, preserved",low (conflicting evidence),link source page: https://ambimat.com/tag/wide-spectrum/
https://ambimat.com,internal_links/broken_outbound,medium,outbound internal link reported unresolved,,broken_outbound: https://ambimat.com/tag/mqtt/ -> https://ambimat.com,raw/seo/seo_tracker_reports/report_20260731_112213.json,"reported by the SEO crawler only; the 10:00 site-monitor run recorded broken_internal_links=0 — CONTRADICTORY, preserved",low (conflicting evidence),link source page: https://ambimat.com/tag/mqtt/
https://ambimat.com,internal_links/broken_outbound,medium,outbound internal link reported unresolved,,broken_outbound: https://ambimat.com/tag/remote-worker/ -> https://ambimat.com,raw/seo/seo_tracker_reports/report_20260731_112213.json,"reported by the SEO crawler only; the 10:00 site-monitor run recorded broken_internal_links=0 — CONTRADICTORY, preserved",low (conflicting evidence),link source page: https://ambimat.com/tag/remote-worker/
https://ambimat.com,internal_links/broken_outbound,medium,outbound internal link reported unresolved,,broken_outbound: https://ambimat.com/tag/secure-iot-commissioning/ -> https://ambimat.com,raw/seo/seo_tracker_reports/report_20260731_112213.json,"reported by the SEO crawler only; the 10:00 site-monitor run recorded broken_internal_links=0 — CONTRADICTORY, preserved",low (conflicting evidence),link source page: https://ambimat.com/tag/secure-iot-commissioning/
https://ambimat.com,internal_links/broken_outbound,medium,outbound internal link reported unresolved,,broken_outbound: https://ambimat.com/tag/iot/ -> https://ambimat.com,raw/seo/seo_tracker_reports/report_20260731_112213.json,"reported by the SEO crawler only; the 10:00 site-monitor run recorded broken_internal_links=0 — CONTRADICTORY, preserved",low (conflicting evidence),link source page: https://ambimat.com/tag/iot/
https://ambimat.com,internal_links/broken_outbound,medium,outbound internal link reported unresolved,,broken_outbound: https://ambimat.com/tag/fare-collection-systems/ -> https://ambimat.com,raw/seo/seo_tracker_reports/report_20260731_112213.json,"reported by the SEO crawler only; the 10:00 site-monitor run recorded broken_internal_links=0 — CONTRADICTORY, preserved",low (conflicting evidence),link source page: https://ambimat.com/tag/fare-collection-systems/
https://ambimat.com,internal_links/broken_outbound,medium,outbound internal link reported unresolved,,broken_outbound: https://ambimat.com/tag/covid19/ -> https://ambimat.com,raw/seo/seo_tracker_reports/report_20260731_112213.json,"reported by the SEO crawler only; the 10:00 site-monitor run recorded broken_internal_links=0 — CONTRADICTORY, preserved",low (conflicting evidence),link source page: https://ambimat.com/tag/covid19/
https://ambimat.com,internal_links/broken_outbound,medium,outbound internal link reported unresolved,,broken_outbound: https://ambimat.com/tag/data/ -> https://ambimat.com,raw/seo/seo_tracker_reports/report_20260731_112213.json,"reported by the SEO crawler only; the 10:00 site-monitor run recorded broken_internal_links=0 — CONTRADICTORY, preserved",low (conflicting evidence),link source page: https://ambimat.com/tag/data/
https://ambimat.com,internal_links/broken_outbound,medium,outbound internal link reported unresolved,,broken_outbound: https://ambimat.com/tag/cold-chain-logistics/ -> https://ambimat.com,raw/seo/seo_tracker_reports/report_20260731_112213.json,"reported by the SEO crawler only; the 10:00 site-monitor run recorded broken_internal_links=0 — CONTRADICTORY, preserved",low (conflicting evidence),link source page: https://ambimat.com/tag/cold-chain-logistics/
https://ambimat.com,internal_links/broken_outbound,medium,outbound internal link reported unresolved,,broken_outbound: https://ambimat.com/tag/sensor/ -> https://ambimat.com,raw/seo/seo_tracker_reports/report_20260731_112213.json,"reported by the SEO crawler only; the 10:00 site-monitor run recorded broken_internal_links=0 — CONTRADICTORY, preserved",low (conflicting evidence),link source page: https://ambimat.com/tag/sensor/
https://ambimat.com,internal_links/broken_outbound,medium,outbound internal link reported unresolved,,broken_outbound: https://ambimat.com/tag/authentication/ -> https://ambimat.com,raw/seo/seo_tracker_reports/report_20260731_112213.json,"reported by the SEO crawler only; the 10:00 site-monitor run recorded broken_internal_links=0 — CONTRADICTORY, preserved",low (conflicting evidence),link source page: https://ambimat.com/tag/authentication/
https://ambimat.com,internal_links/broken_outbound,medium,outbound internal link reported unresolved,,broken_outbound: https://ambimat.com/tag/mesh-key-rotation-iot/ -> https://ambimat.com,raw/seo/seo_tracker_reports/report_20260731_112213.json,"reported by the SEO crawler only; the 10:00 site-monitor run recorded broken_internal_links=0 — CONTRADICTORY, preserved",low (conflicting evidence),link source page: https://ambimat.com/tag/mesh-key-rotation-iot/
https://ambimat.com,internal_links/broken_outbound,medium,outbound internal link reported unresolved,,broken_outbound: https://ambimat.com/tag/security/ -> https://ambimat.com,raw/seo/seo_tracker_reports/report_20260731_112213.json,"reported by the SEO crawler only; the 10:00 site-monitor run recorded broken_internal_links=0 — CONTRADICTORY, preserved",low (conflicting evidence),link source page: https://ambimat.com/tag/security/
https://ambimat.com,internal_links/broken_outbound,medium,outbound internal link reported unresolved,,broken_outbound: https://ambimat.com/tag/digital-payment/ -> https://ambimat.com,raw/seo/seo_tracker_reports/report_20260731_112213.json,"reported by the SEO crawler only; the 10:00 site-monitor run recorded broken_internal_links=0 — CONTRADICTORY, preserved",low (conflicting evidence),link source page: https://ambimat.com/tag/digital-payment/
https://ambimat.com,internal_links/broken_outbound,medium,outbound internal link reported unresolved,,broken_outbound: https://ambimat.com/tag/ultraviolet/ -> https://ambimat.com,raw/seo/seo_tracker_reports/report_20260731_112213.json,"reported by the SEO crawler only; the 10:00 site-monitor run recorded broken_internal_links=0 — CONTRADICTORY, preserved",low (conflicting evidence),link source page: https://ambimat.com/tag/ultraviolet/
https://ambimat.com,internal_links/broken_outbound,medium,outbound internal link reported unresolved,,broken_outbound: https://ambimat.com/tag/privacy/ -> https://ambimat.com,raw/seo/seo_tracker_reports/report_20260731_112213.json,"reported by the SEO crawler only; the 10:00 site-monitor run recorded broken_internal_links=0 — CONTRADICTORY, preserved",low (conflicting evidence),link source page: https://ambimat.com/tag/privacy/
https://ambimat.com,internal_links/broken_outbound,medium,outbound internal link reported unresolved,,broken_outbound: https://ambimat.com/tag/logistics/ -> https://ambimat.com,raw/seo/seo_tracker_reports/report_20260731_112213.json,"reported by the SEO crawler only; the 10:00 site-monitor run recorded broken_internal_links=0 — CONTRADICTORY, preserved",low (conflicting evidence),link source page: https://ambimat.com/tag/logistics/
https://ambimat.com,internal_links/broken_outbound,medium,outbound internal link reported unresolved,,broken_outbound: https://ambimat.com/tag/multi-factor-authentication/ -> https://ambimat.com,raw/seo/seo_tracker_reports/report_20260731_112213.json,"reported by the SEO crawler only; the 10:00 site-monitor run recorded broken_internal_links=0 — CONTRADICTORY, preserved",low (conflicting evidence),link source page: https://ambimat.com/tag/multi-factor-authentication/
https://ambimat.com,internal_links/broken_outbound,medium,outbound internal link reported unresolved,,broken_outbound: https://ambimat.com/tag/secure-ota-iot/ -> https://ambimat.com,raw/seo/seo_tracker_reports/report_20260731_112213.json,"reported by the SEO crawler only; the 10:00 site-monitor run recorded broken_internal_links=0 — CONTRADICTORY, preserved",low (conflicting evidence),link source page: https://ambimat.com/tag/secure-ota-iot/
https://ambimat.com,internal_links/broken_outbound,medium,outbound internal link reported unresolved,,broken_outbound: https://ambimat.com/tag/smart-city-mesh-security-architecture/ -> https://ambimat.com,raw/seo/seo_tracker_reports/report_20260731_112213.json,"reported by the SEO crawler only; the 10:00 site-monitor run recorded broken_internal_links=0 — CONTRADICTORY, preserved",low (conflicting evidence),link source page: https://ambimat.com/tag/smart-city-mesh-security-architecture/
https://ambimat.com,internal_links/broken_outbound,medium,outbound internal link reported unresolved,,broken_outbound: https://ambimat.com/tag/ambiiotsecurity/ -> https://ambimat.com,raw/seo/seo_tracker_reports/report_20260731_112213.json,"reported by the SEO crawler only; the 10:00 site-monitor run recorded broken_internal_links=0 — CONTRADICTORY, preserved",low (conflicting evidence),link source page: https://ambimat.com/tag/ambiiotsecurity/
https://ambimat.com,internal_links/broken_outbound,medium,outbound internal link reported unresolved,,broken_outbound: https://ambimat.com/tag/smart-ticket-solutions/ -> https://ambimat.com,raw/seo/seo_tracker_reports/report_20260731_112213.json,"reported by the SEO crawler only; the 10:00 site-monitor run recorded broken_internal_links=0 — CONTRADICTORY, preserved",low (conflicting evidence),link source page: https://ambimat.com/tag/smart-ticket-solutions/
https://ambimat.com,internal_links/broken_outbound,medium,outbound internal link reported unresolved,,broken_outbound: https://ambimat.com/tag/coronavirus/ -> https://ambimat.com,raw/seo/seo_tracker_reports/report_20260731_112213.json,"reported by the SEO crawler only; the 10:00 site-monitor run recorded broken_internal_links=0 — CONTRADICTORY, preserved",low (conflicting evidence),link source page: https://ambimat.com/tag/coronavirus/
https://ambimat.com,internal_links/broken_outbound,medium,outbound internal link reported unresolved,,broken_outbound: https://ambimat.com/tag/biometric/ -> https://ambimat.com,raw/seo/seo_tracker_reports/report_20260731_112213.json,"reported by the SEO crawler only; the 10:00 site-monitor run recorded broken_internal_links=0 — CONTRADICTORY, preserved",low (conflicting evidence),link source page: https://ambimat.com/tag/biometric/
https://ambimat.com,internal_links/broken_outbound,medium,outbound internal link reported unresolved,,broken_outbound: https://ambimat.com/tag/supply-chain/ -> https://ambimat.com,raw/seo/seo_tracker_reports/report_20260731_112213.json,"reported by the SEO crawler only; the 10:00 site-monitor run recorded broken_internal_links=0 — CONTRADICTORY, preserved",low (conflicting evidence),link source page: https://ambimat.com/tag/supply-chain/
https://ambimat.com,internal_links/broken_outbound,medium,outbound internal link reported unresolved,,broken_outbound: https://ambimat.com/tag/mfa/ -> https://ambimat.com,raw/seo/seo_tracker_reports/report_20260731_112213.json,"reported by the SEO crawler only; the 10:00 site-monitor run recorded broken_internal_links=0 — CONTRADICTORY, preserved",low (conflicting evidence),link source page: https://ambimat.com/tag/mfa/
https://ambimat.com,internal_links/broken_outbound,medium,outbound internal link reported unresolved,,broken_outbound: https://ambimat.com/tag/iot-firmware-signing/ -> https://ambimat.com,raw/seo/seo_tracker_reports/report_20260731_112213.json,"reported by the SEO crawler only; the 10:00 site-monitor run recorded broken_internal_links=0 — CONTRADICTORY, preserved",low (conflicting evidence),link source page: https://ambimat.com/tag/iot-firmware-signing/
https://ambimat.com,internal_links/broken_outbound,medium,outbound internal link reported unresolved,,broken_outbound: https://ambimat.com/tag/electronics/ -> https://ambimat.com,raw/seo/seo_tracker_reports/report_20260731_112213.json,"reported by the SEO crawler only; the 10:00 site-monitor run recorded broken_internal_links=0 — CONTRADICTORY, preserved",low (conflicting evidence),link source page: https://ambimat.com/tag/electronics/
https://ambimat.com,internal_links/broken_outbound,medium,outbound internal link reported unresolved,,broken_outbound: https://ambimat.com/tag/public-transport-system/ -> https://ambimat.com,raw/seo/seo_tracker_reports/report_20260731_112213.json,"reported by the SEO crawler only; the 10:00 site-monitor run recorded broken_internal_links=0 — CONTRADICTORY, preserved",low (conflicting evidence),link source page: https://ambimat.com/tag/public-transport-system/
https://ambimat.com,internal_links/broken_outbound,medium,outbound internal link reported unresolved,,broken_outbound: https://ambimat.com/tag/healthcare/ -> https://ambimat.com,raw/seo/seo_tracker_reports/report_20260731_112213.json,"reported by the SEO crawler only; the 10:00 site-monitor run recorded broken_internal_links=0 — CONTRADICTORY, preserved",low (conflicting evidence),link source page: https://ambimat.com/tag/healthcare/
https://ambimat.com,internal_links/broken_outbound,medium,outbound internal link reported unresolved,,broken_outbound: https://ambimat.com/tag/gdpr/ -> https://ambimat.com,raw/seo/seo_tracker_reports/report_20260731_112213.json,"reported by the SEO crawler only; the 10:00 site-monitor run recorded broken_internal_links=0 — CONTRADICTORY, preserved",low (conflicting evidence),link source page: https://ambimat.com/tag/gdpr/
https://ambimat.com,internal_links/broken_outbound,medium,outbound internal link reported unresolved,,broken_outbound: https://ambimat.com/tag/ambisense/ -> https://ambimat.com,raw/seo/seo_tracker_reports/report_20260731_112213.json,"reported by the SEO crawler only; the 10:00 site-monitor run recorded broken_internal_links=0 — CONTRADICTORY, preserved",low (conflicting evidence),link source page: https://ambimat.com/tag/ambisense/
https://ambimat.com,internal_links/broken_outbound,medium,outbound internal link reported unresolved,,broken_outbound: https://ambimat.com/tag/semiconductor/ -> https://ambimat.com,raw/seo/seo_tracker_reports/report_20260731_112213.json,"reported by the SEO crawler only; the 10:00 site-monitor run recorded broken_internal_links=0 — CONTRADICTORY, preserved",low (conflicting evidence),link source page: https://ambimat.com/tag/semiconductor/
https://ambimat.com,internal_links/broken_outbound,medium,outbound internal link reported unresolved,,broken_outbound: https://ambimat.com/tag/iot-patch-management/ -> https://ambimat.com,raw/seo/seo_tracker_reports/report_20260731_112213.json,"reported by the SEO crawler only; the 10:00 site-monitor run recorded broken_internal_links=0 — CONTRADICTORY, preserved",low (conflicting evidence),link source page: https://ambimat.com/tag/iot-patch-management/
https://ambimat.com,internal_links/broken_outbound,medium,outbound internal link reported unresolved,,broken_outbound: https://ambimat.com/tag/smart-solution/ -> https://ambimat.com,raw/seo/seo_tracker_reports/report_20260731_112213.json,"reported by the SEO crawler only; the 10:00 site-monitor run recorded broken_internal_links=0 — CONTRADICTORY, preserved",low (conflicting evidence),link source page: https://ambimat.com/tag/smart-solution/
https://ambimat.com,internal_links/broken_outbound,medium,outbound internal link reported unresolved,,broken_outbound: https://ambimat.com/tag/urban-ticketing-system/ -> https://ambimat.com,raw/seo/seo_tracker_reports/report_20260731_112213.json,"reported by the SEO crawler only; the 10:00 site-monitor run recorded broken_internal_links=0 — CONTRADICTORY, preserved",low (conflicting evidence),link source page: https://ambimat.com/tag/urban-ticketing-system/
https://ambimat.com,internal_links/broken_outbound,medium,outbound internal link reported unresolved,,broken_outbound: https://ambimat.com/tag/medical/ -> https://ambimat.com,raw/seo/seo_tracker_reports/report_20260731_112213.json,"reported by the SEO crawler only; the 10:00 site-monitor run recorded broken_internal_links=0 — CONTRADICTORY, preserved",low (conflicting evidence),link source page: https://ambimat.com/tag/medical/
https://ambimat.com,internal_links/broken_outbound,medium,outbound internal link reported unresolved,,broken_outbound: https://ambimat.com/tag/pin/ -> https://ambimat.com,raw/seo/seo_tracker_reports/report_20260731_112213.json,"reported by the SEO crawler only; the 10:00 site-monitor run recorded broken_internal_links=0 — CONTRADICTORY, preserved",low (conflicting evidence),link source page: https://ambimat.com/tag/pin/
https://ambimat.com,internal_links/broken_outbound,medium,outbound internal link reported unresolved,,broken_outbound: https://ambimat.com/tag/smart-label/ -> https://ambimat.com,raw/seo/seo_tracker_reports/report_20260731_112213.json,"reported by the SEO crawler only; the 10:00 site-monitor run recorded broken_internal_links=0 — CONTRADICTORY, preserved",low (conflicting evidence),link source page: https://ambimat.com/tag/smart-label/
https://ambimat.com,internal_links/broken_outbound,medium,outbound internal link reported unresolved,,broken_outbound: https://ambimat.com/tag/shortage/ -> https://ambimat.com,raw/seo/seo_tracker_reports/report_20260731_112213.json,"reported by the SEO crawler only; the 10:00 site-monitor run recorded broken_internal_links=0 — CONTRADICTORY, preserved",low (conflicting evidence),link source page: https://ambimat.com/tag/shortage/
https://ambimat.com,internal_links/broken_outbound,medium,outbound internal link reported unresolved,,broken_outbound: https://ambimat.com/tag/iot-secure-boot/ -> https://ambimat.com,raw/seo/seo_tracker_reports/report_20260731_112213.json,"reported by the SEO crawler only; the 10:00 site-monitor run recorded broken_internal_links=0 — CONTRADICTORY, preserved",low (conflicting evidence),link source page: https://ambimat.com/tag/iot-secure-boot/
https://ambimat.com,internal_links/broken_outbound,medium,outbound internal link reported unresolved,,broken_outbound: https://ambimat.com/tag/iot-security/ -> https://ambimat.com,raw/seo/seo_tracker_reports/report_20260731_112213.json,"reported by the SEO crawler only; the 10:00 site-monitor run recorded broken_internal_links=0 — CONTRADICTORY, preserved",low (conflicting evidence),link source page: https://ambimat.com/tag/iot-security/
https://ambimat.com,internal_links/broken_outbound,medium,outbound internal link reported unresolved,,broken_outbound: https://ambimat.com/tag/urban-ticketing/ -> https://ambimat.com,raw/seo/seo_tracker_reports/report_20260731_112213.json,"reported by the SEO crawler only; the 10:00 site-monitor run recorded broken_internal_links=0 — CONTRADICTORY, preserved",low (conflicting evidence),link source page: https://ambimat.com/tag/urban-ticketing/
https://ambimat.com,internal_links/broken_outbound,medium,outbound internal link reported unresolved,,broken_outbound: https://ambimat.com/tag/robots/ -> https://ambimat.com,raw/seo/seo_tracker_reports/report_20260731_112213.json,"reported by the SEO crawler only; the 10:00 site-monitor run recorded broken_internal_links=0 — CONTRADICTORY, preserved",low (conflicting evidence),link source page: https://ambimat.com/tag/robots/
https://ambimat.com,internal_links/broken_outbound,medium,outbound internal link reported unresolved,,broken_outbound: https://ambimat.com/tag/password/ -> https://ambimat.com,raw/seo/seo_tracker_reports/report_20260731_112213.json,"reported by the SEO crawler only; the 10:00 site-monitor run recorded broken_internal_links=0 — CONTRADICTORY, preserved",low (conflicting evidence),link source page: https://ambimat.com/tag/password/
https://ambimat.com,internal_links/broken_outbound,medium,outbound internal link reported unresolved,,broken_outbound: https://ambimat.com/tag/ambilogistics/ -> https://ambimat.com,raw/seo/seo_tracker_reports/report_20260731_112213.json,"reported by the SEO crawler only; the 10:00 site-monitor run recorded broken_internal_links=0 — CONTRADICTORY, preserved",low (conflicting evidence),link source page: https://ambimat.com/tag/ambilogistics/
https://ambimat.com,internal_links/broken_outbound,medium,outbound internal link reported unresolved,,broken_outbound: https://ambimat.com/tag/ambiiot/ -> https://ambimat.com,raw/seo/seo_tracker_reports/report_20260731_112213.json,"reported by the SEO crawler only; the 10:00 site-monitor run recorded broken_internal_links=0 — CONTRADICTORY, preserved",low (conflicting evidence),link source page: https://ambimat.com/tag/ambiiot/
https://ambimat.com,internal_links/broken_outbound,medium,outbound internal link reported unresolved,,broken_outbound: https://ambimat.com/tag/smart-city-firmware-updates/ -> https://ambimat.com,raw/seo/seo_tracker_reports/report_20260731_112213.json,"reported by the SEO crawler only; the 10:00 site-monitor run recorded broken_internal_links=0 — CONTRADICTORY, preserved",low (conflicting evidence),link source page: https://ambimat.com/tag/smart-city-firmware-updates/
https://ambimat.com,internal_links/broken_outbound,medium,outbound internal link reported unresolved,,broken_outbound: https://ambimat.com/tag/material-design/ -> https://ambimat.com,raw/seo/seo_tracker_reports/report_20260731_112213.json,"reported by the SEO crawler only; the 10:00 site-monitor run recorded broken_internal_links=0 — CONTRADICTORY, preserved",low (conflicting evidence),link source page: https://ambimat.com/tag/material-design/
https://ambimat.com,internal_links/broken_outbound,medium,outbound internal link reported unresolved,,broken_outbound: https://ambimat.com/tag/internet-of-things/ -> https://ambimat.com,raw/seo/seo_tracker_reports/report_20260731_112213.json,"reported by the SEO crawler only; the 10:00 site-monitor run recorded broken_internal_links=0 — CONTRADICTORY, preserved",low (conflicting evidence),link source page: https://ambimat.com/tag/internet-of-things/
https://ambimat.com,internal_links/broken_outbound,medium,outbound internal link reported unresolved,,broken_outbound: https://ambimat.com/tag/national-common-mobility-card-ncmc/ -> https://ambimat.com,raw/seo/seo_tracker_reports/report_20260731_112213.json,"reported by the SEO crawler only; the 10:00 site-monitor run recorded broken_internal_links=0 — CONTRADICTORY, preserved",low (conflicting evidence),link source page: https://ambimat.com/tag/national-common-mobility-card-ncmc/
https://ambimat.com,internal_links/broken_outbound,medium,outbound internal link reported unresolved,,broken_outbound: https://ambimat.com/tag/uvcdisinfection/ -> https://ambimat.com,raw/seo/seo_tracker_reports/report_20260731_112213.json,"reported by the SEO crawler only; the 10:00 site-monitor run recorded broken_internal_links=0 — CONTRADICTORY, preserved",low (conflicting evidence),link source page: https://ambimat.com/tag/uvcdisinfection/
https://ambimat.com,internal_links/broken_outbound,medium,outbound internal link reported unresolved,,broken_outbound: https://ambimat.com/tag/5g/ -> https://ambimat.com,raw/seo/seo_tracker_reports/report_20260731_112213.json,"reported by the SEO crawler only; the 10:00 site-monitor run recorded broken_internal_links=0 — CONTRADICTORY, preserved",low (conflicting evidence),link source page: https://ambimat.com/tag/5g/
https://ambimat.com,internal_links/broken_outbound,medium,outbound internal link reported unresolved,,broken_outbound: https://ambimat.com/tag/pilferage-detection-tag/ -> https://ambimat.com,raw/seo/seo_tracker_reports/report_20260731_112213.json,"reported by the SEO crawler only; the 10:00 site-monitor run recorded broken_internal_links=0 — CONTRADICTORY, preserved",low (conflicting evidence),link source page: https://ambimat.com/tag/pilferage-detection-tag/
https://ambimat.com,internal_links/broken_outbound,medium,outbound internal link reported unresolved,,broken_outbound: https://ambimat.com/tag/electronic/ -> https://ambimat.com,raw/seo/seo_tracker_reports/report_20260731_112213.json,"reported by the SEO crawler only; the 10:00 site-monitor run recorded broken_internal_links=0 — CONTRADICTORY, preserved",low (conflicting evidence),link source page: https://ambimat.com/tag/electronic/
https://ambimat.com,internal_links/broken_outbound,medium,outbound internal link reported unresolved,,broken_outbound: https://ambimat.com/tag/zero-trust-iot-security/ -> https://ambimat.com,raw/seo/seo_tracker_reports/report_20260731_112213.json,"reported by the SEO crawler only; the 10:00 site-monitor run recorded broken_internal_links=0 — CONTRADICTORY, preserved",low (conflicting evidence),link source page: https://ambimat.com/tag/zero-trust-iot-security/
https://ambimat.com,internal_links/broken_outbound,medium,outbound internal link reported unresolved,,broken_outbound: https://ambimat.com/tag/google/ -> https://ambimat.com,raw/seo/seo_tracker_reports/report_20260731_112213.json,"reported by the SEO crawler only; the 10:00 site-monitor run recorded broken_internal_links=0 — CONTRADICTORY, preserved",low (conflicting evidence),link source page: https://ambimat.com/tag/google/
https://ambimat.com,internal_links/broken_outbound,medium,outbound internal link reported unresolved,,broken_outbound: https://ambimat.com/tag/automation/ -> https://ambimat.com,raw/seo/seo_tracker_reports/report_20260731_112213.json,"reported by the SEO crawler only; the 10:00 site-monitor run recorded broken_internal_links=0 — CONTRADICTORY, preserved",low (conflicting evidence),link source page: https://ambimat.com/tag/automation/
https://ambimat.com,internal_links/broken_outbound,medium,outbound internal link reported unresolved,,broken_outbound: https://ambimat.com/tag/smart-card/ -> https://ambimat.com,raw/seo/seo_tracker_reports/report_20260731_112213.json,"reported by the SEO crawler only; the 10:00 site-monitor run recorded broken_internal_links=0 — CONTRADICTORY, preserved",low (conflicting evidence),link source page: https://ambimat.com/tag/smart-card/
https://ambimat.com,internal_links/broken_outbound,medium,outbound internal link reported unresolved,,broken_outbound: https://ambimat.com/tag/sanitizing/ -> https://ambimat.com,raw/seo/seo_tracker_reports/report_20260731_112213.json,"reported by the SEO crawler only; the 10:00 site-monitor run recorded broken_internal_links=0 — CONTRADICTORY, preserved",low (conflicting evidence),link source page: https://ambimat.com/tag/sanitizing/
https://ambimat.com,internal_links/broken_outbound,medium,outbound internal link reported unresolved,,broken_outbound: https://ambimat.com/tag/internet/ -> https://ambimat.com,raw/seo/seo_tracker_reports/report_20260731_112213.json,"reported by the SEO crawler only; the 10:00 site-monitor run recorded broken_internal_links=0 — CONTRADICTORY, preserved",low (conflicting evidence),link source page: https://ambimat.com/tag/internet/
https://ambimat.com,internal_links/broken_outbound,medium,outbound internal link reported unresolved,,broken_outbound: https://ambimat.com/tag/inventory-management-tag-or-uhf-tag/ -> https://ambimat.com,raw/seo/seo_tracker_reports/report_20260731_112213.json,"reported by the SEO crawler only; the 10:00 site-monitor run recorded broken_internal_links=0 — CONTRADICTORY, preserved",low (conflicting evidence),link source page: https://ambimat.com/tag/inventory-management-tag-or-uhf-tag/
https://ambimat.com,internal_links/broken_outbound,medium,outbound internal link reported unresolved,,broken_outbound: https://ambimat.com/tag/multifactor-authentication/ -> https://ambimat.com,raw/seo/seo_tracker_reports/report_20260731_112213.json,"reported by the SEO crawler only; the 10:00 site-monitor run recorded broken_internal_links=0 — CONTRADICTORY, preserved",low (conflicting evidence),link source page: https://ambimat.com/tag/multifactor-authentication/
https://ambimat.com,internal_links/broken_outbound,medium,outbound internal link reported unresolved,,broken_outbound: https://ambimat.com/tag/smart-city-cybersecurity/ -> https://ambimat.com,raw/seo/seo_tracker_reports/report_20260731_112213.json,"reported by the SEO crawler only; the 10:00 site-monitor run recorded broken_internal_links=0 — CONTRADICTORY, preserved",low (conflicting evidence),link source page: https://ambimat.com/tag/smart-city-cybersecurity/
https://ambimat.com,internal_links/broken_outbound,medium,outbound internal link reported unresolved,,broken_outbound: https://ambimat.com/tag/digicorp/ -> https://ambimat.com,raw/seo/seo_tracker_reports/report_20260731_112213.json,"reported by the SEO crawler only; the 10:00 site-monitor run recorded broken_internal_links=0 — CONTRADICTORY, preserved",low (conflicting evidence),link source page: https://ambimat.com/tag/digicorp/
https://ambimat.com,internal_links/broken_outbound,medium,outbound internal link reported unresolved,,broken_outbound: https://ambimat.com/tag/smart-devices/ -> https://ambimat.com,raw/seo/seo_tracker_reports/report_20260731_112213.json,"reported by the SEO crawler only; the 10:00 site-monitor run recorded broken_internal_links=0 — CONTRADICTORY, preserved",low (conflicting evidence),link source page: https://ambimat.com/tag/smart-devices/
https://ambimat.com,internal_links/broken_outbound,medium,outbound internal link reported unresolved,,broken_outbound: https://ambimat.com/tag/metro/ -> https://ambimat.com,raw/seo/seo_tracker_reports/report_20260731_112213.json,"reported by the SEO crawler only; the 10:00 site-monitor run recorded broken_internal_links=0 — CONTRADICTORY, preserved",low (conflicting evidence),link source page: https://ambimat.com/tag/metro/
https://ambimat.com,internal_links/broken_outbound,medium,outbound internal link reported unresolved,,broken_outbound: https://ambimat.com/tag/pandemic/ -> https://ambimat.com,raw/seo/seo_tracker_reports/report_20260731_112213.json,"reported by the SEO crawler only; the 10:00 site-monitor run recorded broken_internal_links=0 — CONTRADICTORY, preserved",low (conflicting evidence),link source page: https://ambimat.com/tag/pandemic/
https://ambimat.com,internal_links/broken_outbound,medium,outbound internal link reported unresolved,,broken_outbound: https://ambimat.com/tag/payments/ -> https://ambimat.com,raw/seo/seo_tracker_reports/report_20260731_112213.json,"reported by the SEO crawler only; the 10:00 site-monitor run recorded broken_internal_links=0 — CONTRADICTORY, preserved",low (conflicting evidence),link source page: https://ambimat.com/tag/payments/
https://ambimat.com,internal_links/broken_outbound,medium,outbound internal link reported unresolved,,broken_outbound: https://ambimat.com/tag/fast-identity-online-fido/ -> https://ambimat.com,raw/seo/seo_tracker_reports/report_20260731_112213.json,"reported by the SEO crawler only; the 10:00 site-monitor run recorded broken_internal_links=0 — CONTRADICTORY, preserved",low (conflicting evidence),link source page: https://ambimat.com/tag/fast-identity-online-fido/
https://ambimat.com,internal_links/broken_outbound,medium,outbound internal link reported unresolved,,broken_outbound: https://ambimat.com/tag/passwordless/ -> https://ambimat.com,raw/seo/seo_tracker_reports/report_20260731_112213.json,"reported by the SEO crawler only; the 10:00 site-monitor run recorded broken_internal_links=0 — CONTRADICTORY, preserved",low (conflicting evidence),link source page: https://ambimat.com/tag/passwordless/
https://ambimat.com,internal_links/broken_outbound,medium,outbound internal link reported unresolved,,broken_outbound: https://ambimat.com/tag/iot-micro-segmentation/ -> https://ambimat.com,raw/seo/seo_tracker_reports/report_20260731_112213.json,"reported by the SEO crawler only; the 10:00 site-monitor run recorded broken_internal_links=0 — CONTRADICTORY, preserved",low (conflicting evidence),link source page: https://ambimat.com/tag/iot-micro-segmentation/
https://ambimat.com,internal_links/broken_outbound,medium,outbound internal link reported unresolved,,broken_outbound: https://ambimat.com/tag/general/ -> https://ambimat.com,raw/seo/seo_tracker_reports/report_20260731_112213.json,"reported by the SEO crawler only; the 10:00 site-monitor run recorded broken_internal_links=0 — CONTRADICTORY, preserved",low (conflicting evidence),link source page: https://ambimat.com/tag/general/
https://ambimat.com,internal_links/broken_outbound,medium,outbound internal link reported unresolved,,broken_outbound: https://ambimat.com/tag/smart-city/ -> https://ambimat.com,raw/seo/seo_tracker_reports/report_20260731_112213.json,"reported by the SEO crawler only; the 10:00 site-monitor run recorded broken_internal_links=0 — CONTRADICTORY, preserved",low (conflicting evidence),link source page: https://ambimat.com/tag/smart-city/
https://ambimat.com,internal_links/broken_outbound,medium,outbound internal link reported unresolved,,broken_outbound: https://ambimat.com/tag/automatic-fare-collection/ -> https://ambimat.com,raw/seo/seo_tracker_reports/report_20260731_112213.json,"reported by the SEO crawler only; the 10:00 site-monitor run recorded broken_internal_links=0 — CONTRADICTORY, preserved",low (conflicting evidence),link source page: https://ambimat.com/tag/automatic-fare-collection/
https://ambimat.com,internal_links/broken_outbound,medium,outbound internal link reported unresolved,,broken_outbound: https://ambimat.com/tag/iotsecurity/ -> https://ambimat.com,raw/seo/seo_tracker_reports/report_20260731_112213.json,"reported by the SEO crawler only; the 10:00 site-monitor run recorded broken_internal_links=0 — CONTRADICTORY, preserved",low (conflicting evidence),link source page: https://ambimat.com/tag/iotsecurity/
https://ambimat.com,internal_links/broken_outbound,medium,outbound internal link reported unresolved,,broken_outbound: https://ambimat.com/tag/covid-19/ -> https://ambimat.com,raw/seo/seo_tracker_reports/report_20260731_112213.json,"reported by the SEO crawler only; the 10:00 site-monitor run recorded broken_internal_links=0 — CONTRADICTORY, preserved",low (conflicting evidence),link source page: https://ambimat.com/tag/covid-19/
https://ambimat.com,internal_links/broken_outbound,medium,outbound internal link reported unresolved,,broken_outbound: https://ambimat.com/tag/universal-second-factor-u2f/ -> https://ambimat.com,raw/seo/seo_tracker_reports/report_20260731_112213.json,"reported by the SEO crawler only; the 10:00 site-monitor run recorded broken_internal_links=0 — CONTRADICTORY, preserved",low (conflicting evidence),link source page: https://ambimat.com/tag/universal-second-factor-u2f/
https://ambimat.com,internal_links/broken_outbound,medium,outbound internal link reported unresolved,,broken_outbound: https://ambimat.com/tag/fido2/ -> https://ambimat.com,raw/seo/seo_tracker_reports/report_20260731_112213.json,"reported by the SEO crawler only; the 10:00 site-monitor run recorded broken_internal_links=0 — CONTRADICTORY, preserved",low (conflicting evidence),link source page: https://ambimat.com/tag/fido2/
https://ambimat.com,internal_links/broken_outbound,medium,outbound internal link reported unresolved,,broken_outbound: https://ambimat.com/tag/iot-continuous-authentication/ -> https://ambimat.com,raw/seo/seo_tracker_reports/report_20260731_112213.json,"reported by the SEO crawler only; the 10:00 site-monitor run recorded broken_internal_links=0 — CONTRADICTORY, preserved",low (conflicting evidence),link source page: https://ambimat.com/tag/iot-continuous-authentication/
https://ambimat.com,internal_links/broken_outbound,medium,outbound internal link reported unresolved,,broken_outbound: https://ambimat.com/tag/lpwan/ -> https://ambimat.com,raw/seo/seo_tracker_reports/report_20260731_112213.json,"reported by the SEO crawler only; the 10:00 site-monitor run recorded broken_internal_links=0 — CONTRADICTORY, preserved",low (conflicting evidence),link source page: https://ambimat.com/tag/lpwan/
https://ambimat.com,internal_links/broken_outbound,medium,outbound internal link reported unresolved,,broken_outbound: https://ambimat.com/tag/industrial-automation/ -> https://ambimat.com,raw/seo/seo_tracker_reports/report_20260731_112213.json,"reported by the SEO crawler only; the 10:00 site-monitor run recorded broken_internal_links=0 — CONTRADICTORY, preserved",low (conflicting evidence),link source page: https://ambimat.com/tag/industrial-automation/
https://ambimat.com,internal_links/broken_outbound,medium,outbound internal link reported unresolved,,broken_outbound: https://ambimat.com/tag/ambipay/ -> https://ambimat.com,raw/seo/seo_tracker_reports/report_20260731_112213.json,"reported by the SEO crawler only; the 10:00 site-monitor run recorded broken_internal_links=0 — CONTRADICTORY, preserved",low (conflicting evidence),link source page: https://ambimat.com/tag/ambipay/
https://ambimat.com,internal_links/broken_outbound,medium,outbound internal link reported unresolved,,broken_outbound: https://ambimat.com/tag/iiot/ -> https://ambimat.com,raw/seo/seo_tracker_reports/report_20260731_112213.json,"reported by the SEO crawler only; the 10:00 site-monitor run recorded broken_internal_links=0 — CONTRADICTORY, preserved",low (conflicting evidence),link source page: https://ambimat.com/tag/iiot/
https://ambimat.com,internal_links/broken_outbound,medium,outbound internal link reported unresolved,,broken_outbound: https://ambimat.com/tag/zoom-fatigue/ -> https://ambimat.com,raw/seo/seo_tracker_reports/report_20260731_112213.json,"reported by the SEO crawler only; the 10:00 site-monitor run recorded broken_internal_links=0 — CONTRADICTORY, preserved",low (conflicting evidence),link source page: https://ambimat.com/tag/zoom-fatigue/
https://ambimat.com,internal_links/broken_outbound,medium,outbound internal link reported unresolved,,broken_outbound: https://ambimat.com/tag/ticket-solutions/ -> https://ambimat.com,raw/seo/seo_tracker_reports/report_20260731_112213.json,"reported by the SEO crawler only; the 10:00 site-monitor run recorded broken_internal_links=0 — CONTRADICTORY, preserved",low (conflicting evidence),link source page: https://ambimat.com/tag/ticket-solutions/
https://ambimat.com,internal_links/broken_outbound,medium,outbound internal link reported unresolved,,broken_outbound: https://ambimat.com/tag/fido/ -> https://ambimat.com,raw/seo/seo_tracker_reports/report_20260731_112213.json,"reported by the SEO crawler only; the 10:00 site-monitor run recorded broken_internal_links=0 — CONTRADICTORY, preserved",low (conflicting evidence),link source page: https://ambimat.com/tag/fido/
https://ambimat.com,internal_links/broken_outbound,medium,outbound internal link reported unresolved,,broken_outbound: https://ambimat.com/tag/iot-runtime-attestation/ -> https://ambimat.com,raw/seo/seo_tracker_reports/report_20260731_112213.json,"reported by the SEO crawler only; the 10:00 site-monitor run recorded broken_internal_links=0 — CONTRADICTORY, preserved",low (conflicting evidence),link source page: https://ambimat.com/tag/iot-runtime-attestation/
https://ambimat.com,internal_links/broken_outbound,medium,outbound internal link reported unresolved,,broken_outbound: https://ambimat.com/tag/lora/ -> https://ambimat.com,raw/seo/seo_tracker_reports/report_20260731_112213.json,"reported by the SEO crawler only; the 10:00 site-monitor run recorded broken_internal_links=0 — CONTRADICTORY, preserved",low (conflicting evidence),link source page: https://ambimat.com/tag/lora/
https://ambimat.com,internal_links/broken_outbound,medium,outbound internal link reported unresolved,,broken_outbound: https://ambimat.com/tag/smart/ -> https://ambimat.com,raw/seo/seo_tracker_reports/report_20260731_112213.json,"reported by the SEO crawler only; the 10:00 site-monitor run recorded broken_internal_links=0 — CONTRADICTORY, preserved",low (conflicting evidence),link source page: https://ambimat.com/tag/smart/
https://ambimat.com,internal_links/broken_outbound,medium,outbound internal link reported unresolved,,broken_outbound: https://ambimat.com/tag/payment/ -> https://ambimat.com,raw/seo/seo_tracker_reports/report_20260731_112213.json,"reported by the SEO crawler only; the 10:00 site-monitor run recorded broken_internal_links=0 — CONTRADICTORY, preserved",low (conflicting evidence),link source page: https://ambimat.com/tag/payment/
https://ambimat.com,internal_links/broken_outbound,medium,outbound internal link reported unresolved,,broken_outbound: https://ambimat.com/tag/internetofthings/ -> https://ambimat.com,raw/seo/seo_tracker_reports/report_20260731_112213.json,"reported by the SEO crawler only; the 10:00 site-monitor run recorded broken_internal_links=0 — CONTRADICTORY, preserved",low (conflicting evidence),link source page: https://ambimat.com/tag/internetofthings/
https://ambimat.com,internal_links/broken_outbound,medium,outbound internal link reported unresolved,,broken_outbound: https://ambimat.com/tag/ultra-wideband/ -> https://ambimat.com,raw/seo/seo_tracker_reports/report_20260731_112213.json,"reported by the SEO crawler only; the 10:00 site-monitor run recorded broken_internal_links=0 — CONTRADICTORY, preserved",low (conflicting evidence),link source page: https://ambimat.com/tag/ultra-wideband/
https://ambimat.com,internal_links/broken_outbound,medium,outbound internal link reported unresolved,,broken_outbound: https://ambimat.com/tag/apdu/ -> https://ambimat.com,raw/seo/seo_tracker_reports/report_20260731_112213.json,"reported by the SEO crawler only; the 10:00 site-monitor run recorded broken_internal_links=0 — CONTRADICTORY, preserved",low (conflicting evidence),link source page: https://ambimat.com/tag/apdu/
https://ambimat.com,internal_links/broken_outbound,medium,outbound internal link reported unresolved,,broken_outbound: https://ambimat.com/tag/cyberattack/ -> https://ambimat.com,raw/seo/seo_tracker_reports/report_20260731_112213.json,"reported by the SEO crawler only; the 10:00 site-monitor run recorded broken_internal_links=0 — CONTRADICTORY, preserved",low (conflicting evidence),link source page: https://ambimat.com/tag/cyberattack/
https://ambimat.com,internal_links/broken_outbound,medium,outbound internal link reported unresolved,,broken_outbound: https://ambimat.com/tag/zero-trust-architecture-for-iot/ -> https://ambimat.com,raw/seo/seo_tracker_reports/report_20260731_112213.json,"reported by the SEO crawler only; the 10:00 site-monitor run recorded broken_internal_links=0 — CONTRADICTORY, preserved",low (conflicting evidence),link source page: https://ambimat.com/tag/zero-trust-architecture-for-iot/
https://ambimat.com,internal_links/broken_outbound,medium,outbound internal link reported unresolved,,broken_outbound: https://ambimat.com/tag/lorawan/ -> https://ambimat.com,raw/seo/seo_tracker_reports/report_20260731_112213.json,"reported by the SEO crawler only; the 10:00 site-monitor run recorded broken_internal_links=0 — CONTRADICTORY, preserved",low (conflicting evidence),link source page: https://ambimat.com/tag/lorawan/
https://ambimat.com,internal_links/broken_outbound,medium,outbound internal link reported unresolved,,broken_outbound: https://ambimat.com/tag/automotive-security/ -> https://ambimat.com,raw/seo/seo_tracker_reports/report_20260731_112213.json,"reported by the SEO crawler only; the 10:00 site-monitor run recorded broken_internal_links=0 — CONTRADICTORY, preserved",low (conflicting evidence),link source page: https://ambimat.com/tag/automotive-security/
https://ambimat.com,internal_links/broken_outbound,medium,outbound internal link reported unresolved,,broken_outbound: https://ambimat.com/tag/smartcity/ -> https://ambimat.com,raw/seo/seo_tracker_reports/report_20260731_112213.json,"reported by the SEO crawler only; the 10:00 site-monitor run recorded broken_internal_links=0 — CONTRADICTORY, preserved",low (conflicting evidence),link source page: https://ambimat.com/tag/smartcity/
https://ambimat.com,internal_links/broken_outbound,medium,outbound internal link reported unresolved,,broken_outbound: https://ambimat.com/tag/datasecurity/ -> https://ambimat.com,raw/seo/seo_tracker_reports/report_20260731_112213.json,"reported by the SEO crawler only; the 10:00 site-monitor run recorded broken_internal_links=0 — CONTRADICTORY, preserved",low (conflicting evidence),link source page: https://ambimat.com/tag/datasecurity/
https://ambimat.com,internal_links/broken_outbound,medium,outbound internal link reported unresolved,,broken_outbound: https://ambimat.com/tag/uwb/ -> https://ambimat.com,raw/seo/seo_tracker_reports/report_20260731_112213.json,"reported by the SEO crawler only; the 10:00 site-monitor run recorded broken_internal_links=0 — CONTRADICTORY, preserved",low (conflicting evidence),link source page: https://ambimat.com/tag/uwb/
https://ambimat.com,internal_links/broken_outbound,medium,outbound internal link reported unresolved,,broken_outbound: https://ambimat.com/tag/java-card/ -> https://ambimat.com,raw/seo/seo_tracker_reports/report_20260731_112213.json,"reported by the SEO crawler only; the 10:00 site-monitor run recorded broken_internal_links=0 — CONTRADICTORY, preserved",low (conflicting evidence),link source page: https://ambimat.com/tag/java-card/
https://ambimat.com,internal_links/broken_outbound,medium,outbound internal link reported unresolved,,broken_outbound: https://ambimat.com/tag/protection/ -> https://ambimat.com,raw/seo/seo_tracker_reports/report_20260731_112213.json,"reported by the SEO crawler only; the 10:00 site-monitor run recorded broken_internal_links=0 — CONTRADICTORY, preserved",low (conflicting evidence),link source page: https://ambimat.com/tag/protection/
https://ambimat.com,internal_links/broken_outbound,medium,outbound internal link reported unresolved,,broken_outbound: https://ambimat.com/tag/zigbee-mesh-security/ -> https://ambimat.com,raw/seo/seo_tracker_reports/report_20260731_112213.json,"reported by the SEO crawler only; the 10:00 site-monitor run recorded broken_internal_links=0 — CONTRADICTORY, preserved",low (conflicting evidence),link source page: https://ambimat.com/tag/zigbee-mesh-security/
https://ambimat.com,internal_links/broken_outbound,medium,outbound internal link reported unresolved,,broken_outbound: https://ambimat.com/tag/nbiot/ -> https://ambimat.com,raw/seo/seo_tracker_reports/report_20260731_112213.json,"reported by the SEO crawler only; the 10:00 site-monitor run recorded broken_internal_links=0 — CONTRADICTORY, preserved",low (conflicting evidence),link source page: https://ambimat.com/tag/nbiot/
https://ambimat.com,internal_links/broken_outbound,medium,outbound internal link reported unresolved,,broken_outbound: https://ambimat.com/tag/firmware/ -> https://ambimat.com,raw/seo/seo_tracker_reports/report_20260731_112213.json,"reported by the SEO crawler only; the 10:00 site-monitor run recorded broken_internal_links=0 — CONTRADICTORY, preserved",low (conflicting evidence),link source page: https://ambimat.com/tag/firmware/
https://ambimat.com,internal_links/broken_outbound,medium,outbound internal link reported unresolved,,broken_outbound: https://ambimat.com/tag/afc/ -> https://ambimat.com,raw/seo/seo_tracker_reports/report_20260731_112213.json,"reported by the SEO crawler only; the 10:00 site-monitor run recorded broken_internal_links=0 — CONTRADICTORY, preserved",low (conflicting evidence),link source page: https://ambimat.com/tag/afc/
https://ambimat.com,internal_links/broken_outbound,medium,outbound internal link reported unresolved,,broken_outbound: https://ambimat.com/tag/ambisecure/ -> https://ambimat.com,raw/seo/seo_tracker_reports/report_20260731_112213.json,"reported by the SEO crawler only; the 10:00 site-monitor run recorded broken_internal_links=0 — CONTRADICTORY, preserved",low (conflicting evidence),link source page: https://ambimat.com/tag/ambisecure/
https://ambimat.com,internal_links/broken_outbound,medium,outbound internal link reported unresolved,,broken_outbound: https://ambimat.com/tag/short-range-wireless/ -> https://ambimat.com,raw/seo/seo_tracker_reports/report_20260731_112213.json,"reported by the SEO crawler only; the 10:00 site-monitor run recorded broken_internal_links=0 — CONTRADICTORY, preserved",low (conflicting evidence),link source page: https://ambimat.com/tag/short-range-wireless/
https://ambimat.com,internal_links/broken_outbound,medium,outbound internal link reported unresolved,,broken_outbound: https://ambimat.com/tag/e-passport/ -> https://ambimat.com,raw/seo/seo_tracker_reports/report_20260731_112213.json,"reported by the SEO crawler only; the 10:00 site-monitor run recorded broken_internal_links=0 — CONTRADICTORY, preserved",low (conflicting evidence),link source page: https://ambimat.com/tag/e-passport/
https://ambimat.com,internal_links/broken_outbound,medium,outbound internal link reported unresolved,,broken_outbound: https://ambimat.com/tag/intellectual/ -> https://ambimat.com,raw/seo/seo_tracker_reports/report_20260731_112213.json,"reported by the SEO crawler only; the 10:00 site-monitor run recorded broken_internal_links=0 — CONTRADICTORY, preserved",low (conflicting evidence),link source page: https://ambimat.com/tag/intellectual/
https://ambimat.com,internal_links/broken_outbound,medium,outbound internal link reported unresolved,,broken_outbound: https://ambimat.com/tag/ble-mesh-iot-best-practices/ -> https://ambimat.com,raw/seo/seo_tracker_reports/report_20260731_112213.json,"reported by the SEO crawler only; the 10:00 site-monitor run recorded broken_internal_links=0 — CONTRADICTORY, preserved",low (conflicting evidence),link source page: https://ambimat.com/tag/ble-mesh-iot-best-practices/
https://ambimat.com,internal_links/broken_outbound,medium,outbound internal link reported unresolved,,broken_outbound: https://ambimat.com/event/ambimat-history/ -> https://ambimat.com,raw/seo/seo_tracker_reports/report_20260731_112213.json,"reported by the SEO crawler only; the 10:00 site-monitor run recorded broken_internal_links=0 — CONTRADICTORY, preserved",low (conflicting evidence),link source page: https://ambimat.com/event/ambimat-history/
https://ambimat.com/event/ambimat-history/page/2/,internal_links/broken_outbound,medium,outbound internal link reported unresolved,,broken_outbound: https://ambimat.com/event/ambimat-history/ -> https://ambimat.com/event/ambimat-history/page/2/,raw/seo/seo_tracker_reports/report_20260731_112213.json,"reported by the SEO crawler only; the 10:00 site-monitor run recorded broken_internal_links=0 — CONTRADICTORY, preserved",low (conflicting evidence),link source page: https://ambimat.com/event/ambimat-history/
https://ambimat.com,internal_links/broken_outbound,medium,outbound internal link reported unresolved,,broken_outbound: https://ambimat.com/categories/ambi-con/ -> https://ambimat.com,raw/seo/seo_tracker_reports/report_20260731_112213.json,"reported by the SEO crawler only; the 10:00 site-monitor run recorded broken_internal_links=0 — CONTRADICTORY, preserved",low (conflicting evidence),link source page: https://ambimat.com/categories/ambi-con/
https://ambimat.com/categories/ambi-logistics/,internal_links/broken_outbound,medium,outbound internal link reported unresolved,,broken_outbound: https://ambimat.com/categories/ambi-con/ -> https://ambimat.com/categories/ambi-logistics/,raw/seo/seo_tracker_reports/report_20260731_112213.json,"reported by the SEO crawler only; the 10:00 site-monitor run recorded broken_internal_links=0 — CONTRADICTORY, preserved",low (conflicting evidence),link source page: https://ambimat.com/categories/ambi-con/
https://ambimat.com/categories/powered-card/,internal_links/broken_outbound,medium,outbound internal link reported unresolved,,broken_outbound: https://ambimat.com/categories/ambi-con/ -> https://ambimat.com/categories/powered-card/,raw/seo/seo_tracker_reports/report_20260731_112213.json,"reported by the SEO crawler only; the 10:00 site-monitor run recorded broken_internal_links=0 — CONTRADICTORY, preserved",low (conflicting evidence),link source page: https://ambimat.com/categories/ambi-con/
https://ambimat.com,internal_links/broken_outbound,medium,outbound internal link reported unresolved,,broken_outbound: https://ambimat.com/categories/wi-fi/ -> https://ambimat.com,raw/seo/seo_tracker_reports/report_20260731_112213.json,"reported by the SEO crawler only; the 10:00 site-monitor run recorded broken_internal_links=0 — CONTRADICTORY, preserved",low (conflicting evidence),link source page: https://ambimat.com/categories/wi-fi/
https://ambimat.com/categories/ambi-logistics/,internal_links/broken_outbound,medium,outbound internal link reported unresolved,,broken_outbound: https://ambimat.com/categories/wi-fi/ -> https://ambimat.com/categories/ambi-logistics/,raw/seo/seo_tracker_reports/report_20260731_112213.json,"reported by the SEO crawler only; the 10:00 site-monitor run recorded broken_internal_links=0 — CONTRADICTORY, preserved",low (conflicting evidence),link source page: https://ambimat.com/categories/wi-fi/
https://ambimat.com/categories/powered-card/,internal_links/broken_outbound,medium,outbound internal link reported unresolved,,broken_outbound: https://ambimat.com/categories/wi-fi/ -> https://ambimat.com/categories/powered-card/,raw/seo/seo_tracker_reports/report_20260731_112213.json,"reported by the SEO crawler only; the 10:00 site-monitor run recorded broken_internal_links=0 — CONTRADICTORY, preserved",low (conflicting evidence),link source page: https://ambimat.com/categories/wi-fi/
https://ambimat.com,internal_links/broken_outbound,medium,outbound internal link reported unresolved,,broken_outbound: https://ambimat.com/categories/smart-label/ -> https://ambimat.com,raw/seo/seo_tracker_reports/report_20260731_112213.json,"reported by the SEO crawler only; the 10:00 site-monitor run recorded broken_internal_links=0 — CONTRADICTORY, preserved",low (conflicting evidence),link source page: https://ambimat.com/categories/smart-label/
https://ambimat.com/categories/ambi-logistics/,internal_links/broken_outbound,medium,outbound internal link reported unresolved,,broken_outbound: https://ambimat.com/categories/smart-label/ -> https://ambimat.com/categories/ambi-logistics/,raw/seo/seo_tracker_reports/report_20260731_112213.json,"reported by the SEO crawler only; the 10:00 site-monitor run recorded broken_internal_links=0 — CONTRADICTORY, preserved",low (conflicting evidence),link source page: https://ambimat.com/categories/smart-label/
https://ambimat.com/categories/powered-card/,internal_links/broken_outbound,medium,outbound internal link reported unresolved,,broken_outbound: https://ambimat.com/categories/smart-label/ -> https://ambimat.com/categories/powered-card/,raw/seo/seo_tracker_reports/report_20260731_112213.json,"reported by the SEO crawler only; the 10:00 site-monitor run recorded broken_internal_links=0 — CONTRADICTORY, preserved",low (conflicting evidence),link source page: https://ambimat.com/categories/smart-label/
https://ambimat.com,internal_links/broken_outbound,medium,outbound internal link reported unresolved,,broken_outbound: https://ambimat.com/categories/lora-sigfox/ -> https://ambimat.com,raw/seo/seo_tracker_reports/report_20260731_112213.json,"reported by the SEO crawler only; the 10:00 site-monitor run recorded broken_internal_links=0 — CONTRADICTORY, preserved",low (conflicting evidence),link source page: https://ambimat.com/categories/lora-sigfox/
https://ambimat.com/categories/ambi-logistics/,internal_links/broken_outbound,medium,outbound internal link reported unresolved,,broken_outbound: https://ambimat.com/categories/lora-sigfox/ -> https://ambimat.com/categories/ambi-logistics/,raw/seo/seo_tracker_reports/report_20260731_112213.json,"reported by the SEO crawler only; the 10:00 site-monitor run recorded broken_internal_links=0 — CONTRADICTORY, preserved",low (conflicting evidence),link source page: https://ambimat.com/categories/lora-sigfox/
https://ambimat.com/categories/powered-card/,internal_links/broken_outbound,medium,outbound internal link reported unresolved,,broken_outbound: https://ambimat.com/categories/lora-sigfox/ -> https://ambimat.com/categories/powered-card/,raw/seo/seo_tracker_reports/report_20260731_112213.json,"reported by the SEO crawler only; the 10:00 site-monitor run recorded broken_internal_links=0 — CONTRADICTORY, preserved",low (conflicting evidence),link source page: https://ambimat.com/categories/lora-sigfox/
https://ambimat.com,internal_links/broken_outbound,medium,outbound internal link reported unresolved,,broken_outbound: https://ambimat.com/categories/industrial-automation/ -> https://ambimat.com,raw/seo/seo_tracker_reports/report_20260731_112213.json,"reported by the SEO crawler only; the 10:00 site-monitor run recorded broken_internal_links=0 — CONTRADICTORY, preserved",low (conflicting evidence),link source page: https://ambimat.com/categories/industrial-automation/
https://ambimat.com/categories/ambi-logistics/,internal_links/broken_outbound,medium,outbound internal link reported unresolved,,broken_outbound: https://ambimat.com/categories/industrial-automation/ -> https://ambimat.com/categories/ambi-logistics/,raw/seo/seo_tracker_reports/report_20260731_112213.json,"reported by the SEO crawler only; the 10:00 site-monitor run recorded broken_internal_links=0 — CONTRADICTORY, preserved",low (conflicting evidence),link source page: https://ambimat.com/categories/industrial-automation/
https://ambimat.com/categories/powered-card/,internal_links/broken_outbound,medium,outbound internal link reported unresolved,,broken_outbound: https://ambimat.com/categories/industrial-automation/ -> https://ambimat.com/categories/powered-card/,raw/seo/seo_tracker_reports/report_20260731_112213.json,"reported by the SEO crawler only; the 10:00 site-monitor run recorded broken_internal_links=0 — CONTRADICTORY, preserved",low (conflicting evidence),link source page: https://ambimat.com/categories/industrial-automation/
https://ambimat.com,internal_links/broken_outbound,medium,outbound internal link reported unresolved,,broken_outbound: https://ambimat.com/categories/as-300/ -> https://ambimat.com,raw/seo/seo_tracker_reports/report_20260731_112213.json,"reported by the SEO crawler only; the 10:00 site-monitor run recorded broken_internal_links=0 — CONTRADICTORY, preserved",low (conflicting evidence),link source page: https://ambimat.com/categories/as-300/
https://ambimat.com/categories/ambi-logistics/,internal_links/broken_outbound,medium,outbound internal link reported unresolved,,broken_outbound: https://ambimat.com/categories/as-300/ -> https://ambimat.com/categories/ambi-logistics/,raw/seo/seo_tracker_reports/report_20260731_112213.json,"reported by the SEO crawler only; the 10:00 site-monitor run recorded broken_internal_links=0 — CONTRADICTORY, preserved",low (conflicting evidence),link source page: https://ambimat.com/categories/as-300/
https://ambimat.com/categories/powered-card/,internal_links/broken_outbound,medium,outbound internal link reported unresolved,,broken_outbound: https://ambimat.com/categories/as-300/ -> https://ambimat.com/categories/powered-card/,raw/seo/seo_tracker_reports/report_20260731_112213.json,"reported by the SEO crawler only; the 10:00 site-monitor run recorded broken_internal_links=0 — CONTRADICTORY, preserved",low (conflicting evidence),link source page: https://ambimat.com/categories/as-300/
https://ambimat.com,internal_links/broken_outbound,medium,outbound internal link reported unresolved,,broken_outbound: https://ambimat.com/categories/ambi-secure/ -> https://ambimat.com,raw/seo/seo_tracker_reports/report_20260731_112213.json,"reported by the SEO crawler only; the 10:00 site-monitor run recorded broken_internal_links=0 — CONTRADICTORY, preserved",low (conflicting evidence),link source page: https://ambimat.com/categories/ambi-secure/
https://ambimat.com/categories/ambi-logistics/,internal_links/broken_outbound,medium,outbound internal link reported unresolved,,broken_outbound: https://ambimat.com/categories/ambi-secure/ -> https://ambimat.com/categories/ambi-logistics/,raw/seo/seo_tracker_reports/report_20260731_112213.json,"reported by the SEO crawler only; the 10:00 site-monitor run recorded broken_internal_links=0 — CONTRADICTORY, preserved",low (conflicting evidence),link source page: https://ambimat.com/categories/ambi-secure/
https://ambimat.com/categories/powered-card/,internal_links/broken_outbound,medium,outbound internal link reported unresolved,,broken_outbound: https://ambimat.com/categories/ambi-secure/ -> https://ambimat.com/categories/powered-card/,raw/seo/seo_tracker_reports/report_20260731_112213.json,"reported by the SEO crawler only; the 10:00 site-monitor run recorded broken_internal_links=0 — CONTRADICTORY, preserved",low (conflicting evidence),link source page: https://ambimat.com/categories/ambi-secure/
https://ambimat.com,internal_links/broken_outbound,medium,outbound internal link reported unresolved,,broken_outbound: https://ambimat.com/categories/smart-city/ -> https://ambimat.com,raw/seo/seo_tracker_reports/report_20260731_112213.json,"reported by the SEO crawler only; the 10:00 site-monitor run recorded broken_internal_links=0 — CONTRADICTORY, preserved",low (conflicting evidence),link source page: https://ambimat.com/categories/smart-city/
https://ambimat.com/categories/ambi-logistics/,internal_links/broken_outbound,medium,outbound internal link reported unresolved,,broken_outbound: https://ambimat.com/categories/smart-city/ -> https://ambimat.com/categories/ambi-logistics/,raw/seo/seo_tracker_reports/report_20260731_112213.json,"reported by the SEO crawler only; the 10:00 site-monitor run recorded broken_internal_links=0 — CONTRADICTORY, preserved",low (conflicting evidence),link source page: https://ambimat.com/categories/smart-city/
https://ambimat.com/categories/powered-card/,internal_links/broken_outbound,medium,outbound internal link reported unresolved,,broken_outbound: https://ambimat.com/categories/smart-city/ -> https://ambimat.com/categories/powered-card/,raw/seo/seo_tracker_reports/report_20260731_112213.json,"reported by the SEO crawler only; the 10:00 site-monitor run recorded broken_internal_links=0 — CONTRADICTORY, preserved",low (conflicting evidence),link source page: https://ambimat.com/categories/smart-city/
https://ambimat.com,internal_links/broken_outbound,medium,outbound internal link reported unresolved,,broken_outbound: https://ambimat.com/categories/ambi-space/ -> https://ambimat.com,raw/seo/seo_tracker_reports/report_20260731_112213.json,"reported by the SEO crawler only; the 10:00 site-monitor run recorded broken_internal_links=0 — CONTRADICTORY, preserved",low (conflicting evidence),link source page: https://ambimat.com/categories/ambi-space/
https://ambimat.com/categories/ambi-logistics/,internal_links/broken_outbound,medium,outbound internal link reported unresolved,,broken_outbound: https://ambimat.com/categories/ambi-space/ -> https://ambimat.com/categories/ambi-logistics/,raw/seo/seo_tracker_reports/report_20260731_112213.json,"reported by the SEO crawler only; the 10:00 site-monitor run recorded broken_internal_links=0 — CONTRADICTORY, preserved",low (conflicting evidence),link source page: https://ambimat.com/categories/ambi-space/
https://ambimat.com/categories/powered-card/,internal_links/broken_outbound,medium,outbound internal link reported unresolved,,broken_outbound: https://ambimat.com/categories/ambi-space/ -> https://ambimat.com/categories/powered-card/,raw/seo/seo_tracker_reports/report_20260731_112213.json,"reported by the SEO crawler only; the 10:00 site-monitor run recorded broken_internal_links=0 — CONTRADICTORY, preserved",low (conflicting evidence),link source page: https://ambimat.com/categories/ambi-space/
https://ambimat.com,internal_links/broken_outbound,medium,outbound internal link reported unresolved,,broken_outbound: https://ambimat.com/categories/by-technology/ -> https://ambimat.com,raw/seo/seo_tracker_reports/report_20260731_112213.json,"reported by the SEO crawler only; the 10:00 site-monitor run recorded broken_internal_links=0 — CONTRADICTORY, preserved",low (conflicting evidence),link source page: https://ambimat.com/categories/by-technology/
https://ambimat.com/categories/ambi-logistics/,internal_links/broken_outbound,medium,outbound internal link reported unresolved,,broken_outbound: https://ambimat.com/categories/by-technology/ -> https://ambimat.com/categories/ambi-logistics/,raw/seo/seo_tracker_reports/report_20260731_112213.json,"reported by the SEO crawler only; the 10:00 site-monitor run recorded broken_internal_links=0 — CONTRADICTORY, preserved",low (conflicting evidence),link source page: https://ambimat.com/categories/by-technology/
https://ambimat.com/categories/powered-card/,internal_links/broken_outbound,medium,outbound internal link reported unresolved,,broken_outbound: https://ambimat.com/categories/by-technology/ -> https://ambimat.com/categories/powered-card/,raw/seo/seo_tracker_reports/report_20260731_112213.json,"reported by the SEO crawler only; the 10:00 site-monitor run recorded broken_internal_links=0 — CONTRADICTORY, preserved",low (conflicting evidence),link source page: https://ambimat.com/categories/by-technology/
https://ambimat.com,internal_links/broken_outbound,medium,outbound internal link reported unresolved,,broken_outbound: https://ambimat.com/categories/retail/ -> https://ambimat.com,raw/seo/seo_tracker_reports/report_20260731_112213.json,"reported by the SEO crawler only; the 10:00 site-monitor run recorded broken_internal_links=0 — CONTRADICTORY, preserved",low (conflicting evidence),link source page: https://ambimat.com/categories/retail/
https://ambimat.com/categories/ambi-logistics/,internal_links/broken_outbound,medium,outbound internal link reported unresolved,,broken_outbound: https://ambimat.com/categories/retail/ -> https://ambimat.com/categories/ambi-logistics/,raw/seo/seo_tracker_reports/report_20260731_112213.json,"reported by the SEO crawler only; the 10:00 site-monitor run recorded broken_internal_links=0 — CONTRADICTORY, preserved",low (conflicting evidence),link source page: https://ambimat.com/categories/retail/
https://ambimat.com/categories/powered-card/,internal_links/broken_outbound,medium,outbound internal link reported unresolved,,broken_outbound: https://ambimat.com/categories/retail/ -> https://ambimat.com/categories/powered-card/,raw/seo/seo_tracker_reports/report_20260731_112213.json,"reported by the SEO crawler only; the 10:00 site-monitor run recorded broken_internal_links=0 — CONTRADICTORY, preserved",low (conflicting evidence),link source page: https://ambimat.com/categories/retail/
https://ambimat.com,internal_links/broken_outbound,medium,outbound internal link reported unresolved,,broken_outbound: https://ambimat.com/categories/ambi-pay/ -> https://ambimat.com,raw/seo/seo_tracker_reports/report_20260731_112213.json,"reported by the SEO crawler only; the 10:00 site-monitor run recorded broken_internal_links=0 — CONTRADICTORY, preserved",low (conflicting evidence),link source page: https://ambimat.com/categories/ambi-pay/
https://ambimat.com/categories/ambi-logistics/,internal_links/broken_outbound,medium,outbound internal link reported unresolved,,broken_outbound: https://ambimat.com/categories/ambi-pay/ -> https://ambimat.com/categories/ambi-logistics/,raw/seo/seo_tracker_reports/report_20260731_112213.json,"reported by the SEO crawler only; the 10:00 site-monitor run recorded broken_internal_links=0 — CONTRADICTORY, preserved",low (conflicting evidence),link source page: https://ambimat.com/categories/ambi-pay/
https://ambimat.com/categories/powered-card/,internal_links/broken_outbound,medium,outbound internal link reported unresolved,,broken_outbound: https://ambimat.com/categories/ambi-pay/ -> https://ambimat.com/categories/powered-card/,raw/seo/seo_tracker_reports/report_20260731_112213.json,"reported by the SEO crawler only; the 10:00 site-monitor run recorded broken_internal_links=0 — CONTRADICTORY, preserved",low (conflicting evidence),link source page: https://ambimat.com/categories/ambi-pay/
https://ambimat.com,internal_links/broken_outbound,medium,outbound internal link reported unresolved,,broken_outbound: https://ambimat.com/categories/ambi-sense/ -> https://ambimat.com,raw/seo/seo_tracker_reports/report_20260731_112213.json,"reported by the SEO crawler only; the 10:00 site-monitor run recorded broken_internal_links=0 — CONTRADICTORY, preserved",low (conflicting evidence),link source page: https://ambimat.com/categories/ambi-sense/
https://ambimat.com/categories/ambi-logistics/,internal_links/broken_outbound,medium,outbound internal link reported unresolved,,broken_outbound: https://ambimat.com/categories/ambi-sense/ -> https://ambimat.com/categories/ambi-logistics/,raw/seo/seo_tracker_reports/report_20260731_112213.json,"reported by the SEO crawler only; the 10:00 site-monitor run recorded broken_internal_links=0 — CONTRADICTORY, preserved",low (conflicting evidence),link source page: https://ambimat.com/categories/ambi-sense/
https://ambimat.com/categories/powered-card/,internal_links/broken_outbound,medium,outbound internal link reported unresolved,,broken_outbound: https://ambimat.com/categories/ambi-sense/ -> https://ambimat.com/categories/powered-card/,raw/seo/seo_tracker_reports/report_20260731_112213.json,"reported by the SEO crawler only; the 10:00 site-monitor run recorded broken_internal_links=0 — CONTRADICTORY, preserved",low (conflicting evidence),link source page: https://ambimat.com/categories/ambi-sense/
https://ambimat.com,internal_links/broken_outbound,medium,outbound internal link reported unresolved,,broken_outbound: https://ambimat.com/categories/ambi-automation/ -> https://ambimat.com,raw/seo/seo_tracker_reports/report_20260731_112213.json,"reported by the SEO crawler only; the 10:00 site-monitor run recorded broken_internal_links=0 — CONTRADICTORY, preserved",low (conflicting evidence),link source page: https://ambimat.com/categories/ambi-automation/
https://ambimat.com/categories/ambi-logistics/,internal_links/broken_outbound,medium,outbound internal link reported unresolved,,broken_outbound: https://ambimat.com/categories/ambi-automation/ -> https://ambimat.com/categories/ambi-logistics/,raw/seo/seo_tracker_reports/report_20260731_112213.json,"reported by the SEO crawler only; the 10:00 site-monitor run recorded broken_internal_links=0 — CONTRADICTORY, preserved",low (conflicting evidence),link source page: https://ambimat.com/categories/ambi-automation/
https://ambimat.com/categories/powered-card/,internal_links/broken_outbound,medium,outbound internal link reported unresolved,,broken_outbound: https://ambimat.com/categories/ambi-automation/ -> https://ambimat.com/categories/powered-card/,raw/seo/seo_tracker_reports/report_20260731_112213.json,"reported by the SEO crawler only; the 10:00 site-monitor run recorded broken_internal_links=0 — CONTRADICTORY, preserved",low (conflicting evidence),link source page: https://ambimat.com/categories/ambi-automation/
https://ambimat.com/tag/lte-m/,ai_readiness/weakest,low,28,,"{""url"": ""https://ambimat.com/tag/lte-m/"", ""score"": 28}",raw/seo/seo_tracker_reports/report_20260731_112213.json,lowest AI-readiness scores in the crawled set,medium (as-reported),
https://ambimat.com/tag/street-lighting/,ai_readiness/weakest,low,28,,"{""url"": ""https://ambimat.com/tag/street-lighting/"", ""score"": 28}",raw/seo/seo_tracker_reports/report_20260731_112213.json,lowest AI-readiness scores in the crawled set,medium (as-reported),
https://ambimat.com/tag/payment-processing/,ai_readiness/weakest,low,28,,"{""url"": ""https://ambimat.com/tag/payment-processing/"", ""score"": 28}",raw/seo/seo_tracker_reports/report_20260731_112213.json,lowest AI-readiness scores in the crawled set,medium (as-reported),
https://ambimat.com/tag/industrialiot/,ai_readiness/weakest,low,28,,"{""url"": ""https://ambimat.com/tag/industrialiot/"", ""score"": 28}",raw/seo/seo_tracker_reports/report_20260731_112213.json,lowest AI-readiness scores in the crawled set,medium (as-reported),
https://ambimat.com/tag/social-attacks/,ai_readiness/weakest,low,28,,"{""url"": ""https://ambimat.com/tag/social-attacks/"", ""score"": 28}",raw/seo/seo_tracker_reports/report_20260731_112213.json,lowest AI-readiness scores in the crawled set,medium (as-reported),
https://ambimat.com/category/general/,recommendation,HIGH,Page is noindex,,"{""priority"": ""HIGH"", ""title"": ""Page is noindex"", ""suggested_action"": ""Remove noindex if this page should rank; otherwise confirm it's intentional."", ""impact"": ""High"", ""effort"": ""Medium"", ""confidence"": 0.9}",raw/seo/seo_tracker_reports/report_20260731_112213.json,generator recommendation — NOT an instruction to change the live site in this run,tool-reported confidence=0.9,
High — self-cannibalisation suppresses both pages,recommendation,HIGH,Weak page: https://ambimat.com/about/,,"{""priority"": ""HIGH"", ""title"": ""Weak page: https://ambimat.com/about/"", ""suggested_action"": ""Differentiate or consolidate. If the two pages target the same query, merge into one cornerstone and 301-redirect the thinner URL."", ""impact"": ""High"", ""effort"": ""Medium"", ""confidence"": 0.75}",raw/seo/seo_tracker_reports/report_20260731_112213.json,generator recommendation — NOT an instruction to change the live site in this run,tool-reported confidence=0.75,
High — self-cannibalisation suppresses both pages,recommendation,HIGH,Weak page: https://ambimat.com/ambi-con/,,"{""priority"": ""HIGH"", ""title"": ""Weak page: https://ambimat.com/ambi-con/"", ""suggested_action"": ""Differentiate or consolidate. If the two pages target the same query, merge into one cornerstone and 301-redirect the thinner URL."", ""impact"": ""High"", ""effort"": ""Medium"", ""confidence"": 0.75}",raw/seo/seo_tracker_reports/report_20260731_112213.json,generator recommendation — NOT an instruction to change the live site in this run,tool-reported confidence=0.75,
High — self-cannibalisation suppresses both pages,recommendation,HIGH,Weak page: https://ambimat.com/choosing-the-right-surface-finish-for-your-pcb-project-based-on-application/,,"{""priority"": ""HIGH"", ""title"": ""Weak page: https://ambimat.com/choosing-the-right-surface-finish-for-your-pcb-project-based-on-application/"", ""suggested_action"": ""Differentiate or consolidate. If the two pages target the same query, merge into one cornerstone and 301-redirect the thinner URL."", ""impact"": ""High"", ""effort"": ""Medium"", ""confidence"": 0.75}",raw/seo/seo_tracker_reports/report_20260731_112213.json,generator recommendation — NOT an instruction to change the live site in this run,tool-reported confidence=0.75,
High — self-cannibalisation suppresses both pages,recommendation,HIGH,Weak page: https://ambimat.com/developer-resources/list-of-application-identifiers-aid/,,"{""priority"": ""HIGH"", ""title"": ""Weak page: https://ambimat.com/developer-resources/list-of-application-identifiers-aid/"", ""suggested_action"": ""Differentiate or consolidate. If the two pages target the same query, merge into one cornerstone and 301-redirect the thinner URL."", ""impact"": ""High"", ""effort"": ""Medium"", ""confidence"": 0.75}",raw/seo/seo_tracker_reports/report_20260731_112213.json,generator recommendation — NOT an instruction to change the live site in this run,tool-reported confidence=0.75,
High — self-cannibalisation suppresses both pages,recommendation,HIGH,Weak page: https://ambimat.com/emv-application-selection/,,"{""priority"": ""HIGH"", ""title"": ""Weak page: https://ambimat.com/emv-application-selection/"", ""suggested_action"": ""Differentiate or consolidate. If the two pages target the same query, merge into one cornerstone and 301-redirect the thinner URL."", ""impact"": ""High"", ""effort"": ""Medium"", ""confidence"": 0.75}",raw/seo/seo_tracker_reports/report_20260731_112213.json,generator recommendation — NOT an instruction to change the live site in this run,tool-reported confidence=0.75,
High — self-cannibalisation suppresses both pages,recommendation,HIGH,Weak page: https://ambimat.com/holistic-iot-security-architecture-for-smart%e2%80%91city-street%e2%80%91light-controllers/,,"{""priority"": ""HIGH"", ""title"": ""Weak page: https://ambimat.com/holistic-iot-security-architecture-for-smart%e2%80%91city-street%e2%80%91light-controllers/"", ""suggested_action"": ""Differentiate or consolidate. If the two pages target the same query, merge into one cornerstone and 301-redirect the thinner URL."", ""impact"": ""High"", ""effort"": ""Medium"", ""confidence"": 0.75}",raw/seo/seo_tracker_reports/report_20260731_112213.json,generator recommendation — NOT an instruction to change the live site in this run,tool-reported confidence=0.75,
High — self-cannibalisation suppresses both pages,recommendation,HIGH,Weak page: https://ambimat.com/success-stories/,,"{""priority"": ""HIGH"", ""title"": ""Weak page: https://ambimat.com/success-stories/"", ""suggested_action"": ""Differentiate or consolidate. If the two pages target the same query, merge into one cornerstone and 301-redirect the thinner URL."", ""impact"": ""High"", ""effort"": ""Medium"", ""confidence"": 0.75}",raw/seo/seo_tracker_reports/report_20260731_112213.json,generator recommendation — NOT an instruction to change the live site in this run,tool-reported confidence=0.75,
High — self-cannibalisation suppresses both pages,recommendation,HIGH,Weak page: https://ambimat.com/tag/authentication/,,"{""priority"": ""HIGH"", ""title"": ""Weak page: https://ambimat.com/tag/authentication/"", ""suggested_action"": ""Differentiate or consolidate. If the two pages target the same query, merge into one cornerstone and 301-redirect the thinner URL."", ""impact"": ""High"", ""effort"": ""Medium"", ""confidence"": 0.75}",raw/seo/seo_tracker_reports/report_20260731_112213.json,generator recommendation — NOT an instruction to change the live site in this run,tool-reported confidence=0.75,
High — self-cannibalisation suppresses both pages,recommendation,HIGH,Weak page: https://ambimat.com/tag/automation/,,"{""priority"": ""HIGH"", ""title"": ""Weak page: https://ambimat.com/tag/automation/"", ""suggested_action"": ""Differentiate or consolidate. If the two pages target the same query, merge into one cornerstone and 301-redirect the thinner URL."", ""impact"": ""High"", ""effort"": ""Medium"", ""confidence"": 0.75}",raw/seo/seo_tracker_reports/report_20260731_112213.json,generator recommendation — NOT an instruction to change the live site in this run,tool-reported confidence=0.75,
High — self-cannibalisation suppresses both pages,recommendation,HIGH,Weak page: https://ambimat.com/tag/automotive-security/,,"{""priority"": ""HIGH"", ""title"": ""Weak page: https://ambimat.com/tag/automotive-security/"", ""suggested_action"": ""Differentiate or consolidate. If the two pages target the same query, merge into one cornerstone and 301-redirect the thinner URL."", ""impact"": ""High"", ""effort"": ""Medium"", ""confidence"": 0.75}",raw/seo/seo_tracker_reports/report_20260731_112213.json,generator recommendation — NOT an instruction to change the live site in this run,tool-reported confidence=0.75,
High — self-cannibalisation suppresses both pages,recommendation,HIGH,Weak page: https://ambimat.com/tag/cold-chain-logistics/,,"{""priority"": ""HIGH"", ""title"": ""Weak page: https://ambimat.com/tag/cold-chain-logistics/"", ""suggested_action"": ""Differentiate or consolidate. If the two pages target the same query, merge into one cornerstone and 301-redirect the thinner URL."", ""impact"": ""High"", ""effort"": ""Medium"", ""confidence"": 0.75}",raw/seo/seo_tracker_reports/report_20260731_112213.json,generator recommendation — NOT an instruction to change the live site in this run,tool-reported confidence=0.75,
High — self-cannibalisation suppresses both pages,recommendation,HIGH,Weak page: https://ambimat.com/tag/fast-identity-online-fido/,,"{""priority"": ""HIGH"", ""title"": ""Weak page: https://ambimat.com/tag/fast-identity-online-fido/"", ""suggested_action"": ""Differentiate or consolidate. If the two pages target the same query, merge into one cornerstone and 301-redirect the thinner URL."", ""impact"": ""High"", ""effort"": ""Medium"", ""confidence"": 0.75}",raw/seo/seo_tracker_reports/report_20260731_112213.json,generator recommendation — NOT an instruction to change the live site in this run,tool-reported confidence=0.75,
High — self-cannibalisation suppresses both pages,recommendation,HIGH,Weak page: https://ambimat.com/tag/general/,,"{""priority"": ""HIGH"", ""title"": ""Weak page: https://ambimat.com/tag/general/"", ""suggested_action"": ""Differentiate or consolidate. If the two pages target the same query, merge into one cornerstone and 301-redirect the thinner URL."", ""impact"": ""High"", ""effort"": ""Medium"", ""confidence"": 0.75}",raw/seo/seo_tracker_reports/report_20260731_112213.json,generator recommendation — NOT an instruction to change the live site in this run,tool-reported confidence=0.75,
High — self-cannibalisation suppresses both pages,recommendation,HIGH,Weak page: https://ambimat.com/tag/iot-security/,,"{""priority"": ""HIGH"", ""title"": ""Weak page: https://ambimat.com/tag/iot-security/"", ""suggested_action"": ""Differentiate or consolidate. If the two pages target the same query, merge into one cornerstone and 301-redirect the thinner URL."", ""impact"": ""High"", ""effort"": ""Medium"", ""confidence"": 0.75}",raw/seo/seo_tracker_reports/report_20260731_112213.json,generator recommendation — NOT an instruction to change the live site in this run,tool-reported confidence=0.75,
High — self-cannibalisation suppresses both pages,recommendation,HIGH,Weak page: https://ambimat.com/tag/iot-security/,,"{""priority"": ""HIGH"", ""title"": ""Weak page: https://ambimat.com/tag/iot-security/"", ""suggested_action"": ""Differentiate or consolidate. If the two pages target the same query, merge into one cornerstone and 301-redirect the thinner URL."", ""impact"": ""High"", ""effort"": ""Medium"", ""confidence"": 0.75}",raw/seo/seo_tracker_reports/report_20260731_112213.json,generator recommendation — NOT an instruction to change the live site in this run,tool-reported confidence=0.75,
"cluster=IoT identity / OEM, kind=faq",recommendation,HIGH,Add FAQ schema to a cornerstone in: IoT identity / OEM,,"{""priority"": ""HIGH"", ""title"": ""Add FAQ schema to a cornerstone in: IoT identity / OEM"", ""suggested_action"": ""Author this on `ambimat` with FAQ schema + 3 internal links from cluster siblings."", ""impact"": ""High"", ""effort"": ""Medium"", ""confidence"": 0.7}",raw/seo/seo_tracker_reports/report_20260731_112213.json,generator recommendation — NOT an instruction to change the live site in this run,tool-reported confidence=0.7,
"cluster=Identity Management, kind=cornerstone",recommendation,HIGH,Cornerstone page for: Identity Management,,"{""priority"": ""HIGH"", ""title"": ""Cornerstone page for: Identity Management"", ""suggested_action"": ""Author this on `ambimat` with FAQ schema + 3 internal links from cluster siblings."", ""impact"": ""High"", ""effort"": ""High"", ""confidence"": 0.7}",raw/seo/seo_tracker_reports/report_20260731_112213.json,generator recommendation — NOT an instruction to change the live site in this run,tool-reported confidence=0.7,
https://ambimat.com/holistic-iot-security-architecture-for-smart%e2%80%91city-street%e2%80%91light-controllers/,recommendation,MEDIUM,Canonical points elsewhere — 2 pages,,"{""priority"": ""MEDIUM"", ""title"": ""Canonical points elsewhere — 2 pages"", ""suggested_action"": ""Verify this page should be consolidated into the canonical target; if not, self-canonicalise."", ""impact"": ""Medium"", ""effort"": ""Low"", ""confidence"": 0.9}",raw/seo/seo_tracker_reports/report_20260731_112213.json,generator recommendation — NOT an instruction to change the live site in this run,tool-reported confidence=0.9,
"https://ambimat.com/about/, https://ambimat.com/category/general/, https://ambimat.com/choosing-the-right-surface-finish-for-your-pcb-project-based-on-application/, +6 more",recommendation,MEDIUM,Duplicate title across N pages — 9 pages,,"{""priority"": ""MEDIUM"", ""title"": ""Duplicate title across N pages — 9 pages"", ""suggested_action"": ""Give each page a unique title matching its specific intent."", ""impact"": ""Medium"", ""effort"": ""Low"", ""confidence"": 0.9}",raw/seo/seo_tracker_reports/report_20260731_112213.json,generator recommendation — NOT an instruction to change the live site in this run,tool-reported confidence=0.9,
"https://ambimat.com/about/, https://ambimat.com/cellular-network-based-wide-area-networks/, https://ambimat.com/holistic-iot-security-architecture-for-smart%e2%80%91city-street%e2%80%91light-controllers/, +3 more",recommendation,MEDIUM,Duplicate meta description across N pages — 6 pages,,"{""priority"": ""MEDIUM"", ""title"": ""Duplicate meta description across N pages — 6 pages"", ""suggested_action"": ""Give each page a unique meta description matching its specific intent."", ""impact"": ""Medium"", ""effort"": ""Low"", ""confidence"": 0.9}",raw/seo/seo_tracker_reports/report_20260731_112213.json,generator recommendation — NOT an instruction to change the live site in this run,tool-reported confidence=0.9,
"sub-scores: {'structured_data': 17, 'faq': 0, 'headings': 8, 'content_depth': 0, 'entity_coverage': 0, 'answer_shape': 3}",recommendation,MEDIUM,Strengthen AI-readiness: https://ambimat.com/tag/lte-m/,,"{""priority"": ""MEDIUM"", ""title"": ""Strengthen AI-readiness: https://ambimat.com/tag/lte-m/"", ""suggested_action"": ""No FAQPage schema — add 3–5 anticipated questions with answers. · Thin content (236 words) — expand with examples, diagrams, and references. · Sparse entity coverage — extend Organization.knowsAbout or page-level keywords."", ""impact"": ""Medium"", ""effort"": ""Low"", ""confidence"": 0.75}",raw/seo/seo_tracker_reports/report_20260731_112213.json,generator recommendation — NOT an instruction to change the live site in this run,tool-reported confidence=0.75,
"sub-scores: {'structured_data': 17, 'faq': 0, 'headings': 8, 'content_depth': 0, 'entity_coverage': 0, 'answer_shape': 3}",recommendation,MEDIUM,Strengthen AI-readiness: https://ambimat.com/tag/street-lighting/,,"{""priority"": ""MEDIUM"", ""title"": ""Strengthen AI-readiness: https://ambimat.com/tag/street-lighting/"", ""suggested_action"": ""No FAQPage schema — add 3–5 anticipated questions with answers. · Thin content (236 words) — expand with examples, diagrams, and references. · Sparse entity coverage — extend Organization.knowsAbout or page-level keywords."", ""impact"": ""Medium"", ""effort"": ""Low"", ""confidence"": 0.75}",raw/seo/seo_tracker_reports/report_20260731_112213.json,generator recommendation — NOT an instruction to change the live site in this run,tool-reported confidence=0.75,
"sub-scores: {'structured_data': 17, 'faq': 0, 'headings': 8, 'content_depth': 0, 'entity_coverage': 0, 'answer_shape': 3}",recommendation,MEDIUM,Strengthen AI-readiness: https://ambimat.com/tag/payment-processing/,,"{""priority"": ""MEDIUM"", ""title"": ""Strengthen AI-readiness: https://ambimat.com/tag/payment-processing/"", ""suggested_action"": ""No FAQPage schema — add 3–5 anticipated questions with answers. · Thin content (237 words) — expand with examples, diagrams, and references. · Sparse entity coverage — extend Organization.knowsAbout or page-level keywords."", ""impact"": ""Medium"", ""effort"": ""Low"", ""confidence"": 0.75}",raw/seo/seo_tracker_reports/report_20260731_112213.json,generator recommendation — NOT an instruction to change the live site in this run,tool-reported confidence=0.75,
"sub-scores: {'structured_data': 17, 'faq': 0, 'headings': 8, 'content_depth': 0, 'entity_coverage': 0, 'answer_shape': 3}",recommendation,MEDIUM,Strengthen AI-readiness: https://ambimat.com/tag/industrialiot/,,"{""priority"": ""MEDIUM"", ""title"": ""Strengthen AI-readiness: https://ambimat.com/tag/industrialiot/"", ""suggested_action"": ""No FAQPage schema — add 3–5 anticipated questions with answers. · Thin content (231 words) — expand with examples, diagrams, and references. · Sparse entity coverage — extend Organization.knowsAbout or page-level keywords."", ""impact"": ""Medium"", ""effort"": ""Low"", ""confidence"": 0.75}",raw/seo/seo_tracker_reports/report_20260731_112213.json,generator recommendation — NOT an instruction to change the live site in this run,tool-reported confidence=0.75,
"sub-scores: {'structured_data': 17, 'faq': 0, 'headings': 8, 'content_depth': 0, 'entity_coverage': 0, 'answer_shape': 3}",recommendation,MEDIUM,Strengthen AI-readiness: https://ambimat.com/tag/social-attacks/,,"{""priority"": ""MEDIUM"", ""title"": ""Strengthen AI-readiness: https://ambimat.com/tag/social-attacks/"", ""suggested_action"": ""No FAQPage schema — add 3–5 anticipated questions with answers. · Thin content (241 words) — expand with examples, diagrams, and references. · Sparse entity coverage — extend Organization.knowsAbout or page-level keywords."", ""impact"": ""Medium"", ""effort"": ""Low"", ""confidence"": 0.75}",raw/seo/seo_tracker_reports/report_20260731_112213.json,generator recommendation — NOT an instruction to change the live site in this run,tool-reported confidence=0.75,
1 candidate source(s),recommendation,MEDIUM,Internal-link medium: https://ambimat.com/is-passwordless-the-right-choice-for-organization/,,"{""priority"": ""MEDIUM"", ""title"": ""Internal-link medium: https://ambimat.com/is-passwordless-the-right-choice-for-organization/"", ""suggested_action"": ""Link `https://ambimat.com/is-passwordless-the-right-choice-for-organization/` from:\n- https://ambimat.com/is-passwordless-the-future/"", ""impact"": ""Medium"", ""effort"": ""Low"", ""confidence"": 0.75}",raw/seo/seo_tracker_reports/report_20260731_112213.json,generator recommendation — NOT an instruction to change the live site in this run,tool-reported confidence=0.75,
1 candidate source(s),recommendation,MEDIUM,Internal-link medium: https://ambimat.com/built-in-fido-authenticators/,,"{""priority"": ""MEDIUM"", ""title"": ""Internal-link medium: https://ambimat.com/built-in-fido-authenticators/"", ""suggested_action"": ""Link `https://ambimat.com/built-in-fido-authenticators/` from:\n- https://ambimat.com/for-developer/blogs/"", ""impact"": ""Medium"", ""effort"": ""Low"", ""confidence"": 0.75}",raw/seo/seo_tracker_reports/report_20260731_112213.json,generator recommendation — NOT an instruction to change the live site in this run,tool-reported confidence=0.75,
1 candidate source(s),recommendation,MEDIUM,Internal-link medium: https://ambimat.com/steps-to-go-passwordless/,,"{""priority"": ""MEDIUM"", ""title"": ""Internal-link medium: https://ambimat.com/steps-to-go-passwordless/"", ""suggested_action"": ""Link `https://ambimat.com/steps-to-go-passwordless/` from:\n- https://ambimat.com/is-passwordless-the-future/"", ""impact"": ""Medium"", ""effort"": ""Low"", ""confidence"": 0.75}",raw/seo/seo_tracker_reports/report_20260731_112213.json,generator recommendation — NOT an instruction to change the live site in this run,tool-reported confidence=0.75,
1 candidate source(s),recommendation,MEDIUM,Internal-link medium: https://ambimat.com/perils-to-circumvent-when-shifting-to-passwordless-technology/,,"{""priority"": ""MEDIUM"", ""title"": ""Internal-link medium: https://ambimat.com/perils-to-circumvent-when-shifting-to-passwordless-technology/"", ""suggested_action"": ""Link `https://ambimat.com/perils-to-circumvent-when-shifting-to-passwordless-technology/` from:\n- https://ambimat.com/is-passwordless-the-future/"", ""impact"": ""Medium"", ""effort"": ""Low"", ""confidence"": 0.75}",raw/seo/seo_tracker_reports/report_20260731_112213.json,generator recommendation — NOT an instruction to change the live site in this run,tool-reported confidence=0.75,
1 candidate source(s),recommendation,MEDIUM,Internal-link medium: https://ambimat.com/phishing-assaults-are-becoming-more-common-are-you-prepared/,,"{""priority"": ""MEDIUM"", ""title"": ""Internal-link medium: https://ambimat.com/phishing-assaults-are-becoming-more-common-are-you-prepared/"", ""suggested_action"": ""Link `https://ambimat.com/phishing-assaults-are-becoming-more-common-are-you-prepared/` from:\n- https://ambimat.com/is-passwordless-the-future/"", ""impact"": ""Medium"", ""effort"": ""Low"", ""confidence"": 0.75}",raw/seo/seo_tracker_reports/report_20260731_112213.json,generator recommendation — NOT an instruction to change the live site in this run,tool-reported confidence=0.75,
1 candidate source(s),recommendation,MEDIUM,Internal-link medium: https://ambimat.com/attempting-to-protect-the-future-of-iot-devices/,,"{""priority"": ""MEDIUM"", ""title"": ""Internal-link medium: https://ambimat.com/attempting-to-protect-the-future-of-iot-devices/"", ""suggested_action"": ""Link `https://ambimat.com/attempting-to-protect-the-future-of-iot-devices/` from:\n- https://ambimat.com/secure-ota-patch-management-for-iot-best-practices/"", ""impact"": ""Medium"", ""effort"": ""Low"", ""confidence"": 0.75}",raw/seo/seo_tracker_reports/report_20260731_112213.json,generator recommendation — NOT an instruction to change the live site in this run,tool-reported confidence=0.75,
1 candidate source(s),recommendation,MEDIUM,Internal-link medium: https://ambimat.com/user-experience-with-passwordless-authentication-edited/,,"{""priority"": ""MEDIUM"", ""title"": ""Internal-link medium: https://ambimat.com/user-experience-with-passwordless-authentication-edited/"", ""suggested_action"": ""Link `https://ambimat.com/user-experience-with-passwordless-authentication-edited/` from:\n- https://ambimat.com/is-passwordless-the-future/"", ""impact"": ""Medium"", ""effort"": ""Low"", ""confidence"": 0.75}",raw/seo/seo_tracker_reports/report_20260731_112213.json,generator recommendation — NOT an instruction to change the live site in this run,tool-reported confidence=0.75,
1 candidate source(s),recommendation,MEDIUM,Internal-link medium: https://ambimat.com/how-does-passwordless-authentication-works/,,"{""priority"": ""MEDIUM"", ""title"": ""Internal-link medium: https://ambimat.com/how-does-passwordless-authentication-works/"", ""suggested_action"": ""Link `https://ambimat.com/how-does-passwordless-authentication-works/` from:\n- https://ambimat.com/is-passwordless-the-future/"", ""impact"": ""Medium"", ""effort"": ""Low"", ""confidence"": 0.75}",raw/seo/seo_tracker_reports/report_20260731_112213.json,generator recommendation — NOT an instruction to change the live site in this run,tool-reported confidence=0.75,
1 candidate source(s),recommendation,MEDIUM,Internal-link medium: https://ambimat.com/reduce-cost-and-strengthen-security-with-passwordless-authentication/,,"{""priority"": ""MEDIUM"", ""title"": ""Internal-link medium: https://ambimat.com/reduce-cost-and-strengthen-security-with-passwordless-authentication/"", ""suggested_action"": ""Link `https://ambimat.com/reduce-cost-and-strengthen-security-with-passwordless-authentication/` from:\n- https://ambimat.com/is-passwordless-the-future/"", ""impact"": ""Medium"", ""effort"": ""Low"", ""confidence"": 0.75}",raw/seo/seo_tracker_reports/report_20260731_112213.json,generator recommendation — NOT an instruction to change the live site in this run,tool-reported confidence=0.75,
1 candidate source(s),recommendation,MEDIUM,Internal-link medium: https://ambimat.com/simple-explanation-to-passwordless/,,"{""priority"": ""MEDIUM"", ""title"": ""Internal-link medium: https://ambimat.com/simple-explanation-to-passwordless/"", ""suggested_action"": ""Link `https://ambimat.com/simple-explanation-to-passwordless/` from:\n- https://ambimat.com/is-passwordless-the-future/"", ""impact"": ""Medium"", ""effort"": ""Low"", ""confidence"": 0.75}",raw/seo/seo_tracker_reports/report_20260731_112213.json,generator recommendation — NOT an instruction to change the live site in this run,tool-reported confidence=0.75,
1 candidate source(s),recommendation,MEDIUM,Internal-link medium: https://ambimat.com/critical-security-considerations-for-makers-of-iot-devices/,,"{""priority"": ""MEDIUM"", ""title"": ""Internal-link medium: https://ambimat.com/critical-security-considerations-for-makers-of-iot-devices/"", ""suggested_action"": ""Link `https://ambimat.com/critical-security-considerations-for-makers-of-iot-devices/` from:\n- https://ambimat.com/secure-ota-patch-management-for-iot-best-practices/"", ""impact"": ""Medium"", ""effort"": ""Low"", ""confidence"": 0.75}",raw/seo/seo_tracker_reports/report_20260731_112213.json,generator recommendation — NOT an instruction to change the live site in this run,tool-reported confidence=0.75,
1 candidate source(s),recommendation,MEDIUM,Internal-link medium: https://ambimat.com/a-close-examination-of-the-strategies-hackers-employ-to-start-effective-phishing-operations/,,"{""priority"": ""MEDIUM"", ""title"": ""Internal-link medium: https://ambimat.com/a-close-examination-of-the-strategies-hackers-employ-to-start-effective-phishing-operations/"", ""suggested_action"": ""Link `https://ambimat.com/a-close-examination-of-the-strategies-hackers-employ-to-start-effective-phishing-operations/` from:\n- https://ambimat.com/is-passwordless-the-future/"", ""impact"": ""Medium"", ""effort"": ""Low"", ""confidence"": 0.75}",raw/seo/seo_tracker_reports/report_20260731_112213.json,generator recommendation — NOT an instruction to change the live site in this run,tool-reported confidence=0.75,
1 candidate source(s),recommendation,MEDIUM,Internal-link medium: https://ambimat.com/top-five-pitfalls-that-organisations-should-avoid-when-using-a-passwordless-strategy/,,"{""priority"": ""MEDIUM"", ""title"": ""Internal-link medium: https://ambimat.com/top-five-pitfalls-that-organisations-should-avoid-when-using-a-passwordless-strategy/"", ""suggested_action"": ""Link `https://ambimat.com/top-five-pitfalls-that-organisations-should-avoid-when-using-a-passwordless-strategy/` from:\n- https://ambimat.com/is-passwordless-the-future/"", ""impact"": ""Medium"", ""effort"": ""Low"", ""confidence"": 0.75}",raw/seo/seo_tracker_reports/report_20260731_112213.json,generator recommendation — NOT an instruction to change the live site in this run,tool-reported confidence=0.75,
1 candidate source(s),recommendation,MEDIUM,Internal-link medium: https://ambimat.com/what-are-the-benefits-of-iot-in-healthcare-and-how-can-it-be-secured/,,"{""priority"": ""MEDIUM"", ""title"": ""Internal-link medium: https://ambimat.com/what-are-the-benefits-of-iot-in-healthcare-and-how-can-it-be-secured/"", ""suggested_action"": ""Link `https://ambimat.com/what-are-the-benefits-of-iot-in-healthcare-and-how-can-it-be-secured/` from:\n- https://ambimat.com/secure-ota-patch-management-for-iot-best-practices/"", ""impact"": ""Medium"", ""effort"": ""Low"", ""confidence"": 0.75}",raw/seo/seo_tracker_reports/report_20260731_112213.json,generator recommendation — NOT an instruction to change the live site in this run,tool-reported confidence=0.75,
1 candidate source(s),recommendation,MEDIUM,Internal-link medium: https://ambimat.com/who-has-the-keys-in-passwordless-authentication/,,"{""priority"": ""MEDIUM"", ""title"": ""Internal-link medium: https://ambimat.com/who-has-the-keys-in-passwordless-authentication/"", ""suggested_action"": ""Link `https://ambimat.com/who-has-the-keys-in-passwordless-authentication/` from:\n- https://ambimat.com/is-passwordless-the-future/"", ""impact"": ""Medium"", ""effort"": ""Low"", ""confidence"": 0.75}",raw/seo/seo_tracker_reports/report_20260731_112213.json,generator recommendation — NOT an instruction to change the live site in this run,tool-reported confidence=0.75,
1 candidate source(s),recommendation,MEDIUM,Internal-link medium: https://ambimat.com/smart-card-selected-apdu-commands/,,"{""priority"": ""MEDIUM"", ""title"": ""Internal-link medium: https://ambimat.com/smart-card-selected-apdu-commands/"", ""suggested_action"": ""Link `https://ambimat.com/smart-card-selected-apdu-commands/` from:\n- https://ambimat.com/smart-card-standard-iso7816-part-4-section-1-scope/"", ""impact"": ""Medium"", ""effort"": ""Low"", ""confidence"": 0.75}",raw/seo/seo_tracker_reports/report_20260731_112213.json,generator recommendation — NOT an instruction to change the live site in this run,tool-reported confidence=0.75,
1 candidate source(s),recommendation,MEDIUM,Internal-link medium: https://ambimat.com/pki-public-key-infrastructure/,,"{""priority"": ""MEDIUM"", ""title"": ""Internal-link medium: https://ambimat.com/pki-public-key-infrastructure/"", ""suggested_action"": ""Link `https://ambimat.com/pki-public-key-infrastructure/` from:\n- https://ambimat.com/list-of-ca-public-keys/"", ""impact"": ""Medium"", ""effort"": ""Low"", ""confidence"": 0.75}",raw/seo/seo_tracker_reports/report_20260731_112213.json,generator recommendation — NOT an instruction to change the live site in this run,tool-reported confidence=0.75,
1 candidate source(s),recommendation,MEDIUM,Internal-link medium: https://ambimat.com/list-of-ca-public-keys/,,"{""priority"": ""MEDIUM"", ""title"": ""Internal-link medium: https://ambimat.com/list-of-ca-public-keys/"", ""suggested_action"": ""Link `https://ambimat.com/list-of-ca-public-keys/` from:\n- https://ambimat.com/pki-public-key-infrastructure/"", ""impact"": ""Medium"", ""effort"": ""Low"", ""confidence"": 0.75}",raw/seo/seo_tracker_reports/report_20260731_112213.json,generator recommendation — NOT an instruction to change the live site in this run,tool-reported confidence=0.75,
1 candidate source(s),recommendation,MEDIUM,Internal-link medium: https://ambimat.com/emv-ca-cryptomathic/,,"{""priority"": ""MEDIUM"", ""title"": ""Internal-link medium: https://ambimat.com/emv-ca-cryptomathic/"", ""suggested_action"": ""Link `https://ambimat.com/emv-ca-cryptomathic/` from:\n- https://ambimat.com/pki-public-key-infrastructure/"", ""impact"": ""Medium"", ""effort"": ""Low"", ""confidence"": 0.75}",raw/seo/seo_tracker_reports/report_20260731_112213.json,generator recommendation — NOT an instruction to change the live site in this run,tool-reported confidence=0.75,
1 candidate source(s),recommendation,MEDIUM,Internal-link medium: https://ambimat.com/emv-connection-a-smart-card-alliance-site/,,"{""priority"": ""MEDIUM"", ""title"": ""Internal-link medium: https://ambimat.com/emv-connection-a-smart-card-alliance-site/"", ""suggested_action"": ""Link `https://ambimat.com/emv-connection-a-smart-card-alliance-site/` from:\n- https://ambimat.com/smart-card-standard-iso7816-part-4-section-1-scope/"", ""impact"": ""Medium"", ""effort"": ""Low"", ""confidence"": 0.75}",raw/seo/seo_tracker_reports/report_20260731_112213.json,generator recommendation — NOT an instruction to change the live site in this run,tool-reported confidence=0.75,
1 candidate source(s),recommendation,MEDIUM,Internal-link medium: https://ambimat.com/an-introduction-to-mifarea-cards-a-beginners-guide-from-digital-id/,,"{""priority"": ""MEDIUM"", ""title"": ""Internal-link medium: https://ambimat.com/an-introduction-to-mifarea-cards-a-beginners-guide-from-digital-id/"", ""suggested_action"": ""Link `https://ambimat.com/an-introduction-to-mifarea-cards-a-beginners-guide-from-digital-id/` from:\n- https://ambimat.com/contactless-emv-payments-in-public-transportation/"", ""impact"": ""Medium"", ""effort"": ""Low"", ""confidence"": 0.75}",raw/seo/seo_tracker_reports/report_20260731_112213.json,generator recommendation — NOT an instruction to change the live site in this run,tool-reported confidence=0.75,
1 candidate source(s),recommendation,MEDIUM,Internal-link medium: https://ambimat.com/with-phishing-resistant-mfa-we-can-break-the-hacking-loop-in-healthcare/,,"{""priority"": ""MEDIUM"", ""title"": ""Internal-link medium: https://ambimat.com/with-phishing-resistant-mfa-we-can-break-the-hacking-loop-in-healthcare/"", ""suggested_action"": ""Link `https://ambimat.com/with-phishing-resistant-mfa-we-can-break-the-hacking-loop-in-healthcare/` from:\n- https://ambimat.com/is-passwordless-the-future/"", ""impact"": ""Medium"", ""effort"": ""Low"", ""confidence"": 0.75}",raw/seo/seo_tracker_reports/report_20260731_112213.json,generator recommendation — NOT an instruction to change the live site in this run,tool-reported confidence=0.75,
1 candidate source(s),recommendation,MEDIUM,Internal-link medium: https://ambimat.com/mifare/,,"{""priority"": ""MEDIUM"", ""title"": ""Internal-link medium: https://ambimat.com/mifare/"", ""suggested_action"": ""Link `https://ambimat.com/mifare/` from:\n- https://ambimat.com/contactless-emv-payments-in-public-transportation/"", ""impact"": ""Medium"", ""effort"": ""Low"", ""confidence"": 0.75}",raw/seo/seo_tracker_reports/report_20260731_112213.json,generator recommendation — NOT an instruction to change the live site in this run,tool-reported confidence=0.75,
2 candidate source(s),recommendation,MEDIUM,Internal-link medium: https://ambimat.com/tag/iot-replay-protection/,,"{""priority"": ""MEDIUM"", ""title"": ""Internal-link medium: https://ambimat.com/tag/iot-replay-protection/"", ""suggested_action"": ""Link `https://ambimat.com/tag/iot-replay-protection/` from:\n- https://ambimat.com/secure-ota-patch-management-for-iot-best-practices/\n- https://ambimat.com/zero-trust-iot-security-for-smart-cities/"", ""impact"": ""Medium"", ""effort"": ""Low"", ""confidence"": 0.75}",raw/seo/seo_tracker_reports/report_20260731_112213.json,generator recommendation — NOT an instruction to change the live site in this run,tool-reported confidence=0.75,
2 candidate source(s),recommendation,MEDIUM,Internal-link medium: https://ambimat.com/tag/secure-iot-commissioning/,,"{""priority"": ""MEDIUM"", ""title"": ""Internal-link medium: https://ambimat.com/tag/secure-iot-commissioning/"", ""suggested_action"": ""Link `https://ambimat.com/tag/secure-iot-commissioning/` from:\n- https://ambimat.com/secure-ota-patch-management-for-iot-best-practices/\n- https://ambimat.com/zero-trust-iot-security-for-smart-cities/"", ""impact"": ""Medium"", ""effort"": ""Low"", ""confidence"": 0.75}",raw/seo/seo_tracker_reports/report_20260731_112213.json,generator recommendation — NOT an instruction to change the live site in this run,tool-reported confidence=0.75,
2 candidate source(s),recommendation,MEDIUM,Internal-link medium: https://ambimat.com/tag/mesh-key-rotation-iot/,,"{""priority"": ""MEDIUM"", ""title"": ""Internal-link medium: https://ambimat.com/tag/mesh-key-rotation-iot/"", ""suggested_action"": ""Link `https://ambimat.com/tag/mesh-key-rotation-iot/` from:\n- https://ambimat.com/secure-ota-patch-management-for-iot-best-practices/\n- https://ambimat.com/zero-trust-iot-security-for-smart-cities/"", ""impact"": ""Medium"", ""effort"": ""Low"", ""confidence"": 0.75}",raw/seo/seo_tracker_reports/report_20260731_112213.json,generator recommendation — NOT an instruction to change the live site in this run,tool-reported confidence=0.75,
2 candidate source(s),recommendation,MEDIUM,Internal-link medium: https://ambimat.com/tag/secure-ota-iot/,,"{""priority"": ""MEDIUM"", ""title"": ""Internal-link medium: https://ambimat.com/tag/secure-ota-iot/"", ""suggested_action"": ""Link `https://ambimat.com/tag/secure-ota-iot/` from:\n- https://ambimat.com/secure-ota-patch-management-for-iot-best-practices/\n- https://ambimat.com/zero-trust-iot-security-for-smart-cities/"", ""impact"": ""Medium"", ""effort"": ""Low"", ""confidence"": 0.75}",raw/seo/seo_tracker_reports/report_20260731_112213.json,generator recommendation — NOT an instruction to change the live site in this run,tool-reported confidence=0.75,
2 candidate source(s),recommendation,MEDIUM,Internal-link medium: https://ambimat.com/tag/mfa/,,"{""priority"": ""MEDIUM"", ""title"": ""Internal-link medium: https://ambimat.com/tag/mfa/"", ""suggested_action"": ""Link `https://ambimat.com/tag/mfa/` from:\n- https://ambimat.com/is-passwordless-the-future/\n- https://ambimat.com/what-is-passwordless-authentication/"", ""impact"": ""Medium"", ""effort"": ""Low"", ""confidence"": 0.75}",raw/seo/seo_tracker_reports/report_20260731_112213.json,generator recommendation — NOT an instruction to change the live site in this run,tool-reported confidence=0.75,
2 candidate source(s),recommendation,MEDIUM,Internal-link medium: https://ambimat.com/tag/iot-firmware-signing/,,"{""priority"": ""MEDIUM"", ""title"": ""Internal-link medium: https://ambimat.com/tag/iot-firmware-signing/"", ""suggested_action"": ""Link `https://ambimat.com/tag/iot-firmware-signing/` from:\n- https://ambimat.com/secure-ota-patch-management-for-iot-best-practices/\n- https://ambimat.com/zero-trust-iot-security-for-smart-cities/"", ""impact"": ""Medium"", ""effort"": ""Low"", ""confidence"": 0.75}",raw/seo/seo_tracker_reports/report_20260731_112213.json,generator recommendation — NOT an instruction to change the live site in this run,tool-reported confidence=0.75,
2 candidate source(s),recommendation,MEDIUM,Internal-link medium: https://ambimat.com/tag/iot-patch-management/,,"{""priority"": ""MEDIUM"", ""title"": ""Internal-link medium: https://ambimat.com/tag/iot-patch-management/"", ""suggested_action"": ""Link `https://ambimat.com/tag/iot-patch-management/` from:\n- https://ambimat.com/secure-ota-patch-management-for-iot-best-practices/\n- https://ambimat.com/zero-trust-iot-security-for-smart-cities/"", ""impact"": ""Medium"", ""effort"": ""Low"", ""confidence"": 0.75}",raw/seo/seo_tracker_reports/report_20260731_112213.json,generator recommendation — NOT an instruction to change the live site in this run,tool-reported confidence=0.75,
2 candidate source(s),recommendation,MEDIUM,Internal-link medium: https://ambimat.com/tag/iot-secure-boot/,,"{""priority"": ""MEDIUM"", ""title"": ""Internal-link medium: https://ambimat.com/tag/iot-secure-boot/"", ""suggested_action"": ""Link `https://ambimat.com/tag/iot-secure-boot/` from:\n- https://ambimat.com/secure-ota-patch-management-for-iot-best-practices/\n- https://ambimat.com/zero-trust-iot-security-for-smart-cities/"", ""impact"": ""Medium"", ""effort"": ""Low"", ""confidence"": 0.75}",raw/seo/seo_tracker_reports/report_20260731_112213.json,generator recommendation — NOT an instruction to change the live site in this run,tool-reported confidence=0.75,
2 candidate source(s),recommendation,MEDIUM,Internal-link medium: https://ambimat.com/tag/zero-trust-iot-security/,,"{""priority"": ""MEDIUM"", ""title"": ""Internal-link medium: https://ambimat.com/tag/zero-trust-iot-security/"", ""suggested_action"": ""Link `https://ambimat.com/tag/zero-trust-iot-security/` from:\n- https://ambimat.com/secure-ota-patch-management-for-iot-best-practices/\n- https://ambimat.com/zero-trust-iot-security-for-smart-cities/"", ""impact"": ""Medium"", ""effort"": ""Low"", ""confidence"": 0.75}",raw/seo/seo_tracker_reports/report_20260731_112213.json,generator recommendation — NOT an instruction to change the live site in this run,tool-reported confidence=0.75,
1 candidate source(s),recommendation,MEDIUM,Internal-link medium: https://ambimat.com/tag/fast-identity-online-fido/,,"{""priority"": ""MEDIUM"", ""title"": ""Internal-link medium: https://ambimat.com/tag/fast-identity-online-fido/"", ""suggested_action"": ""Link `https://ambimat.com/tag/fast-identity-online-fido/` from:\n- https://ambimat.com/for-developer/blogs/"", ""impact"": ""Medium"", ""effort"": ""Low"", ""confidence"": 0.75}",raw/seo/seo_tracker_reports/report_20260731_112213.json,generator recommendation — NOT an instruction to change the live site in this run,tool-reported confidence=0.75,
2 candidate source(s),recommendation,MEDIUM,Internal-link medium: https://ambimat.com/tag/iot-micro-segmentation/,,"{""priority"": ""MEDIUM"", ""title"": ""Internal-link medium: https://ambimat.com/tag/iot-micro-segmentation/"", ""suggested_action"": ""Link `https://ambimat.com/tag/iot-micro-segmentation/` from:\n- https://ambimat.com/secure-ota-patch-management-for-iot-best-practices/\n- https://ambimat.com/zero-trust-iot-security-for-smart-cities/"", ""impact"": ""Medium"", ""effort"": ""Low"", ""confidence"": 0.75}",raw/seo/seo_tracker_reports/report_20260731_112213.json,generator recommendation — NOT an instruction to change the live site in this run,tool-reported confidence=0.75,
2 candidate source(s),recommendation,MEDIUM,Internal-link medium: https://ambimat.com/tag/fido2/,,"{""priority"": ""MEDIUM"", ""title"": ""Internal-link medium: https://ambimat.com/tag/fido2/"", ""suggested_action"": ""Link `https://ambimat.com/tag/fido2/` from:\n- https://ambimat.com/for-developer/blogs/\n- https://ambimat.com/"", ""impact"": ""Medium"", ""effort"": ""Low"", ""confidence"": 0.75}",raw/seo/seo_tracker_reports/report_20260731_112213.json,generator recommendation — NOT an instruction to change the live site in this run,tool-reported confidence=0.75,
2 candidate source(s),recommendation,MEDIUM,Internal-link medium: https://ambimat.com/tag/iot-continuous-authentication/,,"{""priority"": ""MEDIUM"", ""title"": ""Internal-link medium: https://ambimat.com/tag/iot-continuous-authentication/"", ""suggested_action"": ""Link `https://ambimat.com/tag/iot-continuous-authentication/` from:\n- https://ambimat.com/secure-ota-patch-management-for-iot-best-practices/\n- https://ambimat.com/zero-trust-iot-security-for-smart-cities/"", ""impact"": ""Medium"", ""effort"": ""Low"", ""confidence"": 0.75}",raw/seo/seo_tracker_reports/report_20260731_112213.json,generator recommendation — NOT an instruction to change the live site in this run,tool-reported confidence=0.75,
1 candidate source(s),recommendation,MEDIUM,Internal-link medium: https://ambimat.com/tag/industrial-automation/,,"{""priority"": ""MEDIUM"", ""title"": ""Internal-link medium: https://ambimat.com/tag/industrial-automation/"", ""suggested_action"": ""Link `https://ambimat.com/tag/industrial-automation/` from:\n- https://ambimat.com/categories/industrial-automation/"", ""impact"": ""Medium"", ""effort"": ""Low"", ""confidence"": 0.75}",raw/seo/seo_tracker_reports/report_20260731_112213.json,generator recommendation — NOT an instruction to change the live site in this run,tool-reported confidence=0.75,
2 candidate source(s),recommendation,MEDIUM,Internal-link medium: https://ambimat.com/tag/fido/,,"{""priority"": ""MEDIUM"", ""title"": ""Internal-link medium: https://ambimat.com/tag/fido/"", ""suggested_action"": ""Link `https://ambimat.com/tag/fido/` from:\n- https://ambimat.com/for-developer/blogs/\n- https://ambimat.com/"", ""impact"": ""Medium"", ""effort"": ""Low"", ""confidence"": 0.75}",raw/seo/seo_tracker_reports/report_20260731_112213.json,generator recommendation — NOT an instruction to change the live site in this run,tool-reported confidence=0.75,
2 candidate source(s),recommendation,MEDIUM,Internal-link medium: https://ambimat.com/tag/iot-runtime-attestation/,,"{""priority"": ""MEDIUM"", ""title"": ""Internal-link medium: https://ambimat.com/tag/iot-runtime-attestation/"", ""suggested_action"": ""Link `https://ambimat.com/tag/iot-runtime-attestation/` from:\n- https://ambimat.com/secure-ota-patch-management-for-iot-best-practices/\n- https://ambimat.com/zero-trust-iot-security-for-smart-cities/"", ""impact"": ""Medium"", ""effort"": ""Low"", ""confidence"": 0.75}",raw/seo/seo_tracker_reports/report_20260731_112213.json,generator recommendation — NOT an instruction to change the live site in this run,tool-reported confidence=0.75,
2 candidate source(s),recommendation,MEDIUM,Internal-link medium: https://ambimat.com/tag/apdu/,,"{""priority"": ""MEDIUM"", ""title"": ""Internal-link medium: https://ambimat.com/tag/apdu/"", ""suggested_action"": ""Link `https://ambimat.com/tag/apdu/` from:\n- https://ambimat.com/annex-a-transportation-of-apdu-messages-by-t0/\n- https://ambimat.com/annex-b-transportation-of-apdu-messages-by-t1/"", ""impact"": ""Medium"", ""effort"": ""Low"", ""confidence"": 0.75}",raw/seo/seo_tracker_reports/report_20260731_112213.json,generator recommendation — NOT an instruction to change the live site in this run,tool-reported confidence=0.75,
2 candidate source(s),recommendation,MEDIUM,Internal-link medium: https://ambimat.com/tag/zero-trust-architecture-for-iot/,,"{""priority"": ""MEDIUM"", ""title"": ""Internal-link medium: https://ambimat.com/tag/zero-trust-architecture-for-iot/"", ""suggested_action"": ""Link `https://ambimat.com/tag/zero-trust-architecture-for-iot/` from:\n- https://ambimat.com/secure-ota-patch-management-for-iot-best-practices/\n- https://ambimat.com/zero-trust-iot-security-for-smart-cities/"", ""impact"": ""Medium"", ""effort"": ""Low"", ""confidence"": 0.75}",raw/seo/seo_tracker_reports/report_20260731_112213.json,generator recommendation — NOT an instruction to change the live site in this run,tool-reported confidence=0.75,
2 candidate source(s),recommendation,MEDIUM,Internal-link medium: https://ambimat.com/tag/ble-mesh-iot-best-practices/,,"{""priority"": ""MEDIUM"", ""title"": ""Internal-link medium: https://ambimat.com/tag/ble-mesh-iot-best-practices/"", ""suggested_action"": ""Link `https://ambimat.com/tag/ble-mesh-iot-best-practices/` from:\n- https://ambimat.com/secure-ota-patch-management-for-iot-best-practices/\n- https://ambimat.com/zero-trust-iot-security-for-smart-cities/"", ""impact"": ""Medium"", ""effort"": ""Low"", ""confidence"": 0.75}",raw/seo/seo_tracker_reports/report_20260731_112213.json,generator recommendation — NOT an instruction to change the live site in this run,tool-reported confidence=0.75,
1 candidate source(s),recommendation,MEDIUM,Internal-link medium: https://ambimat.com/categories/industrial-automation/,,"{""priority"": ""MEDIUM"", ""title"": ""Internal-link medium: https://ambimat.com/categories/industrial-automation/"", ""suggested_action"": ""Link `https://ambimat.com/categories/industrial-automation/` from:\n- https://ambimat.com/tag/industrial-automation/"", ""impact"": ""Medium"", ""effort"": ""Low"", ""confidence"": 0.75}",raw/seo/seo_tracker_reports/report_20260731_112213.json,generator recommendation — NOT an instruction to change the live site in this run,tool-reported confidence=0.75,
Medium — confuses topical signal,recommendation,MEDIUM,Weak page: https://ambimat.com/,,"{""priority"": ""MEDIUM"", ""title"": ""Weak page: https://ambimat.com/"", ""suggested_action"": ""Align H1 and <title> on the primary query — keep them within one variant of each other."", ""impact"": ""Medium"", ""effort"": ""Low"", ""confidence"": 0.65}",raw/seo/seo_tracker_reports/report_20260731_112213.json,generator recommendation — NOT an instruction to change the live site in this run,tool-reported confidence=0.65,
Medium — Gemini / Perplexity favour FAQ-shaped pages,recommendation,MEDIUM,Weak page: https://ambimat.com/10-simple-tips-to-be-secure-online-and-preserve-your-identity/,,"{""priority"": ""MEDIUM"", ""title"": ""Weak page: https://ambimat.com/10-simple-tips-to-be-secure-online-and-preserve-your-identity/"", ""suggested_action"": ""Author 3–5 FAQ entries + FAQPage JSON-LD with mainEntity Q/A pairs."", ""impact"": ""Medium"", ""effort"": ""Low"", ""confidence"": 0.65}",raw/seo/seo_tracker_reports/report_20260731_112213.json,generator recommendation — NOT an instruction to change the live site in this run,tool-reported confidence=0.65,
Medium — Gemini / Perplexity favour FAQ-shaped pages,recommendation,MEDIUM,Weak page: https://ambimat.com/16857-2/,,"{""priority"": ""MEDIUM"", ""title"": ""Weak page: https://ambimat.com/16857-2/"", ""suggested_action"": ""Author 3–5 FAQ entries + FAQPage JSON-LD with mainEntity Q/A pairs."", ""impact"": ""Medium"", ""effort"": ""Low"", ""confidence"": 0.65}",raw/seo/seo_tracker_reports/report_20260731_112213.json,generator recommendation — NOT an instruction to change the live site in this run,tool-reported confidence=0.65,
Medium — Gemini / Perplexity favour FAQ-shaped pages,recommendation,MEDIUM,Weak page: https://ambimat.com/16901-2/,,"{""priority"": ""MEDIUM"", ""title"": ""Weak page: https://ambimat.com/16901-2/"", ""suggested_action"": ""Author 3–5 FAQ entries + FAQPage JSON-LD with mainEntity Q/A pairs."", ""impact"": ""Medium"", ""effort"": ""Low"", ""confidence"": 0.65}",raw/seo/seo_tracker_reports/report_20260731_112213.json,generator recommendation — NOT an instruction to change the live site in this run,tool-reported confidence=0.65,
Medium — Gemini / Perplexity favour FAQ-shaped pages,recommendation,MEDIUM,Weak page: https://ambimat.com/16903-2/,,"{""priority"": ""MEDIUM"", ""title"": ""Weak page: https://ambimat.com/16903-2/"", ""suggested_action"": ""Author 3–5 FAQ entries + FAQPage JSON-LD with mainEntity Q/A pairs."", ""impact"": ""Medium"", ""effort"": ""Low"", ""confidence"": 0.65}",raw/seo/seo_tracker_reports/report_20260731_112213.json,generator recommendation — NOT an instruction to change the live site in this run,tool-reported confidence=0.65,
Medium — Gemini / Perplexity favour FAQ-shaped pages,recommendation,MEDIUM,Weak page: https://ambimat.com/5g-and-iot-the-future-of-5g-communications/,,"{""priority"": ""MEDIUM"", ""title"": ""Weak page: https://ambimat.com/5g-and-iot-the-future-of-5g-communications/"", ""suggested_action"": ""Author 3–5 FAQ entries + FAQPage JSON-LD with mainEntity Q/A pairs."", ""impact"": ""Medium"", ""effort"": ""Low"", ""confidence"": 0.65}",raw/seo/seo_tracker_reports/report_20260731_112213.json,generator recommendation — NOT an instruction to change the live site in this run,tool-reported confidence=0.65,
Medium — Gemini / Perplexity favour FAQ-shaped pages,recommendation,MEDIUM,Weak page: https://ambimat.com/a-chip-card-reader-that-outputs-text-2/,,"{""priority"": ""MEDIUM"", ""title"": ""Weak page: https://ambimat.com/a-chip-card-reader-that-outputs-text-2/"", ""suggested_action"": ""Author 3–5 FAQ entries + FAQPage JSON-LD with mainEntity Q/A pairs."", ""impact"": ""Medium"", ""effort"": ""Low"", ""confidence"": 0.65}",raw/seo/seo_tracker_reports/report_20260731_112213.json,generator recommendation — NOT an instruction to change the live site in this run,tool-reported confidence=0.65,
Medium — Gemini / Perplexity favour FAQ-shaped pages,recommendation,MEDIUM,Weak page: https://ambimat.com/a-close-examination-of-the-strategies-hackers-employ-to-start-effective-phishing-operations/,,"{""priority"": ""MEDIUM"", ""title"": ""Weak page: https://ambimat.com/a-close-examination-of-the-strategies-hackers-employ-to-start-effective-phishing-operations/"", ""suggested_action"": ""Author 3–5 FAQ entries + FAQPage JSON-LD with mainEntity Q/A pairs."", ""impact"": ""Medium"", ""effort"": ""Low"", ""confidence"": 0.65}",raw/seo/seo_tracker_reports/report_20260731_112213.json,generator recommendation — NOT an instruction to change the live site in this run,tool-reported confidence=0.65,
"cluster=IoT identity / OEM, kind=glossary",recommendation,MEDIUM,Glossary / entity page for: IoT identity / OEM,,"{""priority"": ""MEDIUM"", ""title"": ""Glossary / entity page for: IoT identity / OEM"", ""suggested_action"": ""Author this on `ambimat` with FAQ schema + 3 internal links from cluster siblings."", ""impact"": ""Medium"", ""effort"": ""Medium"", ""confidence"": 0.7}",raw/seo/seo_tracker_reports/report_20260731_112213.json,generator recommendation — NOT an instruction to change the live site in this run,tool-reported confidence=0.7,
https://ambimat.com/barcode/,recommendation,LOW,Slow response (N ms),,"{""priority"": ""LOW"", ""title"": ""Slow response (N ms)"", ""suggested_action"": ""Investigate TTFB/server rendering; slow pages hurt crawl budget and CWV."", ""impact"": ""Low"", ""effort"": ""Low"", ""confidence"": 0.9}",raw/seo/seo_tracker_reports/report_20260731_112213.json,generator recommendation — NOT an instruction to change the live site in this run,tool-reported confidence=0.9,
https://ambimat.com/about/,recommendation,LOW,Sitemap URL redirects,,"{""priority"": ""LOW"", ""title"": ""Sitemap URL redirects"", ""suggested_action"": ""Update the sitemap/internal links to point directly at the final URL."", ""impact"": ""Low"", ""effort"": ""Low"", ""confidence"": 0.9}",raw/seo/seo_tracker_reports/report_20260731_112213.json,generator recommendation — NOT an instruction to change the live site in this run,tool-reported confidence=0.9,
https://ambimat.com/category/general/,recommendation,LOW,Missing canonical tag,,"{""priority"": ""LOW"", ""title"": ""Missing canonical tag"", ""suggested_action"": ""Add <link rel=\""canonical\""> pointing to the preferred URL."", ""impact"": ""Low"", ""effort"": ""Low"", ""confidence"": 0.9}",raw/seo/seo_tracker_reports/report_20260731_112213.json,generator recommendation — NOT an instruction to change the live site in this run,tool-reported confidence=0.9,
"https://ambimat.com/about/, https://ambimat.com/ambi-con/, https://ambimat.com/by-technologies/, +4 more",recommendation,LOW,Duplicate HN across N pages — 7 pages,,"{""priority"": ""LOW"", ""title"": ""Duplicate HN across N pages — 7 pages"", ""suggested_action"": ""Give each page a unique H1 matching its specific intent."", ""impact"": ""Low"", ""effort"": ""Low"", ""confidence"": 0.9}",raw/seo/seo_tracker_reports/report_20260731_112213.json,generator recommendation — NOT an instruction to change the live site in this run,tool-reported confidence=0.9,
"https://ambimat.com/, https://ambimat.com/10-simple-tips-to-be-secure-online-and-preserve-your-identity/, https://ambimat.com/16857-2/, +323 more",recommendation,LOW,Skipped heading level (hN → hN) — 326 pages,,"{""priority"": ""LOW"", ""title"": ""Skipped heading level (hN → hN) — 326 pages"", ""suggested_action"": ""Keep heading levels sequential; don't jump levels."", ""impact"": ""Low"", ""effort"": ""Low"", ""confidence"": 0.9}",raw/seo/seo_tracker_reports/report_20260731_112213.json,generator recommendation — NOT an instruction to change the live site in this run,tool-reported confidence=0.9,
https://ambimat.com/pa-dss-payment-application-data-security-standard/,recommendation,LOW,Multiple HN tags (N),,"{""priority"": ""LOW"", ""title"": ""Multiple HN tags (N)"", ""suggested_action"": ""Use a single H1; demote the others to H2/H3."", ""impact"": ""Low"", ""effort"": ""Low"", ""confidence"": 0.9}",raw/seo/seo_tracker_reports/report_20260731_112213.json,generator recommendation — NOT an instruction to change the live site in this run,tool-reported confidence=0.9,
"https://ambimat.com/category/general/, https://ambimat.com/category/uncategorized/, https://ambimat.com/event/ambimat-history/, +124 more",recommendation,LOW,Incomplete Open Graph tags — 127 pages,,"{""priority"": ""LOW"", ""title"": ""Incomplete Open Graph tags — 127 pages"", ""suggested_action"": ""Add og:title, og:description and og:image for rich social/AI previews."", ""impact"": ""Low"", ""effort"": ""Low"", ""confidence"": 0.9}",raw/seo/seo_tracker_reports/report_20260731_112213.json,generator recommendation — NOT an instruction to change the live site in this run,tool-reported confidence=0.9,
0 candidate source(s),recommendation,LOW,Internal-link low: https://ambimat.com/for-developer/blogs/,,"{""priority"": ""LOW"", ""title"": ""Internal-link low: https://ambimat.com/for-developer/blogs/"", ""suggested_action"": ""Manual review: `https://ambimat.com/for-developer/blogs/` has too many inbound links."", ""impact"": ""Low"", ""effort"": ""Low"", ""confidence"": 0.75}",raw/seo/seo_tracker_reports/report_20260731_112213.json,generator recommendation — NOT an instruction to change the live site in this run,tool-reported confidence=0.75,
0 candidate source(s),recommendation,LOW,Internal-link low: https://ambimat.com/holistic-iot-security-architecture-for-smart%e2%80%91city-street%e2%80%91light-controllers/,,"{""priority"": ""LOW"", ""title"": ""Internal-link low: https://ambimat.com/holistic-iot-security-architecture-for-smart%e2%80%91city-street%e2%80%91light-controllers/"", ""suggested_action"": ""Manual review: `https://ambimat.com/holistic-iot-security-architecture-for-smart%e2%80%91city-street%e2%80%91light-controllers/` has too many inbound links."", ""impact"": ""Low"", ""effort"": ""Low"", ""confidence"": 0.75}",raw/seo/seo_tracker_reports/report_20260731_112213.json,generator recommendation — NOT an instruction to change the live site in this run,tool-reported confidence=0.75,
0 candidate source(s),recommendation,LOW,Internal-link low: https://ambimat.com/iot-device-identity-lifecycle-management-best-practices/,,"{""priority"": ""LOW"", ""title"": ""Internal-link low: https://ambimat.com/iot-device-identity-lifecycle-management-best-practices/"", ""suggested_action"": ""Manual review: `https://ambimat.com/iot-device-identity-lifecycle-management-best-practices/` has too many inbound links."", ""impact"": ""Low"", ""effort"": ""Low"", ""confidence"": 0.75}",raw/seo/seo_tracker_reports/report_20260731_112213.json,generator recommendation — NOT an instruction to change the live site in this run,tool-reported confidence=0.75,
0 candidate source(s),recommendation,LOW,Internal-link low: https://ambimat.com/secure-ota-patch-management-for-iot-best-practices/,,"{""priority"": ""LOW"", ""title"": ""Internal-link low: https://ambimat.com/secure-ota-patch-management-for-iot-best-practices/"", ""suggested_action"": ""Manual review: `https://ambimat.com/secure-ota-patch-management-for-iot-best-practices/` has too many inbound links."", ""impact"": ""Low"", ""effort"": ""Low"", ""confidence"": 0.75}",raw/seo/seo_tracker_reports/report_20260731_112213.json,generator recommendation — NOT an instruction to change the live site in this run,tool-reported confidence=0.75,
0 candidate source(s),recommendation,LOW,Internal-link low: https://ambimat.com/zero-trust-iot-security-for-smart-cities/,,"{""priority"": ""LOW"", ""title"": ""Internal-link low: https://ambimat.com/zero-trust-iot-security-for-smart-cities/"", ""suggested_action"": ""Manual review: `https://ambimat.com/zero-trust-iot-security-for-smart-cities/` has too many inbound links."", ""impact"": ""Low"", ""effort"": ""Low"", ""confidence"": 0.75}",raw/seo/seo_tracker_reports/report_20260731_112213.json,generator recommendation — NOT an instruction to change the live site in this run,tool-reported confidence=0.75,
0 candidate source(s),recommendation,LOW,Internal-link low: https://ambimat.com/mesh-network-security-hardening-for-iot-zigbee-ble/,,"{""priority"": ""LOW"", ""title"": ""Internal-link low: https://ambimat.com/mesh-network-security-hardening-for-iot-zigbee-ble/"", ""suggested_action"": ""Manual review: `https://ambimat.com/mesh-network-security-hardening-for-iot-zigbee-ble/` has too many inbound links."", ""impact"": ""Low"", ""effort"": ""Low"", ""confidence"": 0.75}",raw/seo/seo_tracker_reports/report_20260731_112213.json,generator recommendation — NOT an instruction to change the live site in this run,tool-reported confidence=0.75,
0 candidate source(s),recommendation,LOW,Internal-link low: https://ambimat.com/,,"{""priority"": ""LOW"", ""title"": ""Internal-link low: https://ambimat.com/"", ""suggested_action"": ""Manual review: `https://ambimat.com/` has too many inbound links."", ""impact"": ""Low"", ""effort"": ""Low"", ""confidence"": 0.75}",raw/seo/seo_tracker_reports/report_20260731_112213.json,generator recommendation — NOT an instruction to change the live site in this run,tool-reported confidence=0.75,
0 candidate source(s),recommendation,LOW,Internal-link low: https://ambimat.com/about/ambimat-history/,,"{""priority"": ""LOW"", ""title"": ""Internal-link low: https://ambimat.com/about/ambimat-history/"", ""suggested_action"": ""Manual review: `https://ambimat.com/about/ambimat-history/` has too many inbound links."", ""impact"": ""Low"", ""effort"": ""Low"", ""confidence"": 0.75}",raw/seo/seo_tracker_reports/report_20260731_112213.json,generator recommendation — NOT an instruction to change the live site in this run,tool-reported confidence=0.75,
0 candidate source(s),recommendation,LOW,Internal-link low: https://ambimat.com/about/about-our-director/,,"{""priority"": ""LOW"", ""title"": ""Internal-link low: https://ambimat.com/about/about-our-director/"", ""suggested_action"": ""Manual review: `https://ambimat.com/about/about-our-director/` has too many inbound links."", ""impact"": ""Low"", ""effort"": ""Low"", ""confidence"": 0.75}",raw/seo/seo_tracker_reports/report_20260731_112213.json,generator recommendation — NOT an instruction to change the live site in this run,tool-reported confidence=0.75,
0 candidate source(s),recommendation,LOW,Internal-link low: https://ambimat.com/contact/,,"{""priority"": ""LOW"", ""title"": ""Internal-link low: https://ambimat.com/contact/"", ""suggested_action"": ""Manual review: `https://ambimat.com/contact/` has too many inbound links."", ""impact"": ""Low"", ""effort"": ""Low"", ""confidence"": 0.75}",raw/seo/seo_tracker_reports/report_20260731_112213.json,generator recommendation — NOT an instruction to change the live site in this run,tool-reported confidence=0.75,
0 candidate source(s),recommendation,LOW,Internal-link low: https://ambimat.com/design/design-services/electronic-manufacturing-services-ems-contract-manufacturing/,,"{""priority"": ""LOW"", ""title"": ""Internal-link low: https://ambimat.com/design/design-services/electronic-manufacturing-services-ems-contract-manufacturing/"", ""suggested_action"": ""Manual review: `https://ambimat.com/design/design-services/electronic-manufacturing-services-ems-contract-manufacturing/` has too many inbound links."", ""impact"": ""Low"", ""effort"": ""Low"", ""confidence"": 0.75}",raw/seo/seo_tracker_reports/report_20260731_112213.json,generator recommendation — NOT an instruction to change the live site in this run,tool-reported confidence=0.75,
0 candidate source(s),recommendation,LOW,Internal-link low: https://ambimat.com/design/design-services/embedded-software-services/,,"{""priority"": ""LOW"", ""title"": ""Internal-link low: https://ambimat.com/design/design-services/embedded-software-services/"", ""suggested_action"": ""Manual review: `https://ambimat.com/design/design-services/embedded-software-services/` has too many inbound links."", ""impact"": ""Low"", ""effort"": ""Low"", ""confidence"": 0.75}",raw/seo/seo_tracker_reports/report_20260731_112213.json,generator recommendation — NOT an instruction to change the live site in this run,tool-reported confidence=0.75,
0 candidate source(s),recommendation,LOW,Internal-link low: https://ambimat.com/design/design-by-technology/lora-and-sigfox/,,"{""priority"": ""LOW"", ""title"": ""Internal-link low: https://ambimat.com/design/design-by-technology/lora-and-sigfox/"", ""suggested_action"": ""Manual review: `https://ambimat.com/design/design-by-technology/lora-and-sigfox/` has too many inbound links."", ""impact"": ""Low"", ""effort"": ""Low"", ""confidence"": 0.75}",raw/seo/seo_tracker_reports/report_20260731_112213.json,generator recommendation — NOT an instruction to change the live site in this run,tool-reported confidence=0.75,
0 candidate source(s),recommendation,LOW,Internal-link low: https://ambimat.com/design/design-by-technology/zigbee/,,"{""priority"": ""LOW"", ""title"": ""Internal-link low: https://ambimat.com/design/design-by-technology/zigbee/"", ""suggested_action"": ""Manual review: `https://ambimat.com/design/design-by-technology/zigbee/` has too many inbound links."", ""impact"": ""Low"", ""effort"": ""Low"", ""confidence"": 0.75}",raw/seo/seo_tracker_reports/report_20260731_112213.json,generator recommendation — NOT an instruction to change the live site in this run,tool-reported confidence=0.75,
0 candidate source(s),recommendation,LOW,Internal-link low: https://ambimat.com/design/ambi-iot/security/,,"{""priority"": ""LOW"", ""title"": ""Internal-link low: https://ambimat.com/design/ambi-iot/security/"", ""suggested_action"": ""Manual review: `https://ambimat.com/design/ambi-iot/security/` has too many inbound links."", ""impact"": ""Low"", ""effort"": ""Low"", ""confidence"": 0.75}",raw/seo/seo_tracker_reports/report_20260731_112213.json,generator recommendation — NOT an instruction to change the live site in this run,tool-reported confidence=0.75,
0 candidate source(s),recommendation,LOW,Internal-link low: https://ambimat.com/design/design-by-technology/machine-2-machine-m2m/,,"{""priority"": ""LOW"", ""title"": ""Internal-link low: https://ambimat.com/design/design-by-technology/machine-2-machine-m2m/"", ""suggested_action"": ""Manual review: `https://ambimat.com/design/design-by-technology/machine-2-machine-m2m/` has too many inbound links."", ""impact"": ""Low"", ""effort"": ""Low"", ""confidence"": 0.75}",raw/seo/seo_tracker_reports/report_20260731_112213.json,generator recommendation — NOT an instruction to change the live site in this run,tool-reported confidence=0.75,
0 candidate source(s),recommendation,LOW,Internal-link low: https://ambimat.com/design/design-services/turn-key-design-and-development-solutions/,,"{""priority"": ""LOW"", ""title"": ""Internal-link low: https://ambimat.com/design/design-services/turn-key-design-and-development-solutions/"", ""suggested_action"": ""Manual review: `https://ambimat.com/design/design-services/turn-key-design-and-development-solutions/` has too many inbound links."", ""impact"": ""Low"", ""effort"": ""Low"", ""confidence"": 0.75}",raw/seo/seo_tracker_reports/report_20260731_112213.json,generator recommendation — NOT an instruction to change the live site in this run,tool-reported confidence=0.75,
0 candidate source(s),recommendation,LOW,Internal-link low: https://ambimat.com/design/design-services/supply-chain-management/,,"{""priority"": ""LOW"", ""title"": ""Internal-link low: https://ambimat.com/design/design-services/supply-chain-management/"", ""suggested_action"": ""Manual review: `https://ambimat.com/design/design-services/supply-chain-management/` has too many inbound links."", ""impact"": ""Low"", ""effort"": ""Low"", ""confidence"": 0.75}",raw/seo/seo_tracker_reports/report_20260731_112213.json,generator recommendation — NOT an instruction to change the live site in this run,tool-reported confidence=0.75,
0 candidate source(s),recommendation,LOW,Internal-link low: https://ambimat.com/design/design-services/outsourcing-rd-and-design-partnerships/,,"{""priority"": ""LOW"", ""title"": ""Internal-link low: https://ambimat.com/design/design-services/outsourcing-rd-and-design-partnerships/"", ""suggested_action"": ""Manual review: `https://ambimat.com/design/design-services/outsourcing-rd-and-design-partnerships/` has too many inbound links."", ""impact"": ""Low"", ""effort"": ""Low"", ""confidence"": 0.75}",raw/seo/seo_tracker_reports/report_20260731_112213.json,generator recommendation — NOT an instruction to change the live site in this run,tool-reported confidence=0.75,
0 candidate source(s),recommendation,LOW,Internal-link low: https://ambimat.com/design/design-services/mobile-app-development-and-cloud-computing-services/,,"{""priority"": ""LOW"", ""title"": ""Internal-link low: https://ambimat.com/design/design-services/mobile-app-development-and-cloud-computing-services/"", ""suggested_action"": ""Manual review: `https://ambimat.com/design/design-services/mobile-app-development-and-cloud-computing-services/` has too many inbound links."", ""impact"": ""Low"", ""effort"": ""Low"", ""confidence"": 0.75}",raw/seo/seo_tracker_reports/report_20260731_112213.json,generator recommendation — NOT an instruction to change the live site in this run,tool-reported confidence=0.75,
0 candidate source(s),recommendation,LOW,Internal-link low: https://ambimat.com/design/design-services/,,"{""priority"": ""LOW"", ""title"": ""Internal-link low: https://ambimat.com/design/design-services/"", ""suggested_action"": ""Manual review: `https://ambimat.com/design/design-services/` has too many inbound links."", ""impact"": ""Low"", ""effort"": ""Low"", ""confidence"": 0.75}",raw/seo/seo_tracker_reports/report_20260731_112213.json,generator recommendation — NOT an instruction to change the live site in this run,tool-reported confidence=0.75,
0 candidate source(s),recommendation,LOW,Internal-link low: https://ambimat.com/design/ambi-iot/sound/,,"{""priority"": ""LOW"", ""title"": ""Internal-link low: https://ambimat.com/design/ambi-iot/sound/"", ""suggested_action"": ""Manual review: `https://ambimat.com/design/ambi-iot/sound/` has too many inbound links."", ""impact"": ""Low"", ""effort"": ""Low"", ""confidence"": 0.75}",raw/seo/seo_tracker_reports/report_20260731_112213.json,generator recommendation — NOT an instruction to change the live site in this run,tool-reported confidence=0.75,
0 candidate source(s),recommendation,LOW,Internal-link low: https://ambimat.com/about/,,"{""priority"": ""LOW"", ""title"": ""Internal-link low: https://ambimat.com/about/"", ""suggested_action"": ""Manual review: `https://ambimat.com/about/` has too many inbound links."", ""impact"": ""Low"", ""effort"": ""Low"", ""confidence"": 0.75}",raw/seo/seo_tracker_reports/report_20260731_112213.json,generator recommendation — NOT an instruction to change the live site in this run,tool-reported confidence=0.75,
0 candidate source(s),recommendation,LOW,Internal-link low: https://ambimat.com/developer-resources/,,"{""priority"": ""LOW"", ""title"": ""Internal-link low: https://ambimat.com/developer-resources/"", ""suggested_action"": ""Manual review: `https://ambimat.com/developer-resources/` has too many inbound links."", ""impact"": ""Low"", ""effort"": ""Low"", ""confidence"": 0.75}",raw/seo/seo_tracker_reports/report_20260731_112213.json,generator recommendation — NOT an instruction to change the live site in this run,tool-reported confidence=0.75,
0 candidate source(s),recommendation,LOW,Internal-link low: https://ambimat.com/solutions/ambilogistics/,,"{""priority"": ""LOW"", ""title"": ""Internal-link low: https://ambimat.com/solutions/ambilogistics/"", ""suggested_action"": ""Manual review: `https://ambimat.com/solutions/ambilogistics/` has too many inbound links."", ""impact"": ""Low"", ""effort"": ""Low"", ""confidence"": 0.75}",raw/seo/seo_tracker_reports/report_20260731_112213.json,generator recommendation — NOT an instruction to change the live site in this run,tool-reported confidence=0.75,
0 candidate source(s),recommendation,LOW,Internal-link low: https://ambimat.com/solutions/,,"{""priority"": ""LOW"", ""title"": ""Internal-link low: https://ambimat.com/solutions/"", ""suggested_action"": ""Manual review: `https://ambimat.com/solutions/` has too many inbound links."", ""impact"": ""Low"", ""effort"": ""Low"", ""confidence"": 0.75}",raw/seo/seo_tracker_reports/report_20260731_112213.json,generator recommendation — NOT an instruction to change the live site in this run,tool-reported confidence=0.75,
0 candidate source(s),recommendation,LOW,Internal-link low: https://ambimat.com/design/design-by-technology/wifi/,,"{""priority"": ""LOW"", ""title"": ""Internal-link low: https://ambimat.com/design/design-by-technology/wifi/"", ""suggested_action"": ""Manual review: `https://ambimat.com/design/design-by-technology/wifi/` has too many inbound links."", ""impact"": ""Low"", ""effort"": ""Low"", ""confidence"": 0.75}",raw/seo/seo_tracker_reports/report_20260731_112213.json,generator recommendation — NOT an instruction to change the live site in this run,tool-reported confidence=0.75,
0 candidate source(s),recommendation,LOW,Internal-link low: https://ambimat.com/design/design-by-technology/ethernet/,,"{""priority"": ""LOW"", ""title"": ""Internal-link low: https://ambimat.com/design/design-by-technology/ethernet/"", ""suggested_action"": ""Manual review: `https://ambimat.com/design/design-by-technology/ethernet/` has too many inbound links."", ""impact"": ""Low"", ""effort"": ""Low"", ""confidence"": 0.75}",raw/seo/seo_tracker_reports/report_20260731_112213.json,generator recommendation — NOT an instruction to change the live site in this run,tool-reported confidence=0.75,
0 candidate source(s),recommendation,LOW,Internal-link low: https://ambimat.com/design/design-services/flexible-printed-circuit-boards-pcbs/,,"{""priority"": ""LOW"", ""title"": ""Internal-link low: https://ambimat.com/design/design-services/flexible-printed-circuit-boards-pcbs/"", ""suggested_action"": ""Manual review: `https://ambimat.com/design/design-services/flexible-printed-circuit-boards-pcbs/` has too many inbound links."", ""impact"": ""Low"", ""effort"": ""Low"", ""confidence"": 0.75}",raw/seo/seo_tracker_reports/report_20260731_112213.json,generator recommendation — NOT an instruction to change the live site in this run,tool-reported confidence=0.75,
0 candidate source(s),recommendation,LOW,Internal-link low: https://ambimat.com/design/ambi-iot/smart-homes/,,"{""priority"": ""LOW"", ""title"": ""Internal-link low: https://ambimat.com/design/ambi-iot/smart-homes/"", ""suggested_action"": ""Manual review: `https://ambimat.com/design/ambi-iot/smart-homes/` has too many inbound links."", ""impact"": ""Low"", ""effort"": ""Low"", ""confidence"": 0.75}",raw/seo/seo_tracker_reports/report_20260731_112213.json,generator recommendation — NOT an instruction to change the live site in this run,tool-reported confidence=0.75,
0 candidate source(s),recommendation,LOW,Internal-link low: https://ambimat.com/design/design-by-technology/,,"{""priority"": ""LOW"", ""title"": ""Internal-link low: https://ambimat.com/design/design-by-technology/"", ""suggested_action"": ""Manual review: `https://ambimat.com/design/design-by-technology/` has too many inbound links."", ""impact"": ""Low"", ""effort"": ""Low"", ""confidence"": 0.75}",raw/seo/seo_tracker_reports/report_20260731_112213.json,generator recommendation — NOT an instruction to change the live site in this run,tool-reported confidence=0.75,
0 candidate source(s),recommendation,LOW,Internal-link low: https://ambimat.com/design/design-services/hardware-design-manufacturing-assembly-and-testing/,,"{""priority"": ""LOW"", ""title"": ""Internal-link low: https://ambimat.com/design/design-services/hardware-design-manufacturing-assembly-and-testing/"", ""suggested_action"": ""Manual review: `https://ambimat.com/design/design-services/hardware-design-manufacturing-assembly-and-testing/` has too many inbound links."", ""impact"": ""Low"", ""effort"": ""Low"", ""confidence"": 0.75}",raw/seo/seo_tracker_reports/report_20260731_112213.json,generator recommendation — NOT an instruction to change the live site in this run,tool-reported confidence=0.75,
0 candidate source(s),recommendation,LOW,Internal-link low: https://ambimat.com/about/why-ambimat/,,"{""priority"": ""LOW"", ""title"": ""Internal-link low: https://ambimat.com/about/why-ambimat/"", ""suggested_action"": ""Manual review: `https://ambimat.com/about/why-ambimat/` has too many inbound links."", ""impact"": ""Low"", ""effort"": ""Low"", ""confidence"": 0.75}",raw/seo/seo_tracker_reports/report_20260731_112213.json,generator recommendation — NOT an instruction to change the live site in this run,tool-reported confidence=0.75,
0 candidate source(s),recommendation,LOW,Internal-link low: https://ambimat.com/design/ambi-iot/,,"{""priority"": ""LOW"", ""title"": ""Internal-link low: https://ambimat.com/design/ambi-iot/"", ""suggested_action"": ""Manual review: `https://ambimat.com/design/ambi-iot/` has too many inbound links."", ""impact"": ""Low"", ""effort"": ""Low"", ""confidence"": 0.75}",raw/seo/seo_tracker_reports/report_20260731_112213.json,generator recommendation — NOT an instruction to change the live site in this run,tool-reported confidence=0.75,
0 candidate source(s),recommendation,LOW,Internal-link low: https://ambimat.com/holistic-iot-security-architecture-for-smart%e2%80%91city-street%e2%80%91light-controllers/,,"{""priority"": ""LOW"", ""title"": ""Internal-link low: https://ambimat.com/holistic-iot-security-architecture-for-smart%e2%80%91city-street%e2%80%91light-controllers/"", ""suggested_action"": ""Manual review: `https://ambimat.com/holistic-iot-security-architecture-for-smart%e2%80%91city-street%e2%80%91light-controllers/` has too many inbound links."", ""impact"": ""Low"", ""effort"": ""Low"", ""confidence"": 0.75}",raw/seo/seo_tracker_reports/report_20260731_112213.json,generator recommendation — NOT an instruction to change the live site in this run,tool-reported confidence=0.75,
0 candidate source(s),recommendation,LOW,Internal-link low: https://ambimat.com/clients-vendors/,,"{""priority"": ""LOW"", ""title"": ""Internal-link low: https://ambimat.com/clients-vendors/"", ""suggested_action"": ""Manual review: `https://ambimat.com/clients-vendors/` has too many inbound links."", ""impact"": ""Low"", ""effort"": ""Low"", ""confidence"": 0.75}",raw/seo/seo_tracker_reports/report_20260731_112213.json,generator recommendation — NOT an instruction to change the live site in this run,tool-reported confidence=0.75,
0 candidate source(s),recommendation,LOW,Internal-link low: https://ambimat.com/about/company-overview/,,"{""priority"": ""LOW"", ""title"": ""Internal-link low: https://ambimat.com/about/company-overview/"", ""suggested_action"": ""Manual review: `https://ambimat.com/about/company-overview/` has too many inbound links."", ""impact"": ""Low"", ""effort"": ""Low"", ""confidence"": 0.75}",raw/seo/seo_tracker_reports/report_20260731_112213.json,generator recommendation — NOT an instruction to change the live site in this run,tool-reported confidence=0.75,
0 candidate source(s),recommendation,LOW,Internal-link low: https://ambimat.com/careers/,,"{""priority"": ""LOW"", ""title"": ""Internal-link low: https://ambimat.com/careers/"", ""suggested_action"": ""Manual review: `https://ambimat.com/careers/` has too many inbound links."", ""impact"": ""Low"", ""effort"": ""Low"", ""confidence"": 0.75}",raw/seo/seo_tracker_reports/report_20260731_112213.json,generator recommendation — NOT an instruction to change the live site in this run,tool-reported confidence=0.75,
0 candidate source(s),recommendation,LOW,Internal-link low: https://ambimat.com/success-stories/,,"{""priority"": ""LOW"", ""title"": ""Internal-link low: https://ambimat.com/success-stories/"", ""suggested_action"": ""Manual review: `https://ambimat.com/success-stories/` has too many inbound links."", ""impact"": ""Low"", ""effort"": ""Low"", ""confidence"": 0.75}",raw/seo/seo_tracker_reports/report_20260731_112213.json,generator recommendation — NOT an instruction to change the live site in this run,tool-reported confidence=0.75,
0 candidate source(s),recommendation,LOW,Internal-link low: https://ambimat.com/design/design-by-technology/nfc-uhf-rfid/,,"{""priority"": ""LOW"", ""title"": ""Internal-link low: https://ambimat.com/design/design-by-technology/nfc-uhf-rfid/"", ""suggested_action"": ""Manual review: `https://ambimat.com/design/design-by-technology/nfc-uhf-rfid/` has too many inbound links."", ""impact"": ""Low"", ""effort"": ""Low"", ""confidence"": 0.75}",raw/seo/seo_tracker_reports/report_20260731_112213.json,generator recommendation — NOT an instruction to change the live site in this run,tool-reported confidence=0.75,
0 candidate source(s),recommendation,LOW,Internal-link low: https://ambimat.com/design/,,"{""priority"": ""LOW"", ""title"": ""Internal-link low: https://ambimat.com/design/"", ""suggested_action"": ""Manual review: `https://ambimat.com/design/` has too many inbound links."", ""impact"": ""Low"", ""effort"": ""Low"", ""confidence"": 0.75}",raw/seo/seo_tracker_reports/report_20260731_112213.json,generator recommendation — NOT an instruction to change the live site in this run,tool-reported confidence=0.75,
0 candidate source(s),recommendation,LOW,Internal-link low: https://ambimat.com/timeline/,,"{""priority"": ""LOW"", ""title"": ""Internal-link low: https://ambimat.com/timeline/"", ""suggested_action"": ""Manual review: `https://ambimat.com/timeline/` has too many inbound links."", ""impact"": ""Low"", ""effort"": ""Low"", ""confidence"": 0.75}",raw/seo/seo_tracker_reports/report_20260731_112213.json,generator recommendation — NOT an instruction to change the live site in this run,tool-reported confidence=0.75,
0 candidate source(s),recommendation,LOW,Internal-link low: https://ambimat.com/design/ambi-iot/pubs-and-brewery/,,"{""priority"": ""LOW"", ""title"": ""Internal-link low: https://ambimat.com/design/ambi-iot/pubs-and-brewery/"", ""suggested_action"": ""Manual review: `https://ambimat.com/design/ambi-iot/pubs-and-brewery/` has too many inbound links."", ""impact"": ""Low"", ""effort"": ""Low"", ""confidence"": 0.75}",raw/seo/seo_tracker_reports/report_20260731_112213.json,generator recommendation — NOT an instruction to change the live site in this run,tool-reported confidence=0.75,
0 candidate source(s),recommendation,LOW,Internal-link low: https://ambimat.com/design/ambi-iot/robotics/,,"{""priority"": ""LOW"", ""title"": ""Internal-link low: https://ambimat.com/design/ambi-iot/robotics/"", ""suggested_action"": ""Manual review: `https://ambimat.com/design/ambi-iot/robotics/` has too many inbound links."", ""impact"": ""Low"", ""effort"": ""Low"", ""confidence"": 0.75}",raw/seo/seo_tracker_reports/report_20260731_112213.json,generator recommendation — NOT an instruction to change the live site in this run,tool-reported confidence=0.75,
0 candidate source(s),recommendation,LOW,Internal-link low: https://ambimat.com/design/ambi-iot/music/,,"{""priority"": ""LOW"", ""title"": ""Internal-link low: https://ambimat.com/design/ambi-iot/music/"", ""suggested_action"": ""Manual review: `https://ambimat.com/design/ambi-iot/music/` has too many inbound links."", ""impact"": ""Low"", ""effort"": ""Low"", ""confidence"": 0.75}",raw/seo/seo_tracker_reports/report_20260731_112213.json,generator recommendation — NOT an instruction to change the live site in this run,tool-reported confidence=0.75,
0 candidate source(s),recommendation,LOW,Internal-link low: https://ambimat.com/design/ambi-iot/medicals/,,"{""priority"": ""LOW"", ""title"": ""Internal-link low: https://ambimat.com/design/ambi-iot/medicals/"", ""suggested_action"": ""Manual review: `https://ambimat.com/design/ambi-iot/medicals/` has too many inbound links."", ""impact"": ""Low"", ""effort"": ""Low"", ""confidence"": 0.75}",raw/seo/seo_tracker_reports/report_20260731_112213.json,generator recommendation — NOT an instruction to change the live site in this run,tool-reported confidence=0.75,
0 candidate source(s),recommendation,LOW,Internal-link low: https://ambimat.com/design/ambi-iot/retail/,,"{""priority"": ""LOW"", ""title"": ""Internal-link low: https://ambimat.com/design/ambi-iot/retail/"", ""suggested_action"": ""Manual review: `https://ambimat.com/design/ambi-iot/retail/` has too many inbound links."", ""impact"": ""Low"", ""effort"": ""Low"", ""confidence"": 0.75}",raw/seo/seo_tracker_reports/report_20260731_112213.json,generator recommendation — NOT an instruction to change the live site in this run,tool-reported confidence=0.75,
0 candidate source(s),recommendation,LOW,Internal-link low: https://ambimat.com/success-stories/,,"{""priority"": ""LOW"", ""title"": ""Internal-link low: https://ambimat.com/success-stories/"", ""suggested_action"": ""Manual review: `https://ambimat.com/success-stories/` has too many inbound links."", ""impact"": ""Low"", ""effort"": ""Low"", ""confidence"": 0.75}",raw/seo/seo_tracker_reports/report_20260731_112213.json,generator recommendation — NOT an instruction to change the live site in this run,tool-reported confidence=0.75,
0 candidate source(s),recommendation,LOW,Internal-link low: https://ambimat.com/category/general/,,"{""priority"": ""LOW"", ""title"": ""Internal-link low: https://ambimat.com/category/general/"", ""suggested_action"": ""Manual review: `https://ambimat.com/category/general/` has too many inbound links."", ""impact"": ""Low"", ""effort"": ""Low"", ""confidence"": 0.75}",raw/seo/seo_tracker_reports/report_20260731_112213.json,generator recommendation — NOT an instruction to change the live site in this run,tool-reported confidence=0.75,
0 candidate source(s),recommendation,LOW,Internal-link low: https://ambimat.com/categories/ambi-con/,,"{""priority"": ""LOW"", ""title"": ""Internal-link low: https://ambimat.com/categories/ambi-con/"", ""suggested_action"": ""Manual review: `https://ambimat.com/categories/ambi-con/` has too many inbound links."", ""impact"": ""Low"", ""effort"": ""Low"", ""confidence"": 0.75}",raw/seo/seo_tracker_reports/report_20260731_112213.json,generator recommendation — NOT an instruction to change the live site in this run,tool-reported confidence=0.75,
0 candidate source(s),recommendation,LOW,Internal-link low: https://ambimat.com/categories/ambi-secure/,,"{""priority"": ""LOW"", ""title"": ""Internal-link low: https://ambimat.com/categories/ambi-secure/"", ""suggested_action"": ""Manual review: `https://ambimat.com/categories/ambi-secure/` has too many inbound links."", ""impact"": ""Low"", ""effort"": ""Low"", ""confidence"": 0.75}",raw/seo/seo_tracker_reports/report_20260731_112213.json,generator recommendation — NOT an instruction to change the live site in this run,tool-reported confidence=0.75,
0 candidate source(s),recommendation,LOW,Internal-link low: https://ambimat.com/categories/ambi-space/,,"{""priority"": ""LOW"", ""title"": ""Internal-link low: https://ambimat.com/categories/ambi-space/"", ""suggested_action"": ""Manual review: `https://ambimat.com/categories/ambi-space/` has too many inbound links."", ""impact"": ""Low"", ""effort"": ""Low"", ""confidence"": 0.75}",raw/seo/seo_tracker_reports/report_20260731_112213.json,generator recommendation — NOT an instruction to change the live site in this run,tool-reported confidence=0.75,
0 candidate source(s),recommendation,LOW,Internal-link low: https://ambimat.com/categories/ambi-pay/,,"{""priority"": ""LOW"", ""title"": ""Internal-link low: https://ambimat.com/categories/ambi-pay/"", ""suggested_action"": ""Manual review: `https://ambimat.com/categories/ambi-pay/` has too many inbound links."", ""impact"": ""Low"", ""effort"": ""Low"", ""confidence"": 0.75}",raw/seo/seo_tracker_reports/report_20260731_112213.json,generator recommendation — NOT an instruction to change the live site in this run,tool-reported confidence=0.75,
0 candidate source(s),recommendation,LOW,Internal-link low: https://ambimat.com/categories/ambi-sense/,,"{""priority"": ""LOW"", ""title"": ""Internal-link low: https://ambimat.com/categories/ambi-sense/"", ""suggested_action"": ""Manual review: `https://ambimat.com/categories/ambi-sense/` has too many inbound links."", ""impact"": ""Low"", ""effort"": ""Low"", ""confidence"": 0.75}",raw/seo/seo_tracker_reports/report_20260731_112213.json,generator recommendation — NOT an instruction to change the live site in this run,tool-reported confidence=0.75,
0 candidate source(s),recommendation,LOW,Internal-link low: https://ambimat.com/categories/ambi-automation/,,"{""priority"": ""LOW"", ""title"": ""Internal-link low: https://ambimat.com/categories/ambi-automation/"", ""suggested_action"": ""Manual review: `https://ambimat.com/categories/ambi-automation/` has too many inbound links."", ""impact"": ""Low"", ""effort"": ""Low"", ""confidence"": 0.75}",raw/seo/seo_tracker_reports/report_20260731_112213.json,generator recommendation — NOT an instruction to change the live site in this run,tool-reported confidence=0.75,
"/cyber-attacks-in-india/, /enterprise-security-threats/, /fast-identity-online-fido/",recommendation,LOW,Lift dormant keyword: #Ambisecure,,"{""priority"": ""LOW"", ""title"": ""Lift dormant keyword: #Ambisecure"", ""suggested_action"": ""Add the keyword as a synonym in the page H1 / dek; ensure at least one internal anchor uses the exact phrase. Re-check next quarter."", ""impact"": ""Low"", ""effort"": ""Low"", ""confidence"": 0.6}",raw/seo/seo_tracker_reports/report_20260731_112213.json,generator recommendation — NOT an instruction to change the live site in this run,tool-reported confidence=0.6,
"/challenges-to-iot-security-2/, /challenges-to-iot-security/, /non-cellular-network-based-wide-area-networks-1/",recommendation,LOW,Lift dormant keyword: Ambiiotsecurity,,"{""priority"": ""LOW"", ""title"": ""Lift dormant keyword: Ambiiotsecurity"", ""suggested_action"": ""Add the keyword as a synonym in the page H1 / dek; ensure at least one internal anchor uses the exact phrase. Re-check next quarter."", ""impact"": ""Low"", ""effort"": ""Low"", ""confidence"": 0.6}",raw/seo/seo_tracker_reports/report_20260731_112213.json,generator recommendation — NOT an instruction to change the live site in this run,tool-reported confidence=0.6,
"/solutions/ambilogistics/, /cold-chain-logistics-effective-vaccine-management/, /cold-chain-logistics-solutions-benefits/",recommendation,LOW,Lift dormant keyword: Ambilogistics,,"{""priority"": ""LOW"", ""title"": ""Lift dormant keyword: Ambilogistics"", ""suggested_action"": ""Add the keyword as a synonym in the page H1 / dek; ensure at least one internal anchor uses the exact phrase. Re-check next quarter."", ""impact"": ""Low"", ""effort"": ""Low"", ""confidence"": 0.6}",raw/seo/seo_tracker_reports/report_20260731_112213.json,generator recommendation — NOT an instruction to change the live site in this run,tool-reported confidence=0.6,
"/categories/ambi-pay/, /contactless-emv-payments-in-public-transportation/, /e-passport-and-how-will-chip-based-e-passports-work/",recommendation,LOW,Lift dormant keyword: Ambipay,,"{""priority"": ""LOW"", ""title"": ""Lift dormant keyword: Ambipay"", ""suggested_action"": ""Add the keyword as a synonym in the page H1 / dek; ensure at least one internal anchor uses the exact phrase. Re-check next quarter."", ""impact"": ""Low"", ""effort"": ""Low"", ""confidence"": 0.6}",raw/seo/seo_tracker_reports/report_20260731_112213.json,generator recommendation — NOT an instruction to change the live site in this run,tool-reported confidence=0.6,
"/categories/ambi-sense/, /cold-chain-logistics-effective-vaccine-management/, /cold-chain-logistics/",recommendation,LOW,Lift dormant keyword: Ambisense,,"{""priority"": ""LOW"", ""title"": ""Lift dormant keyword: Ambisense"", ""suggested_action"": ""Add the keyword as a synonym in the page H1 / dek; ensure at least one internal anchor uses the exact phrase. Re-check next quarter."", ""impact"": ""Low"", ""effort"": ""Low"", ""confidence"": 0.6}",raw/seo/seo_tracker_reports/report_20260731_112213.json,generator recommendation — NOT an instruction to change the live site in this run,tool-reported confidence=0.6,
"/consumer-biometrics-in-the-data-privacy-age/, /multi-factor-authentication-in-government-sector/, /securing-your-iiot-infrastructure/",recommendation,LOW,Lift dormant keyword: Datasecurity,,"{""priority"": ""LOW"", ""title"": ""Lift dormant keyword: Datasecurity"", ""suggested_action"": ""Add the keyword as a synonym in the page H1 / dek; ensure at least one internal anchor uses the exact phrase. Re-check next quarter."", ""impact"": ""Low"", ""effort"": ""Low"", ""confidence"": 0.6}",raw/seo/seo_tracker_reports/report_20260731_112213.json,generator recommendation — NOT an instruction to change the live site in this run,tool-reported confidence=0.6,
"/5g-and-iot-the-future-of-5g-communications/, /challenges-to-iot-security-2/, /challenges-to-iot-security/",recommendation,LOW,Lift dormant keyword: Iot,,"{""priority"": ""LOW"", ""title"": ""Lift dormant keyword: Iot"", ""suggested_action"": ""Add the keyword as a synonym in the page H1 / dek; ensure at least one internal anchor uses the exact phrase. Re-check next quarter."", ""impact"": ""Low"", ""effort"": ""Low"", ""confidence"": 0.6}",raw/seo/seo_tracker_reports/report_20260731_112213.json,generator recommendation — NOT an instruction to change the live site in this run,tool-reported confidence=0.6,
"/challenges-to-iot-security-2/, /fast-identity-online-fido/, /sms-based-otp-authentication-and-its-disadvantages/",recommendation,LOW,Lift dormant keyword: Iot Security,,"{""priority"": ""LOW"", ""title"": ""Lift dormant keyword: Iot Security"", ""suggested_action"": ""Add the keyword as a synonym in the page H1 / dek; ensure at least one internal anchor uses the exact phrase. Re-check next quarter."", ""impact"": ""Low"", ""effort"": ""Low"", ""confidence"": 0.6}",raw/seo/seo_tracker_reports/report_20260731_112213.json,generator recommendation — NOT an instruction to change the live site in this run,tool-reported confidence=0.6,
"/cold-chain-logistics-effective-vaccine-management/, /cold-chain-logistics-solutions-benefits/, /cold-chain-logistics/",recommendation,LOW,Lift dormant keyword: Logistics,,"{""priority"": ""LOW"", ""title"": ""Lift dormant keyword: Logistics"", ""suggested_action"": ""Add the keyword as a synonym in the page H1 / dek; ensure at least one internal anchor uses the exact phrase. Re-check next quarter."", ""impact"": ""Low"", ""effort"": ""Low"", ""confidence"": 0.6}",raw/seo/seo_tracker_reports/report_20260731_112213.json,generator recommendation — NOT an instruction to change the live site in this run,tool-reported confidence=0.6,
"/cellular-network-based-wide-area-networks/, /non-cellular-network-based-wide-area-networks-1/, /what-is-lpwan-and-types-of-lpwan-network/",recommendation,LOW,Lift dormant keyword: Lora,,"{""priority"": ""LOW"", ""title"": ""Lift dormant keyword: Lora"", ""suggested_action"": ""Add the keyword as a synonym in the page H1 / dek; ensure at least one internal anchor uses the exact phrase. Re-check next quarter."", ""impact"": ""Low"", ""effort"": ""Low"", ""confidence"": 0.6}",raw/seo/seo_tracker_reports/report_20260731_112213.json,generator recommendation — NOT an instruction to change the live site in this run,tool-reported confidence=0.6,
"/cellular-network-based-wide-area-networks/, /challenges-to-iot-security-2/, /non-cellular-network-based-wide-area-networks-1/",recommendation,LOW,Lift dormant keyword: Lorawan,,"{""priority"": ""LOW"", ""title"": ""Lift dormant keyword: Lorawan"", ""suggested_action"": ""Add the keyword as a synonym in the page H1 / dek; ensure at least one internal anchor uses the exact phrase. Re-check next quarter."", ""impact"": ""Low"", ""effort"": ""Low"", ""confidence"": 0.6}",raw/seo/seo_tracker_reports/report_20260731_112213.json,generator recommendation — NOT an instruction to change the live site in this run,tool-reported confidence=0.6,
"/is-passwordless-the-future/, /multi-factor-authentication-in-government-sector/, /the-facts-and-fiction-of-passwordless-journey/",recommendation,LOW,Lift dormant keyword: Passwordless,,"{""priority"": ""LOW"", ""title"": ""Lift dormant keyword: Passwordless"", ""suggested_action"": ""Add the keyword as a synonym in the page H1 / dek; ensure at least one internal anchor uses the exact phrase. Re-check next quarter."", ""impact"": ""Low"", ""effort"": ""Low"", ""confidence"": 0.6}",raw/seo/seo_tracker_reports/report_20260731_112213.json,generator recommendation — NOT an instruction to change the live site in this run,tool-reported confidence=0.6,
"/design/ambi-iot/security/, /an-introduction-to-java-card-technology/, /challenges-to-iot-security/",recommendation,LOW,Lift dormant keyword: Security,,"{""priority"": ""LOW"", ""title"": ""Lift dormant keyword: Security"", ""suggested_action"": ""Add the keyword as a synonym in the page H1 / dek; ensure at least one internal anchor uses the exact phrase. Re-check next quarter."", ""impact"": ""Low"", ""effort"": ""Low"", ""confidence"": 0.6}",raw/seo/seo_tracker_reports/report_20260731_112213.json,generator recommendation — NOT an instruction to change the live site in this run,tool-reported confidence=0.6,
"/an-introduction-to-java-card-technology/, /public-transport-ticketing-2/, /public-transport-ticketing-system-part-1/",recommendation,LOW,Lift dormant keyword: Smart Card,,"{""priority"": ""LOW"", ""title"": ""Lift dormant keyword: Smart Card"", ""suggested_action"": ""Add the keyword as a synonym in the page H1 / dek; ensure at least one internal anchor uses the exact phrase. Re-check next quarter."", ""impact"": ""Low"", ""effort"": ""Low"", ""confidence"": 0.6}",raw/seo/seo_tracker_reports/report_20260731_112213.json,generator recommendation — NOT an instruction to change the live site in this run,tool-reported confidence=0.6,
"/categories/smart-city/, /challenges-to-iot-security-2/, /challenges-to-iot-security/",recommendation,LOW,Lift dormant keyword: Smart City,,"{""priority"": ""LOW"", ""title"": ""Lift dormant keyword: Smart City"", ""suggested_action"": ""Add the keyword as a synonym in the page H1 / dek; ensure at least one internal anchor uses the exact phrase. Re-check next quarter."", ""impact"": ""Low"", ""effort"": ""Low"", ""confidence"": 0.6}",raw/seo/seo_tracker_reports/report_20260731_112213.json,generator recommendation — NOT an instruction to change the live site in this run,tool-reported confidence=0.6,
"/categories/smart-label/, /cold-chain-logistics-effective-vaccine-management/, /cold-chain-logistics-solutions-benefits/",recommendation,LOW,Lift dormant keyword: Smart Label,,"{""priority"": ""LOW"", ""title"": ""Lift dormant keyword: Smart Label"", ""suggested_action"": ""Add the keyword as a synonym in the page H1 / dek; ensure at least one internal anchor uses the exact phrase. Re-check next quarter."", ""impact"": ""Low"", ""effort"": ""Low"", ""confidence"": 0.6}",raw/seo/seo_tracker_reports/report_20260731_112213.json,generator recommendation — NOT an instruction to change the live site in this run,tool-reported confidence=0.6,
"/challenges-to-iot-security-2/, /challenges-to-iot-security/, /consumer-biometrics-in-the-data-privacy-age/",recommendation,LOW,Lift dormant keyword: Smart Solution,,"{""priority"": ""LOW"", ""title"": ""Lift dormant keyword: Smart Solution"", ""suggested_action"": ""Add the keyword as a synonym in the page H1 / dek; ensure at least one internal anchor uses the exact phrase. Re-check next quarter."", ""impact"": ""Low"", ""effort"": ""Low"", ""confidence"": 0.6}",raw/seo/seo_tracker_reports/report_20260731_112213.json,generator recommendation — NOT an instruction to change the live site in this run,tool-reported confidence=0.6,
https://ambimat.com/category/general/,meta_description_missing,low,missing,present,seo.pages_missing_description[],raw/site_monitor/site_monitor_reports/per_site/ambimat_com/report_20260731_100005.json,reported missing at 10:00 crawl; many are tag/category archives,medium (as-reported),
https://ambimat.com/category/uncategorized/,meta_description_missing,low,missing,present,seo.pages_missing_description[],raw/site_monitor/site_monitor_reports/per_site/ambimat_com/report_20260731_100005.json,reported missing at 10:00 crawl; many are tag/category archives,medium (as-reported),
https://ambimat.com/tag/ambipay/,meta_description_missing,low,missing,present,seo.pages_missing_description[],raw/site_monitor/site_monitor_reports/per_site/ambimat_com/report_20260731_100005.json,reported missing at 10:00 crawl; many are tag/category archives,medium (as-reported),
https://ambimat.com/tag/automatic-fare-collection/,meta_description_missing,low,missing,present,seo.pages_missing_description[],raw/site_monitor/site_monitor_reports/per_site/ambimat_com/report_20260731_100005.json,reported missing at 10:00 crawl; many are tag/category archives,medium (as-reported),
https://ambimat.com/tag/afc/,meta_description_missing,low,missing,present,seo.pages_missing_description[],raw/site_monitor/site_monitor_reports/per_site/ambimat_com/report_20260731_100005.json,reported missing at 10:00 crawl; many are tag/category archives,medium (as-reported),
https://ambimat.com/tag/payments/,meta_description_missing,low,missing,present,seo.pages_missing_description[],raw/site_monitor/site_monitor_reports/per_site/ambimat_com/report_20260731_100005.json,reported missing at 10:00 crawl; many are tag/category archives,medium (as-reported),
https://ambimat.com/tag/covid-19/,meta_description_missing,low,missing,present,seo.pages_missing_description[],raw/site_monitor/site_monitor_reports/per_site/ambimat_com/report_20260731_100005.json,reported missing at 10:00 crawl; many are tag/category archives,medium (as-reported),
https://ambimat.com/tag/zoom-fatigue/,meta_description_missing,low,missing,present,seo.pages_missing_description[],raw/site_monitor/site_monitor_reports/per_site/ambimat_com/report_20260731_100005.json,reported missing at 10:00 crawl; many are tag/category archives,medium (as-reported),
https://ambimat.com/tag/datasecurity/,meta_description_missing,low,missing,present,seo.pages_missing_description[],raw/site_monitor/site_monitor_reports/per_site/ambimat_com/report_20260731_100005.json,reported missing at 10:00 crawl; many are tag/category archives,medium (as-reported),
https://ambimat.com/tag/gdpr/,meta_description_missing,low,missing,present,seo.pages_missing_description[],raw/site_monitor/site_monitor_reports/per_site/ambimat_com/report_20260731_100005.json,reported missing at 10:00 crawl; many are tag/category archives,medium (as-reported),
https://ambimat.com/tag/smart-solution/,meta_description_missing,low,missing,present,seo.pages_missing_description[],raw/site_monitor/site_monitor_reports/per_site/ambimat_com/report_20260731_100005.json,reported missing at 10:00 crawl; many are tag/category archives,medium (as-reported),
https://ambimat.com/tag/security/,meta_description_missing,low,missing,present,seo.pages_missing_description[],raw/site_monitor/site_monitor_reports/per_site/ambimat_com/report_20260731_100005.json,reported missing at 10:00 crawl; many are tag/category archives,medium (as-reported),
https://ambimat.com/tag/privacy/,meta_description_missing,low,missing,present,seo.pages_missing_description[],raw/site_monitor/site_monitor_reports/per_site/ambimat_com/report_20260731_100005.json,reported missing at 10:00 crawl; many are tag/category archives,medium (as-reported),
https://ambimat.com/tag/password/,meta_description_missing,low,missing,present,seo.pages_missing_description[],raw/site_monitor/site_monitor_reports/per_site/ambimat_com/report_20260731_100005.json,reported missing at 10:00 crawl; many are tag/category archives,medium (as-reported),
https://ambimat.com/tag/biometric/,meta_description_missing,low,missing,present,seo.pages_missing_description[],raw/site_monitor/site_monitor_reports/per_site/ambimat_com/report_20260731_100005.json,reported missing at 10:00 crawl; many are tag/category archives,medium (as-reported),
https://ambimat.com/tag/data/,meta_description_missing,low,missing,present,seo.pages_missing_description[],raw/site_monitor/site_monitor_reports/per_site/ambimat_com/report_20260731_100005.json,reported missing at 10:00 crawl; many are tag/category archives,medium (as-reported),
https://ambimat.com/tag/pin/,meta_description_missing,low,missing,present,seo.pages_missing_description[],raw/site_monitor/site_monitor_reports/per_site/ambimat_com/report_20260731_100005.json,reported missing at 10:00 crawl; many are tag/category archives,medium (as-reported),
https://ambimat.com/tag/ambisecure/,meta_description_missing,low,missing,present,seo.pages_missing_description[],raw/site_monitor/site_monitor_reports/per_site/ambimat_com/report_20260731_100005.json,reported missing at 10:00 crawl; many are tag/category archives,medium (as-reported),
https://ambimat.com/tag/iiot/,meta_description_missing,low,missing,present,seo.pages_missing_description[],raw/site_monitor/site_monitor_reports/per_site/ambimat_com/report_20260731_100005.json,reported missing at 10:00 crawl; many are tag/category archives,medium (as-reported),
https://ambimat.com/tag/iot/,meta_description_missing,low,missing,present,seo.pages_missing_description[],raw/site_monitor/site_monitor_reports/per_site/ambimat_com/report_20260731_100005.json,reported missing at 10:00 crawl; many are tag/category archives,medium (as-reported),
https://ambimat.com/tag/industrialiot/,meta_description_missing,low,missing,present,seo.pages_missing_description[],raw/site_monitor/site_monitor_reports/per_site/ambimat_com/report_20260731_100005.json,reported missing at 10:00 crawl; many are tag/category archives,medium (as-reported),
https://ambimat.com/tag/internetofthings/,meta_description_missing,low,missing,present,seo.pages_missing_description[],raw/site_monitor/site_monitor_reports/per_site/ambimat_com/report_20260731_100005.json,reported missing at 10:00 crawl; many are tag/category archives,medium (as-reported),
https://ambimat.com/tag/iotsecurity/,meta_description_missing,low,missing,present,seo.pages_missing_description[],raw/site_monitor/site_monitor_reports/per_site/ambimat_com/report_20260731_100005.json,reported missing at 10:00 crawl; many are tag/category archives,medium (as-reported),
https://ambimat.com/tag/telecommunications/,meta_description_missing,low,missing,present,seo.pages_missing_description[],raw/site_monitor/site_monitor_reports/per_site/ambimat_com/report_20260731_100005.json,reported missing at 10:00 crawl; many are tag/category archives,medium (as-reported),
https://ambimat.com/tag/urban-ticketing/,meta_description_missing,low,missing,present,seo.pages_missing_description[],raw/site_monitor/site_monitor_reports/per_site/ambimat_com/report_20260731_100005.json,reported missing at 10:00 crawl; many are tag/category archives,medium (as-reported),
https://ambimat.com/tag/national-common-mobility-card-ncmc/,meta_description_missing,low,missing,present,seo.pages_missing_description[],raw/site_monitor/site_monitor_reports/per_site/ambimat_com/report_20260731_100005.json,reported missing at 10:00 crawl; many are tag/category archives,medium (as-reported),
https://ambimat.com/tag/digital-payment/,meta_description_missing,low,missing,present,seo.pages_missing_description[],raw/site_monitor/site_monitor_reports/per_site/ambimat_com/report_20260731_100005.json,reported missing at 10:00 crawl; many are tag/category archives,medium (as-reported),
https://ambimat.com/tag/smart-card/,meta_description_missing,low,missing,present,seo.pages_missing_description[],raw/site_monitor/site_monitor_reports/per_site/ambimat_com/report_20260731_100005.json,reported missing at 10:00 crawl; many are tag/category archives,medium (as-reported),
https://ambimat.com/tag/public-transport-system/,meta_description_missing,low,missing,present,seo.pages_missing_description[],raw/site_monitor/site_monitor_reports/per_site/ambimat_com/report_20260731_100005.json,reported missing at 10:00 crawl; many are tag/category archives,medium (as-reported),
https://ambimat.com/tag/metro/,meta_description_missing,low,missing,present,seo.pages_missing_description[],raw/site_monitor/site_monitor_reports/per_site/ambimat_com/report_20260731_100005.json,reported missing at 10:00 crawl; many are tag/category archives,medium (as-reported),
https://ambimat.com/tag/urban-ticketing-system/,meta_description_missing,low,missing,present,seo.pages_missing_description[],raw/site_monitor/site_monitor_reports/per_site/ambimat_com/report_20260731_100005.json,reported missing at 10:00 crawl; many are tag/category archives,medium (as-reported),
https://ambimat.com/tag/fare-collection-systems/,meta_description_missing,low,missing,present,seo.pages_missing_description[],raw/site_monitor/site_monitor_reports/per_site/ambimat_com/report_20260731_100005.json,reported missing at 10:00 crawl; many are tag/category archives,medium (as-reported),
https://ambimat.com/tag/smart-ticket-solutions/,meta_description_missing,low,missing,present,seo.pages_missing_description[],raw/site_monitor/site_monitor_reports/per_site/ambimat_com/report_20260731_100005.json,reported missing at 10:00 crawl; many are tag/category archives,medium (as-reported),
https://ambimat.com/tag/smart-city/,meta_description_missing,low,missing,present,seo.pages_missing_description[],raw/site_monitor/site_monitor_reports/per_site/ambimat_com/report_20260731_100005.json,reported missing at 10:00 crawl; many are tag/category archives,medium (as-reported),
https://ambimat.com/tag/led/,meta_description_missing,low,missing,present,seo.pages_missing_description[],raw/site_monitor/site_monitor_reports/per_site/ambimat_com/report_20260731_100005.json,reported missing at 10:00 crawl; many are tag/category archives,medium (as-reported),
https://ambimat.com/tag/internet-of-things/,meta_description_missing,low,missing,present,seo.pages_missing_description[],raw/site_monitor/site_monitor_reports/per_site/ambimat_com/report_20260731_100005.json,reported missing at 10:00 crawl; many are tag/category archives,medium (as-reported),
https://ambimat.com/tag/iot-security/,meta_description_missing,low,missing,present,seo.pages_missing_description[],raw/site_monitor/site_monitor_reports/per_site/ambimat_com/report_20260731_100005.json,reported missing at 10:00 crawl; many are tag/category archives,medium (as-reported),
https://ambimat.com/tag/street-lighting/,meta_description_missing,low,missing,present,seo.pages_missing_description[],raw/site_monitor/site_monitor_reports/per_site/ambimat_com/report_20260731_100005.json,reported missing at 10:00 crawl; many are tag/category archives,medium (as-reported),
https://ambimat.com/tag/lora/,meta_description_missing,low,missing,present,seo.pages_missing_description[],raw/site_monitor/site_monitor_reports/per_site/ambimat_com/report_20260731_100005.json,reported missing at 10:00 crawl; many are tag/category archives,medium (as-reported),
https://ambimat.com/tag/ambiiotsecurity/,meta_description_missing,low,missing,present,seo.pages_missing_description[],raw/site_monitor/site_monitor_reports/per_site/ambimat_com/report_20260731_100005.json,reported missing at 10:00 crawl; many are tag/category archives,medium (as-reported),
https://ambimat.com/tag/lorawan/,meta_description_missing,low,missing,present,seo.pages_missing_description[],raw/site_monitor/site_monitor_reports/per_site/ambimat_com/report_20260731_100005.json,reported missing at 10:00 crawl; many are tag/category archives,medium (as-reported),
https://ambimat.com/tag/sigfox/,meta_description_missing,low,missing,present,seo.pages_missing_description[],raw/site_monitor/site_monitor_reports/per_site/ambimat_com/report_20260731_100005.json,reported missing at 10:00 crawl; many are tag/category archives,medium (as-reported),
https://ambimat.com/tag/google/,meta_description_missing,low,missing,present,seo.pages_missing_description[],raw/site_monitor/site_monitor_reports/per_site/ambimat_com/report_20260731_100005.json,reported missing at 10:00 crawl; many are tag/category archives,medium (as-reported),
https://ambimat.com/tag/material-design/,meta_description_missing,low,missing,present,seo.pages_missing_description[],raw/site_monitor/site_monitor_reports/per_site/ambimat_com/report_20260731_100005.json,reported missing at 10:00 crawl; many are tag/category archives,medium (as-reported),
https://ambimat.com/tag/general/,meta_description_missing,low,missing,present,seo.pages_missing_description[],raw/site_monitor/site_monitor_reports/per_site/ambimat_com/report_20260731_100005.json,reported missing at 10:00 crawl; many are tag/category archives,medium (as-reported),
https://ambimat.com/tag/digicorp/,meta_description_missing,low,missing,present,seo.pages_missing_description[],raw/site_monitor/site_monitor_reports/per_site/ambimat_com/report_20260731_100005.json,reported missing at 10:00 crawl; many are tag/category archives,medium (as-reported),
https://ambimat.com/tag/fintech/,meta_description_missing,low,missing,present,seo.pages_missing_description[],raw/site_monitor/site_monitor_reports/per_site/ambimat_com/report_20260731_100005.json,reported missing at 10:00 crawl; many are tag/category archives,medium (as-reported),
https://ambimat.com/tag/payment-processing/,meta_description_missing,low,missing,present,seo.pages_missing_description[],raw/site_monitor/site_monitor_reports/per_site/ambimat_com/report_20260731_100005.json,reported missing at 10:00 crawl; many are tag/category archives,medium (as-reported),
https://ambimat.com/tag/payment/,meta_description_missing,low,missing,present,seo.pages_missing_description[],raw/site_monitor/site_monitor_reports/per_site/ambimat_com/report_20260731_100005.json,reported missing at 10:00 crawl; many are tag/category archives,medium (as-reported),
https://ambimat.com/tag/smartcity/,meta_description_missing,low,missing,present,seo.pages_missing_description[],raw/site_monitor/site_monitor_reports/per_site/ambimat_com/report_20260731_100005.json,reported missing at 10:00 crawl; many are tag/category archives,medium (as-reported),
https://ambimat.com/tag/e-passport/,meta_description_missing,low,missing,present,seo.pages_missing_description[],raw/site_monitor/site_monitor_reports/per_site/ambimat_com/report_20260731_100005.json,reported missing at 10:00 crawl; many are tag/category archives,medium (as-reported),
https://ambimat.com/tag/secure/,meta_description_missing,low,missing,present,seo.pages_missing_description[],raw/site_monitor/site_monitor_reports/per_site/ambimat_com/report_20260731_100005.json,reported missing at 10:00 crawl; many are tag/category archives,medium (as-reported),
https://ambimat.com/tag/cyberattack/,meta_description_missing,low,missing,present,seo.pages_missing_description[],raw/site_monitor/site_monitor_reports/per_site/ambimat_com/report_20260731_100005.json,reported missing at 10:00 crawl; many are tag/category archives,medium (as-reported),
https://ambimat.com/tag/fido/,meta_description_missing,low,missing,present,seo.pages_missing_description[],raw/site_monitor/site_monitor_reports/per_site/ambimat_com/report_20260731_100005.json,reported missing at 10:00 crawl; many are tag/category archives,medium (as-reported),
https://ambimat.com/tag/multi-factor-authentication/,meta_description_missing,low,missing,present,seo.pages_missing_description[],raw/site_monitor/site_monitor_reports/per_site/ambimat_com/report_20260731_100005.json,reported missing at 10:00 crawl; many are tag/category archives,medium (as-reported),
https://ambimat.com/tag/mfa/,meta_description_missing,low,missing,present,seo.pages_missing_description[],raw/site_monitor/site_monitor_reports/per_site/ambimat_com/report_20260731_100005.json,reported missing at 10:00 crawl; many are tag/category archives,medium (as-reported),
https://ambimat.com/tag/sensor/,meta_description_missing,low,missing,present,seo.pages_missing_description[],raw/site_monitor/site_monitor_reports/per_site/ambimat_com/report_20260731_100005.json,reported missing at 10:00 crawl; many are tag/category archives,medium (as-reported),
https://ambimat.com/tag/mqtt/,meta_description_missing,low,missing,present,seo.pages_missing_description[],raw/site_monitor/site_monitor_reports/per_site/ambimat_com/report_20260731_100005.json,reported missing at 10:00 crawl; many are tag/category archives,medium (as-reported),
https://ambimat.com/tag/short-range-wireless/,meta_description_missing,low,missing,present,seo.pages_missing_description[],raw/site_monitor/site_monitor_reports/per_site/ambimat_com/report_20260731_100005.json,reported missing at 10:00 crawl; many are tag/category archives,medium (as-reported),
https://ambimat.com/tag/uwb/,meta_description_missing,low,missing,present,seo.pages_missing_description[],raw/site_monitor/site_monitor_reports/per_site/ambimat_com/report_20260731_100005.json,reported missing at 10:00 crawl; many are tag/category archives,medium (as-reported),
https://ambimat.com/tag/wide-spectrum/,meta_description_missing,low,missing,present,seo.pages_missing_description[],raw/site_monitor/site_monitor_reports/per_site/ambimat_com/report_20260731_100005.json,reported missing at 10:00 crawl; many are tag/category archives,medium (as-reported),
https://ambimat.com/tag/communication-protocol/,meta_description_missing,low,missing,present,seo.pages_missing_description[],raw/site_monitor/site_monitor_reports/per_site/ambimat_com/report_20260731_100005.json,reported missing at 10:00 crawl; many are tag/category archives,medium (as-reported),
https://ambimat.com/tag/ultra-wideband/,meta_description_missing,low,missing,present,seo.pages_missing_description[],raw/site_monitor/site_monitor_reports/per_site/ambimat_com/report_20260731_100005.json,reported missing at 10:00 crawl; many are tag/category archives,medium (as-reported),
https://ambimat.com/tag/ambilogistics/,meta_description_missing,low,missing,present,seo.pages_missing_description[],raw/site_monitor/site_monitor_reports/per_site/ambimat_com/report_20260731_100005.json,reported missing at 10:00 crawl; many are tag/category archives,medium (as-reported),
https://ambimat.com/tag/cold-chain-logistics/,meta_description_missing,low,missing,present,seo.pages_missing_description[],raw/site_monitor/site_monitor_reports/per_site/ambimat_com/report_20260731_100005.json,reported missing at 10:00 crawl; many are tag/category archives,medium (as-reported),
https://ambimat.com/tag/logistics/,meta_description_missing,low,missing,present,seo.pages_missing_description[],raw/site_monitor/site_monitor_reports/per_site/ambimat_com/report_20260731_100005.json,reported missing at 10:00 crawl; many are tag/category archives,medium (as-reported),
https://ambimat.com/tag/supply-chain/,meta_description_missing,low,missing,present,seo.pages_missing_description[],raw/site_monitor/site_monitor_reports/per_site/ambimat_com/report_20260731_100005.json,reported missing at 10:00 crawl; many are tag/category archives,medium (as-reported),
https://ambimat.com/tag/ambisense/,meta_description_missing,low,missing,present,seo.pages_missing_description[],raw/site_monitor/site_monitor_reports/per_site/ambimat_com/report_20260731_100005.json,reported missing at 10:00 crawl; many are tag/category archives,medium (as-reported),
https://ambimat.com/tag/smart-label/,meta_description_missing,low,missing,present,seo.pages_missing_description[],raw/site_monitor/site_monitor_reports/per_site/ambimat_com/report_20260731_100005.json,reported missing at 10:00 crawl; many are tag/category archives,medium (as-reported),
https://ambimat.com/tag/5g/,meta_description_missing,low,missing,present,seo.pages_missing_description[],raw/site_monitor/site_monitor_reports/per_site/ambimat_com/report_20260731_100005.json,reported missing at 10:00 crawl; many are tag/category archives,medium (as-reported),
https://ambimat.com/tag/internet/,meta_description_missing,low,missing,present,seo.pages_missing_description[],raw/site_monitor/site_monitor_reports/per_site/ambimat_com/report_20260731_100005.json,reported missing at 10:00 crawl; many are tag/category archives,medium (as-reported),
https://ambimat.com/tag/shortage/,meta_description_missing,low,missing,present,seo.pages_missing_description[],raw/site_monitor/site_monitor_reports/per_site/ambimat_com/report_20260731_100005.json,reported missing at 10:00 crawl; many are tag/category archives,medium (as-reported),
https://ambimat.com/tag/electronic/,meta_description_missing,low,missing,present,seo.pages_missing_description[],raw/site_monitor/site_monitor_reports/per_site/ambimat_com/report_20260731_100005.json,reported missing at 10:00 crawl; many are tag/category archives,medium (as-reported),
https://ambimat.com/tag/ambiiot/,meta_description_missing,low,missing,present,seo.pages_missing_description[],raw/site_monitor/site_monitor_reports/per_site/ambimat_com/report_20260731_100005.json,reported missing at 10:00 crawl; many are tag/category archives,medium (as-reported),
https://ambimat.com/tag/semiconductor/,meta_description_missing,low,missing,present,seo.pages_missing_description[],raw/site_monitor/site_monitor_reports/per_site/ambimat_com/report_20260731_100005.json,reported missing at 10:00 crawl; many are tag/category archives,medium (as-reported),
https://ambimat.com/tag/passwordless/,meta_description_missing,low,missing,present,seo.pages_missing_description[],raw/site_monitor/site_monitor_reports/per_site/ambimat_com/report_20260731_100005.json,reported missing at 10:00 crawl; many are tag/category archives,medium (as-reported),
https://ambimat.com/tag/authentication/,meta_description_missing,low,missing,present,seo.pages_missing_description[],raw/site_monitor/site_monitor_reports/per_site/ambimat_com/report_20260731_100005.json,reported missing at 10:00 crawl; many are tag/category archives,medium (as-reported),
https://ambimat.com/tag/intellectual/,meta_description_missing,low,missing,present,seo.pages_missing_description[],raw/site_monitor/site_monitor_reports/per_site/ambimat_com/report_20260731_100005.json,reported missing at 10:00 crawl; many are tag/category archives,medium (as-reported),
https://ambimat.com/tag/protection/,meta_description_missing,low,missing,present,seo.pages_missing_description[],raw/site_monitor/site_monitor_reports/per_site/ambimat_com/report_20260731_100005.json,reported missing at 10:00 crawl; many are tag/category archives,medium (as-reported),
https://ambimat.com/tag/remote-worker/,meta_description_missing,low,missing,present,seo.pages_missing_description[],raw/site_monitor/site_monitor_reports/per_site/ambimat_com/report_20260731_100005.json,reported missing at 10:00 crawl; many are tag/category archives,medium (as-reported),
https://ambimat.com/tag/social-attacks/,meta_description_missing,low,missing,present,seo.pages_missing_description[],raw/site_monitor/site_monitor_reports/per_site/ambimat_com/report_20260731_100005.json,reported missing at 10:00 crawl; many are tag/category archives,medium (as-reported),
https://ambimat.com/tag/iot-secure-boot/,meta_description_missing,low,missing,present,seo.pages_missing_description[],raw/site_monitor/site_monitor_reports/per_site/ambimat_com/report_20260731_100005.json,reported missing at 10:00 crawl; many are tag/category archives,medium (as-reported),
https://ambimat.com/tag/iot-patch-management/,meta_description_missing,low,missing,present,seo.pages_missing_description[],raw/site_monitor/site_monitor_reports/per_site/ambimat_com/report_20260731_100005.json,reported missing at 10:00 crawl; many are tag/category archives,medium (as-reported),
https://ambimat.com/tag/secure-ota-iot/,meta_description_missing,low,missing,present,seo.pages_missing_description[],raw/site_monitor/site_monitor_reports/per_site/ambimat_com/report_20260731_100005.json,reported missing at 10:00 crawl; many are tag/category archives,medium (as-reported),
https://ambimat.com/tag/smart-city-firmware-updates/,meta_description_missing,low,missing,present,seo.pages_missing_description[],raw/site_monitor/site_monitor_reports/per_site/ambimat_com/report_20260731_100005.json,reported missing at 10:00 crawl; many are tag/category archives,medium (as-reported),
https://ambimat.com/tag/iot-firmware-signing/,meta_description_missing,low,missing,present,seo.pages_missing_description[],raw/site_monitor/site_monitor_reports/per_site/ambimat_com/report_20260731_100005.json,reported missing at 10:00 crawl; many are tag/category archives,medium (as-reported),
https://ambimat.com/tag/iot-continuous-authentication/,meta_description_missing,low,missing,present,seo.pages_missing_description[],raw/site_monitor/site_monitor_reports/per_site/ambimat_com/report_20260731_100005.json,reported missing at 10:00 crawl; many are tag/category archives,medium (as-reported),
https://ambimat.com/tag/smart-city-cybersecurity/,meta_description_missing,low,missing,present,seo.pages_missing_description[],raw/site_monitor/site_monitor_reports/per_site/ambimat_com/report_20260731_100005.json,reported missing at 10:00 crawl; many are tag/category archives,medium (as-reported),
https://ambimat.com/tag/zero-trust-iot-security/,meta_description_missing,low,missing,present,seo.pages_missing_description[],raw/site_monitor/site_monitor_reports/per_site/ambimat_com/report_20260731_100005.json,reported missing at 10:00 crawl; many are tag/category archives,medium (as-reported),
https://ambimat.com/tag/zero-trust-architecture-for-iot/,meta_description_missing,low,missing,present,seo.pages_missing_description[],raw/site_monitor/site_monitor_reports/per_site/ambimat_com/report_20260731_100005.json,reported missing at 10:00 crawl; many are tag/category archives,medium (as-reported),
https://ambimat.com/tag/iot-runtime-attestation/,meta_description_missing,low,missing,present,seo.pages_missing_description[],raw/site_monitor/site_monitor_reports/per_site/ambimat_com/report_20260731_100005.json,reported missing at 10:00 crawl; many are tag/category archives,medium (as-reported),
https://ambimat.com/tag/iot-micro-segmentation/,meta_description_missing,low,missing,present,seo.pages_missing_description[],raw/site_monitor/site_monitor_reports/per_site/ambimat_com/report_20260731_100005.json,reported missing at 10:00 crawl; many are tag/category archives,medium (as-reported),
https://ambimat.com/tag/secure-iot-commissioning/,meta_description_missing,low,missing,present,seo.pages_missing_description[],raw/site_monitor/site_monitor_reports/per_site/ambimat_com/report_20260731_100005.json,reported missing at 10:00 crawl; many are tag/category archives,medium (as-reported),
https://ambimat.com/tag/iot-replay-protection/,meta_description_missing,low,missing,present,seo.pages_missing_description[],raw/site_monitor/site_monitor_reports/per_site/ambimat_com/report_20260731_100005.json,reported missing at 10:00 crawl; many are tag/category archives,medium (as-reported),
https://ambimat.com/tag/smart-city-mesh-security-architecture/,meta_description_missing,low,missing,present,seo.pages_missing_description[],raw/site_monitor/site_monitor_reports/per_site/ambimat_com/report_20260731_100005.json,reported missing at 10:00 crawl; many are tag/category archives,medium (as-reported),
https://ambimat.com/tag/ble-mesh-iot-best-practices/,meta_description_missing,low,missing,present,seo.pages_missing_description[],raw/site_monitor/site_monitor_reports/per_site/ambimat_com/report_20260731_100005.json,reported missing at 10:00 crawl; many are tag/category archives,medium (as-reported),
https://ambimat.com/tag/mesh-key-rotation-iot/,meta_description_missing,low,missing,present,seo.pages_missing_description[],raw/site_monitor/site_monitor_reports/per_site/ambimat_com/report_20260731_100005.json,reported missing at 10:00 crawl; many are tag/category archives,medium (as-reported),
https://ambimat.com/tag/zigbee-mesh-security/,meta_description_missing,low,missing,present,seo.pages_missing_description[],raw/site_monitor/site_monitor_reports/per_site/ambimat_com/report_20260731_100005.json,reported missing at 10:00 crawl; many are tag/category archives,medium (as-reported),
https://ambimat.com/tag/fast-identity-online-fido/,meta_description_missing,low,missing,present,seo.pages_missing_description[],raw/site_monitor/site_monitor_reports/per_site/ambimat_com/report_20260731_100005.json,reported missing at 10:00 crawl; many are tag/category archives,medium (as-reported),
https://ambimat.com/tag/universal-second-factor-u2f/,meta_description_missing,low,missing,present,seo.pages_missing_description[],raw/site_monitor/site_monitor_reports/per_site/ambimat_com/report_20260731_100005.json,reported missing at 10:00 crawl; many are tag/category archives,medium (as-reported),
https://ambimat.com/tag/ultraviolet/,meta_description_missing,low,missing,present,seo.pages_missing_description[],raw/site_monitor/site_monitor_reports/per_site/ambimat_com/report_20260731_100005.json,reported missing at 10:00 crawl; many are tag/category archives,medium (as-reported),
https://ambimat.com/tag/robots/,meta_description_missing,low,missing,present,seo.pages_missing_description[],raw/site_monitor/site_monitor_reports/per_site/ambimat_com/report_20260731_100005.json,reported missing at 10:00 crawl; many are tag/category archives,medium (as-reported),
https://ambimat.com/tag/medical/,meta_description_missing,low,missing,present,seo.pages_missing_description[],raw/site_monitor/site_monitor_reports/per_site/ambimat_com/report_20260731_100005.json,reported missing at 10:00 crawl; many are tag/category archives,medium (as-reported),
https://ambimat.com/tag/sanitizing/,meta_description_missing,low,missing,present,seo.pages_missing_description[],raw/site_monitor/site_monitor_reports/per_site/ambimat_com/report_20260731_100005.json,reported missing at 10:00 crawl; many are tag/category archives,medium (as-reported),
https://ambimat.com/tag/pandemic/,meta_description_missing,low,missing,present,seo.pages_missing_description[],raw/site_monitor/site_monitor_reports/per_site/ambimat_com/report_20260731_100005.json,reported missing at 10:00 crawl; many are tag/category archives,medium (as-reported),
https://ambimat.com/tag/healthcare/,meta_description_missing,low,missing,present,seo.pages_missing_description[],raw/site_monitor/site_monitor_reports/per_site/ambimat_com/report_20260731_100005.json,reported missing at 10:00 crawl; many are tag/category archives,medium (as-reported),
https://ambimat.com/tag/coronavirus/,meta_description_missing,low,missing,present,seo.pages_missing_description[],raw/site_monitor/site_monitor_reports/per_site/ambimat_com/report_20260731_100005.json,reported missing at 10:00 crawl; many are tag/category archives,medium (as-reported),
https://ambimat.com/tag/covid19/,meta_description_missing,low,missing,present,seo.pages_missing_description[],raw/site_monitor/site_monitor_reports/per_site/ambimat_com/report_20260731_100005.json,reported missing at 10:00 crawl; many are tag/category archives,medium (as-reported),
https://ambimat.com/tag/uvcdisinfection/,meta_description_missing,low,missing,present,seo.pages_missing_description[],raw/site_monitor/site_monitor_reports/per_site/ambimat_com/report_20260731_100005.json,reported missing at 10:00 crawl; many are tag/category archives,medium (as-reported),
https://ambimat.com/tag/inventory-management-tag-or-uhf-tag/,meta_description_missing,low,missing,present,seo.pages_missing_description[],raw/site_monitor/site_monitor_reports/per_site/ambimat_com/report_20260731_100005.json,reported missing at 10:00 crawl; many are tag/category archives,medium (as-reported),
https://ambimat.com/tag/pilferage-detection-tag/,meta_description_missing,low,missing,present,seo.pages_missing_description[],raw/site_monitor/site_monitor_reports/per_site/ambimat_com/report_20260731_100005.json,reported missing at 10:00 crawl; many are tag/category archives,medium (as-reported),
https://ambimat.com/tag/apdu/,meta_description_missing,low,missing,present,seo.pages_missing_description[],raw/site_monitor/site_monitor_reports/per_site/ambimat_com/report_20260731_100005.json,reported missing at 10:00 crawl; many are tag/category archives,medium (as-reported),
https://ambimat.com/tag/ticket-solutions/,meta_description_missing,low,missing,present,seo.pages_missing_description[],raw/site_monitor/site_monitor_reports/per_site/ambimat_com/report_20260731_100005.json,reported missing at 10:00 crawl; many are tag/category archives,medium (as-reported),
https://ambimat.com/tag/java-card/,meta_description_missing,low,missing,present,seo.pages_missing_description[],raw/site_monitor/site_monitor_reports/per_site/ambimat_com/report_20260731_100005.json,reported missing at 10:00 crawl; many are tag/category archives,medium (as-reported),
https://ambimat.com/tag/firmware/,meta_description_missing,low,missing,present,seo.pages_missing_description[],raw/site_monitor/site_monitor_reports/per_site/ambimat_com/report_20260731_100005.json,reported missing at 10:00 crawl; many are tag/category archives,medium (as-reported),
https://ambimat.com/tag/automation/,meta_description_missing,low,missing,present,seo.pages_missing_description[],raw/site_monitor/site_monitor_reports/per_site/ambimat_com/report_20260731_100005.json,reported missing at 10:00 crawl; many are tag/category archives,medium (as-reported),
https://ambimat.com/tag/automotive-security/,meta_description_missing,low,missing,present,seo.pages_missing_description[],raw/site_monitor/site_monitor_reports/per_site/ambimat_com/report_20260731_100005.json,reported missing at 10:00 crawl; many are tag/category archives,medium (as-reported),
https://ambimat.com/tag/smart-devices/,meta_description_missing,low,missing,present,seo.pages_missing_description[],raw/site_monitor/site_monitor_reports/per_site/ambimat_com/report_20260731_100005.json,reported missing at 10:00 crawl; many are tag/category archives,medium (as-reported),
https://ambimat.com/tag/nbiot/,meta_description_missing,low,missing,present,seo.pages_missing_description[],raw/site_monitor/site_monitor_reports/per_site/ambimat_com/report_20260731_100005.json,reported missing at 10:00 crawl; many are tag/category archives,medium (as-reported),
https://ambimat.com/tag/lte-m/,meta_description_missing,low,missing,present,seo.pages_missing_description[],raw/site_monitor/site_monitor_reports/per_site/ambimat_com/report_20260731_100005.json,reported missing at 10:00 crawl; many are tag/category archives,medium (as-reported),
https://ambimat.com/tag/lpwan/,meta_description_missing,low,missing,present,seo.pages_missing_description[],raw/site_monitor/site_monitor_reports/per_site/ambimat_com/report_20260731_100005.json,reported missing at 10:00 crawl; many are tag/category archives,medium (as-reported),
https://ambimat.com/tag/smart/,meta_description_missing,low,missing,present,seo.pages_missing_description[],raw/site_monitor/site_monitor_reports/per_site/ambimat_com/report_20260731_100005.json,reported missing at 10:00 crawl; many are tag/category archives,medium (as-reported),
https://ambimat.com/tag/industrial-automation/,meta_description_missing,low,missing,present,seo.pages_missing_description[],raw/site_monitor/site_monitor_reports/per_site/ambimat_com/report_20260731_100005.json,reported missing at 10:00 crawl; many are tag/category archives,medium (as-reported),
https://ambimat.com/tag/electronics/,meta_description_missing,low,missing,present,seo.pages_missing_description[],raw/site_monitor/site_monitor_reports/per_site/ambimat_com/report_20260731_100005.json,reported missing at 10:00 crawl; many are tag/category archives,medium (as-reported),
https://ambimat.com/tag/fido2/,meta_description_missing,low,missing,present,seo.pages_missing_description[],raw/site_monitor/site_monitor_reports/per_site/ambimat_com/report_20260731_100005.json,reported missing at 10:00 crawl; many are tag/category archives,medium (as-reported),
https://ambimat.com/tag/multifactor-authentication/,meta_description_missing,low,missing,present,seo.pages_missing_description[],raw/site_monitor/site_monitor_reports/per_site/ambimat_com/report_20260731_100005.json,reported missing at 10:00 crawl; many are tag/category archives,medium (as-reported),
https://ambimat.com/categories/powered-card/,meta_description_missing,low,missing,present,seo.pages_missing_description[],raw/site_monitor/site_monitor_reports/per_site/ambimat_com/report_20260731_100005.json,reported missing at 10:00 crawl; many are tag/category archives,medium (as-reported),
https://ambimat.com/category/general/page/10/,meta_description_missing,low,missing,present,seo.pages_missing_description[],raw/site_monitor/site_monitor_reports/per_site/ambimat_com/report_20260731_100005.json,reported missing at 10:00 crawl; many are tag/category archives,medium (as-reported),
https://ambimat.com/category/general/page/2/,meta_description_missing,low,missing,present,seo.pages_missing_description[],raw/site_monitor/site_monitor_reports/per_site/ambimat_com/report_20260731_100005.json,reported missing at 10:00 crawl; many are tag/category archives,medium (as-reported),
https://ambimat.com/category/general/page/9/,meta_description_missing,low,missing,present,seo.pages_missing_description[],raw/site_monitor/site_monitor_reports/per_site/ambimat_com/report_20260731_100005.json,reported missing at 10:00 crawl; many are tag/category archives,medium (as-reported),
https://ambimat.com/category/general/page/3/,meta_description_missing,low,missing,present,seo.pages_missing_description[],raw/site_monitor/site_monitor_reports/per_site/ambimat_com/report_20260731_100005.json,reported missing at 10:00 crawl; many are tag/category archives,medium (as-reported),
https://ambimat.com/category/general/page/8/,meta_description_missing,low,missing,present,seo.pages_missing_description[],raw/site_monitor/site_monitor_reports/per_site/ambimat_com/report_20260731_100005.json,reported missing at 10:00 crawl; many are tag/category archives,medium (as-reported),
https://ambimat.com/category/general/page/4/,meta_description_missing,low,missing,present,seo.pages_missing_description[],raw/site_monitor/site_monitor_reports/per_site/ambimat_com/report_20260731_100005.json,reported missing at 10:00 crawl; many are tag/category archives,medium (as-reported),
https://ambimat.com/category/general/page/7/,meta_description_missing,low,missing,present,seo.pages_missing_description[],raw/site_monitor/site_monitor_reports/per_site/ambimat_com/report_20260731_100005.json,reported missing at 10:00 crawl; many are tag/category archives,medium (as-reported),
https://ambimat.com/category/general/page/5/,meta_description_missing,low,missing,present,seo.pages_missing_description[],raw/site_monitor/site_monitor_reports/per_site/ambimat_com/report_20260731_100005.json,reported missing at 10:00 crawl; many are tag/category archives,medium (as-reported),
https://ambimat.com/category/general/page/6/,meta_description_missing,low,missing,present,seo.pages_missing_description[],raw/site_monitor/site_monitor_reports/per_site/ambimat_com/report_20260731_100005.json,reported missing at 10:00 crawl; many are tag/category archives,medium (as-reported),
https://ambimat.com/category/general/,canonical_missing,medium,absent,present,seo.pages_missing_canonical[],raw/site_monitor/site_monitor_reports/per_site/ambimat_com/report_20260731_100005.json,reported absent at 10:00 crawl,medium (as-reported),
https://ambimat.com/category/general/page/10/,canonical_missing,medium,absent,present,seo.pages_missing_canonical[],raw/site_monitor/site_monitor_reports/per_site/ambimat_com/report_20260731_100005.json,reported absent at 10:00 crawl,medium (as-reported),
https://ambimat.com/category/general/page/2/,canonical_missing,medium,absent,present,seo.pages_missing_canonical[],raw/site_monitor/site_monitor_reports/per_site/ambimat_com/report_20260731_100005.json,reported absent at 10:00 crawl,medium (as-reported),
https://ambimat.com/category/general/page/9/,canonical_missing,medium,absent,present,seo.pages_missing_canonical[],raw/site_monitor/site_monitor_reports/per_site/ambimat_com/report_20260731_100005.json,reported absent at 10:00 crawl,medium (as-reported),
https://ambimat.com/category/general/page/3/,canonical_missing,medium,absent,present,seo.pages_missing_canonical[],raw/site_monitor/site_monitor_reports/per_site/ambimat_com/report_20260731_100005.json,reported absent at 10:00 crawl,medium (as-reported),
https://ambimat.com/category/general/page/8/,canonical_missing,medium,absent,present,seo.pages_missing_canonical[],raw/site_monitor/site_monitor_reports/per_site/ambimat_com/report_20260731_100005.json,reported absent at 10:00 crawl,medium (as-reported),
https://ambimat.com/category/general/page/4/,canonical_missing,medium,absent,present,seo.pages_missing_canonical[],raw/site_monitor/site_monitor_reports/per_site/ambimat_com/report_20260731_100005.json,reported absent at 10:00 crawl,medium (as-reported),
https://ambimat.com/category/general/page/7/,canonical_missing,medium,absent,present,seo.pages_missing_canonical[],raw/site_monitor/site_monitor_reports/per_site/ambimat_com/report_20260731_100005.json,reported absent at 10:00 crawl,medium (as-reported),
https://ambimat.com/category/general/page/5/,canonical_missing,medium,absent,present,seo.pages_missing_canonical[],raw/site_monitor/site_monitor_reports/per_site/ambimat_com/report_20260731_100005.json,reported absent at 10:00 crawl,medium (as-reported),
https://ambimat.com/category/general/page/6/,canonical_missing,medium,absent,present,seo.pages_missing_canonical[],raw/site_monitor/site_monitor_reports/per_site/ambimat_com/report_20260731_100005.json,reported absent at 10:00 crawl,medium (as-reported),
https://ambimat.com/category/general/,noindex,info,"noindex, follow",,seo.noindex_pages[],raw/site_monitor/site_monitor_reports/per_site/ambimat_com/report_20260731_100005.json,"reported noindex; the 11:00 SEO run reported technical.noindex=1 over a smaller page set — CONTRADICTORY, preserved",low (conflicting evidence),
https://ambimat.com/category/general/page/10/,noindex,info,"noindex, follow",,seo.noindex_pages[],raw/site_monitor/site_monitor_reports/per_site/ambimat_com/report_20260731_100005.json,"reported noindex; the 11:00 SEO run reported technical.noindex=1 over a smaller page set — CONTRADICTORY, preserved",low (conflicting evidence),
https://ambimat.com/category/general/page/2/,noindex,info,"noindex, follow",,seo.noindex_pages[],raw/site_monitor/site_monitor_reports/per_site/ambimat_com/report_20260731_100005.json,"reported noindex; the 11:00 SEO run reported technical.noindex=1 over a smaller page set — CONTRADICTORY, preserved",low (conflicting evidence),
https://ambimat.com/category/general/page/9/,noindex,info,"noindex, follow",,seo.noindex_pages[],raw/site_monitor/site_monitor_reports/per_site/ambimat_com/report_20260731_100005.json,"reported noindex; the 11:00 SEO run reported technical.noindex=1 over a smaller page set — CONTRADICTORY, preserved",low (conflicting evidence),
https://ambimat.com/category/general/page/3/,noindex,info,"noindex, follow",,seo.noindex_pages[],raw/site_monitor/site_monitor_reports/per_site/ambimat_com/report_20260731_100005.json,"reported noindex; the 11:00 SEO run reported technical.noindex=1 over a smaller page set — CONTRADICTORY, preserved",low (conflicting evidence),
https://ambimat.com/category/general/page/8/,noindex,info,"noindex, follow",,seo.noindex_pages[],raw/site_monitor/site_monitor_reports/per_site/ambimat_com/report_20260731_100005.json,"reported noindex; the 11:00 SEO run reported technical.noindex=1 over a smaller page set — CONTRADICTORY, preserved",low (conflicting evidence),
https://ambimat.com/category/general/page/4/,noindex,info,"noindex, follow",,seo.noindex_pages[],raw/site_monitor/site_monitor_reports/per_site/ambimat_com/report_20260731_100005.json,"reported noindex; the 11:00 SEO run reported technical.noindex=1 over a smaller page set — CONTRADICTORY, preserved",low (conflicting evidence),
https://ambimat.com/category/general/page/7/,noindex,info,"noindex, follow",,seo.noindex_pages[],raw/site_monitor/site_monitor_reports/per_site/ambimat_com/report_20260731_100005.json,"reported noindex; the 11:00 SEO run reported technical.noindex=1 over a smaller page set — CONTRADICTORY, preserved",low (conflicting evidence),
https://ambimat.com/category/general/page/5/,noindex,info,"noindex, follow",,seo.noindex_pages[],raw/site_monitor/site_monitor_reports/per_site/ambimat_com/report_20260731_100005.json,"reported noindex; the 11:00 SEO run reported technical.noindex=1 over a smaller page set — CONTRADICTORY, preserved",low (conflicting evidence),
https://ambimat.com/category/general/page/6/,noindex,info,"noindex, follow",,seo.noindex_pages[],raw/site_monitor/site_monitor_reports/per_site/ambimat_com/report_20260731_100005.json,"reported noindex; the 11:00 SEO run reported technical.noindex=1 over a smaller page set — CONTRADICTORY, preserved",low (conflicting evidence),
https://ambimat.com/,duplicate_title,medium,2 pages share this title,,"{""title"": ""ambimat electronics - engineering products and services"", ""urls"": [""https://ambimat.com/"", ""https://ambimat.com""]}",raw/site_monitor/site_monitor_reports/per_site/ambimat_com/report_20260731_100005.json,duplicate title group as reported,medium (as-reported),other urls: https://ambimat.com
https://ambimat.com/for-developer/blogs/,duplicate_title,medium,10 pages share this title,,"{""title"": ""blog - ambimat electronics"", ""urls"": [""https://ambimat.com/for-developer/blogs/"", ""https://ambimat.com/for-developer/blogs/page/2/"", ""https://ambimat.com/for-developer/blogs/page/10/"", ""https://ambimat.com/for-developer/blogs/page/3/"", ""https://ambimat.com/for-developer/blogs/page/9/"", ""https://ambimat.com/for-developer/blogs/page/4/"", ""https://ambimat.com/for-developer/blogs/page/8/"", ""https://ambimat.com/for-developer/blogs/page/5/"", ""https://ambimat.com/for-developer/blogs/page/7/"", ""https://ambimat.com/for-developer/blogs/page/6/""]}",raw/site_monitor/site_monitor_reports/per_site/ambimat_com/report_20260731_100005.json,duplicate title group as reported,medium (as-reported),other urls: https://ambimat.com/for-developer/blogs/page/2/ | https://ambimat.com/for-developer/blogs/page/10/ | https://ambimat.com/for-developer/blogs/page/3/ | https://ambimat.com/for-developer/blogs/page/9/ | https://ambimat.com/for-developer/blogs/page/4/ | https://ambimat.com/for-developer/blogs/page/8/ | https://ambimat.com/for-developer/blogs/page/5/ | https://ambimat.com/for-developer/blogs/page/7/ | https://ambimat.com/for-developer/blogs/page/6/
https://ambimat.com/public-transport-ticketing-system-part-1/,duplicate_title,medium,3 pages share this title,,"{""title"": ""public transport ticketing system | ambimat electronics"", ""urls"": [""https://ambimat.com/public-transport-ticketing-system-part-1/"", ""https://ambimat.com/public-transport-ticketing-system-part-3/"", ""https://ambimat.com/public-transport-ticketing-2/""]}",raw/site_monitor/site_monitor_reports/per_site/ambimat_com/report_20260731_100005.json,duplicate title group as reported,medium (as-reported),other urls: https://ambimat.com/public-transport-ticketing-system-part-3/ | https://ambimat.com/public-transport-ticketing-2/
https://ambimat.com/mindbody-mobile-credit-card-swiper-unimag-ii-ios/,duplicate_title,medium,2 pages share this title,,"{""title"": ""mindbody - mobile credit card swiper | ambimat electronics"", ""urls"": [""https://ambimat.com/mindbody-mobile-credit-card-swiper-unimag-ii-ios/"", ""https://ambimat.com/mindbody-mobile-credit-card-swiper-uniimag-ii-android/""]}",raw/site_monitor/site_monitor_reports/per_site/ambimat_com/report_20260731_100005.json,duplicate title group as reported,medium (as-reported),other urls: https://ambimat.com/mindbody-mobile-credit-card-swiper-uniimag-ii-android/
https://ambimat.com/choosing-the-right-surface-finish-for-your-pcb-project-based-on-application/,duplicate_title,medium,4 pages share this title,,"{""title"": ""choosing the right surface finish for | ambimat electronics"", ""urls"": [""https://ambimat.com/choosing-the-right-surface-finish-for-your-pcb-project-based-on-application/"", ""https://ambimat.com/choosing-the-right-surface-finish-for-your-pcb-project-based-on-performance-needs/"", ""https://ambimat.com/choosing-the-right-surface-finish-for-your-pcb-project-based-on-cost-and-availability/"", ""https://ambimat.com/choosing-the-right-surface-finish-for-your-pcb-project-our-offerings/""]}",raw/site_monitor/site_monitor_reports/per_site/ambimat_com/report_20260731_100005.json,duplicate title group as reported,medium (as-reported),other urls: https://ambimat.com/choosing-the-right-surface-finish-for-your-pcb-project-based-on-performance-needs/ | https://ambimat.com/choosing-the-right-surface-finish-for-your-pcb-project-based-on-cost-and-availability/ | https://ambimat.com/choosing-the-right-surface-finish-for-your-pcb-project-our-offerings/
https://ambimat.com/what-is-lpwan-and-types-of-lpwan-network/,duplicate_title,medium,2 pages share this title,,"{""title"": ""what is lpwan and types of lpwan | ambimat electronics"", ""urls"": [""https://ambimat.com/what-is-lpwan-and-types-of-lpwan-network/"", ""https://ambimat.com/what-is-lpwan-and-types-of-lpwan-network""]}",raw/site_monitor/site_monitor_reports/per_site/ambimat_com/report_20260731_100005.json,duplicate title group as reported,medium (as-reported),other urls: https://ambimat.com/what-is-lpwan-and-types-of-lpwan-network
https://ambimat.com/contact/,duplicate_title,medium,2 pages share this title,,"{""title"": ""contact - ambimat electronics"", ""urls"": [""https://ambimat.com/contact/"", ""http://ambimat.com/contact/""]}",raw/site_monitor/site_monitor_reports/per_site/ambimat_com/report_20260731_100005.json,duplicate title group as reported,medium (as-reported),other urls: http://ambimat.com/contact/
https://ambimat.com/design/ambi-iot/sound/,duplicate_title,medium,2 pages share this title,,"{""title"": ""sound | ambimat electronics"", ""urls"": [""https://ambimat.com/design/ambi-iot/sound/"", ""https://ambimat.com/design/design-by-technology/sound/""]}",raw/site_monitor/site_monitor_reports/per_site/ambimat_com/report_20260731_100005.json,duplicate title group as reported,medium (as-reported),other urls: https://ambimat.com/design/design-by-technology/sound/
https://ambimat.com/about/,duplicate_title,medium,2 pages share this title,,"{""title"": ""company overview - ambimat electronics"", ""urls"": [""https://ambimat.com/about/"", ""https://ambimat.com/about/company-overview/""]}",raw/site_monitor/site_monitor_reports/per_site/ambimat_com/report_20260731_100005.json,duplicate title group as reported,medium (as-reported),other urls: https://ambimat.com/about/company-overview/
https://ambimat.com/design/ambi-iot/smart-watches/,duplicate_title,medium,2 pages share this title,,"{""title"": ""smart watches | ambimat electronics"", ""urls"": [""https://ambimat.com/design/ambi-iot/smart-watches/"", ""https://ambimat.com/design/ambi-iot/smart-watches""]}",raw/site_monitor/site_monitor_reports/per_site/ambimat_com/report_20260731_100005.json,duplicate title group as reported,medium (as-reported),other urls: https://ambimat.com/design/ambi-iot/smart-watches
https://ambimat.com/design/ambi-iot/pubs-and-brewery/,duplicate_title,medium,2 pages share this title,,"{""title"": ""pubs and brewery | ambimat electronics"", ""urls"": [""https://ambimat.com/design/ambi-iot/pubs-and-brewery/"", ""https://ambimat.com/design/ambi-iot/pubs-and-brewery""]}",raw/site_monitor/site_monitor_reports/per_site/ambimat_com/report_20260731_100005.json,duplicate title group as reported,medium (as-reported),other urls: https://ambimat.com/design/ambi-iot/pubs-and-brewery
https://ambimat.com/design/ambi-iot/medicals/,duplicate_title,medium,2 pages share this title,,"{""title"": ""medicals | ambimat electronics"", ""urls"": [""https://ambimat.com/design/ambi-iot/medicals/"", ""https://ambimat.com/design/ambi-iot/ambiiot-medicals/""]}",raw/site_monitor/site_monitor_reports/per_site/ambimat_com/report_20260731_100005.json,duplicate title group as reported,medium (as-reported),other urls: https://ambimat.com/design/ambi-iot/ambiiot-medicals/
https://ambimat.com/design/ambi-iot/retail/,duplicate_title,medium,2 pages share this title,,"{""title"": ""retail | ambimat electronics"", ""urls"": [""https://ambimat.com/design/ambi-iot/retail/"", ""https://ambimat.com/design/ambi-iot/digital-receipt-printer/""]}",raw/site_monitor/site_monitor_reports/per_site/ambimat_com/report_20260731_100005.json,duplicate title group as reported,medium (as-reported),other urls: https://ambimat.com/design/ambi-iot/digital-receipt-printer/
https://ambimat.com/category/general/,duplicate_title,medium,2 pages share this title,,"{""title"": ""general archives | ambimat electronics"", ""urls"": [""https://ambimat.com/category/general/"", ""https://ambimat.com/tag/general/""]}",raw/site_monitor/site_monitor_reports/per_site/ambimat_com/report_20260731_100005.json,duplicate title group as reported,medium (as-reported),other urls: https://ambimat.com/tag/general/
https://ambimat.com/categories/ambi-pay/,duplicate_title,medium,2 pages share this title,,"{""title"": ""ambipay automatic fare collection module | ambimat electronics"", ""urls"": [""https://ambimat.com/categories/ambi-pay/"", ""https://ambimat.com/categories/ambi-pay""]}",raw/site_monitor/site_monitor_reports/per_site/ambimat_com/report_20260731_100005.json,duplicate title group as reported,medium (as-reported),other urls: https://ambimat.com/categories/ambi-pay
https://ambimat.com/tag/smart-city/,duplicate_title,medium,2 pages share this title,,"{""title"": ""smart city archives | ambimat electronics"", ""urls"": [""https://ambimat.com/tag/smart-city/"", ""https://ambimat.com/categories/smart-city/""]}",raw/site_monitor/site_monitor_reports/per_site/ambimat_com/report_20260731_100005.json,duplicate title group as reported,medium (as-reported),other urls: https://ambimat.com/categories/smart-city/
https://ambimat.com/tag/smart-label/,duplicate_title,medium,2 pages share this title,,"{""title"": ""smart label archives | ambimat electronics"", ""urls"": [""https://ambimat.com/tag/smart-label/"", ""https://ambimat.com/categories/smart-label/""]}",raw/site_monitor/site_monitor_reports/per_site/ambimat_com/report_20260731_100005.json,duplicate title group as reported,medium (as-reported),other urls: https://ambimat.com/categories/smart-label/
https://ambimat.com/,duplicate_description,low,2 pages share this description,,"{""description"": ""ambimat electronics offers engineering services to the leading psus as well as private sector companies and startups in "", ""urls"": [""https://ambimat.com/"", ""https://ambimat.com""]}",raw/site_monitor/site_monitor_reports/per_site/ambimat_com/report_20260731_100005.json,duplicate description group as reported,medium (as-reported),other urls: https://ambimat.com
https://ambimat.com/for-developer/blogs/,duplicate_description,low,10 pages share this description,,"{""description"": ""our blog is an attempt to help budding entrepreneurs of today understand how to build a hardware product. we invite our "", ""urls"": [""https://ambimat.com/for-developer/blogs/"", ""https://ambimat.com/for-developer/blogs/page/2/"", ""https://ambimat.com/for-developer/blogs/page/10/"", ""https://ambimat.com/for-developer/blogs/page/3/"", ""https://ambimat.com/for-developer/blogs/page/9/"", ""https://ambimat.com/for-developer/blogs/page/4/"", ""https://ambimat.com/for-developer/blogs/page/8/"", ""https://ambimat.com/for-developer/blogs/page/5/"", ""https://ambimat.com/for-developer/blogs/page/7/"", ""https://ambimat.com/for-developer/blogs/page/6/""]}",raw/site_monitor/site_monitor_reports/per_site/ambimat_com/report_20260731_100005.json,duplicate description group as reported,medium (as-reported),other urls: https://ambimat.com/for-developer/blogs/page/2/ | https://ambimat.com/for-developer/blogs/page/10/ | https://ambimat.com/for-developer/blogs/page/3/ | https://ambimat.com/for-developer/blogs/page/9/ | https://ambimat.com/for-developer/blogs/page/4/ | https://ambimat.com/for-developer/blogs/page/8/ | https://ambimat.com/for-developer/blogs/page/5/ | https://ambimat.com/for-developer/blogs/page/7/ | https://ambimat.com/for-developer/blogs/page/6/
https://ambimat.com/public-transport-ticketing-system-part-1/,duplicate_description,low,3 pages share this description,,"{""description"": ""the fare collection system of nations spread across all the continents where fare collection systems are robust, diverse"", ""urls"": [""https://ambimat.com/public-transport-ticketing-system-part-1/"", ""https://ambimat.com/public-transport-ticketing-system-part-3/"", ""https://ambimat.com/public-transport-ticketing-2/""]}",raw/site_monitor/site_monitor_reports/per_site/ambimat_com/report_20260731_100005.json,duplicate description group as reported,medium (as-reported),other urls: https://ambimat.com/public-transport-ticketing-system-part-3/ | https://ambimat.com/public-transport-ticketing-2/
https://ambimat.com/steps-to-go-passwordless/,duplicate_description,low,2 pages share this description,,"{""description"": ""this week’s blog is about how organizations are being forced to move away from passwords. as our digital footprints grow"", ""urls"": [""https://ambimat.com/steps-to-go-passwordless/"", ""https://ambimat.com/steps-to-keep-organizational-credential-safe/""]}",raw/site_monitor/site_monitor_reports/per_site/ambimat_com/report_20260731_100005.json,duplicate description group as reported,medium (as-reported),other urls: https://ambimat.com/steps-to-keep-organizational-credential-safe/
https://ambimat.com/cellular-network-based-wide-area-networks/,duplicate_description,low,3 pages share this description,,"{""description"": ""wan simply stands for a wide area network that encompasses a wide area such as, a city, a state, a county, a country are"", ""urls"": [""https://ambimat.com/cellular-network-based-wide-area-networks/"", ""https://ambimat.com/what-is-lpwan-and-types-of-lpwan-network/"", ""https://ambimat.com/what-is-lpwan-and-types-of-lpwan-network""]}",raw/site_monitor/site_monitor_reports/per_site/ambimat_com/report_20260731_100005.json,duplicate description group as reported,medium (as-reported),other urls: https://ambimat.com/what-is-lpwan-and-types-of-lpwan-network/ | https://ambimat.com/what-is-lpwan-and-types-of-lpwan-network
https://ambimat.com/contact/,duplicate_description,low,2 pages share this description,,"{""description"": ""please get in touch with ambimat electronics for your engineering services needs. services we provide includes design, d"", ""urls"": [""https://ambimat.com/contact/"", ""http://ambimat.com/contact/""]}",raw/site_monitor/site_monitor_reports/per_site/ambimat_com/report_20260731_100005.json,duplicate description group as reported,medium (as-reported),other urls: http://ambimat.com/contact/
https://ambimat.com/design/ambi-iot/sound/,duplicate_description,low,2 pages share this description,,"{""description"": ""ambiiot sound-based payments: encrypted data-over-sound enabling secure offline transactions on any phone or pos, with n"", ""urls"": [""https://ambimat.com/design/ambi-iot/sound/"", ""https://ambimat.com/design/design-by-technology/sound/""]}",raw/site_monitor/site_monitor_reports/per_site/ambimat_com/report_20260731_100005.json,duplicate description group as reported,medium (as-reported),other urls: https://ambimat.com/design/design-by-technology/sound/
https://ambimat.com/about/,duplicate_description,low,2 pages share this description,,"{""description"": ""ambimat electronics, since its inception in the year 1982, has been at the forefront of offering engineering services to"", ""urls"": [""https://ambimat.com/about/"", ""https://ambimat.com/about/company-overview/""]}",raw/site_monitor/site_monitor_reports/per_site/ambimat_com/report_20260731_100005.json,duplicate description group as reported,medium (as-reported),other urls: https://ambimat.com/about/company-overview/
https://ambimat.com/design/ambi-iot/smart-watches/,duplicate_description,low,2 pages share this description,,"{""description"": ""ambimat design services for smart watches — hardware, firmware, testing, and manufacturing support."", ""urls"": [""https://ambimat.com/design/ambi-iot/smart-watches/"", ""https://ambimat.com/design/ambi-iot/smart-watches""]}",raw/site_monitor/site_monitor_reports/per_site/ambimat_com/report_20260731_100005.json,duplicate description group as reported,medium (as-reported),other urls: https://ambimat.com/design/ambi-iot/smart-watches
https://ambimat.com/design/ambi-iot/pubs-and-brewery/,duplicate_description,low,2 pages share this description,,"{""description"": ""iot and electronics design for pubs and brewery operations — sensing, control, and custom hardware."", ""urls"": [""https://ambimat.com/design/ambi-iot/pubs-and-brewery/"", ""https://ambimat.com/design/ambi-iot/pubs-and-brewery""]}",raw/site_monitor/site_monitor_reports/per_site/ambimat_com/report_20260731_100005.json,duplicate description group as reported,medium (as-reported),other urls: https://ambimat.com/design/ambi-iot/pubs-and-brewery
https://ambimat.com/design/ambi-iot/medicals/,duplicate_description,low,2 pages share this description,,"{""description"": ""ambiiot designed the hardware for a multi-therapeutic wound healing device for an indian start-up. the device passed thr"", ""urls"": [""https://ambimat.com/design/ambi-iot/medicals/"", ""https://ambimat.com/design/ambi-iot/ambiiot-medicals/""]}",raw/site_monitor/site_monitor_reports/per_site/ambimat_com/report_20260731_100005.json,duplicate description group as reported,medium (as-reported),other urls: https://ambimat.com/design/ambi-iot/ambiiot-medicals/
https://ambimat.com/design/ambi-iot/retail/,duplicate_description,low,2 pages share this description,,"{""description"": ""a device to help remove the need to print paper receipts for users and is convenient and straightforward to operate, qui"", ""urls"": [""https://ambimat.com/design/ambi-iot/retail/"", ""https://ambimat.com/design/ambi-iot/digital-receipt-printer/""]}",raw/site_monitor/site_monitor_reports/per_site/ambimat_com/report_20260731_100005.json,duplicate description group as reported,medium (as-reported),other urls: https://ambimat.com/design/ambi-iot/digital-receipt-printer/
https://ambimat.com/categories/ambi-pay/,duplicate_description,low,2 pages share this description,,"{""description"": ""ambipay is an automatic fare collection module which offers a one-stop integrated system for managing tickets as contact"", ""urls"": [""https://ambimat.com/categories/ambi-pay/"", ""https://ambimat.com/categories/ambi-pay""]}",raw/site_monitor/site_monitor_reports/per_site/ambimat_com/report_20260731_100005.json,duplicate description group as reported,medium (as-reported),other urls: https://ambimat.com/categories/ambi-pay
https://ambimat.com/,site_monitor_warning/security-headers,medium,"missing recommended security headers: content-security-policy, x-frame-options, x-content-type-options",,"{""type"": ""security-headers"", ""detail"": ""missing recommended security headers: content-security-policy, x-frame-options, x-content-type-options"", ""url"": ""https://ambimat.com/""}",raw/site_monitor/site_monitor_reports/per_site/ambimat_com/report_20260731_100005.json,ADVISORY warning from a public crawl — explicitly not confirmed compromise (see report 'limitation' field),"low (advisory, needs manual verification)",
https://ambimat.com/,site_monitor_warning/external-iframe,low,iframe from external domain: https://www.google.com/recaptcha/api/fallback?k=6LecZFgqAAAAAIuCvCsUyZIiR9UoUfoN26DyzAao,,"{""type"": ""external-iframe"", ""detail"": ""iframe from external domain: https://www.google.com/recaptcha/api/fallback?k=6LecZFgqAAAAAIuCvCsUyZIiR9UoUfoN26DyzAao"", ""url"": ""https://ambimat.com/""}",raw/site_monitor/site_monitor_reports/per_site/ambimat_com/report_20260731_100005.json,ADVISORY warning from a public crawl — explicitly not confirmed compromise (see report 'limitation' field),"low (advisory, needs manual verification)",
https://ambimat.com/cyber-attacks-in-india/,site_monitor_warning/defacement-marker-in-content,high,"defacement-style phrase 'hacked by' in page text — likely editorial (title looks normal, 1225 words); verify manually",,"{""type"": ""defacement-marker-in-content"", ""detail"": ""defacement-style phrase 'hacked by' in page text — likely editorial (title looks normal, 1225 words); verify manually"", ""url"": ""https://ambimat.com/cyber-attacks-in-india/""}",raw/site_monitor/site_monitor_reports/per_site/ambimat_com/report_20260731_100005.json,ADVISORY warning from a public crawl — explicitly not confirmed compromise (see report 'limitation' field),"low (advisory, needs manual verification)",
https://ambimat.com/cold-chain-logistics-effective-vaccine-management/,site_monitor_warning/suspicious-external-link,medium,link to suspicious external domain: https://pharmaceuticalcommerce.com/clinical-operations/the-2018-market-for-pharma-cold-chain-logistics-is-15-billion/,,"{""type"": ""suspicious-external-link"", ""detail"": ""link to suspicious external domain: https://pharmaceuticalcommerce.com/clinical-operations/the-2018-market-for-pharma-cold-chain-logistics-is-15-billion/"", ""url"": ""https://ambimat.com/cold-chain-logistics-effective-vaccine-management/""}",raw/site_monitor/site_monitor_reports/per_site/ambimat_com/report_20260731_100005.json,ADVISORY warning from a public crawl — explicitly not confirmed compromise (see report 'limitation' field),"low (advisory, needs manual verification)",
https://ambimat.com/is-there-a-secure-way-to-distribute-passwords-in-an-organisation/,site_monitor_warning/defacement-marker-in-content,high,"defacement-style phrase 'hacked by' in page text — likely editorial (title looks normal, 753 words); verify manually",,"{""type"": ""defacement-marker-in-content"", ""detail"": ""defacement-style phrase 'hacked by' in page text — likely editorial (title looks normal, 753 words); verify manually"", ""url"": ""https://ambimat.com/is-there-a-secure-way-to-distribute-passwords-in-an-organisation/""}",raw/site_monitor/site_monitor_reports/per_site/ambimat_com/report_20260731_100005.json,ADVISORY warning from a public crawl — explicitly not confirmed compromise (see report 'limitation' field),"low (advisory, needs manual verification)",
https://ambimat.com/defending-the-healthcare-industry-from-cyber-threats/,site_monitor_warning/external-iframe,low,iframe from external domain: https://swivelsecure.com/solutions/healthcare/healthcare-is-the-biggest-target-for-cyberattacks/embed/#?secret=KA9GWBDhmn#?secret=8M5alwJY5U,,"{""type"": ""external-iframe"", ""detail"": ""iframe from external domain: https://swivelsecure.com/solutions/healthcare/healthcare-is-the-biggest-target-for-cyberattacks/embed/#?secret=KA9GWBDhmn#?secret=8M5alwJY5U"", ""url"": ""https://ambimat.com/defending-the-healthcare-industry-from-cyber-threats/""}",raw/site_monitor/site_monitor_reports/per_site/ambimat_com/report_20260731_100005.json,ADVISORY warning from a public crawl — explicitly not confirmed compromise (see report 'limitation' field),"low (advisory, needs manual verification)",
https://ambimat.com/whats-the-difference-between-a-hico-loco-magstripe-card/,site_monitor_warning/external-iframe,low,iframe from external domain: https://www.idwholesaler.com/learning-center/magstripe-card-coercivity/embed/#?secret=amBYgXx9Vm,,"{""type"": ""external-iframe"", ""detail"": ""iframe from external domain: https://www.idwholesaler.com/learning-center/magstripe-card-coercivity/embed/#?secret=amBYgXx9Vm"", ""url"": ""https://ambimat.com/whats-the-difference-between-a-hico-loco-magstripe-card/""}",raw/site_monitor/site_monitor_reports/per_site/ambimat_com/report_20260731_100005.json,ADVISORY warning from a public crawl — explicitly not confirmed compromise (see report 'limitation' field),"low (advisory, needs manual verification)",
https://ambimat.com/triple-des-or-3des/,site_monitor_warning/external-iframe,low,iframe from external domain: https://www.encryptionconsulting.com/why-3des-or-triple-des-is-officially-being-retired/embed/#?secret=0CihegV3do#?secret=cSedt4rVzt,,"{""type"": ""external-iframe"", ""detail"": ""iframe from external domain: https://www.encryptionconsulting.com/why-3des-or-triple-des-is-officially-being-retired/embed/#?secret=0CihegV3do#?secret=cSedt4rVzt"", ""url"": ""https://ambimat.com/triple-des-or-3des/""}",raw/site_monitor/site_monitor_reports/per_site/ambimat_com/report_20260731_100005.json,ADVISORY warning from a public crawl — explicitly not confirmed compromise (see report 'limitation' field),"low (advisory, needs manual verification)",
https://ambimat.com/pci-ssc-data-security-standards-overview/,site_monitor_warning/external-iframe,low,iframe from external domain: https://www.pcisecuritystandards.org/standards/embed/#?secret=0qlS7fobDs#?secret=8Fk8fZAbGv,,"{""type"": ""external-iframe"", ""detail"": ""iframe from external domain: https://www.pcisecuritystandards.org/standards/embed/#?secret=0qlS7fobDs#?secret=8Fk8fZAbGv"", ""url"": ""https://ambimat.com/pci-ssc-data-security-standards-overview/""}",raw/site_monitor/site_monitor_reports/per_site/ambimat_com/report_20260731_100005.json,ADVISORY warning from a public crawl — explicitly not confirmed compromise (see report 'limitation' field),"low (advisory, needs manual verification)",
https://ambimat.com/official-pci-security-standards-council-document-libary/,site_monitor_warning/external-iframe,low,iframe from external domain: https://www.pcisecuritystandards.org/document_library/embed/#?secret=oWlp93KutP#?secret=rVGduFBX6v,,"{""type"": ""external-iframe"", ""detail"": ""iframe from external domain: https://www.pcisecuritystandards.org/document_library/embed/#?secret=oWlp93KutP#?secret=rVGduFBX6v"", ""url"": ""https://ambimat.com/official-pci-security-standards-council-document-libary/""}",raw/site_monitor/site_monitor_reports/per_site/ambimat_com/report_20260731_100005.json,ADVISORY warning from a public crawl — explicitly not confirmed compromise (see report 'limitation' field),"low (advisory, needs manual verification)",
https://ambimat.com/emv-certification-in-a-nutshell/,site_monitor_warning/external-iframe,low,iframe from external domain: https://paylosophy.com/emv-certification-nutshell/embed/#?secret=mTHSnBVZGg#?secret=PTDuAj3O5Y,,"{""type"": ""external-iframe"", ""detail"": ""iframe from external domain: https://paylosophy.com/emv-certification-nutshell/embed/#?secret=mTHSnBVZGg#?secret=PTDuAj3O5Y"", ""url"": ""https://ambimat.com/emv-certification-in-a-nutshell/""}",raw/site_monitor/site_monitor_reports/per_site/ambimat_com/report_20260731_100005.json,ADVISORY warning from a public crawl — explicitly not confirmed compromise (see report 'limitation' field),"low (advisory, needs manual verification)",
https://ambimat.com/emv-ca-cryptomathic/,site_monitor_warning/suspicious-external-link,medium,link to suspicious external domain: https://www.cryptomathic.com/hubfs/docs/cryptomathic_white_paper-emv_key_management.pdf,,"{""type"": ""suspicious-external-link"", ""detail"": ""link to suspicious external domain: https://www.cryptomathic.com/hubfs/docs/cryptomathic_white_paper-emv_key_management.pdf"", ""url"": ""https://ambimat.com/emv-ca-cryptomathic/""}",raw/site_monitor/site_monitor_reports/per_site/ambimat_com/report_20260731_100005.json,ADVISORY warning from a public crawl — explicitly not confirmed compromise (see report 'limitation' field),"low (advisory, needs manual verification)",
https://ambimat.com/emv-connection-a-smart-card-alliance-site/,site_monitor_warning/external-iframe,low,iframe from external domain: https://www.emv-connection.com/embed/#?secret=U1YvMYlgE4,,"{""type"": ""external-iframe"", ""detail"": ""iframe from external domain: https://www.emv-connection.com/embed/#?secret=U1YvMYlgE4"", ""url"": ""https://ambimat.com/emv-connection-a-smart-card-alliance-site/""}",raw/site_monitor/site_monitor_reports/per_site/ambimat_com/report_20260731_100005.json,ADVISORY warning from a public crawl — explicitly not confirmed compromise (see report 'limitation' field),"low (advisory, needs manual verification)",
https://ambimat.com/data-layout-on-magnetic-stripe-cards/,site_monitor_warning/external-iframe,low,iframe from external domain: https://www.tech-faq.com/layout-of-data-on-magnetic-stripe-cards.html/embed#?secret=AnrAmQv5gB#?secret=9pANEpKWsl,,"{""type"": ""external-iframe"", ""detail"": ""iframe from external domain: https://www.tech-faq.com/layout-of-data-on-magnetic-stripe-cards.html/embed#?secret=AnrAmQv5gB#?secret=9pANEpKWsl"", ""url"": ""https://ambimat.com/data-layout-on-magnetic-stripe-cards/""}",raw/site_monitor/site_monitor_reports/per_site/ambimat_com/report_20260731_100005.json,ADVISORY warning from a public crawl — explicitly not confirmed compromise (see report 'limitation' field),"low (advisory, needs manual verification)",
https://ambimat.com/complete-list-of-application-identifiers-aid/,site_monitor_warning/japanese-spam,high,possible Japanese-SEO-spam terms: betting,,"{""type"": ""japanese-spam"", ""detail"": ""possible Japanese-SEO-spam terms: betting"", ""url"": ""https://ambimat.com/complete-list-of-application-identifiers-aid/""}",raw/site_monitor/site_monitor_reports/per_site/ambimat_com/report_20260731_100005.json,ADVISORY warning from a public crawl — explicitly not confirmed compromise (see report 'limitation' field),"low (advisory, needs manual verification)",
https://ambimat.com/how-to-parse-tlvs-in-javascript/,site_monitor_warning/external-iframe,low,iframe from external domain: https://idtechproducts.com/technical-post/how-to-parse-tlvs-in-javascript/embed/#?secret=Ndv5h7fXSu#?secret=lIDRSS2HRy,,"{""type"": ""external-iframe"", ""detail"": ""iframe from external domain: https://idtechproducts.com/technical-post/how-to-parse-tlvs-in-javascript/embed/#?secret=Ndv5h7fXSu#?secret=lIDRSS2HRy"", ""url"": ""https://ambimat.com/how-to-parse-tlvs-in-javascript/""}",raw/site_monitor/site_monitor_reports/per_site/ambimat_com/report_20260731_100005.json,ADVISORY warning from a public crawl — explicitly not confirmed compromise (see report 'limitation' field),"low (advisory, needs manual verification)",
https://ambimat.com/an-introduction-to-mifarea-cards-a-beginners-guide-from-digital-id/,site_monitor_warning/external-iframe,low,iframe from external domain: https://www.digitalid.co.uk/blog/introduction-mifare-cards/embed#?secret=0tHzUDiDDt#?secret=yctjZg9ApM,,"{""type"": ""external-iframe"", ""detail"": ""iframe from external domain: https://www.digitalid.co.uk/blog/introduction-mifare-cards/embed#?secret=0tHzUDiDDt#?secret=yctjZg9ApM"", ""url"": ""https://ambimat.com/an-introduction-to-mifarea-cards-a-beginners-guide-from-digital-id/""}",raw/site_monitor/site_monitor_reports/per_site/ambimat_com/report_20260731_100005.json,ADVISORY warning from a public crawl — explicitly not confirmed compromise (see report 'limitation' field),"low (advisory, needs manual verification)",
https://ambimat.com/contact/,site_monitor_warning/external-iframe,low,iframe from external domain: https://www.google.com/recaptcha/api/fallback?k=6LecZFgqAAAAAIuCvCsUyZIiR9UoUfoN26DyzAao,,"{""type"": ""external-iframe"", ""detail"": ""iframe from external domain: https://www.google.com/recaptcha/api/fallback?k=6LecZFgqAAAAAIuCvCsUyZIiR9UoUfoN26DyzAao"", ""url"": ""https://ambimat.com/contact/""}",raw/site_monitor/site_monitor_reports/per_site/ambimat_com/report_20260731_100005.json,ADVISORY warning from a public crawl — explicitly not confirmed compromise (see report 'limitation' field),"low (advisory, needs manual verification)",
https://ambimat.com/contact/,site_monitor_warning/external-iframe,low,iframe from external domain: https://www.google.com/recaptcha/api/fallback?k=6LecZFgqAAAAAIuCvCsUyZIiR9UoUfoN26DyzAao,,"{""type"": ""external-iframe"", ""detail"": ""iframe from external domain: https://www.google.com/recaptcha/api/fallback?k=6LecZFgqAAAAAIuCvCsUyZIiR9UoUfoN26DyzAao"", ""url"": ""https://ambimat.com/contact/""}",raw/site_monitor/site_monitor_reports/per_site/ambimat_com/report_20260731_100005.json,ADVISORY warning from a public crawl — explicitly not confirmed compromise (see report 'limitation' field),"low (advisory, needs manual verification)",
https://ambimat.com/contact/,site_monitor_warning/external-iframe,low,iframe from external domain: https://www.google.com/recaptcha/api/fallback?k=6LecZFgqAAAAAIuCvCsUyZIiR9UoUfoN26DyzAao,,"{""type"": ""external-iframe"", ""detail"": ""iframe from external domain: https://www.google.com/recaptcha/api/fallback?k=6LecZFgqAAAAAIuCvCsUyZIiR9UoUfoN26DyzAao"", ""url"": ""https://ambimat.com/contact/""}",raw/site_monitor/site_monitor_reports/per_site/ambimat_com/report_20260731_100005.json,ADVISORY warning from a public crawl — explicitly not confirmed compromise (see report 'limitation' field),"low (advisory, needs manual verification)",
https://ambimat.com/contact/,site_monitor_warning/external-iframe,low,iframe from external domain: https://www.google.com/recaptcha/api/fallback?k=6LecZFgqAAAAAIuCvCsUyZIiR9UoUfoN26DyzAao,,"{""type"": ""external-iframe"", ""detail"": ""iframe from external domain: https://www.google.com/recaptcha/api/fallback?k=6LecZFgqAAAAAIuCvCsUyZIiR9UoUfoN26DyzAao"", ""url"": ""https://ambimat.com/contact/""}",raw/site_monitor/site_monitor_reports/per_site/ambimat_com/report_20260731_100005.json,ADVISORY warning from a public crawl — explicitly not confirmed compromise (see report 'limitation' field),"low (advisory, needs manual verification)",
https://ambimat.com/contact/,site_monitor_warning/external-iframe,low,iframe from external domain: https://maps.google.com/maps?q=Ambimat%20Electronics&t=&z=13&ie=UTF8&iwloc=&output=embed,,"{""type"": ""external-iframe"", ""detail"": ""iframe from external domain: https://maps.google.com/maps?q=Ambimat%20Electronics&t=&z=13&ie=UTF8&iwloc=&output=embed"", ""url"": ""https://ambimat.com/contact/""}",raw/site_monitor/site_monitor_reports/per_site/ambimat_com/report_20260731_100005.json,ADVISORY warning from a public crawl — explicitly not confirmed compromise (see report 'limitation' field),"low (advisory, needs manual verification)",
https://ambimat.com/developer-resources/list-of-application-identifiers-aid/,site_monitor_warning/japanese-spam,high,possible Japanese-SEO-spam terms: betting,,"{""type"": ""japanese-spam"", ""detail"": ""possible Japanese-SEO-spam terms: betting"", ""url"": ""https://ambimat.com/developer-resources/list-of-application-identifiers-aid/""}",raw/site_monitor/site_monitor_reports/per_site/ambimat_com/report_20260731_100005.json,ADVISORY warning from a public crawl — explicitly not confirmed compromise (see report 'limitation' field),"low (advisory, needs manual verification)",
https://ambimat.com/careers/,site_monitor_warning/external-iframe,low,iframe from external domain: https://www.google.com/recaptcha/api/fallback?k=6LecZFgqAAAAAIuCvCsUyZIiR9UoUfoN26DyzAao,,"{""type"": ""external-iframe"", ""detail"": ""iframe from external domain: https://www.google.com/recaptcha/api/fallback?k=6LecZFgqAAAAAIuCvCsUyZIiR9UoUfoN26DyzAao"", ""url"": ""https://ambimat.com/careers/""}",raw/site_monitor/site_monitor_reports/per_site/ambimat_com/report_20260731_100005.json,ADVISORY warning from a public crawl — explicitly not confirmed compromise (see report 'limitation' field),"low (advisory, needs manual verification)",
https://ambimat.com/section-5-basic-organizations/,site_monitor_warning/seo-spam,high,potential SEO-spam terms: xxx,,"{""type"": ""seo-spam"", ""detail"": ""potential SEO-spam terms: xxx"", ""url"": ""https://ambimat.com/section-5-basic-organizations/""}",raw/site_monitor/site_monitor_reports/per_site/ambimat_com/report_20260731_100005.json,ADVISORY warning from a public crawl — explicitly not confirmed compromise (see report 'limitation' field),"low (advisory, needs manual verification)",
https://ambimat.com,site_monitor_warning/external-iframe,low,iframe from external domain: https://www.google.com/recaptcha/api/fallback?k=6LecZFgqAAAAAIuCvCsUyZIiR9UoUfoN26DyzAao,,"{""type"": ""external-iframe"", ""detail"": ""iframe from external domain: https://www.google.com/recaptcha/api/fallback?k=6LecZFgqAAAAAIuCvCsUyZIiR9UoUfoN26DyzAao"", ""url"": ""https://ambimat.com""}",raw/site_monitor/site_monitor_reports/per_site/ambimat_com/report_20260731_100005.json,ADVISORY warning from a public crawl — explicitly not confirmed compromise (see report 'limitation' field),"low (advisory, needs manual verification)",
https://ambimat.com/design/design-services/java-card-applet/,site_monitor_warning/offsite-redirect,medium,page redirected off-host to https://ambisecure.ambimat.com/services/javacard-development/; its links resolve against that host,,"{""type"": ""offsite-redirect"", ""detail"": ""page redirected off-host to https://ambisecure.ambimat.com/services/javacard-development/; its links resolve against that host"", ""url"": ""https://ambimat.com/design/design-services/java-card-applet/""}",raw/site_monitor/site_monitor_reports/per_site/ambimat_com/report_20260731_100005.json,ADVISORY warning from a public crawl — explicitly not confirmed compromise (see report 'limitation' field),"low (advisory, needs manual verification)",
http://ambimat.com/contact/,site_monitor_warning/external-iframe,low,iframe from external domain: https://www.google.com/recaptcha/api/fallback?k=6LecZFgqAAAAAIuCvCsUyZIiR9UoUfoN26DyzAao,,"{""type"": ""external-iframe"", ""detail"": ""iframe from external domain: https://www.google.com/recaptcha/api/fallback?k=6LecZFgqAAAAAIuCvCsUyZIiR9UoUfoN26DyzAao"", ""url"": ""http://ambimat.com/contact/""}",raw/site_monitor/site_monitor_reports/per_site/ambimat_com/report_20260731_100005.json,ADVISORY warning from a public crawl — explicitly not confirmed compromise (see report 'limitation' field),"low (advisory, needs manual verification)",
http://ambimat.com/contact/,site_monitor_warning/external-iframe,low,iframe from external domain: https://www.google.com/recaptcha/api/fallback?k=6LecZFgqAAAAAIuCvCsUyZIiR9UoUfoN26DyzAao,,"{""type"": ""external-iframe"", ""detail"": ""iframe from external domain: https://www.google.com/recaptcha/api/fallback?k=6LecZFgqAAAAAIuCvCsUyZIiR9UoUfoN26DyzAao"", ""url"": ""http://ambimat.com/contact/""}",raw/site_monitor/site_monitor_reports/per_site/ambimat_com/report_20260731_100005.json,ADVISORY warning from a public crawl — explicitly not confirmed compromise (see report 'limitation' field),"low (advisory, needs manual verification)",
http://ambimat.com/contact/,site_monitor_warning/external-iframe,low,iframe from external domain: https://www.google.com/recaptcha/api/fallback?k=6LecZFgqAAAAAIuCvCsUyZIiR9UoUfoN26DyzAao,,"{""type"": ""external-iframe"", ""detail"": ""iframe from external domain: https://www.google.com/recaptcha/api/fallback?k=6LecZFgqAAAAAIuCvCsUyZIiR9UoUfoN26DyzAao"", ""url"": ""http://ambimat.com/contact/""}",raw/site_monitor/site_monitor_reports/per_site/ambimat_com/report_20260731_100005.json,ADVISORY warning from a public crawl — explicitly not confirmed compromise (see report 'limitation' field),"low (advisory, needs manual verification)",
http://ambimat.com/contact/,site_monitor_warning/external-iframe,low,iframe from external domain: https://www.google.com/recaptcha/api/fallback?k=6LecZFgqAAAAAIuCvCsUyZIiR9UoUfoN26DyzAao,,"{""type"": ""external-iframe"", ""detail"": ""iframe from external domain: https://www.google.com/recaptcha/api/fallback?k=6LecZFgqAAAAAIuCvCsUyZIiR9UoUfoN26DyzAao"", ""url"": ""http://ambimat.com/contact/""}",raw/site_monitor/site_monitor_reports/per_site/ambimat_com/report_20260731_100005.json,ADVISORY warning from a public crawl — explicitly not confirmed compromise (see report 'limitation' field),"low (advisory, needs manual verification)",
http://ambimat.com/contact/,site_monitor_warning/external-iframe,low,iframe from external domain: https://maps.google.com/maps?q=Ambimat%20Electronics&t=&z=13&ie=UTF8&iwloc=&output=embed,,"{""type"": ""external-iframe"", ""detail"": ""iframe from external domain: https://maps.google.com/maps?q=Ambimat%20Electronics&t=&z=13&ie=UTF8&iwloc=&output=embed"", ""url"": ""http://ambimat.com/contact/""}",raw/site_monitor/site_monitor_reports/per_site/ambimat_com/report_20260731_100005.json,ADVISORY warning from a public crawl — explicitly not confirmed compromise (see report 'limitation' field),"low (advisory, needs manual verification)",
https://ambimat.com/ (site-level),site_monitor_warning/suspicious-pattern,low,460 pages matched hidden-content CSS patterns,,warnings[] type=suspicious-pattern (aggregated),raw/site_monitor/site_monitor_reports/per_site/ambimat_com/report_20260731_100005.json,matches display:none / visibility:hidden / opacity:0 — ubiquitous in normal theme CSS; near-certain false-positive class,low (advisory),aggregated to one row; per-URL detail is in the raw report
