checked_url,url_type,http_method_recorded,recorded_status,redirect_destination,response_error_category,elapsed_seconds,source_report,original_result,normalized_interpretation,confidence,notes
https://ambimat.com/,internal,"GET (allow_redirects=True, bounded body read)",200,,ok,not_recorded_per_url,raw/site_monitor/site_monitor_reports/per_site/ambimat_com/report_20260731_100005.json,status=200,reachable at crawl time (2026-07-31 ~10:00-10:15 IST),high,
https://ambimat.com/for-developer/blogs/,internal,"GET (allow_redirects=True, bounded body read)",200,,ok,not_recorded_per_url,raw/site_monitor/site_monitor_reports/per_site/ambimat_com/report_20260731_100005.json,status=200,reachable at crawl time (2026-07-31 ~10:00-10:15 IST),high,
https://ambimat.com/contactless-emv-payments-in-public-transportation/,internal,"GET (allow_redirects=True, bounded body read)",200,,ok,not_recorded_per_url,raw/site_monitor/site_monitor_reports/per_site/ambimat_com/report_20260731_100005.json,status=200,reachable at crawl time (2026-07-31 ~10:00-10:15 IST),high,
https://ambimat.com/zoom-fatigue-how-to-make-video-calls-less-tiring/,internal,"GET (allow_redirects=True, bounded body read)",200,,ok,not_recorded_per_url,raw/site_monitor/site_monitor_reports/per_site/ambimat_com/report_20260731_100005.json,status=200,reachable at crawl time (2026-07-31 ~10:00-10:15 IST),high,
https://ambimat.com/workplace-security-how-biometrics-is-the-key-to-the-new-normal/,internal,"GET (allow_redirects=True, bounded body read)",200,,ok,not_recorded_per_url,raw/site_monitor/site_monitor_reports/per_site/ambimat_com/report_20260731_100005.json,status=200,reachable at crawl time (2026-07-31 ~10:00-10:15 IST),high,
https://ambimat.com/how-secure-is-5g-really/,internal,"GET (allow_redirects=True, bounded body read)",200,,ok,not_recorded_per_url,raw/site_monitor/site_monitor_reports/per_site/ambimat_com/report_20260731_100005.json,status=200,reachable at crawl time (2026-07-31 ~10:00-10:15 IST),high,
https://ambimat.com/consumer-biometrics-in-the-data-privacy-age/,internal,"GET (allow_redirects=True, bounded body read)",200,,ok,not_recorded_per_url,raw/site_monitor/site_monitor_reports/per_site/ambimat_com/report_20260731_100005.json,status=200,reachable at crawl time (2026-07-31 ~10:00-10:15 IST),high,
https://ambimat.com/securing-your-iiot-infrastructure/,internal,"GET (allow_redirects=True, bounded body read)",200,,ok,not_recorded_per_url,raw/site_monitor/site_monitor_reports/per_site/ambimat_com/report_20260731_100005.json,status=200,reachable at crawl time (2026-07-31 ~10:00-10:15 IST),high,
https://ambimat.com/public-transport-ticketing-system-part-1/,internal,"GET (allow_redirects=True, bounded body read)",200,,ok,not_recorded_per_url,raw/site_monitor/site_monitor_reports/per_site/ambimat_com/report_20260731_100005.json,status=200,reachable at crawl time (2026-07-31 ~10:00-10:15 IST),high,
https://ambimat.com/the-transformation-of-city-street-lighting/,internal,"GET (allow_redirects=True, bounded body read)",200,,ok,not_recorded_per_url,raw/site_monitor/site_monitor_reports/per_site/ambimat_com/report_20260731_100005.json,status=200,reachable at crawl time (2026-07-31 ~10:00-10:15 IST),high,
https://ambimat.com/non-cellular-network-based-wide-area-networks-1/,internal,"GET (allow_redirects=True, bounded body read)",200,,ok,not_recorded_per_url,raw/site_monitor/site_monitor_reports/per_site/ambimat_com/report_20260731_100005.json,status=200,reachable at crawl time (2026-07-31 ~10:00-10:15 IST),high,
https://ambimat.com/a-hardware-start-up-part-2-ideationconceptualization/,internal,"GET (allow_redirects=True, bounded body read)",200,,ok,not_recorded_per_url,raw/site_monitor/site_monitor_reports/per_site/ambimat_com/report_20260731_100005.json,status=200,reachable at crawl time (2026-07-31 ~10:00-10:15 IST),high,
https://ambimat.com/a-hardware-start-up-part-3-proof-of-concept-poc/,internal,"GET (allow_redirects=True, bounded body read)",200,,ok,not_recorded_per_url,raw/site_monitor/site_monitor_reports/per_site/ambimat_com/report_20260731_100005.json,status=200,reachable at crawl time (2026-07-31 ~10:00-10:15 IST),high,
https://ambimat.com/the-story-of-yet-another-framework-propeller-2/,internal,"GET (allow_redirects=True, bounded body read)",200,,ok,not_recorded_per_url,raw/site_monitor/site_monitor_reports/per_site/ambimat_com/report_20260731_100005.json,status=200,reachable at crawl time (2026-07-31 ~10:00-10:15 IST),high,
https://ambimat.com/public-transport-ticketing-system-part-3/,internal,"GET (allow_redirects=True, bounded body read)",200,,ok,not_recorded_per_url,raw/site_monitor/site_monitor_reports/per_site/ambimat_com/report_20260731_100005.json,status=200,reachable at crawl time (2026-07-31 ~10:00-10:15 IST),high,
https://ambimat.com/public-transport-ticketing-2/,internal,"GET (allow_redirects=True, bounded body read)",200,,ok,not_recorded_per_url,raw/site_monitor/site_monitor_reports/per_site/ambimat_com/report_20260731_100005.json,status=200,reachable at crawl time (2026-07-31 ~10:00-10:15 IST),high,
https://ambimat.com/e-passport-and-its-application/,internal,"GET (allow_redirects=True, bounded body read)",200,,ok,not_recorded_per_url,raw/site_monitor/site_monitor_reports/per_site/ambimat_com/report_20260731_100005.json,status=200,reachable at crawl time (2026-07-31 ~10:00-10:15 IST),high,
https://ambimat.com/cyber-attacks-in-india/,internal,"GET (allow_redirects=True, bounded body read)",200,,ok,not_recorded_per_url,raw/site_monitor/site_monitor_reports/per_site/ambimat_com/report_20260731_100005.json,status=200,reachable at crawl time (2026-07-31 ~10:00-10:15 IST),high,
https://ambimat.com/enterprise-security-threats/,internal,"GET (allow_redirects=True, bounded body read)",200,,ok,not_recorded_per_url,raw/site_monitor/site_monitor_reports/per_site/ambimat_com/report_20260731_100005.json,status=200,reachable at crawl time (2026-07-31 ~10:00-10:15 IST),high,
https://ambimat.com/sms-based-otp-authentication-and-its-disadvantages/,internal,"GET (allow_redirects=True, bounded body read)",200,,ok,not_recorded_per_url,raw/site_monitor/site_monitor_reports/per_site/ambimat_com/report_20260731_100005.json,status=200,reachable at crawl time (2026-07-31 ~10:00-10:15 IST),high,
https://ambimat.com/taking-security-future-for-government/,internal,"GET (allow_redirects=True, bounded body read)",200,,ok,not_recorded_per_url,raw/site_monitor/site_monitor_reports/per_site/ambimat_com/report_20260731_100005.json,status=200,reachable at crawl time (2026-07-31 ~10:00-10:15 IST),high,
https://ambimat.com/mqtt-sn-lowering-the-cost-of-iot-at-scale/,internal,"GET (allow_redirects=True, bounded body read)",200,,ok,not_recorded_per_url,raw/site_monitor/site_monitor_reports/per_site/ambimat_com/report_20260731_100005.json,status=200,reachable at crawl time (2026-07-31 ~10:00-10:15 IST),high,
https://ambimat.com/rise-of-uwb-and-the-impact-on-different-industry-verticals/,internal,"GET (allow_redirects=True, bounded body read)",200,,ok,not_recorded_per_url,raw/site_monitor/site_monitor_reports/per_site/ambimat_com/report_20260731_100005.json,status=200,reachable at crawl time (2026-07-31 ~10:00-10:15 IST),high,
https://ambimat.com/cold-chain-logistics-effective-vaccine-management/,internal,"GET (allow_redirects=True, bounded body read)",200,,ok,not_recorded_per_url,raw/site_monitor/site_monitor_reports/per_site/ambimat_com/report_20260731_100005.json,status=200,reachable at crawl time (2026-07-31 ~10:00-10:15 IST),high,
https://ambimat.com/what-is-ultra-wideband-and-how-does-it-work/,internal,"GET (allow_redirects=True, bounded body read)",200,,ok,not_recorded_per_url,raw/site_monitor/site_monitor_reports/per_site/ambimat_com/report_20260731_100005.json,status=200,reachable at crawl time (2026-07-31 ~10:00-10:15 IST),high,
https://ambimat.com/5g-and-iot-the-future-of-5g-communications/,internal,"GET (allow_redirects=True, bounded body read)",200,,ok,not_recorded_per_url,raw/site_monitor/site_monitor_reports/per_site/ambimat_com/report_20260731_100005.json,status=200,reachable at crawl time (2026-07-31 ~10:00-10:15 IST),high,
https://ambimat.com/is-passwordless-the-right-choice-for-organization/,internal,"GET (allow_redirects=True, bounded body read)",200,,ok,not_recorded_per_url,raw/site_monitor/site_monitor_reports/per_site/ambimat_com/report_20260731_100005.json,status=200,reachable at crawl time (2026-07-31 ~10:00-10:15 IST),high,
https://ambimat.com/debunking-3-misconception-about-cybersecurity/,internal,"GET (allow_redirects=True, bounded body read)",200,,ok,not_recorded_per_url,raw/site_monitor/site_monitor_reports/per_site/ambimat_com/report_20260731_100005.json,status=200,reachable at crawl time (2026-07-31 ~10:00-10:15 IST),high,
https://ambimat.com/cyber-security-best-practices-with-the-proliferation-of-employees-working-from-home/,internal,"GET (allow_redirects=True, bounded body read)",200,,ok,not_recorded_per_url,raw/site_monitor/site_monitor_reports/per_site/ambimat_com/report_20260731_100005.json,status=200,reachable at crawl time (2026-07-31 ~10:00-10:15 IST),high,
https://ambimat.com/built-in-fido-authenticators/,internal,"GET (allow_redirects=True, bounded body read)",200,,ok,not_recorded_per_url,raw/site_monitor/site_monitor_reports/per_site/ambimat_com/report_20260731_100005.json,status=200,reachable at crawl time (2026-07-31 ~10:00-10:15 IST),high,
https://ambimat.com/steps-to-go-passwordless/,internal,"GET (allow_redirects=True, bounded body read)",200,,ok,not_recorded_per_url,raw/site_monitor/site_monitor_reports/per_site/ambimat_com/report_20260731_100005.json,status=200,reachable at crawl time (2026-07-31 ~10:00-10:15 IST),high,
https://ambimat.com/steps-to-keep-organizational-credential-safe/,internal,"GET (allow_redirects=True, bounded body read)",200,,ok,not_recorded_per_url,raw/site_monitor/site_monitor_reports/per_site/ambimat_com/report_20260731_100005.json,status=200,reachable at crawl time (2026-07-31 ~10:00-10:15 IST),high,
https://ambimat.com/perils-to-circumvent-when-shifting-to-passwordless-technology/,internal,"GET (allow_redirects=True, bounded body read)",200,,ok,not_recorded_per_url,raw/site_monitor/site_monitor_reports/per_site/ambimat_com/report_20260731_100005.json,status=200,reachable at crawl time (2026-07-31 ~10:00-10:15 IST),high,
https://ambimat.com/security-tips/,internal,"GET (allow_redirects=True, bounded body read)",200,,ok,not_recorded_per_url,raw/site_monitor/site_monitor_reports/per_site/ambimat_com/report_20260731_100005.json,status=200,reachable at crawl time (2026-07-31 ~10:00-10:15 IST),high,
https://ambimat.com/features-to-consider-on-route-to-digital-transformation/,internal,"GET (allow_redirects=True, bounded body read)",200,,ok,not_recorded_per_url,raw/site_monitor/site_monitor_reports/per_site/ambimat_com/report_20260731_100005.json,status=200,reachable at crawl time (2026-07-31 ~10:00-10:15 IST),high,
https://ambimat.com/the-great-semiconductor-shortage/,internal,"GET (allow_redirects=True, bounded body read)",200,,ok,not_recorded_per_url,raw/site_monitor/site_monitor_reports/per_site/ambimat_com/report_20260731_100005.json,status=200,reachable at crawl time (2026-07-31 ~10:00-10:15 IST),high,
https://ambimat.com/e-passport-and-how-will-chip-based-e-passports-work/,internal,"GET (allow_redirects=True, bounded body read)",200,,ok,not_recorded_per_url,raw/site_monitor/site_monitor_reports/per_site/ambimat_com/report_20260731_100005.json,status=200,reachable at crawl time (2026-07-31 ~10:00-10:15 IST),high,
https://ambimat.com/multi-factor-authentication-in-government-sector/,internal,"GET (allow_redirects=True, bounded body read)",200,,ok,not_recorded_per_url,raw/site_monitor/site_monitor_reports/per_site/ambimat_com/report_20260731_100005.json,status=200,reachable at crawl time (2026-07-31 ~10:00-10:15 IST),high,
https://ambimat.com/the-risks-of-hybrid-employment-for-security/,internal,"GET (allow_redirects=True, bounded body read)",200,,ok,not_recorded_per_url,raw/site_monitor/site_monitor_reports/per_site/ambimat_com/report_20260731_100005.json,status=200,reachable at crawl time (2026-07-31 ~10:00-10:15 IST),high,
https://ambimat.com/the-importance-of-digital-id-in-cybersecurity/,internal,"GET (allow_redirects=True, bounded body read)",200,,ok,not_recorded_per_url,raw/site_monitor/site_monitor_reports/per_site/ambimat_com/report_20260731_100005.json,status=200,reachable at crawl time (2026-07-31 ~10:00-10:15 IST),high,
https://ambimat.com/rethink-your-companys-data-security-strategy/,internal,"GET (allow_redirects=True, bounded body read)",200,,ok,not_recorded_per_url,raw/site_monitor/site_monitor_reports/per_site/ambimat_com/report_20260731_100005.json,status=200,reachable at crawl time (2026-07-31 ~10:00-10:15 IST),high,
https://ambimat.com/quantum-computings-rising-cybersecurity-threat/,internal,"GET (allow_redirects=True, bounded body read)",200,,ok,not_recorded_per_url,raw/site_monitor/site_monitor_reports/per_site/ambimat_com/report_20260731_100005.json,status=200,reachable at crawl time (2026-07-31 ~10:00-10:15 IST),high,
https://ambimat.com/phishing-assaults-are-becoming-more-common-are-you-prepared/,internal,"GET (allow_redirects=True, bounded body read)",200,,ok,not_recorded_per_url,raw/site_monitor/site_monitor_reports/per_site/ambimat_com/report_20260731_100005.json,status=200,reachable at crawl time (2026-07-31 ~10:00-10:15 IST),high,
https://ambimat.com/is-there-a-secure-way-to-distribute-passwords-in-an-organisation/,internal,"GET (allow_redirects=True, bounded body read)",200,,ok,not_recorded_per_url,raw/site_monitor/site_monitor_reports/per_site/ambimat_com/report_20260731_100005.json,status=200,reachable at crawl time (2026-07-31 ~10:00-10:15 IST),high,
https://ambimat.com/identity-biometrics/,internal,"GET (allow_redirects=True, bounded body read)",200,,ok,not_recorded_per_url,raw/site_monitor/site_monitor_reports/per_site/ambimat_com/report_20260731_100005.json,status=200,reachable at crawl time (2026-07-31 ~10:00-10:15 IST),high,
https://ambimat.com/how-might-verification-efficiency-help-the-aviation-industry-achieve-its-net-zero-goals-what-is-verification-efficiency/,internal,"GET (allow_redirects=True, bounded body read)",200,,ok,not_recorded_per_url,raw/site_monitor/site_monitor_reports/per_site/ambimat_com/report_20260731_100005.json,status=200,reachable at crawl time (2026-07-31 ~10:00-10:15 IST),high,
https://ambimat.com/how-does-identity-verification-work-and-is-my-data-secure/,internal,"GET (allow_redirects=True, bounded body read)",200,,ok,not_recorded_per_url,raw/site_monitor/site_monitor_reports/per_site/ambimat_com/report_20260731_100005.json,status=200,reachable at crawl time (2026-07-31 ~10:00-10:15 IST),high,
https://ambimat.com/getting-an-accurate-biometric-security-key/,internal,"GET (allow_redirects=True, bounded body read)",200,,ok,not_recorded_per_url,raw/site_monitor/site_monitor_reports/per_site/ambimat_com/report_20260731_100005.json,status=200,reachable at crawl time (2026-07-31 ~10:00-10:15 IST),high,
https://ambimat.com/developing-an-unphishable-security-key/,internal,"GET (allow_redirects=True, bounded body read)",200,,ok,not_recorded_per_url,raw/site_monitor/site_monitor_reports/per_site/ambimat_com/report_20260731_100005.json,status=200,reachable at crawl time (2026-07-31 ~10:00-10:15 IST),high,
https://ambimat.com/demonstration-of-an-ecosystem-how-identity-federation-id-proofing-and-strong-authentication-protect-digital-identities/,internal,"GET (allow_redirects=True, bounded body read)",200,,ok,not_recorded_per_url,raw/site_monitor/site_monitor_reports/per_site/ambimat_com/report_20260731_100005.json,status=200,reachable at crawl time (2026-07-31 ~10:00-10:15 IST),high,
https://ambimat.com/defending-your-company-against-ransomware-assaults/,internal,"GET (allow_redirects=True, bounded body read)",200,,ok,not_recorded_per_url,raw/site_monitor/site_monitor_reports/per_site/ambimat_com/report_20260731_100005.json,status=200,reachable at crawl time (2026-07-31 ~10:00-10:15 IST),high,
https://ambimat.com/defending-the-healthcare-industry-from-cyber-threats/,internal,"GET (allow_redirects=True, bounded body read)",200,,ok,not_recorded_per_url,raw/site_monitor/site_monitor_reports/per_site/ambimat_com/report_20260731_100005.json,status=200,reachable at crawl time (2026-07-31 ~10:00-10:15 IST),high,
https://ambimat.com/citizens-expectations-of-a-digital-identity-wallet/,internal,"GET (allow_redirects=True, bounded body read)",200,,ok,not_recorded_per_url,raw/site_monitor/site_monitor_reports/per_site/ambimat_com/report_20260731_100005.json,status=200,reachable at crawl time (2026-07-31 ~10:00-10:15 IST),high,
https://ambimat.com/biometrics-airport-technologys-future/,internal,"GET (allow_redirects=True, bounded body read)",200,,ok,not_recorded_per_url,raw/site_monitor/site_monitor_reports/per_site/ambimat_com/report_20260731_100005.json,status=200,reachable at crawl time (2026-07-31 ~10:00-10:15 IST),high,
https://ambimat.com/attempting-to-protect-the-future-of-iot-devices/,internal,"GET (allow_redirects=True, bounded body read)",200,,ok,not_recorded_per_url,raw/site_monitor/site_monitor_reports/per_site/ambimat_com/report_20260731_100005.json,status=200,reachable at crawl time (2026-07-31 ~10:00-10:15 IST),high,
https://ambimat.com/what-is-token-based-authentication/,internal,"GET (allow_redirects=True, bounded body read)",200,,ok,not_recorded_per_url,raw/site_monitor/site_monitor_reports/per_site/ambimat_com/report_20260731_100005.json,status=200,reachable at crawl time (2026-07-31 ~10:00-10:15 IST),high,
https://ambimat.com/user-experience-with-passwordless-authentication-edited/,internal,"GET (allow_redirects=True, bounded body read)",200,,ok,not_recorded_per_url,raw/site_monitor/site_monitor_reports/per_site/ambimat_com/report_20260731_100005.json,status=200,reachable at crawl time (2026-07-31 ~10:00-10:15 IST),high,
https://ambimat.com/user-adoption-of-multi-factor-authentication/,internal,"GET (allow_redirects=True, bounded body read)",200,,ok,not_recorded_per_url,raw/site_monitor/site_monitor_reports/per_site/ambimat_com/report_20260731_100005.json,status=200,reachable at crawl time (2026-07-31 ~10:00-10:15 IST),high,
https://ambimat.com/protecting-intellectual-property/,internal,"GET (allow_redirects=True, bounded body read)",200,,ok,not_recorded_per_url,raw/site_monitor/site_monitor_reports/per_site/ambimat_com/report_20260731_100005.json,status=200,reachable at crawl time (2026-07-31 ~10:00-10:15 IST),high,
https://ambimat.com/how-will-authentication-based-security-change/,internal,"GET (allow_redirects=True, bounded body read)",200,,ok,not_recorded_per_url,raw/site_monitor/site_monitor_reports/per_site/ambimat_com/report_20260731_100005.json,status=200,reachable at crawl time (2026-07-31 ~10:00-10:15 IST),high,
https://ambimat.com/how-does-passwordless-authentication-works/,internal,"GET (allow_redirects=True, bounded body read)",200,,ok,not_recorded_per_url,raw/site_monitor/site_monitor_reports/per_site/ambimat_com/report_20260731_100005.json,status=200,reachable at crawl time (2026-07-31 ~10:00-10:15 IST),high,
https://ambimat.com/ransomware-anatomy/,internal,"GET (allow_redirects=True, bounded body read)",200,,ok,not_recorded_per_url,raw/site_monitor/site_monitor_reports/per_site/ambimat_com/report_20260731_100005.json,status=200,reachable at crawl time (2026-07-31 ~10:00-10:15 IST),high,
https://ambimat.com/reduce-cost-and-strengthen-security-with-passwordless-authentication/,internal,"GET (allow_redirects=True, bounded body read)",200,,ok,not_recorded_per_url,raw/site_monitor/site_monitor_reports/per_site/ambimat_com/report_20260731_100005.json,status=200,reachable at crawl time (2026-07-31 ~10:00-10:15 IST),high,
https://ambimat.com/simple-explanation-to-passwordless/,internal,"GET (allow_redirects=True, bounded body read)",200,,ok,not_recorded_per_url,raw/site_monitor/site_monitor_reports/per_site/ambimat_com/report_20260731_100005.json,status=200,reachable at crawl time (2026-07-31 ~10:00-10:15 IST),high,
https://ambimat.com/the-facts-and-fiction-of-passwordless-journey/,internal,"GET (allow_redirects=True, bounded body read)",200,,ok,not_recorded_per_url,raw/site_monitor/site_monitor_reports/per_site/ambimat_com/report_20260731_100005.json,status=200,reachable at crawl time (2026-07-31 ~10:00-10:15 IST),high,
https://ambimat.com/use-multi-factor-authentication-mfa/,internal,"GET (allow_redirects=True, bounded body read)",200,,ok,not_recorded_per_url,raw/site_monitor/site_monitor_reports/per_site/ambimat_com/report_20260731_100005.json,status=200,reachable at crawl time (2026-07-31 ~10:00-10:15 IST),high,
https://ambimat.com/addressing-the-rise-of-social-engineering-attacks-against-remote-workers/,internal,"GET (allow_redirects=True, bounded body read)",200,,ok,not_recorded_per_url,raw/site_monitor/site_monitor_reports/per_site/ambimat_com/report_20260731_100005.json,status=200,reachable at crawl time (2026-07-31 ~10:00-10:15 IST),high,
https://ambimat.com/convenience-security-and-privacy-are-the-three-pillars-of-digital-identity/,internal,"GET (allow_redirects=True, bounded body read)",200,,ok,not_recorded_per_url,raw/site_monitor/site_monitor_reports/per_site/ambimat_com/report_20260731_100005.json,status=200,reachable at crawl time (2026-07-31 ~10:00-10:15 IST),high,
https://ambimat.com/the-new-information-security-default-is-zero-trust/,internal,"GET (allow_redirects=True, bounded body read)",200,,ok,not_recorded_per_url,raw/site_monitor/site_monitor_reports/per_site/ambimat_com/report_20260731_100005.json,status=200,reachable at crawl time (2026-07-31 ~10:00-10:15 IST),high,
https://ambimat.com/how-can-water-utilities-be-protected-against-cybercrime/,internal,"GET (allow_redirects=True, bounded body read)",200,,ok,not_recorded_per_url,raw/site_monitor/site_monitor_reports/per_site/ambimat_com/report_20260731_100005.json,status=200,reachable at crawl time (2026-07-31 ~10:00-10:15 IST),high,
https://ambimat.com/critical-security-considerations-for-makers-of-iot-devices/,internal,"GET (allow_redirects=True, bounded body read)",200,,ok,not_recorded_per_url,raw/site_monitor/site_monitor_reports/per_site/ambimat_com/report_20260731_100005.json,status=200,reachable at crawl time (2026-07-31 ~10:00-10:15 IST),high,
https://ambimat.com/a-close-examination-of-the-strategies-hackers-employ-to-start-effective-phishing-operations/,internal,"GET (allow_redirects=True, bounded body read)",200,,ok,not_recorded_per_url,raw/site_monitor/site_monitor_reports/per_site/ambimat_com/report_20260731_100005.json,status=200,reachable at crawl time (2026-07-31 ~10:00-10:15 IST),high,
https://ambimat.com/10-simple-tips-to-be-secure-online-and-preserve-your-identity/,internal,"GET (allow_redirects=True, bounded body read)",200,,ok,not_recorded_per_url,raw/site_monitor/site_monitor_reports/per_site/ambimat_com/report_20260731_100005.json,status=200,reachable at crawl time (2026-07-31 ~10:00-10:15 IST),high,
https://ambimat.com/four-reasons-why-a-security-first-approach-to-product-development-should-be-considered/,internal,"GET (allow_redirects=True, bounded body read)",200,,ok,not_recorded_per_url,raw/site_monitor/site_monitor_reports/per_site/ambimat_com/report_20260731_100005.json,status=200,reachable at crawl time (2026-07-31 ~10:00-10:15 IST),high,
https://ambimat.com/jar/,internal,"GET (allow_redirects=True, bounded body read)",200,,ok,not_recorded_per_url,raw/site_monitor/site_monitor_reports/per_site/ambimat_com/report_20260731_100005.json,status=200,reachable at crawl time (2026-07-31 ~10:00-10:15 IST),high,
https://ambimat.com/three-ways-technology-might-help-the-music-business-recover/,internal,"GET (allow_redirects=True, bounded body read)",200,,ok,not_recorded_per_url,raw/site_monitor/site_monitor_reports/per_site/ambimat_com/report_20260731_100005.json,status=200,reachable at crawl time (2026-07-31 ~10:00-10:15 IST),high,
https://ambimat.com/three-techniques-for-protecting-customer-data/,internal,"GET (allow_redirects=True, bounded body read)",200,,ok,not_recorded_per_url,raw/site_monitor/site_monitor_reports/per_site/ambimat_com/report_20260731_100005.json,status=200,reachable at crawl time (2026-07-31 ~10:00-10:15 IST),high,
https://ambimat.com/top-five-pitfalls-that-organisations-should-avoid-when-using-a-passwordless-strategy/,internal,"GET (allow_redirects=True, bounded body read)",200,,ok,not_recorded_per_url,raw/site_monitor/site_monitor_reports/per_site/ambimat_com/report_20260731_100005.json,status=200,reachable at crawl time (2026-07-31 ~10:00-10:15 IST),high,
https://ambimat.com/using-ethical-hackers-to-protect-firm-data-from-cybersecurity-concerns/,internal,"GET (allow_redirects=True, bounded body read)",200,,ok,not_recorded_per_url,raw/site_monitor/site_monitor_reports/per_site/ambimat_com/report_20260731_100005.json,status=200,reachable at crawl time (2026-07-31 ~10:00-10:15 IST),high,
https://ambimat.com/what-are-the-benefits-of-iot-in-healthcare-and-how-can-it-be-secured/,internal,"GET (allow_redirects=True, bounded body read)",200,,ok,not_recorded_per_url,raw/site_monitor/site_monitor_reports/per_site/ambimat_com/report_20260731_100005.json,status=200,reachable at crawl time (2026-07-31 ~10:00-10:15 IST),high,
https://ambimat.com/what-does-a-hacker-look-like/,internal,"GET (allow_redirects=True, bounded body read)",200,,ok,not_recorded_per_url,raw/site_monitor/site_monitor_reports/per_site/ambimat_com/report_20260731_100005.json,status=200,reachable at crawl time (2026-07-31 ~10:00-10:15 IST),high,
https://ambimat.com/who-has-the-keys-in-passwordless-authentication/,internal,"GET (allow_redirects=True, bounded body read)",200,,ok,not_recorded_per_url,raw/site_monitor/site_monitor_reports/per_site/ambimat_com/report_20260731_100005.json,status=200,reachable at crawl time (2026-07-31 ~10:00-10:15 IST),high,
https://ambimat.com/difference-between-central-bank-digital-currency-cbdc-and-upi/,internal,"GET (allow_redirects=True, bounded body read)",200,,ok,not_recorded_per_url,raw/site_monitor/site_monitor_reports/per_site/ambimat_com/report_20260731_100005.json,status=200,reachable at crawl time (2026-07-31 ~10:00-10:15 IST),high,
https://ambimat.com/what-is-the-difference-between-digital-rupee-and-upi/,internal,"GET (allow_redirects=True, bounded body read)",200,,ok,not_recorded_per_url,raw/site_monitor/site_monitor_reports/per_site/ambimat_com/report_20260731_100005.json,status=200,reachable at crawl time (2026-07-31 ~10:00-10:15 IST),high,
https://ambimat.com/smart-card-list/,internal,"GET (allow_redirects=True, bounded body read)",200,,ok,not_recorded_per_url,raw/site_monitor/site_monitor_reports/per_site/ambimat_com/report_20260731_100005.json,status=200,reachable at crawl time (2026-07-31 ~10:00-10:15 IST),high,
https://ambimat.com/cyberchef/,internal,"GET (allow_redirects=True, bounded body read)",200,,ok,not_recorded_per_url,raw/site_monitor/site_monitor_reports/per_site/ambimat_com/report_20260731_100005.json,status=200,reachable at crawl time (2026-07-31 ~10:00-10:15 IST),high,
https://ambimat.com/worldnet-launches-gochipnow-to-deliver-plug-and-play-emv-solution/,internal,"GET (allow_redirects=True, bounded body read)",200,,ok,not_recorded_per_url,raw/site_monitor/site_monitor_reports/per_site/ambimat_com/report_20260731_100005.json,status=200,reachable at crawl time (2026-07-31 ~10:00-10:15 IST),high,
https://ambimat.com/windows-10-iot-editions/,internal,"GET (allow_redirects=True, bounded body read)",200,,ok,not_recorded_per_url,raw/site_monitor/site_monitor_reports/per_site/ambimat_com/report_20260731_100005.json,status=200,reachable at crawl time (2026-07-31 ~10:00-10:15 IST),high,
https://ambimat.com/wiegand-interface/,internal,"GET (allow_redirects=True, bounded body read)",200,,ok,not_recorded_per_url,raw/site_monitor/site_monitor_reports/per_site/ambimat_com/report_20260731_100005.json,status=200,reachable at crawl time (2026-07-31 ~10:00-10:15 IST),high,
https://ambimat.com/what-is-the-difference-between-emv-and-pci-compliance/,internal,"GET (allow_redirects=True, bounded body read)",200,,ok,not_recorded_per_url,raw/site_monitor/site_monitor_reports/per_site/ambimat_com/report_20260731_100005.json,status=200,reachable at crawl time (2026-07-31 ~10:00-10:15 IST),high,
https://ambimat.com/what-is-a-virtual-terminal/,internal,"GET (allow_redirects=True, bounded body read)",200,,ok,not_recorded_per_url,raw/site_monitor/site_monitor_reports/per_site/ambimat_com/report_20260731_100005.json,status=200,reachable at crawl time (2026-07-31 ~10:00-10:15 IST),high,
https://ambimat.com/whats-the-difference-between-a-hico-loco-magstripe-card/,internal,"GET (allow_redirects=True, bounded body read)",200,,ok,not_recorded_per_url,raw/site_monitor/site_monitor_reports/per_site/ambimat_com/report_20260731_100005.json,status=200,reachable at crawl time (2026-07-31 ~10:00-10:15 IST),high,
https://ambimat.com/usb-hid-human-interface-device/,internal,"GET (allow_redirects=True, bounded body read)",200,,ok,not_recorded_per_url,raw/site_monitor/site_monitor_reports/per_site/ambimat_com/report_20260731_100005.json,status=200,reachable at crawl time (2026-07-31 ~10:00-10:15 IST),high,
https://ambimat.com/usb-power-delivery/,internal,"GET (allow_redirects=True, bounded body read)",200,,ok,not_recorded_per_url,raw/site_monitor/site_monitor_reports/per_site/ambimat_com/report_20260731_100005.json,status=200,reachable at crawl time (2026-07-31 ~10:00-10:15 IST),high,
https://ambimat.com/understanding-big-and-little-endian-byte-order/,internal,"GET (allow_redirects=True, bounded body read)",200,,ok,not_recorded_per_url,raw/site_monitor/site_monitor_reports/per_site/ambimat_com/report_20260731_100005.json,status=200,reachable at crawl time (2026-07-31 ~10:00-10:15 IST),high,
https://ambimat.com/triple-des-or-3des/,internal,"GET (allow_redirects=True, bounded body read)",200,,ok,not_recorded_per_url,raw/site_monitor/site_monitor_reports/per_site/ambimat_com/report_20260731_100005.json,status=200,reachable at crawl time (2026-07-31 ~10:00-10:15 IST),high,
https://ambimat.com/transarmor-faq-first-data/,internal,"GET (allow_redirects=True, bounded body read)",200,,ok,not_recorded_per_url,raw/site_monitor/site_monitor_reports/per_site/ambimat_com/report_20260731_100005.json,status=200,reachable at crawl time (2026-07-31 ~10:00-10:15 IST),high,
https://ambimat.com/tools-for-payment-device-integration-encrypt-decrypt-tool/,internal,"GET (allow_redirects=True, bounded body read)",200,,ok,not_recorded_per_url,raw/site_monitor/site_monitor_reports/per_site/ambimat_com/report_20260731_100005.json,status=200,reachable at crawl time (2026-07-31 ~10:00-10:15 IST),high,
https://ambimat.com/the-use-of-ctqs-and-ttqs-in-nfc-transactions/,internal,"GET (allow_redirects=True, bounded body read)",200,,ok,not_recorded_per_url,raw/site_monitor/site_monitor_reports/per_site/ambimat_com/report_20260731_100005.json,status=200,reachable at crawl time (2026-07-31 ~10:00-10:15 IST),high,
https://ambimat.com/think-youre-ready-for-emv-10-steps-to-implementing-chip-tech/,internal,"GET (allow_redirects=True, bounded body read)",200,,ok,not_recorded_per_url,raw/site_monitor/site_monitor_reports/per_site/ambimat_com/report_20260731_100005.json,status=200,reachable at crawl time (2026-07-31 ~10:00-10:15 IST),high,
https://ambimat.com/the-primary-players-in-payments-processing/,internal,"GET (allow_redirects=True, bounded body read)",200,,ok,not_recorded_per_url,raw/site_monitor/site_monitor_reports/per_site/ambimat_com/report_20260731_100005.json,status=200,reachable at crawl time (2026-07-31 ~10:00-10:15 IST),high,
https://ambimat.com/smartpin-b100-pci-certified-modular-pin-entry-device/,internal,"GET (allow_redirects=True, bounded body read)",200,,ok,not_recorded_per_url,raw/site_monitor/site_monitor_reports/per_site/ambimat_com/report_20260731_100005.json,status=200,reachable at crawl time (2026-07-31 ~10:00-10:15 IST),high,
https://ambimat.com/terminal-action-analysis/,internal,"GET (allow_redirects=True, bounded body read)",200,,ok,not_recorded_per_url,raw/site_monitor/site_monitor_reports/per_site/ambimat_com/report_20260731_100005.json,status=200,reachable at crawl time (2026-07-31 ~10:00-10:15 IST),high,
https://ambimat.com/symmetric-key-and-public-key-encryption/,internal,"GET (allow_redirects=True, bounded body read)",200,,ok,not_recorded_per_url,raw/site_monitor/site_monitor_reports/per_site/ambimat_com/report_20260731_100005.json,status=200,reachable at crawl time (2026-07-31 ~10:00-10:15 IST),high,
https://ambimat.com/rsa-cryptosystem/,internal,"GET (allow_redirects=True, bounded body read)",200,,ok,not_recorded_per_url,raw/site_monitor/site_monitor_reports/per_site/ambimat_com/report_20260731_100005.json,status=200,reachable at crawl time (2026-07-31 ~10:00-10:15 IST),high,
https://ambimat.com/symmetric-key-algorithm/,internal,"GET (allow_redirects=True, bounded body read)",200,,ok,not_recorded_per_url,raw/site_monitor/site_monitor_reports/per_site/ambimat_com/report_20260731_100005.json,status=200,reachable at crawl time (2026-07-31 ~10:00-10:15 IST),high,
https://ambimat.com/step-by-step-how-does-a-emv-contact-card-payment-work/,internal,"GET (allow_redirects=True, bounded body read)",200,,ok,not_recorded_per_url,raw/site_monitor/site_monitor_reports/per_site/ambimat_com/report_20260731_100005.json,status=200,reachable at crawl time (2026-07-31 ~10:00-10:15 IST),high,
https://ambimat.com/public-key-cryptography/,internal,"GET (allow_redirects=True, bounded body read)",200,,ok,not_recorded_per_url,raw/site_monitor/site_monitor_reports/per_site/ambimat_com/report_20260731_100005.json,status=200,reachable at crawl time (2026-07-31 ~10:00-10:15 IST),high,
https://ambimat.com/smart-card-selected-apdu-commands/,internal,"GET (allow_redirects=True, bounded body read)",200,,ok,not_recorded_per_url,raw/site_monitor/site_monitor_reports/per_site/ambimat_com/report_20260731_100005.json,status=200,reachable at crawl time (2026-07-31 ~10:00-10:15 IST),high,
https://ambimat.com/pki-public-key-infrastructure/,internal,"GET (allow_redirects=True, bounded body read)",200,,ok,not_recorded_per_url,raw/site_monitor/site_monitor_reports/per_site/ambimat_com/report_20260731_100005.json,status=200,reachable at crawl time (2026-07-31 ~10:00-10:15 IST),high,
https://ambimat.com/pci-ssc-data-security-standards-overview/,internal,"GET (allow_redirects=True, bounded body read)",200,,ok,not_recorded_per_url,raw/site_monitor/site_monitor_reports/per_site/ambimat_com/report_20260731_100005.json,status=200,reachable at crawl time (2026-07-31 ~10:00-10:15 IST),high,
https://ambimat.com/slim-cd-the-latest-in-credit-card-processing/,internal,"GET (allow_redirects=True, bounded body read)",200,,ok,not_recorded_per_url,raw/site_monitor/site_monitor_reports/per_site/ambimat_com/report_20260731_100005.json,status=200,reachable at crawl time (2026-07-31 ~10:00-10:15 IST),high,
https://ambimat.com/mac-basics/,internal,"GET (allow_redirects=True, bounded body read)",200,,ok,not_recorded_per_url,raw/site_monitor/site_monitor_reports/per_site/ambimat_com/report_20260731_100005.json,status=200,reachable at crawl time (2026-07-31 ~10:00-10:15 IST),high,
https://ambimat.com/official-pci-security-standards-council-document-libary/,internal,"GET (allow_redirects=True, bounded body read)",200,,ok,not_recorded_per_url,raw/site_monitor/site_monitor_reports/per_site/ambimat_com/report_20260731_100005.json,status=200,reachable at crawl time (2026-07-31 ~10:00-10:15 IST),high,
https://ambimat.com/payment-gateway/,internal,"GET (allow_redirects=True, bounded body read)",200,,ok,not_recorded_per_url,raw/site_monitor/site_monitor_reports/per_site/ambimat_com/report_20260731_100005.json,status=200,reachable at crawl time (2026-07-31 ~10:00-10:15 IST),high,
https://ambimat.com/pa-dss-payment-application-data-security-standard/,internal,"GET (allow_redirects=True, bounded body read)",200,,ok,not_recorded_per_url,raw/site_monitor/site_monitor_reports/per_site/ambimat_com/report_20260731_100005.json,status=200,reachable at crawl time (2026-07-31 ~10:00-10:15 IST),high,
https://ambimat.com/luhn-algorithm-for-credit-card/,internal,"GET (allow_redirects=True, bounded body read)",200,,ok,not_recorded_per_url,raw/site_monitor/site_monitor_reports/per_site/ambimat_com/report_20260731_100005.json,status=200,reachable at crawl time (2026-07-31 ~10:00-10:15 IST),high,
https://ambimat.com/node-js/,internal,"GET (allow_redirects=True, bounded body read)",200,,ok,not_recorded_per_url,raw/site_monitor/site_monitor_reports/per_site/ambimat_com/report_20260731_100005.json,status=200,reachable at crawl time (2026-07-31 ~10:00-10:15 IST),high,
https://ambimat.com/payment-gateway-vs-payment-processor/,internal,"GET (allow_redirects=True, bounded body read)",200,,ok,not_recorded_per_url,raw/site_monitor/site_monitor_reports/per_site/ambimat_com/report_20260731_100005.json,status=200,reachable at crawl time (2026-07-31 ~10:00-10:15 IST),high,
https://ambimat.com/mindbody-mobile-credit-card-swiper-unimag-ii-ios/,internal,"GET (allow_redirects=True, bounded body read)",200,,ok,not_recorded_per_url,raw/site_monitor/site_monitor_reports/per_site/ambimat_com/report_20260731_100005.json,status=200,reachable at crawl time (2026-07-31 ~10:00-10:15 IST),high,
https://ambimat.com/mobile-payments-what-is-nfc-card-emulation-mode/,internal,"GET (allow_redirects=True, bounded body read)",200,,ok,not_recorded_per_url,raw/site_monitor/site_monitor_reports/per_site/ambimat_com/report_20260731_100005.json,status=200,reachable at crawl time (2026-07-31 ~10:00-10:15 IST),high,
https://ambimat.com/message-authentication-code/,internal,"GET (allow_redirects=True, bounded body read)",200,,ok,not_recorded_per_url,raw/site_monitor/site_monitor_reports/per_site/ambimat_com/report_20260731_100005.json,status=200,reachable at crawl time (2026-07-31 ~10:00-10:15 IST),high,
https://ambimat.com/mindbody-mobile-credit-card-swiper-uniimag-ii-android/,internal,"GET (allow_redirects=True, bounded body read)",200,,ok,not_recorded_per_url,raw/site_monitor/site_monitor_reports/per_site/ambimat_com/report_20260731_100005.json,status=200,reachable at crawl time (2026-07-31 ~10:00-10:15 IST),high,
https://ambimat.com/list-of-ca-public-keys/,internal,"GET (allow_redirects=True, bounded body read)",200,,ok,not_recorded_per_url,raw/site_monitor/site_monitor_reports/per_site/ambimat_com/report_20260731_100005.json,status=200,reachable at crawl time (2026-07-31 ~10:00-10:15 IST),high,
https://ambimat.com/ip-rating-table/,internal,"GET (allow_redirects=True, bounded body read)",200,,ok,not_recorded_per_url,raw/site_monitor/site_monitor_reports/per_site/ambimat_com/report_20260731_100005.json,status=200,reachable at crawl time (2026-07-31 ~10:00-10:15 IST),high,
https://ambimat.com/how-emv-chip-pin-works-transaction-flow-chart/,internal,"GET (allow_redirects=True, bounded body read)",200,,ok,not_recorded_per_url,raw/site_monitor/site_monitor_reports/per_site/ambimat_com/report_20260731_100005.json,status=200,reachable at crawl time (2026-07-31 ~10:00-10:15 IST),high,
https://ambimat.com/ip-code/,internal,"GET (allow_redirects=True, bounded body read)",200,,ok,not_recorded_per_url,raw/site_monitor/site_monitor_reports/per_site/ambimat_com/report_20260731_100005.json,status=200,reachable at crawl time (2026-07-31 ~10:00-10:15 IST),high,
https://ambimat.com/how-magnetic-card-reader-works/,internal,"GET (allow_redirects=True, bounded body read)",200,,ok,not_recorded_per_url,raw/site_monitor/site_monitor_reports/per_site/ambimat_com/report_20260731_100005.json,status=200,reachable at crawl time (2026-07-31 ~10:00-10:15 IST),high,
https://ambimat.com/hardware-security-module-hsm/,internal,"GET (allow_redirects=True, bounded body read)",200,,ok,not_recorded_per_url,raw/site_monitor/site_monitor_reports/per_site/ambimat_com/report_20260731_100005.json,status=200,reachable at crawl time (2026-07-31 ~10:00-10:15 IST),high,
https://ambimat.com/emv-static-data-authentication-sda/,internal,"GET (allow_redirects=True, bounded body read)",200,,ok,not_recorded_per_url,raw/site_monitor/site_monitor_reports/per_site/ambimat_com/report_20260731_100005.json,status=200,reachable at crawl time (2026-07-31 ~10:00-10:15 IST),high,
https://ambimat.com/emv-liability-shifts-fallback-transactions/,internal,"GET (allow_redirects=True, bounded body read)",200,,ok,not_recorded_per_url,raw/site_monitor/site_monitor_reports/per_site/ambimat_com/report_20260731_100005.json,status=200,reachable at crawl time (2026-07-31 ~10:00-10:15 IST),high,
https://ambimat.com/emv-issuer-scripts/,internal,"GET (allow_redirects=True, bounded body read)",200,,ok,not_recorded_per_url,raw/site_monitor/site_monitor_reports/per_site/ambimat_com/report_20260731_100005.json,status=200,reachable at crawl time (2026-07-31 ~10:00-10:15 IST),high,
https://ambimat.com/emv-certification-in-a-nutshell/,internal,"GET (allow_redirects=True, bounded body read)",200,,ok,not_recorded_per_url,raw/site_monitor/site_monitor_reports/per_site/ambimat_com/report_20260731_100005.json,status=200,reachable at crawl time (2026-07-31 ~10:00-10:15 IST),high,
https://ambimat.com/emv-ca-cryptomathic/,internal,"GET (allow_redirects=True, bounded body read)",200,,ok,not_recorded_per_url,raw/site_monitor/site_monitor_reports/per_site/ambimat_com/report_20260731_100005.json,status=200,reachable at crawl time (2026-07-31 ~10:00-10:15 IST),high,
https://ambimat.com/emv-connection-a-smart-card-alliance-site/,internal,"GET (allow_redirects=True, bounded body read)",200,,ok,not_recorded_per_url,raw/site_monitor/site_monitor_reports/per_site/ambimat_com/report_20260731_100005.json,status=200,reachable at crawl time (2026-07-31 ~10:00-10:15 IST),high,
https://ambimat.com/compute-card-verification-values-cvv/,internal,"GET (allow_redirects=True, bounded body read)",200,,ok,not_recorded_per_url,raw/site_monitor/site_monitor_reports/per_site/ambimat_com/report_20260731_100005.json,status=200,reachable at crawl time (2026-07-31 ~10:00-10:15 IST),high,
https://ambimat.com/emv-application-selection/,internal,"GET (allow_redirects=True, bounded body read)",200,,ok,not_recorded_per_url,raw/site_monitor/site_monitor_reports/per_site/ambimat_com/report_20260731_100005.json,status=200,reachable at crawl time (2026-07-31 ~10:00-10:15 IST),high,
https://ambimat.com/connect-to-usb-card-readers-with-nodejs/,internal,"GET (allow_redirects=True, bounded body read)",200,,ok,not_recorded_per_url,raw/site_monitor/site_monitor_reports/per_site/ambimat_com/report_20260731_100005.json,status=200,reachable at crawl time (2026-07-31 ~10:00-10:15 IST),high,
https://ambimat.com/complete-list-of-emv-nfc-tags/,internal,"GET (allow_redirects=True, bounded body read)",200,,ok,not_recorded_per_url,raw/site_monitor/site_monitor_reports/per_site/ambimat_com/report_20260731_100005.json,status=200,reachable at crawl time (2026-07-31 ~10:00-10:15 IST),high,
https://ambimat.com/id-scanner-coverage-chart/,internal,"GET (allow_redirects=True, bounded body read)",200,,ok,not_recorded_per_url,raw/site_monitor/site_monitor_reports/per_site/ambimat_com/report_20260731_100005.json,status=200,reachable at crawl time (2026-07-31 ~10:00-10:15 IST),high,
https://ambimat.com/data-layout-on-magnetic-stripe-cards/,internal,"GET (allow_redirects=True, bounded body read)",200,,ok,not_recorded_per_url,raw/site_monitor/site_monitor_reports/per_site/ambimat_com/report_20260731_100005.json,status=200,reachable at crawl time (2026-07-31 ~10:00-10:15 IST),high,
https://ambimat.com/complete-list-of-application-identifiers-aid/,internal,"GET (allow_redirects=True, bounded body read)",200,,ok,not_recorded_per_url,raw/site_monitor/site_monitor_reports/per_site/ambimat_com/report_20260731_100005.json,status=200,reachable at crawl time (2026-07-31 ~10:00-10:15 IST),high,
https://ambimat.com/chip-card-transactions-faster-than-a-new-york-minute/,internal,"GET (allow_redirects=True, bounded body read)",200,,ok,not_recorded_per_url,raw/site_monitor/site_monitor_reports/per_site/ambimat_com/report_20260731_100005.json,status=200,reachable at crawl time (2026-07-31 ~10:00-10:15 IST),high,
https://ambimat.com/card-action-analysis/,internal,"GET (allow_redirects=True, bounded body read)",200,,ok,not_recorded_per_url,raw/site_monitor/site_monitor_reports/per_site/ambimat_com/report_20260731_100005.json,status=200,reachable at crawl time (2026-07-31 ~10:00-10:15 IST),high,
https://ambimat.com/a-chip-card-reader-that-outputs-text-2/,internal,"GET (allow_redirects=True, bounded body read)",200,,ok,not_recorded_per_url,raw/site_monitor/site_monitor_reports/per_site/ambimat_com/report_20260731_100005.json,status=200,reachable at crawl time (2026-07-31 ~10:00-10:15 IST),high,
https://ambimat.com/how-to-parse-tlvs-in-javascript/,internal,"GET (allow_redirects=True, bounded body read)",200,,ok,not_recorded_per_url,raw/site_monitor/site_monitor_reports/per_site/ambimat_com/report_20260731_100005.json,status=200,reachable at crawl time (2026-07-31 ~10:00-10:15 IST),high,
https://ambimat.com/16903-2/,internal,"GET (allow_redirects=True, bounded body read)",200,,ok,not_recorded_per_url,raw/site_monitor/site_monitor_reports/per_site/ambimat_com/report_20260731_100005.json,status=200,reachable at crawl time (2026-07-31 ~10:00-10:15 IST),high,
https://ambimat.com/16901-2/,internal,"GET (allow_redirects=True, bounded body read)",200,,ok,not_recorded_per_url,raw/site_monitor/site_monitor_reports/per_site/ambimat_com/report_20260731_100005.json,status=200,reachable at crawl time (2026-07-31 ~10:00-10:15 IST),high,
https://ambimat.com/barcode/,internal,"GET (allow_redirects=True, bounded body read)",200,,ok,not_recorded_per_url,raw/site_monitor/site_monitor_reports/per_site/ambimat_com/report_20260731_100005.json,status=200,reachable at crawl time (2026-07-31 ~10:00-10:15 IST),high,
https://ambimat.com/applevas-about-pass-files/,internal,"GET (allow_redirects=True, bounded body read)",200,,ok,not_recorded_per_url,raw/site_monitor/site_monitor_reports/per_site/ambimat_com/report_20260731_100005.json,status=200,reachable at crawl time (2026-07-31 ~10:00-10:15 IST),high,
https://ambimat.com/applevas-wallet-developer-guide/,internal,"GET (allow_redirects=True, bounded body read)",200,,ok,not_recorded_per_url,raw/site_monitor/site_monitor_reports/per_site/ambimat_com/report_20260731_100005.json,status=200,reachable at crawl time (2026-07-31 ~10:00-10:15 IST),high,
https://ambimat.com/an-introduction-to-nfc-standards/,internal,"GET (allow_redirects=True, bounded body read)",200,,ok,not_recorded_per_url,raw/site_monitor/site_monitor_reports/per_site/ambimat_com/report_20260731_100005.json,status=200,reachable at crawl time (2026-07-31 ~10:00-10:15 IST),high,
https://ambimat.com/16857-2/,internal,"GET (allow_redirects=True, bounded body read)",200,,ok,not_recorded_per_url,raw/site_monitor/site_monitor_reports/per_site/ambimat_com/report_20260731_100005.json,status=200,reachable at crawl time (2026-07-31 ~10:00-10:15 IST),high,
https://ambimat.com/an-introduction-to-mifarea-cards-a-beginners-guide-from-digital-id/,internal,"GET (allow_redirects=True, bounded body read)",200,,ok,not_recorded_per_url,raw/site_monitor/site_monitor_reports/per_site/ambimat_com/report_20260731_100005.json,status=200,reachable at crawl time (2026-07-31 ~10:00-10:15 IST),high,
https://ambimat.com/emvtm-application-selection/,internal,"GET (allow_redirects=True, bounded body read)",200,,ok,not_recorded_per_url,raw/site_monitor/site_monitor_reports/per_site/ambimat_com/report_20260731_100005.json,status=200,reachable at crawl time (2026-07-31 ~10:00-10:15 IST),high,
https://ambimat.com/acquiring-bank/,internal,"GET (allow_redirects=True, bounded body read)",200,,ok,not_recorded_per_url,raw/site_monitor/site_monitor_reports/per_site/ambimat_com/report_20260731_100005.json,status=200,reachable at crawl time (2026-07-31 ~10:00-10:15 IST),high,
https://ambimat.com/ipa-file-format/,internal,"GET (allow_redirects=True, bounded body read)",200,,ok,not_recorded_per_url,raw/site_monitor/site_monitor_reports/per_site/ambimat_com/report_20260731_100005.json,status=200,reachable at crawl time (2026-07-31 ~10:00-10:15 IST),high,
https://ambimat.com/apk/,internal,"GET (allow_redirects=True, bounded body read)",200,,ok,not_recorded_per_url,raw/site_monitor/site_monitor_reports/per_site/ambimat_com/report_20260731_100005.json,status=200,reachable at crawl time (2026-07-31 ~10:00-10:15 IST),high,
https://ambimat.com/with-phishing-resistant-mfa-we-can-break-the-hacking-loop-in-healthcare/,internal,"GET (allow_redirects=True, bounded body read)",200,,ok,not_recorded_per_url,raw/site_monitor/site_monitor_reports/per_site/ambimat_com/report_20260731_100005.json,status=200,reachable at crawl time (2026-07-31 ~10:00-10:15 IST),high,
https://ambimat.com/why-is-cyber-resilience-important-for-id-document-issuance/,internal,"GET (allow_redirects=True, bounded body read)",200,,ok,not_recorded_per_url,raw/site_monitor/site_monitor_reports/per_site/ambimat_com/report_20260731_100005.json,status=200,reachable at crawl time (2026-07-31 ~10:00-10:15 IST),high,
https://ambimat.com/why-is-a-password-free-future-required/,internal,"GET (allow_redirects=True, bounded body read)",200,,ok,not_recorded_per_url,raw/site_monitor/site_monitor_reports/per_site/ambimat_com/report_20260731_100005.json,status=200,reachable at crawl time (2026-07-31 ~10:00-10:15 IST),high,
https://ambimat.com/why-does-the-security-of-passwords-still-matter-in-2022/,internal,"GET (allow_redirects=True, bounded body read)",200,,ok,not_recorded_per_url,raw/site_monitor/site_monitor_reports/per_site/ambimat_com/report_20260731_100005.json,status=200,reachable at crawl time (2026-07-31 ~10:00-10:15 IST),high,
https://ambimat.com/why-ambisecure-usbkey-makes-it-easier-to-deploy-dependable-cybersecurity/,internal,"GET (allow_redirects=True, bounded body read)",200,,ok,not_recorded_per_url,raw/site_monitor/site_monitor_reports/per_site/ambimat_com/report_20260731_100005.json,status=200,reachable at crawl time (2026-07-31 ~10:00-10:15 IST),high,
https://ambimat.com/rfid-key-fobs-for-ev-charging-stations/,internal,"GET (allow_redirects=True, bounded body read)",200,,ok,not_recorded_per_url,raw/site_monitor/site_monitor_reports/per_site/ambimat_com/report_20260731_100005.json,status=200,reachable at crawl time (2026-07-31 ~10:00-10:15 IST),high,
https://ambimat.com/choosing-the-right-surface-finish-for-your-pcb-project-based-on-application/,internal,"GET (allow_redirects=True, bounded body read)",200,,ok,not_recorded_per_url,raw/site_monitor/site_monitor_reports/per_site/ambimat_com/report_20260731_100005.json,status=200,reachable at crawl time (2026-07-31 ~10:00-10:15 IST),high,
https://ambimat.com/choosing-the-right-surface-finish-for-your-pcb-project-based-on-performance-needs/,internal,"GET (allow_redirects=True, bounded body read)",200,,ok,not_recorded_per_url,raw/site_monitor/site_monitor_reports/per_site/ambimat_com/report_20260731_100005.json,status=200,reachable at crawl time (2026-07-31 ~10:00-10:15 IST),high,
https://ambimat.com/choosing-the-right-surface-finish-for-your-pcb-project-based-on-cost-and-availability/,internal,"GET (allow_redirects=True, bounded body read)",200,,ok,not_recorded_per_url,raw/site_monitor/site_monitor_reports/per_site/ambimat_com/report_20260731_100005.json,status=200,reachable at crawl time (2026-07-31 ~10:00-10:15 IST),high,
https://ambimat.com/choosing-the-right-surface-finish-for-your-pcb-project-our-offerings/,internal,"GET (allow_redirects=True, bounded body read)",200,,ok,not_recorded_per_url,raw/site_monitor/site_monitor_reports/per_site/ambimat_com/report_20260731_100005.json,status=200,reachable at crawl time (2026-07-31 ~10:00-10:15 IST),high,
https://ambimat.com/integrating-fido-protocol-into-consumer-electronics/,internal,"GET (allow_redirects=True, bounded body read)",200,,ok,not_recorded_per_url,raw/site_monitor/site_monitor_reports/per_site/ambimat_com/report_20260731_100005.json,status=200,reachable at crawl time (2026-07-31 ~10:00-10:15 IST),high,
https://ambimat.com/holistic-iot-security-architecture-for-smart%e2%80%91city-street%e2%80%91light-controllers/,internal,"GET (allow_redirects=True, bounded body read)",200,,ok,not_recorded_per_url,raw/site_monitor/site_monitor_reports/per_site/ambimat_com/report_20260731_100005.json,status=200,reachable at crawl time (2026-07-31 ~10:00-10:15 IST),high,
https://ambimat.com/iot-device-identity-lifecycle-management-best-practices/,internal,"GET (allow_redirects=True, bounded body read)",200,,ok,not_recorded_per_url,raw/site_monitor/site_monitor_reports/per_site/ambimat_com/report_20260731_100005.json,status=200,reachable at crawl time (2026-07-31 ~10:00-10:15 IST),high,
https://ambimat.com/secure-ota-patch-management-for-iot-best-practices/,internal,"GET (allow_redirects=True, bounded body read)",200,,ok,not_recorded_per_url,raw/site_monitor/site_monitor_reports/per_site/ambimat_com/report_20260731_100005.json,status=200,reachable at crawl time (2026-07-31 ~10:00-10:15 IST),high,
https://ambimat.com/zero-trust-iot-security-for-smart-cities/,internal,"GET (allow_redirects=True, bounded body read)",200,,ok,not_recorded_per_url,raw/site_monitor/site_monitor_reports/per_site/ambimat_com/report_20260731_100005.json,status=200,reachable at crawl time (2026-07-31 ~10:00-10:15 IST),high,
https://ambimat.com/mesh-network-security-hardening-for-iot-zigbee-ble/,internal,"GET (allow_redirects=True, bounded body read)",200,,ok,not_recorded_per_url,raw/site_monitor/site_monitor_reports/per_site/ambimat_com/report_20260731_100005.json,status=200,reachable at crawl time (2026-07-31 ~10:00-10:15 IST),high,
https://ambimat.com/fast-identity-online-fido/,internal,"GET (allow_redirects=True, bounded body read)",200,,ok,not_recorded_per_url,raw/site_monitor/site_monitor_reports/per_site/ambimat_com/report_20260731_100005.json,status=200,reachable at crawl time (2026-07-31 ~10:00-10:15 IST),high,
https://ambimat.com/uvc-based-sanitization-devices-really-effective-against-covid-19/,internal,"GET (allow_redirects=True, bounded body read)",200,,ok,not_recorded_per_url,raw/site_monitor/site_monitor_reports/per_site/ambimat_com/report_20260731_100005.json,status=200,reachable at crawl time (2026-07-31 ~10:00-10:15 IST),high,
https://ambimat.com/cold-chain-logistics/,internal,"GET (allow_redirects=True, bounded body read)",200,,ok,not_recorded_per_url,raw/site_monitor/site_monitor_reports/per_site/ambimat_com/report_20260731_100005.json,status=200,reachable at crawl time (2026-07-31 ~10:00-10:15 IST),high,
https://ambimat.com/an-introduction-to-java-card-technology/,internal,"GET (allow_redirects=True, bounded body read)",200,,ok,not_recorded_per_url,raw/site_monitor/site_monitor_reports/per_site/ambimat_com/report_20260731_100005.json,status=200,reachable at crawl time (2026-07-31 ~10:00-10:15 IST),high,
https://ambimat.com/challenges-to-iot-security-2/,internal,"GET (allow_redirects=True, bounded body read)",200,,ok,not_recorded_per_url,raw/site_monitor/site_monitor_reports/per_site/ambimat_com/report_20260731_100005.json,status=200,reachable at crawl time (2026-07-31 ~10:00-10:15 IST),high,
https://ambimat.com/cellular-network-based-wide-area-networks/,internal,"GET (allow_redirects=True, bounded body read)",200,,ok,not_recorded_per_url,raw/site_monitor/site_monitor_reports/per_site/ambimat_com/report_20260731_100005.json,status=200,reachable at crawl time (2026-07-31 ~10:00-10:15 IST),high,
https://ambimat.com/challenges-to-iot-security/,internal,"GET (allow_redirects=True, bounded body read)",200,,ok,not_recorded_per_url,raw/site_monitor/site_monitor_reports/per_site/ambimat_com/report_20260731_100005.json,status=200,reachable at crawl time (2026-07-31 ~10:00-10:15 IST),high,
https://ambimat.com/is-passwordless-the-future/,internal,"GET (allow_redirects=True, bounded body read)",200,,ok,not_recorded_per_url,raw/site_monitor/site_monitor_reports/per_site/ambimat_com/report_20260731_100005.json,status=200,reachable at crawl time (2026-07-31 ~10:00-10:15 IST),high,
https://ambimat.com/what-is-passwordless-authentication/,internal,"GET (allow_redirects=True, bounded body read)",200,,ok,not_recorded_per_url,raw/site_monitor/site_monitor_reports/per_site/ambimat_com/report_20260731_100005.json,status=200,reachable at crawl time (2026-07-31 ~10:00-10:15 IST),high,
https://ambimat.com/what-is-lpwan-and-types-of-lpwan-network/,internal,"GET (allow_redirects=True, bounded body read)",200,,ok,not_recorded_per_url,raw/site_monitor/site_monitor_reports/per_site/ambimat_com/report_20260731_100005.json,status=200,reachable at crawl time (2026-07-31 ~10:00-10:15 IST),high,
https://ambimat.com/cold-chain-logistics-solutions-benefits/,internal,"GET (allow_redirects=True, bounded body read)",200,,ok,not_recorded_per_url,raw/site_monitor/site_monitor_reports/per_site/ambimat_com/report_20260731_100005.json,status=200,reachable at crawl time (2026-07-31 ~10:00-10:15 IST),high,
https://ambimat.com/credit-card-service-code-chart/,internal,"GET (allow_redirects=True, bounded body read)",200,,ok,not_recorded_per_url,raw/site_monitor/site_monitor_reports/per_site/ambimat_com/report_20260731_100005.json,status=200,reachable at crawl time (2026-07-31 ~10:00-10:15 IST),high,
https://ambimat.com/cardholder-verification-in-emv/,internal,"GET (allow_redirects=True, bounded body read)",200,,ok,not_recorded_per_url,raw/site_monitor/site_monitor_reports/per_site/ambimat_com/report_20260731_100005.json,status=200,reachable at crawl time (2026-07-31 ~10:00-10:15 IST),high,
https://ambimat.com/mifare/,internal,"GET (allow_redirects=True, bounded body read)",200,,ok,not_recorded_per_url,raw/site_monitor/site_monitor_reports/per_site/ambimat_com/report_20260731_100005.json,status=200,reachable at crawl time (2026-07-31 ~10:00-10:15 IST),high,
https://ambimat.com/authorize-net-mpos-mobile-application-vpos-v2-application-tested-devices/,internal,"GET (allow_redirects=True, bounded body read)",200,,ok,not_recorded_per_url,raw/site_monitor/site_monitor_reports/per_site/ambimat_com/report_20260731_100005.json,status=200,reachable at crawl time (2026-07-31 ~10:00-10:15 IST),high,
https://ambimat.com/about/ambimat-history/,internal,"GET (allow_redirects=True, bounded body read)",200,,ok,not_recorded_per_url,raw/site_monitor/site_monitor_reports/per_site/ambimat_com/report_20260731_100005.json,status=200,reachable at crawl time (2026-07-31 ~10:00-10:15 IST),high,
https://ambimat.com/about/about-our-director/,internal,"GET (allow_redirects=True, bounded body read)",200,,ok,not_recorded_per_url,raw/site_monitor/site_monitor_reports/per_site/ambimat_com/report_20260731_100005.json,status=200,reachable at crawl time (2026-07-31 ~10:00-10:15 IST),high,
https://ambimat.com/contact/,internal,"GET (allow_redirects=True, bounded body read)",200,,ok,not_recorded_per_url,raw/site_monitor/site_monitor_reports/per_site/ambimat_com/report_20260731_100005.json,status=200,reachable at crawl time (2026-07-31 ~10:00-10:15 IST),high,
https://ambimat.com/design/design-services/electronic-manufacturing-services-ems-contract-manufacturing/,internal,"GET (allow_redirects=True, bounded body read)",200,,ok,not_recorded_per_url,raw/site_monitor/site_monitor_reports/per_site/ambimat_com/report_20260731_100005.json,status=200,reachable at crawl time (2026-07-31 ~10:00-10:15 IST),high,
https://ambimat.com/design/design-services/embedded-software-services/,internal,"GET (allow_redirects=True, bounded body read)",200,,ok,not_recorded_per_url,raw/site_monitor/site_monitor_reports/per_site/ambimat_com/report_20260731_100005.json,status=200,reachable at crawl time (2026-07-31 ~10:00-10:15 IST),high,
https://ambimat.com/design/design-by-technology/lora-and-sigfox/,internal,"GET (allow_redirects=True, bounded body read)",200,,ok,not_recorded_per_url,raw/site_monitor/site_monitor_reports/per_site/ambimat_com/report_20260731_100005.json,status=200,reachable at crawl time (2026-07-31 ~10:00-10:15 IST),high,
https://ambimat.com/design/design-by-technology/zigbee/,internal,"GET (allow_redirects=True, bounded body read)",200,,ok,not_recorded_per_url,raw/site_monitor/site_monitor_reports/per_site/ambimat_com/report_20260731_100005.json,status=200,reachable at crawl time (2026-07-31 ~10:00-10:15 IST),high,
https://ambimat.com/design/ambi-iot/security/,internal,"GET (allow_redirects=True, bounded body read)",200,,ok,not_recorded_per_url,raw/site_monitor/site_monitor_reports/per_site/ambimat_com/report_20260731_100005.json,status=200,reachable at crawl time (2026-07-31 ~10:00-10:15 IST),high,
https://ambimat.com/design/design-by-technology/machine-2-machine-m2m/,internal,"GET (allow_redirects=True, bounded body read)",200,,ok,not_recorded_per_url,raw/site_monitor/site_monitor_reports/per_site/ambimat_com/report_20260731_100005.json,status=200,reachable at crawl time (2026-07-31 ~10:00-10:15 IST),high,
https://ambimat.com/design/design-services/turn-key-design-and-development-solutions/,internal,"GET (allow_redirects=True, bounded body read)",200,,ok,not_recorded_per_url,raw/site_monitor/site_monitor_reports/per_site/ambimat_com/report_20260731_100005.json,status=200,reachable at crawl time (2026-07-31 ~10:00-10:15 IST),high,
https://ambimat.com/design/design-services/supply-chain-management/,internal,"GET (allow_redirects=True, bounded body read)",200,,ok,not_recorded_per_url,raw/site_monitor/site_monitor_reports/per_site/ambimat_com/report_20260731_100005.json,status=200,reachable at crawl time (2026-07-31 ~10:00-10:15 IST),high,
https://ambimat.com/design/design-services/outsourcing-rd-and-design-partnerships/,internal,"GET (allow_redirects=True, bounded body read)",200,,ok,not_recorded_per_url,raw/site_monitor/site_monitor_reports/per_site/ambimat_com/report_20260731_100005.json,status=200,reachable at crawl time (2026-07-31 ~10:00-10:15 IST),high,
https://ambimat.com/design/design-services/mobile-app-development-and-cloud-computing-services/,internal,"GET (allow_redirects=True, bounded body read)",200,,ok,not_recorded_per_url,raw/site_monitor/site_monitor_reports/per_site/ambimat_com/report_20260731_100005.json,status=200,reachable at crawl time (2026-07-31 ~10:00-10:15 IST),high,
https://ambimat.com/design/design-services/,internal,"GET (allow_redirects=True, bounded body read)",200,,ok,not_recorded_per_url,raw/site_monitor/site_monitor_reports/per_site/ambimat_com/report_20260731_100005.json,status=200,reachable at crawl time (2026-07-31 ~10:00-10:15 IST),high,
https://ambimat.com/design/ambi-iot/sound/,internal,"GET (allow_redirects=True, bounded body read)",200,,ok,not_recorded_per_url,raw/site_monitor/site_monitor_reports/per_site/ambimat_com/report_20260731_100005.json,status=200,reachable at crawl time (2026-07-31 ~10:00-10:15 IST),high,
https://ambimat.com/ambi-space/,internal,"GET (allow_redirects=True, bounded body read)",200,,ok,not_recorded_per_url,raw/site_monitor/site_monitor_reports/per_site/ambimat_com/report_20260731_100005.json,status=200,reachable at crawl time (2026-07-31 ~10:00-10:15 IST),high,
https://ambimat.com/ambi-sense/,internal,"GET (allow_redirects=True, bounded body read)",200,,ok,not_recorded_per_url,raw/site_monitor/site_monitor_reports/per_site/ambimat_com/report_20260731_100005.json,status=200,reachable at crawl time (2026-07-31 ~10:00-10:15 IST),high,
https://ambimat.com/ambi-pay/,internal,"GET (allow_redirects=True, bounded body read)",200,,ok,not_recorded_per_url,raw/site_monitor/site_monitor_reports/per_site/ambimat_com/report_20260731_100005.json,status=200,reachable at crawl time (2026-07-31 ~10:00-10:15 IST),high,
https://ambimat.com/ambi-secure/,internal,"GET (allow_redirects=True, bounded body read)",200,,ok,not_recorded_per_url,raw/site_monitor/site_monitor_reports/per_site/ambimat_com/report_20260731_100005.json,status=200,reachable at crawl time (2026-07-31 ~10:00-10:15 IST),high,
https://ambimat.com/about/,internal,"GET (allow_redirects=True, bounded body read)",200,,ok,not_recorded_per_url,raw/site_monitor/site_monitor_reports/per_site/ambimat_com/report_20260731_100005.json,status=200,reachable at crawl time (2026-07-31 ~10:00-10:15 IST),high,
https://ambimat.com/developer-resources/iso-7816-smart-card-standard/iso-7816-part-1-physical-charcteristics-of-integrated-circuit-cards/,internal,"GET (allow_redirects=True, bounded body read)",200,,ok,not_recorded_per_url,raw/site_monitor/site_monitor_reports/per_site/ambimat_com/report_20260731_100005.json,status=200,reachable at crawl time (2026-07-31 ~10:00-10:15 IST),high,
https://ambimat.com/developer-resources/iso-7816-smart-card-standard/iso-7816-part-2-dimensions-and-location-of-the-contacts/,internal,"GET (allow_redirects=True, bounded body read)",200,,ok,not_recorded_per_url,raw/site_monitor/site_monitor_reports/per_site/ambimat_com/report_20260731_100005.json,status=200,reachable at crawl time (2026-07-31 ~10:00-10:15 IST),high,
https://ambimat.com/developer-resources/iso-7816-smart-card-standard/iso-7816-part-3-electronic-signals-and-transmission-protocols/,internal,"GET (allow_redirects=True, bounded body read)",200,,ok,not_recorded_per_url,raw/site_monitor/site_monitor_reports/per_site/ambimat_com/report_20260731_100005.json,status=200,reachable at crawl time (2026-07-31 ~10:00-10:15 IST),high,
https://ambimat.com/developer-resources/,internal,"GET (allow_redirects=True, bounded body read)",200,,ok,not_recorded_per_url,raw/site_monitor/site_monitor_reports/per_site/ambimat_com/report_20260731_100005.json,status=200,reachable at crawl time (2026-07-31 ~10:00-10:15 IST),high,
https://ambimat.com/developer-resources/knowledge-base-list-of-apdu-responses/,internal,"GET (allow_redirects=True, bounded body read)",200,,ok,not_recorded_per_url,raw/site_monitor/site_monitor_reports/per_site/ambimat_com/report_20260731_100005.json,status=200,reachable at crawl time (2026-07-31 ~10:00-10:15 IST),high,
https://ambimat.com/developer-resources/list-of-application-identifiers-aid/,internal,"GET (allow_redirects=True, bounded body read)",200,,ok,not_recorded_per_url,raw/site_monitor/site_monitor_reports/per_site/ambimat_com/report_20260731_100005.json,status=200,reachable at crawl time (2026-07-31 ~10:00-10:15 IST),high,
https://ambimat.com/developer-resources/iso-7816-smart-card-standard/,internal,"GET (allow_redirects=True, bounded body read)",200,,ok,not_recorded_per_url,raw/site_monitor/site_monitor_reports/per_site/ambimat_com/report_20260731_100005.json,status=200,reachable at crawl time (2026-07-31 ~10:00-10:15 IST),high,
https://ambimat.com/solutions/ambilogistics/,internal,"GET (allow_redirects=True, bounded body read)",200,,ok,not_recorded_per_url,raw/site_monitor/site_monitor_reports/per_site/ambimat_com/report_20260731_100005.json,status=200,reachable at crawl time (2026-07-31 ~10:00-10:15 IST),high,
https://ambimat.com/solutions/,internal,"GET (allow_redirects=True, bounded body read)",200,,ok,not_recorded_per_url,raw/site_monitor/site_monitor_reports/per_site/ambimat_com/report_20260731_100005.json,status=200,reachable at crawl time (2026-07-31 ~10:00-10:15 IST),high,
https://ambimat.com/design/design-by-technology/wifi/,internal,"GET (allow_redirects=True, bounded body read)",200,,ok,not_recorded_per_url,raw/site_monitor/site_monitor_reports/per_site/ambimat_com/report_20260731_100005.json,status=200,reachable at crawl time (2026-07-31 ~10:00-10:15 IST),high,
https://ambimat.com/design/design-by-technology/ethernet/,internal,"GET (allow_redirects=True, bounded body read)",200,,ok,not_recorded_per_url,raw/site_monitor/site_monitor_reports/per_site/ambimat_com/report_20260731_100005.json,status=200,reachable at crawl time (2026-07-31 ~10:00-10:15 IST),high,
https://ambimat.com/design/design-services/flexible-printed-circuit-boards-pcbs/,internal,"GET (allow_redirects=True, bounded body read)",200,,ok,not_recorded_per_url,raw/site_monitor/site_monitor_reports/per_site/ambimat_com/report_20260731_100005.json,status=200,reachable at crawl time (2026-07-31 ~10:00-10:15 IST),high,
https://ambimat.com/design/ambi-iot/smart-homes/,internal,"GET (allow_redirects=True, bounded body read)",200,,ok,not_recorded_per_url,raw/site_monitor/site_monitor_reports/per_site/ambimat_com/report_20260731_100005.json,status=200,reachable at crawl time (2026-07-31 ~10:00-10:15 IST),high,
https://ambimat.com/design/design-by-technology/,internal,"GET (allow_redirects=True, bounded body read)",200,,ok,not_recorded_per_url,raw/site_monitor/site_monitor_reports/per_site/ambimat_com/report_20260731_100005.json,status=200,reachable at crawl time (2026-07-31 ~10:00-10:15 IST),high,
https://ambimat.com/design/design-services/hardware-design-manufacturing-assembly-and-testing/,internal,"GET (allow_redirects=True, bounded body read)",200,,ok,not_recorded_per_url,raw/site_monitor/site_monitor_reports/per_site/ambimat_com/report_20260731_100005.json,status=200,reachable at crawl time (2026-07-31 ~10:00-10:15 IST),high,
https://ambimat.com/about/why-ambimat/,internal,"GET (allow_redirects=True, bounded body read)",200,,ok,not_recorded_per_url,raw/site_monitor/site_monitor_reports/per_site/ambimat_com/report_20260731_100005.json,status=200,reachable at crawl time (2026-07-31 ~10:00-10:15 IST),high,
https://ambimat.com/design/ambi-iot/,internal,"GET (allow_redirects=True, bounded body read)",200,,ok,not_recorded_per_url,raw/site_monitor/site_monitor_reports/per_site/ambimat_com/report_20260731_100005.json,status=200,reachable at crawl time (2026-07-31 ~10:00-10:15 IST),high,
https://ambimat.com/refund-cancellation-policy/,internal,"GET (allow_redirects=True, bounded body read)",200,,ok,not_recorded_per_url,raw/site_monitor/site_monitor_reports/per_site/ambimat_com/report_20260731_100005.json,status=200,reachable at crawl time (2026-07-31 ~10:00-10:15 IST),high,
https://ambimat.com/terms-conditions/,internal,"GET (allow_redirects=True, bounded body read)",200,,ok,not_recorded_per_url,raw/site_monitor/site_monitor_reports/per_site/ambimat_com/report_20260731_100005.json,status=200,reachable at crawl time (2026-07-31 ~10:00-10:15 IST),high,
https://ambimat.com/privacy-policy/,internal,"GET (allow_redirects=True, bounded body read)",200,,ok,not_recorded_per_url,raw/site_monitor/site_monitor_reports/per_site/ambimat_com/report_20260731_100005.json,status=200,reachable at crawl time (2026-07-31 ~10:00-10:15 IST),high,
https://ambimat.com/clients-vendors/,internal,"GET (allow_redirects=True, bounded body read)",200,,ok,not_recorded_per_url,raw/site_monitor/site_monitor_reports/per_site/ambimat_com/report_20260731_100005.json,status=200,reachable at crawl time (2026-07-31 ~10:00-10:15 IST),high,
https://ambimat.com/about/company-overview/,internal,"GET (allow_redirects=True, bounded body read)",200,,ok,not_recorded_per_url,raw/site_monitor/site_monitor_reports/per_site/ambimat_com/report_20260731_100005.json,status=200,reachable at crawl time (2026-07-31 ~10:00-10:15 IST),high,
https://ambimat.com/ambi-power/,internal,"GET (allow_redirects=True, bounded body read)",200,,ok,not_recorded_per_url,raw/site_monitor/site_monitor_reports/per_site/ambimat_com/report_20260731_100005.json,status=200,reachable at crawl time (2026-07-31 ~10:00-10:15 IST),high,
https://ambimat.com/ambi-con/,internal,"GET (allow_redirects=True, bounded body read)",200,,ok,not_recorded_per_url,raw/site_monitor/site_monitor_reports/per_site/ambimat_com/report_20260731_100005.json,status=200,reachable at crawl time (2026-07-31 ~10:00-10:15 IST),high,
https://ambimat.com/careers/,internal,"GET (allow_redirects=True, bounded body read)",200,,ok,not_recorded_per_url,raw/site_monitor/site_monitor_reports/per_site/ambimat_com/report_20260731_100005.json,status=200,reachable at crawl time (2026-07-31 ~10:00-10:15 IST),high,
https://ambimat.com/success-stories/,internal,"GET (allow_redirects=True, bounded body read)",200,,ok,not_recorded_per_url,raw/site_monitor/site_monitor_reports/per_site/ambimat_com/report_20260731_100005.json,status=200,reachable at crawl time (2026-07-31 ~10:00-10:15 IST),high,
https://ambimat.com/design/design-by-technology/nfc-uhf-rfid/,internal,"GET (allow_redirects=True, bounded body read)",200,,ok,not_recorded_per_url,raw/site_monitor/site_monitor_reports/per_site/ambimat_com/report_20260731_100005.json,status=200,reachable at crawl time (2026-07-31 ~10:00-10:15 IST),high,
https://ambimat.com/design/,internal,"GET (allow_redirects=True, bounded body read)",200,,ok,not_recorded_per_url,raw/site_monitor/site_monitor_reports/per_site/ambimat_com/report_20260731_100005.json,status=200,reachable at crawl time (2026-07-31 ~10:00-10:15 IST),high,
https://ambimat.com/timeline/,internal,"GET (allow_redirects=True, bounded body read)",200,,ok,not_recorded_per_url,raw/site_monitor/site_monitor_reports/per_site/ambimat_com/report_20260731_100005.json,status=200,reachable at crawl time (2026-07-31 ~10:00-10:15 IST),high,
https://ambimat.com/design/ambi-iot/smart-watches/,internal,"GET (allow_redirects=True, bounded body read)",200,,ok,not_recorded_per_url,raw/site_monitor/site_monitor_reports/per_site/ambimat_com/report_20260731_100005.json,status=200,reachable at crawl time (2026-07-31 ~10:00-10:15 IST),high,
https://ambimat.com/design/ambi-iot/pubs-and-brewery/,internal,"GET (allow_redirects=True, bounded body read)",200,,ok,not_recorded_per_url,raw/site_monitor/site_monitor_reports/per_site/ambimat_com/report_20260731_100005.json,status=200,reachable at crawl time (2026-07-31 ~10:00-10:15 IST),high,
https://ambimat.com/design/ambi-iot/robotics/,internal,"GET (allow_redirects=True, bounded body read)",200,,ok,not_recorded_per_url,raw/site_monitor/site_monitor_reports/per_site/ambimat_com/report_20260731_100005.json,status=200,reachable at crawl time (2026-07-31 ~10:00-10:15 IST),high,
https://ambimat.com/design/ambi-iot/music/,internal,"GET (allow_redirects=True, bounded body read)",200,,ok,not_recorded_per_url,raw/site_monitor/site_monitor_reports/per_site/ambimat_com/report_20260731_100005.json,status=200,reachable at crawl time (2026-07-31 ~10:00-10:15 IST),high,
https://ambimat.com/design/ambi-iot/medicals/,internal,"GET (allow_redirects=True, bounded body read)",200,,ok,not_recorded_per_url,raw/site_monitor/site_monitor_reports/per_site/ambimat_com/report_20260731_100005.json,status=200,reachable at crawl time (2026-07-31 ~10:00-10:15 IST),high,
https://ambimat.com/design/ambi-iot/retail/,internal,"GET (allow_redirects=True, bounded body read)",200,,ok,not_recorded_per_url,raw/site_monitor/site_monitor_reports/per_site/ambimat_com/report_20260731_100005.json,status=200,reachable at crawl time (2026-07-31 ~10:00-10:15 IST),high,
https://ambimat.com/developer-resources/iso-7816-smart-card-standard/iso-7816-part-4-interindustry-commands-for-interchange/,internal,"GET (allow_redirects=True, bounded body read)",200,,ok,not_recorded_per_url,raw/site_monitor/site_monitor_reports/per_site/ambimat_com/report_20260731_100005.json,status=200,reachable at crawl time (2026-07-31 ~10:00-10:15 IST),high,
https://ambimat.com/smart-card-standard-iso7816-part-4-section-1-scope/,internal,"GET (allow_redirects=True, bounded body read)",200,,ok,not_recorded_per_url,raw/site_monitor/site_monitor_reports/per_site/ambimat_com/report_20260731_100005.json,status=200,reachable at crawl time (2026-07-31 ~10:00-10:15 IST),high,
https://ambimat.com/smart-card-standard-iso7816-part-4-section-2-normative-references/,internal,"GET (allow_redirects=True, bounded body read)",200,,ok,not_recorded_per_url,raw/site_monitor/site_monitor_reports/per_site/ambimat_com/report_20260731_100005.json,status=200,reachable at crawl time (2026-07-31 ~10:00-10:15 IST),high,
https://ambimat.com/smart-card-standard-iso7816-part-4-section-3-definitions/,internal,"GET (allow_redirects=True, bounded body read)",200,,ok,not_recorded_per_url,raw/site_monitor/site_monitor_reports/per_site/ambimat_com/report_20260731_100005.json,status=200,reachable at crawl time (2026-07-31 ~10:00-10:15 IST),high,
https://ambimat.com/smart-card-standard-iso7816-part-4-section-4-abbreviations-and-notation/,internal,"GET (allow_redirects=True, bounded body read)",200,,ok,not_recorded_per_url,raw/site_monitor/site_monitor_reports/per_site/ambimat_com/report_20260731_100005.json,status=200,reachable at crawl time (2026-07-31 ~10:00-10:15 IST),high,
https://ambimat.com/section-6-basic-interindustry-commands/,internal,"GET (allow_redirects=True, bounded body read)",200,,ok,not_recorded_per_url,raw/site_monitor/site_monitor_reports/per_site/ambimat_com/report_20260731_100005.json,status=200,reachable at crawl time (2026-07-31 ~10:00-10:15 IST),high,
https://ambimat.com/section-7-transmission-oriented-interindustry-commands/,internal,"GET (allow_redirects=True, bounded body read)",200,,ok,not_recorded_per_url,raw/site_monitor/site_monitor_reports/per_site/ambimat_com/report_20260731_100005.json,status=200,reachable at crawl time (2026-07-31 ~10:00-10:15 IST),high,
https://ambimat.com/section-8-historical-bytes/,internal,"GET (allow_redirects=True, bounded body read)",200,,ok,not_recorded_per_url,raw/site_monitor/site_monitor_reports/per_site/ambimat_com/report_20260731_100005.json,status=200,reachable at crawl time (2026-07-31 ~10:00-10:15 IST),high,
https://ambimat.com/section-9-application-independent-card-services/,internal,"GET (allow_redirects=True, bounded body read)",200,,ok,not_recorded_per_url,raw/site_monitor/site_monitor_reports/per_site/ambimat_com/report_20260731_100005.json,status=200,reachable at crawl time (2026-07-31 ~10:00-10:15 IST),high,
https://ambimat.com/annex-a-transportation-of-apdu-messages-by-t0/,internal,"GET (allow_redirects=True, bounded body read)",200,,ok,not_recorded_per_url,raw/site_monitor/site_monitor_reports/per_site/ambimat_com/report_20260731_100005.json,status=200,reachable at crawl time (2026-07-31 ~10:00-10:15 IST),high,
https://ambimat.com/annex-b-transportation-of-apdu-messages-by-t1/,internal,"GET (allow_redirects=True, bounded body read)",200,,ok,not_recorded_per_url,raw/site_monitor/site_monitor_reports/per_site/ambimat_com/report_20260731_100005.json,status=200,reachable at crawl time (2026-07-31 ~10:00-10:15 IST),high,
https://ambimat.com/iso7816-4-annex-c-record-pointer-management/,internal,"GET (allow_redirects=True, bounded body read)",200,,ok,not_recorded_per_url,raw/site_monitor/site_monitor_reports/per_site/ambimat_com/report_20260731_100005.json,status=200,reachable at crawl time (2026-07-31 ~10:00-10:15 IST),high,
https://ambimat.com/annex-d-use-of-basic-encoding-rules-asn-1/,internal,"GET (allow_redirects=True, bounded body read)",200,,ok,not_recorded_per_url,raw/site_monitor/site_monitor_reports/per_site/ambimat_com/report_20260731_100005.json,status=200,reachable at crawl time (2026-07-31 ~10:00-10:15 IST),high,
https://ambimat.com/iso-7816-4-annex-e-examples-of-card-profiles/,internal,"GET (allow_redirects=True, bounded body read)",200,,ok,not_recorded_per_url,raw/site_monitor/site_monitor_reports/per_site/ambimat_com/report_20260731_100005.json,status=200,reachable at crawl time (2026-07-31 ~10:00-10:15 IST),high,
https://ambimat.com/iso-7816-4-annex-f-use-of-secure-messaging/,internal,"GET (allow_redirects=True, bounded body read)",200,,ok,not_recorded_per_url,raw/site_monitor/site_monitor_reports/per_site/ambimat_com/report_20260731_100005.json,status=200,reachable at crawl time (2026-07-31 ~10:00-10:15 IST),high,
https://ambimat.com/by-industry/,internal,"GET (allow_redirects=True, bounded body read)",200,,ok,not_recorded_per_url,raw/site_monitor/site_monitor_reports/per_site/ambimat_com/report_20260731_100005.json,status=200,reachable at crawl time (2026-07-31 ~10:00-10:15 IST),high,
https://ambimat.com/by-technologies/,internal,"GET (allow_redirects=True, bounded body read)",200,,ok,not_recorded_per_url,raw/site_monitor/site_monitor_reports/per_site/ambimat_com/report_20260731_100005.json,status=200,reachable at crawl time (2026-07-31 ~10:00-10:15 IST),high,
https://ambimat.com/section-5-basic-organizations/,internal,"GET (allow_redirects=True, bounded body read)",200,,ok,not_recorded_per_url,raw/site_monitor/site_monitor_reports/per_site/ambimat_com/report_20260731_100005.json,status=200,reachable at crawl time (2026-07-31 ~10:00-10:15 IST),high,
https://ambimat.com/f1tenth/,internal,"GET (allow_redirects=True, bounded body read)",200,,ok,not_recorded_per_url,raw/site_monitor/site_monitor_reports/per_site/ambimat_com/report_20260731_100005.json,status=200,reachable at crawl time (2026-07-31 ~10:00-10:15 IST),high,
https://ambimat.com/timeline/1987/,internal,"GET (allow_redirects=True, bounded body read)",200,,ok,not_recorded_per_url,raw/site_monitor/site_monitor_reports/per_site/ambimat_com/report_20260731_100005.json,status=200,reachable at crawl time (2026-07-31 ~10:00-10:15 IST),high,
https://ambimat.com/timeline/1990/,internal,"GET (allow_redirects=True, bounded body read)",200,,ok,not_recorded_per_url,raw/site_monitor/site_monitor_reports/per_site/ambimat_com/report_20260731_100005.json,status=200,reachable at crawl time (2026-07-31 ~10:00-10:15 IST),high,
https://ambimat.com/timeline/2008/,internal,"GET (allow_redirects=True, bounded body read)",200,,ok,not_recorded_per_url,raw/site_monitor/site_monitor_reports/per_site/ambimat_com/report_20260731_100005.json,status=200,reachable at crawl time (2026-07-31 ~10:00-10:15 IST),high,
https://ambimat.com/timeline/2015/,internal,"GET (allow_redirects=True, bounded body read)",200,,ok,not_recorded_per_url,raw/site_monitor/site_monitor_reports/per_site/ambimat_com/report_20260731_100005.json,status=200,reachable at crawl time (2026-07-31 ~10:00-10:15 IST),high,
https://ambimat.com/timeline/1981/,internal,"GET (allow_redirects=True, bounded body read)",200,,ok,not_recorded_per_url,raw/site_monitor/site_monitor_reports/per_site/ambimat_com/report_20260731_100005.json,status=200,reachable at crawl time (2026-07-31 ~10:00-10:15 IST),high,
https://ambimat.com/timeline/1982/,internal,"GET (allow_redirects=True, bounded body read)",200,,ok,not_recorded_per_url,raw/site_monitor/site_monitor_reports/per_site/ambimat_com/report_20260731_100005.json,status=200,reachable at crawl time (2026-07-31 ~10:00-10:15 IST),high,
https://ambimat.com/timeline/1983/,internal,"GET (allow_redirects=True, bounded body read)",200,,ok,not_recorded_per_url,raw/site_monitor/site_monitor_reports/per_site/ambimat_com/report_20260731_100005.json,status=200,reachable at crawl time (2026-07-31 ~10:00-10:15 IST),high,
https://ambimat.com/timeline/1984/,internal,"GET (allow_redirects=True, bounded body read)",200,,ok,not_recorded_per_url,raw/site_monitor/site_monitor_reports/per_site/ambimat_com/report_20260731_100005.json,status=200,reachable at crawl time (2026-07-31 ~10:00-10:15 IST),high,
https://ambimat.com/timeline/1986/,internal,"GET (allow_redirects=True, bounded body read)",200,,ok,not_recorded_per_url,raw/site_monitor/site_monitor_reports/per_site/ambimat_com/report_20260731_100005.json,status=200,reachable at crawl time (2026-07-31 ~10:00-10:15 IST),high,
https://ambimat.com/timeline/1988/,internal,"GET (allow_redirects=True, bounded body read)",200,,ok,not_recorded_per_url,raw/site_monitor/site_monitor_reports/per_site/ambimat_com/report_20260731_100005.json,status=200,reachable at crawl time (2026-07-31 ~10:00-10:15 IST),high,
https://ambimat.com/timeline/1989/,internal,"GET (allow_redirects=True, bounded body read)",200,,ok,not_recorded_per_url,raw/site_monitor/site_monitor_reports/per_site/ambimat_com/report_20260731_100005.json,status=200,reachable at crawl time (2026-07-31 ~10:00-10:15 IST),high,
https://ambimat.com/timeline/1992/,internal,"GET (allow_redirects=True, bounded body read)",200,,ok,not_recorded_per_url,raw/site_monitor/site_monitor_reports/per_site/ambimat_com/report_20260731_100005.json,status=200,reachable at crawl time (2026-07-31 ~10:00-10:15 IST),high,
https://ambimat.com/timeline/1993/,internal,"GET (allow_redirects=True, bounded body read)",200,,ok,not_recorded_per_url,raw/site_monitor/site_monitor_reports/per_site/ambimat_com/report_20260731_100005.json,status=200,reachable at crawl time (2026-07-31 ~10:00-10:15 IST),high,
https://ambimat.com/timeline/1994/,internal,"GET (allow_redirects=True, bounded body read)",200,,ok,not_recorded_per_url,raw/site_monitor/site_monitor_reports/per_site/ambimat_com/report_20260731_100005.json,status=200,reachable at crawl time (2026-07-31 ~10:00-10:15 IST),high,
https://ambimat.com/timeline/1995/,internal,"GET (allow_redirects=True, bounded body read)",200,,ok,not_recorded_per_url,raw/site_monitor/site_monitor_reports/per_site/ambimat_com/report_20260731_100005.json,status=200,reachable at crawl time (2026-07-31 ~10:00-10:15 IST),high,
https://ambimat.com/timeline/2000/,internal,"GET (allow_redirects=True, bounded body read)",200,,ok,not_recorded_per_url,raw/site_monitor/site_monitor_reports/per_site/ambimat_com/report_20260731_100005.json,status=200,reachable at crawl time (2026-07-31 ~10:00-10:15 IST),high,
https://ambimat.com/timeline/2002/,internal,"GET (allow_redirects=True, bounded body read)",200,,ok,not_recorded_per_url,raw/site_monitor/site_monitor_reports/per_site/ambimat_com/report_20260731_100005.json,status=200,reachable at crawl time (2026-07-31 ~10:00-10:15 IST),high,
https://ambimat.com/timeline/2005/,internal,"GET (allow_redirects=True, bounded body read)",200,,ok,not_recorded_per_url,raw/site_monitor/site_monitor_reports/per_site/ambimat_com/report_20260731_100005.json,status=200,reachable at crawl time (2026-07-31 ~10:00-10:15 IST),high,
https://ambimat.com/timeline/2010/,internal,"GET (allow_redirects=True, bounded body read)",200,,ok,not_recorded_per_url,raw/site_monitor/site_monitor_reports/per_site/ambimat_com/report_20260731_100005.json,status=200,reachable at crawl time (2026-07-31 ~10:00-10:15 IST),high,
https://ambimat.com/timeline/2013/,internal,"GET (allow_redirects=True, bounded body read)",200,,ok,not_recorded_per_url,raw/site_monitor/site_monitor_reports/per_site/ambimat_com/report_20260731_100005.json,status=200,reachable at crawl time (2026-07-31 ~10:00-10:15 IST),high,
https://ambimat.com/timeline/2018/,internal,"GET (allow_redirects=True, bounded body read)",200,,ok,not_recorded_per_url,raw/site_monitor/site_monitor_reports/per_site/ambimat_com/report_20260731_100005.json,status=200,reachable at crawl time (2026-07-31 ~10:00-10:15 IST),high,
https://ambimat.com/timeline/2019/,internal,"GET (allow_redirects=True, bounded body read)",200,,ok,not_recorded_per_url,raw/site_monitor/site_monitor_reports/per_site/ambimat_com/report_20260731_100005.json,status=200,reachable at crawl time (2026-07-31 ~10:00-10:15 IST),high,
https://ambimat.com/timeline/2017/,internal,"GET (allow_redirects=True, bounded body read)",200,,ok,not_recorded_per_url,raw/site_monitor/site_monitor_reports/per_site/ambimat_com/report_20260731_100005.json,status=200,reachable at crawl time (2026-07-31 ~10:00-10:15 IST),high,
https://ambimat.com/timeline/2016/,internal,"GET (allow_redirects=True, bounded body read)",200,,ok,not_recorded_per_url,raw/site_monitor/site_monitor_reports/per_site/ambimat_com/report_20260731_100005.json,status=200,reachable at crawl time (2026-07-31 ~10:00-10:15 IST),high,
https://ambimat.com/timeline/2014/,internal,"GET (allow_redirects=True, bounded body read)",200,,ok,not_recorded_per_url,raw/site_monitor/site_monitor_reports/per_site/ambimat_com/report_20260731_100005.json,status=200,reachable at crawl time (2026-07-31 ~10:00-10:15 IST),high,
https://ambimat.com/timeline/2011/,internal,"GET (allow_redirects=True, bounded body read)",200,,ok,not_recorded_per_url,raw/site_monitor/site_monitor_reports/per_site/ambimat_com/report_20260731_100005.json,status=200,reachable at crawl time (2026-07-31 ~10:00-10:15 IST),high,
https://ambimat.com/timeline/2020/,internal,"GET (allow_redirects=True, bounded body read)",200,,ok,not_recorded_per_url,raw/site_monitor/site_monitor_reports/per_site/ambimat_com/report_20260731_100005.json,status=200,reachable at crawl time (2026-07-31 ~10:00-10:15 IST),high,
https://ambimat.com/success-stories/hvac-systems/,internal,"GET (allow_redirects=True, bounded body read)",200,,ok,not_recorded_per_url,raw/site_monitor/site_monitor_reports/per_site/ambimat_com/report_20260731_100005.json,status=200,reachable at crawl time (2026-07-31 ~10:00-10:15 IST),high,
https://ambimat.com/success-stories/manufacturing/,internal,"GET (allow_redirects=True, bounded body read)",200,,ok,not_recorded_per_url,raw/site_monitor/site_monitor_reports/per_site/ambimat_com/report_20260731_100005.json,status=200,reachable at crawl time (2026-07-31 ~10:00-10:15 IST),high,
https://ambimat.com/success-stories/power-grid-and-utilities/,internal,"GET (allow_redirects=True, bounded body read)",200,,ok,not_recorded_per_url,raw/site_monitor/site_monitor_reports/per_site/ambimat_com/report_20260731_100005.json,status=200,reachable at crawl time (2026-07-31 ~10:00-10:15 IST),high,
https://ambimat.com/success-stories/education-microprocessor-trainer-i-f-board/,internal,"GET (allow_redirects=True, bounded body read)",200,,ok,not_recorded_per_url,raw/site_monitor/site_monitor_reports/per_site/ambimat_com/report_20260731_100005.json,status=200,reachable at crawl time (2026-07-31 ~10:00-10:15 IST),high,
https://ambimat.com/category/general/,internal,"GET (allow_redirects=True, bounded body read)",200,,ok,not_recorded_per_url,raw/site_monitor/site_monitor_reports/per_site/ambimat_com/report_20260731_100005.json,status=200,reachable at crawl time (2026-07-31 ~10:00-10:15 IST),high,"robots_meta=noindex, follow"
https://ambimat.com/category/uncategorized/,internal,"GET (allow_redirects=True, bounded body read)",200,,ok,not_recorded_per_url,raw/site_monitor/site_monitor_reports/per_site/ambimat_com/report_20260731_100005.json,status=200,reachable at crawl time (2026-07-31 ~10:00-10:15 IST),high,
https://ambimat.com/categories/ambi-space/,internal,"GET (allow_redirects=True, bounded body read)",200,,ok,not_recorded_per_url,raw/site_monitor/site_monitor_reports/per_site/ambimat_com/report_20260731_100005.json,status=200,reachable at crawl time (2026-07-31 ~10:00-10:15 IST),high,
https://ambimat.com/categories/ambi-secure/,internal,"GET (allow_redirects=True, bounded body read)",200,,ok,not_recorded_per_url,raw/site_monitor/site_monitor_reports/per_site/ambimat_com/report_20260731_100005.json,status=200,reachable at crawl time (2026-07-31 ~10:00-10:15 IST),high,
https://ambimat.com/design/ambi-iot/pubs-and-brewery,internal,"GET (allow_redirects=True, bounded body read)",200,,ok,not_recorded_per_url,raw/site_monitor/site_monitor_reports/per_site/ambimat_com/report_20260731_100005.json,status=200,reachable at crawl time (2026-07-31 ~10:00-10:15 IST),high,
https://ambimat.com,internal,"GET (allow_redirects=True, bounded body read)",200,,ok,not_recorded_per_url,raw/site_monitor/site_monitor_reports/per_site/ambimat_com/report_20260731_100005.json,status=200,reachable at crawl time (2026-07-31 ~10:00-10:15 IST),high,
https://ambimat.com/design/ambi-iot/smart-watches,internal,"GET (allow_redirects=True, bounded body read)",200,,ok,not_recorded_per_url,raw/site_monitor/site_monitor_reports/per_site/ambimat_com/report_20260731_100005.json,status=200,reachable at crawl time (2026-07-31 ~10:00-10:15 IST),high,
https://ambimat.com/categories/ambi-pay/,internal,"GET (allow_redirects=True, bounded body read)",200,,ok,not_recorded_per_url,raw/site_monitor/site_monitor_reports/per_site/ambimat_com/report_20260731_100005.json,status=200,reachable at crawl time (2026-07-31 ~10:00-10:15 IST),high,
https://ambimat.com/categories/ambi-sense/,internal,"GET (allow_redirects=True, bounded body read)",200,,ok,not_recorded_per_url,raw/site_monitor/site_monitor_reports/per_site/ambimat_com/report_20260731_100005.json,status=200,reachable at crawl time (2026-07-31 ~10:00-10:15 IST),high,
https://ambimat.com/for-developer/blogs/page/2/,internal,"GET (allow_redirects=True, bounded body read)",200,,ok,not_recorded_per_url,raw/site_monitor/site_monitor_reports/per_site/ambimat_com/report_20260731_100005.json,status=200,reachable at crawl time (2026-07-31 ~10:00-10:15 IST),high,
https://ambimat.com/for-developer/blogs/page/10/,internal,"GET (allow_redirects=True, bounded body read)",200,,ok,not_recorded_per_url,raw/site_monitor/site_monitor_reports/per_site/ambimat_com/report_20260731_100005.json,status=200,reachable at crawl time (2026-07-31 ~10:00-10:15 IST),high,
https://ambimat.com/tag/ambipay/,internal,"GET (allow_redirects=True, bounded body read)",200,,ok,not_recorded_per_url,raw/site_monitor/site_monitor_reports/per_site/ambimat_com/report_20260731_100005.json,status=200,reachable at crawl time (2026-07-31 ~10:00-10:15 IST),high,
https://ambimat.com/tag/automatic-fare-collection/,internal,"GET (allow_redirects=True, bounded body read)",200,,ok,not_recorded_per_url,raw/site_monitor/site_monitor_reports/per_site/ambimat_com/report_20260731_100005.json,status=200,reachable at crawl time (2026-07-31 ~10:00-10:15 IST),high,
https://ambimat.com/tag/afc/,internal,"GET (allow_redirects=True, bounded body read)",200,,ok,not_recorded_per_url,raw/site_monitor/site_monitor_reports/per_site/ambimat_com/report_20260731_100005.json,status=200,reachable at crawl time (2026-07-31 ~10:00-10:15 IST),high,
https://ambimat.com/categories/ambi-automation/,internal,"GET (allow_redirects=True, bounded body read)",200,,ok,not_recorded_per_url,raw/site_monitor/site_monitor_reports/per_site/ambimat_com/report_20260731_100005.json,status=200,reachable at crawl time (2026-07-31 ~10:00-10:15 IST),high,
https://ambimat.com/tag/payments/,internal,"GET (allow_redirects=True, bounded body read)",200,,ok,not_recorded_per_url,raw/site_monitor/site_monitor_reports/per_site/ambimat_com/report_20260731_100005.json,status=200,reachable at crawl time (2026-07-31 ~10:00-10:15 IST),high,
https://ambimat.com/categories/ambi-con/,internal,"GET (allow_redirects=True, bounded body read)",200,,ok,not_recorded_per_url,raw/site_monitor/site_monitor_reports/per_site/ambimat_com/report_20260731_100005.json,status=200,reachable at crawl time (2026-07-31 ~10:00-10:15 IST),high,
https://ambimat.com/tag/covid-19/,internal,"GET (allow_redirects=True, bounded body read)",200,,ok,not_recorded_per_url,raw/site_monitor/site_monitor_reports/per_site/ambimat_com/report_20260731_100005.json,status=200,reachable at crawl time (2026-07-31 ~10:00-10:15 IST),high,
https://ambimat.com/tag/zoom-fatigue/,internal,"GET (allow_redirects=True, bounded body read)",200,,ok,not_recorded_per_url,raw/site_monitor/site_monitor_reports/per_site/ambimat_com/report_20260731_100005.json,status=200,reachable at crawl time (2026-07-31 ~10:00-10:15 IST),high,
https://ambimat.com/tag/datasecurity/,internal,"GET (allow_redirects=True, bounded body read)",200,,ok,not_recorded_per_url,raw/site_monitor/site_monitor_reports/per_site/ambimat_com/report_20260731_100005.json,status=200,reachable at crawl time (2026-07-31 ~10:00-10:15 IST),high,
https://ambimat.com/tag/gdpr/,internal,"GET (allow_redirects=True, bounded body read)",200,,ok,not_recorded_per_url,raw/site_monitor/site_monitor_reports/per_site/ambimat_com/report_20260731_100005.json,status=200,reachable at crawl time (2026-07-31 ~10:00-10:15 IST),high,
https://ambimat.com/tag/smart-solution/,internal,"GET (allow_redirects=True, bounded body read)",200,,ok,not_recorded_per_url,raw/site_monitor/site_monitor_reports/per_site/ambimat_com/report_20260731_100005.json,status=200,reachable at crawl time (2026-07-31 ~10:00-10:15 IST),high,
https://ambimat.com/tag/security/,internal,"GET (allow_redirects=True, bounded body read)",200,,ok,not_recorded_per_url,raw/site_monitor/site_monitor_reports/per_site/ambimat_com/report_20260731_100005.json,status=200,reachable at crawl time (2026-07-31 ~10:00-10:15 IST),high,
https://ambimat.com/tag/privacy/,internal,"GET (allow_redirects=True, bounded body read)",200,,ok,not_recorded_per_url,raw/site_monitor/site_monitor_reports/per_site/ambimat_com/report_20260731_100005.json,status=200,reachable at crawl time (2026-07-31 ~10:00-10:15 IST),high,
https://ambimat.com/tag/password/,internal,"GET (allow_redirects=True, bounded body read)",200,,ok,not_recorded_per_url,raw/site_monitor/site_monitor_reports/per_site/ambimat_com/report_20260731_100005.json,status=200,reachable at crawl time (2026-07-31 ~10:00-10:15 IST),high,
https://ambimat.com/tag/biometric/,internal,"GET (allow_redirects=True, bounded body read)",200,,ok,not_recorded_per_url,raw/site_monitor/site_monitor_reports/per_site/ambimat_com/report_20260731_100005.json,status=200,reachable at crawl time (2026-07-31 ~10:00-10:15 IST),high,
https://ambimat.com/tag/data/,internal,"GET (allow_redirects=True, bounded body read)",200,,ok,not_recorded_per_url,raw/site_monitor/site_monitor_reports/per_site/ambimat_com/report_20260731_100005.json,status=200,reachable at crawl time (2026-07-31 ~10:00-10:15 IST),high,
https://ambimat.com/tag/pin/,internal,"GET (allow_redirects=True, bounded body read)",200,,ok,not_recorded_per_url,raw/site_monitor/site_monitor_reports/per_site/ambimat_com/report_20260731_100005.json,status=200,reachable at crawl time (2026-07-31 ~10:00-10:15 IST),high,
https://ambimat.com/tag/ambisecure/,internal,"GET (allow_redirects=True, bounded body read)",200,,ok,not_recorded_per_url,raw/site_monitor/site_monitor_reports/per_site/ambimat_com/report_20260731_100005.json,status=200,reachable at crawl time (2026-07-31 ~10:00-10:15 IST),high,
https://ambimat.com/tag/iiot/,internal,"GET (allow_redirects=True, bounded body read)",200,,ok,not_recorded_per_url,raw/site_monitor/site_monitor_reports/per_site/ambimat_com/report_20260731_100005.json,status=200,reachable at crawl time (2026-07-31 ~10:00-10:15 IST),high,
https://ambimat.com/tag/iot/,internal,"GET (allow_redirects=True, bounded body read)",200,,ok,not_recorded_per_url,raw/site_monitor/site_monitor_reports/per_site/ambimat_com/report_20260731_100005.json,status=200,reachable at crawl time (2026-07-31 ~10:00-10:15 IST),high,
https://ambimat.com/tag/industrialiot/,internal,"GET (allow_redirects=True, bounded body read)",200,,ok,not_recorded_per_url,raw/site_monitor/site_monitor_reports/per_site/ambimat_com/report_20260731_100005.json,status=200,reachable at crawl time (2026-07-31 ~10:00-10:15 IST),high,
https://ambimat.com/tag/internetofthings/,internal,"GET (allow_redirects=True, bounded body read)",200,,ok,not_recorded_per_url,raw/site_monitor/site_monitor_reports/per_site/ambimat_com/report_20260731_100005.json,status=200,reachable at crawl time (2026-07-31 ~10:00-10:15 IST),high,
https://ambimat.com/tag/iotsecurity/,internal,"GET (allow_redirects=True, bounded body read)",200,,ok,not_recorded_per_url,raw/site_monitor/site_monitor_reports/per_site/ambimat_com/report_20260731_100005.json,status=200,reachable at crawl time (2026-07-31 ~10:00-10:15 IST),high,
https://ambimat.com/tag/telecommunications/,internal,"GET (allow_redirects=True, bounded body read)",200,,ok,not_recorded_per_url,raw/site_monitor/site_monitor_reports/per_site/ambimat_com/report_20260731_100005.json,status=200,reachable at crawl time (2026-07-31 ~10:00-10:15 IST),high,
https://ambimat.com/tag/urban-ticketing/,internal,"GET (allow_redirects=True, bounded body read)",200,,ok,not_recorded_per_url,raw/site_monitor/site_monitor_reports/per_site/ambimat_com/report_20260731_100005.json,status=200,reachable at crawl time (2026-07-31 ~10:00-10:15 IST),high,
https://ambimat.com/tag/national-common-mobility-card-ncmc/,internal,"GET (allow_redirects=True, bounded body read)",200,,ok,not_recorded_per_url,raw/site_monitor/site_monitor_reports/per_site/ambimat_com/report_20260731_100005.json,status=200,reachable at crawl time (2026-07-31 ~10:00-10:15 IST),high,
https://ambimat.com/tag/digital-payment/,internal,"GET (allow_redirects=True, bounded body read)",200,,ok,not_recorded_per_url,raw/site_monitor/site_monitor_reports/per_site/ambimat_com/report_20260731_100005.json,status=200,reachable at crawl time (2026-07-31 ~10:00-10:15 IST),high,
https://ambimat.com/tag/smart-card/,internal,"GET (allow_redirects=True, bounded body read)",200,,ok,not_recorded_per_url,raw/site_monitor/site_monitor_reports/per_site/ambimat_com/report_20260731_100005.json,status=200,reachable at crawl time (2026-07-31 ~10:00-10:15 IST),high,
https://ambimat.com/tag/public-transport-system/,internal,"GET (allow_redirects=True, bounded body read)",200,,ok,not_recorded_per_url,raw/site_monitor/site_monitor_reports/per_site/ambimat_com/report_20260731_100005.json,status=200,reachable at crawl time (2026-07-31 ~10:00-10:15 IST),high,
https://ambimat.com/tag/metro/,internal,"GET (allow_redirects=True, bounded body read)",200,,ok,not_recorded_per_url,raw/site_monitor/site_monitor_reports/per_site/ambimat_com/report_20260731_100005.json,status=200,reachable at crawl time (2026-07-31 ~10:00-10:15 IST),high,
https://ambimat.com/tag/urban-ticketing-system/,internal,"GET (allow_redirects=True, bounded body read)",200,,ok,not_recorded_per_url,raw/site_monitor/site_monitor_reports/per_site/ambimat_com/report_20260731_100005.json,status=200,reachable at crawl time (2026-07-31 ~10:00-10:15 IST),high,
https://ambimat.com/tag/fare-collection-systems/,internal,"GET (allow_redirects=True, bounded body read)",200,,ok,not_recorded_per_url,raw/site_monitor/site_monitor_reports/per_site/ambimat_com/report_20260731_100005.json,status=200,reachable at crawl time (2026-07-31 ~10:00-10:15 IST),high,
https://ambimat.com/tag/smart-ticket-solutions/,internal,"GET (allow_redirects=True, bounded body read)",200,,ok,not_recorded_per_url,raw/site_monitor/site_monitor_reports/per_site/ambimat_com/report_20260731_100005.json,status=200,reachable at crawl time (2026-07-31 ~10:00-10:15 IST),high,
https://ambimat.com/tag/smart-city/,internal,"GET (allow_redirects=True, bounded body read)",200,,ok,not_recorded_per_url,raw/site_monitor/site_monitor_reports/per_site/ambimat_com/report_20260731_100005.json,status=200,reachable at crawl time (2026-07-31 ~10:00-10:15 IST),high,
https://ambimat.com/tag/led/,internal,"GET (allow_redirects=True, bounded body read)",200,,ok,not_recorded_per_url,raw/site_monitor/site_monitor_reports/per_site/ambimat_com/report_20260731_100005.json,status=200,reachable at crawl time (2026-07-31 ~10:00-10:15 IST),high,
https://ambimat.com/tag/internet-of-things/,internal,"GET (allow_redirects=True, bounded body read)",200,,ok,not_recorded_per_url,raw/site_monitor/site_monitor_reports/per_site/ambimat_com/report_20260731_100005.json,status=200,reachable at crawl time (2026-07-31 ~10:00-10:15 IST),high,
https://ambimat.com/tag/iot-security/,internal,"GET (allow_redirects=True, bounded body read)",200,,ok,not_recorded_per_url,raw/site_monitor/site_monitor_reports/per_site/ambimat_com/report_20260731_100005.json,status=200,reachable at crawl time (2026-07-31 ~10:00-10:15 IST),high,
https://ambimat.com/tag/street-lighting/,internal,"GET (allow_redirects=True, bounded body read)",200,,ok,not_recorded_per_url,raw/site_monitor/site_monitor_reports/per_site/ambimat_com/report_20260731_100005.json,status=200,reachable at crawl time (2026-07-31 ~10:00-10:15 IST),high,
https://ambimat.com/tag/lora/,internal,"GET (allow_redirects=True, bounded body read)",200,,ok,not_recorded_per_url,raw/site_monitor/site_monitor_reports/per_site/ambimat_com/report_20260731_100005.json,status=200,reachable at crawl time (2026-07-31 ~10:00-10:15 IST),high,
https://ambimat.com/tag/ambiiotsecurity/,internal,"GET (allow_redirects=True, bounded body read)",200,,ok,not_recorded_per_url,raw/site_monitor/site_monitor_reports/per_site/ambimat_com/report_20260731_100005.json,status=200,reachable at crawl time (2026-07-31 ~10:00-10:15 IST),high,
https://ambimat.com/what-is-lpwan-and-types-of-lpwan-network,internal,"GET (allow_redirects=True, bounded body read)",200,,ok,not_recorded_per_url,raw/site_monitor/site_monitor_reports/per_site/ambimat_com/report_20260731_100005.json,status=200,reachable at crawl time (2026-07-31 ~10:00-10:15 IST),high,
https://ambimat.com/tag/lorawan/,internal,"GET (allow_redirects=True, bounded body read)",200,,ok,not_recorded_per_url,raw/site_monitor/site_monitor_reports/per_site/ambimat_com/report_20260731_100005.json,status=200,reachable at crawl time (2026-07-31 ~10:00-10:15 IST),high,
https://ambimat.com/tag/sigfox/,internal,"GET (allow_redirects=True, bounded body read)",200,,ok,not_recorded_per_url,raw/site_monitor/site_monitor_reports/per_site/ambimat_com/report_20260731_100005.json,status=200,reachable at crawl time (2026-07-31 ~10:00-10:15 IST),high,
https://ambimat.com/tag/google/,internal,"GET (allow_redirects=True, bounded body read)",200,,ok,not_recorded_per_url,raw/site_monitor/site_monitor_reports/per_site/ambimat_com/report_20260731_100005.json,status=200,reachable at crawl time (2026-07-31 ~10:00-10:15 IST),high,
https://ambimat.com/tag/material-design/,internal,"GET (allow_redirects=True, bounded body read)",200,,ok,not_recorded_per_url,raw/site_monitor/site_monitor_reports/per_site/ambimat_com/report_20260731_100005.json,status=200,reachable at crawl time (2026-07-31 ~10:00-10:15 IST),high,
https://ambimat.com/tag/general/,internal,"GET (allow_redirects=True, bounded body read)",200,,ok,not_recorded_per_url,raw/site_monitor/site_monitor_reports/per_site/ambimat_com/report_20260731_100005.json,status=200,reachable at crawl time (2026-07-31 ~10:00-10:15 IST),high,
https://ambimat.com/tag/digicorp/,internal,"GET (allow_redirects=True, bounded body read)",200,,ok,not_recorded_per_url,raw/site_monitor/site_monitor_reports/per_site/ambimat_com/report_20260731_100005.json,status=200,reachable at crawl time (2026-07-31 ~10:00-10:15 IST),high,
https://ambimat.com/tag/fintech/,internal,"GET (allow_redirects=True, bounded body read)",200,,ok,not_recorded_per_url,raw/site_monitor/site_monitor_reports/per_site/ambimat_com/report_20260731_100005.json,status=200,reachable at crawl time (2026-07-31 ~10:00-10:15 IST),high,
https://ambimat.com/tag/payment-processing/,internal,"GET (allow_redirects=True, bounded body read)",200,,ok,not_recorded_per_url,raw/site_monitor/site_monitor_reports/per_site/ambimat_com/report_20260731_100005.json,status=200,reachable at crawl time (2026-07-31 ~10:00-10:15 IST),high,
https://ambimat.com/tag/payment/,internal,"GET (allow_redirects=True, bounded body read)",200,,ok,not_recorded_per_url,raw/site_monitor/site_monitor_reports/per_site/ambimat_com/report_20260731_100005.json,status=200,reachable at crawl time (2026-07-31 ~10:00-10:15 IST),high,
https://ambimat.com/tag/smartcity/,internal,"GET (allow_redirects=True, bounded body read)",200,,ok,not_recorded_per_url,raw/site_monitor/site_monitor_reports/per_site/ambimat_com/report_20260731_100005.json,status=200,reachable at crawl time (2026-07-31 ~10:00-10:15 IST),high,
https://ambimat.com/tag/e-passport/,internal,"GET (allow_redirects=True, bounded body read)",200,,ok,not_recorded_per_url,raw/site_monitor/site_monitor_reports/per_site/ambimat_com/report_20260731_100005.json,status=200,reachable at crawl time (2026-07-31 ~10:00-10:15 IST),high,
https://ambimat.com/tag/secure/,internal,"GET (allow_redirects=True, bounded body read)",200,,ok,not_recorded_per_url,raw/site_monitor/site_monitor_reports/per_site/ambimat_com/report_20260731_100005.json,status=200,reachable at crawl time (2026-07-31 ~10:00-10:15 IST),high,
https://ambimat.com/tag/cyberattack/,internal,"GET (allow_redirects=True, bounded body read)",200,,ok,not_recorded_per_url,raw/site_monitor/site_monitor_reports/per_site/ambimat_com/report_20260731_100005.json,status=200,reachable at crawl time (2026-07-31 ~10:00-10:15 IST),high,
https://ambimat.com/tag/fido/,internal,"GET (allow_redirects=True, bounded body read)",200,,ok,not_recorded_per_url,raw/site_monitor/site_monitor_reports/per_site/ambimat_com/report_20260731_100005.json,status=200,reachable at crawl time (2026-07-31 ~10:00-10:15 IST),high,
https://ambimat.com/tag/multi-factor-authentication/,internal,"GET (allow_redirects=True, bounded body read)",200,,ok,not_recorded_per_url,raw/site_monitor/site_monitor_reports/per_site/ambimat_com/report_20260731_100005.json,status=200,reachable at crawl time (2026-07-31 ~10:00-10:15 IST),high,
https://ambimat.com/tag/mfa/,internal,"GET (allow_redirects=True, bounded body read)",200,,ok,not_recorded_per_url,raw/site_monitor/site_monitor_reports/per_site/ambimat_com/report_20260731_100005.json,status=200,reachable at crawl time (2026-07-31 ~10:00-10:15 IST),high,
https://ambimat.com/tag/sensor/,internal,"GET (allow_redirects=True, bounded body read)",200,,ok,not_recorded_per_url,raw/site_monitor/site_monitor_reports/per_site/ambimat_com/report_20260731_100005.json,status=200,reachable at crawl time (2026-07-31 ~10:00-10:15 IST),high,
https://ambimat.com/tag/mqtt/,internal,"GET (allow_redirects=True, bounded body read)",200,,ok,not_recorded_per_url,raw/site_monitor/site_monitor_reports/per_site/ambimat_com/report_20260731_100005.json,status=200,reachable at crawl time (2026-07-31 ~10:00-10:15 IST),high,
https://ambimat.com/tag/short-range-wireless/,internal,"GET (allow_redirects=True, bounded body read)",200,,ok,not_recorded_per_url,raw/site_monitor/site_monitor_reports/per_site/ambimat_com/report_20260731_100005.json,status=200,reachable at crawl time (2026-07-31 ~10:00-10:15 IST),high,
https://ambimat.com/tag/uwb/,internal,"GET (allow_redirects=True, bounded body read)",200,,ok,not_recorded_per_url,raw/site_monitor/site_monitor_reports/per_site/ambimat_com/report_20260731_100005.json,status=200,reachable at crawl time (2026-07-31 ~10:00-10:15 IST),high,
https://ambimat.com/tag/wide-spectrum/,internal,"GET (allow_redirects=True, bounded body read)",200,,ok,not_recorded_per_url,raw/site_monitor/site_monitor_reports/per_site/ambimat_com/report_20260731_100005.json,status=200,reachable at crawl time (2026-07-31 ~10:00-10:15 IST),high,
https://ambimat.com/tag/communication-protocol/,internal,"GET (allow_redirects=True, bounded body read)",200,,ok,not_recorded_per_url,raw/site_monitor/site_monitor_reports/per_site/ambimat_com/report_20260731_100005.json,status=200,reachable at crawl time (2026-07-31 ~10:00-10:15 IST),high,
https://ambimat.com/tag/ultra-wideband/,internal,"GET (allow_redirects=True, bounded body read)",200,,ok,not_recorded_per_url,raw/site_monitor/site_monitor_reports/per_site/ambimat_com/report_20260731_100005.json,status=200,reachable at crawl time (2026-07-31 ~10:00-10:15 IST),high,
https://ambimat.com/tag/ambilogistics/,internal,"GET (allow_redirects=True, bounded body read)",200,,ok,not_recorded_per_url,raw/site_monitor/site_monitor_reports/per_site/ambimat_com/report_20260731_100005.json,status=200,reachable at crawl time (2026-07-31 ~10:00-10:15 IST),high,
https://ambimat.com/tag/cold-chain-logistics/,internal,"GET (allow_redirects=True, bounded body read)",200,,ok,not_recorded_per_url,raw/site_monitor/site_monitor_reports/per_site/ambimat_com/report_20260731_100005.json,status=200,reachable at crawl time (2026-07-31 ~10:00-10:15 IST),high,
https://ambimat.com/tag/logistics/,internal,"GET (allow_redirects=True, bounded body read)",200,,ok,not_recorded_per_url,raw/site_monitor/site_monitor_reports/per_site/ambimat_com/report_20260731_100005.json,status=200,reachable at crawl time (2026-07-31 ~10:00-10:15 IST),high,
https://ambimat.com/tag/supply-chain/,internal,"GET (allow_redirects=True, bounded body read)",200,,ok,not_recorded_per_url,raw/site_monitor/site_monitor_reports/per_site/ambimat_com/report_20260731_100005.json,status=200,reachable at crawl time (2026-07-31 ~10:00-10:15 IST),high,
https://ambimat.com/tag/ambisense/,internal,"GET (allow_redirects=True, bounded body read)",200,,ok,not_recorded_per_url,raw/site_monitor/site_monitor_reports/per_site/ambimat_com/report_20260731_100005.json,status=200,reachable at crawl time (2026-07-31 ~10:00-10:15 IST),high,
https://ambimat.com/tag/smart-label/,internal,"GET (allow_redirects=True, bounded body read)",200,,ok,not_recorded_per_url,raw/site_monitor/site_monitor_reports/per_site/ambimat_com/report_20260731_100005.json,status=200,reachable at crawl time (2026-07-31 ~10:00-10:15 IST),high,
https://ambimat.com/tag/5g/,internal,"GET (allow_redirects=True, bounded body read)",200,,ok,not_recorded_per_url,raw/site_monitor/site_monitor_reports/per_site/ambimat_com/report_20260731_100005.json,status=200,reachable at crawl time (2026-07-31 ~10:00-10:15 IST),high,
https://ambimat.com/tag/internet/,internal,"GET (allow_redirects=True, bounded body read)",200,,ok,not_recorded_per_url,raw/site_monitor/site_monitor_reports/per_site/ambimat_com/report_20260731_100005.json,status=200,reachable at crawl time (2026-07-31 ~10:00-10:15 IST),high,
https://ambimat.com/tag/shortage/,internal,"GET (allow_redirects=True, bounded body read)",200,,ok,not_recorded_per_url,raw/site_monitor/site_monitor_reports/per_site/ambimat_com/report_20260731_100005.json,status=200,reachable at crawl time (2026-07-31 ~10:00-10:15 IST),high,
https://ambimat.com/tag/electronic/,internal,"GET (allow_redirects=True, bounded body read)",200,,ok,not_recorded_per_url,raw/site_monitor/site_monitor_reports/per_site/ambimat_com/report_20260731_100005.json,status=200,reachable at crawl time (2026-07-31 ~10:00-10:15 IST),high,
https://ambimat.com/tag/ambiiot/,internal,"GET (allow_redirects=True, bounded body read)",200,,ok,not_recorded_per_url,raw/site_monitor/site_monitor_reports/per_site/ambimat_com/report_20260731_100005.json,status=200,reachable at crawl time (2026-07-31 ~10:00-10:15 IST),high,
https://ambimat.com/tag/semiconductor/,internal,"GET (allow_redirects=True, bounded body read)",200,,ok,not_recorded_per_url,raw/site_monitor/site_monitor_reports/per_site/ambimat_com/report_20260731_100005.json,status=200,reachable at crawl time (2026-07-31 ~10:00-10:15 IST),high,
https://ambimat.com/tag/passwordless/,internal,"GET (allow_redirects=True, bounded body read)",200,,ok,not_recorded_per_url,raw/site_monitor/site_monitor_reports/per_site/ambimat_com/report_20260731_100005.json,status=200,reachable at crawl time (2026-07-31 ~10:00-10:15 IST),high,
https://ambimat.com/tag/authentication/,internal,"GET (allow_redirects=True, bounded body read)",200,,ok,not_recorded_per_url,raw/site_monitor/site_monitor_reports/per_site/ambimat_com/report_20260731_100005.json,status=200,reachable at crawl time (2026-07-31 ~10:00-10:15 IST),high,
https://ambimat.com/tag/intellectual/,internal,"GET (allow_redirects=True, bounded body read)",200,,ok,not_recorded_per_url,raw/site_monitor/site_monitor_reports/per_site/ambimat_com/report_20260731_100005.json,status=200,reachable at crawl time (2026-07-31 ~10:00-10:15 IST),high,
https://ambimat.com/tag/protection/,internal,"GET (allow_redirects=True, bounded body read)",200,,ok,not_recorded_per_url,raw/site_monitor/site_monitor_reports/per_site/ambimat_com/report_20260731_100005.json,status=200,reachable at crawl time (2026-07-31 ~10:00-10:15 IST),high,
https://ambimat.com/tag/remote-worker/,internal,"GET (allow_redirects=True, bounded body read)",200,,ok,not_recorded_per_url,raw/site_monitor/site_monitor_reports/per_site/ambimat_com/report_20260731_100005.json,status=200,reachable at crawl time (2026-07-31 ~10:00-10:15 IST),high,
https://ambimat.com/tag/social-attacks/,internal,"GET (allow_redirects=True, bounded body read)",200,,ok,not_recorded_per_url,raw/site_monitor/site_monitor_reports/per_site/ambimat_com/report_20260731_100005.json,status=200,reachable at crawl time (2026-07-31 ~10:00-10:15 IST),high,
https://ambimat.com/tag/iot-secure-boot/,internal,"GET (allow_redirects=True, bounded body read)",200,,ok,not_recorded_per_url,raw/site_monitor/site_monitor_reports/per_site/ambimat_com/report_20260731_100005.json,status=200,reachable at crawl time (2026-07-31 ~10:00-10:15 IST),high,
https://ambimat.com/tag/iot-patch-management/,internal,"GET (allow_redirects=True, bounded body read)",200,,ok,not_recorded_per_url,raw/site_monitor/site_monitor_reports/per_site/ambimat_com/report_20260731_100005.json,status=200,reachable at crawl time (2026-07-31 ~10:00-10:15 IST),high,
https://ambimat.com/tag/secure-ota-iot/,internal,"GET (allow_redirects=True, bounded body read)",200,,ok,not_recorded_per_url,raw/site_monitor/site_monitor_reports/per_site/ambimat_com/report_20260731_100005.json,status=200,reachable at crawl time (2026-07-31 ~10:00-10:15 IST),high,
https://ambimat.com/tag/smart-city-firmware-updates/,internal,"GET (allow_redirects=True, bounded body read)",200,,ok,not_recorded_per_url,raw/site_monitor/site_monitor_reports/per_site/ambimat_com/report_20260731_100005.json,status=200,reachable at crawl time (2026-07-31 ~10:00-10:15 IST),high,
https://ambimat.com/tag/iot-firmware-signing/,internal,"GET (allow_redirects=True, bounded body read)",200,,ok,not_recorded_per_url,raw/site_monitor/site_monitor_reports/per_site/ambimat_com/report_20260731_100005.json,status=200,reachable at crawl time (2026-07-31 ~10:00-10:15 IST),high,
https://ambimat.com/tag/iot-continuous-authentication/,internal,"GET (allow_redirects=True, bounded body read)",200,,ok,not_recorded_per_url,raw/site_monitor/site_monitor_reports/per_site/ambimat_com/report_20260731_100005.json,status=200,reachable at crawl time (2026-07-31 ~10:00-10:15 IST),high,
https://ambimat.com/tag/smart-city-cybersecurity/,internal,"GET (allow_redirects=True, bounded body read)",200,,ok,not_recorded_per_url,raw/site_monitor/site_monitor_reports/per_site/ambimat_com/report_20260731_100005.json,status=200,reachable at crawl time (2026-07-31 ~10:00-10:15 IST),high,
https://ambimat.com/tag/zero-trust-iot-security/,internal,"GET (allow_redirects=True, bounded body read)",200,,ok,not_recorded_per_url,raw/site_monitor/site_monitor_reports/per_site/ambimat_com/report_20260731_100005.json,status=200,reachable at crawl time (2026-07-31 ~10:00-10:15 IST),high,
https://ambimat.com/tag/zero-trust-architecture-for-iot/,internal,"GET (allow_redirects=True, bounded body read)",200,,ok,not_recorded_per_url,raw/site_monitor/site_monitor_reports/per_site/ambimat_com/report_20260731_100005.json,status=200,reachable at crawl time (2026-07-31 ~10:00-10:15 IST),high,
https://ambimat.com/tag/iot-runtime-attestation/,internal,"GET (allow_redirects=True, bounded body read)",200,,ok,not_recorded_per_url,raw/site_monitor/site_monitor_reports/per_site/ambimat_com/report_20260731_100005.json,status=200,reachable at crawl time (2026-07-31 ~10:00-10:15 IST),high,
https://ambimat.com/tag/iot-micro-segmentation/,internal,"GET (allow_redirects=True, bounded body read)",200,,ok,not_recorded_per_url,raw/site_monitor/site_monitor_reports/per_site/ambimat_com/report_20260731_100005.json,status=200,reachable at crawl time (2026-07-31 ~10:00-10:15 IST),high,
https://ambimat.com/tag/secure-iot-commissioning/,internal,"GET (allow_redirects=True, bounded body read)",200,,ok,not_recorded_per_url,raw/site_monitor/site_monitor_reports/per_site/ambimat_com/report_20260731_100005.json,status=200,reachable at crawl time (2026-07-31 ~10:00-10:15 IST),high,
https://ambimat.com/tag/iot-replay-protection/,internal,"GET (allow_redirects=True, bounded body read)",200,,ok,not_recorded_per_url,raw/site_monitor/site_monitor_reports/per_site/ambimat_com/report_20260731_100005.json,status=200,reachable at crawl time (2026-07-31 ~10:00-10:15 IST),high,
https://ambimat.com/tag/smart-city-mesh-security-architecture/,internal,"GET (allow_redirects=True, bounded body read)",200,,ok,not_recorded_per_url,raw/site_monitor/site_monitor_reports/per_site/ambimat_com/report_20260731_100005.json,status=200,reachable at crawl time (2026-07-31 ~10:00-10:15 IST),high,
https://ambimat.com/tag/ble-mesh-iot-best-practices/,internal,"GET (allow_redirects=True, bounded body read)",200,,ok,not_recorded_per_url,raw/site_monitor/site_monitor_reports/per_site/ambimat_com/report_20260731_100005.json,status=200,reachable at crawl time (2026-07-31 ~10:00-10:15 IST),high,
https://ambimat.com/tag/mesh-key-rotation-iot/,internal,"GET (allow_redirects=True, bounded body read)",200,,ok,not_recorded_per_url,raw/site_monitor/site_monitor_reports/per_site/ambimat_com/report_20260731_100005.json,status=200,reachable at crawl time (2026-07-31 ~10:00-10:15 IST),high,
https://ambimat.com/tag/zigbee-mesh-security/,internal,"GET (allow_redirects=True, bounded body read)",200,,ok,not_recorded_per_url,raw/site_monitor/site_monitor_reports/per_site/ambimat_com/report_20260731_100005.json,status=200,reachable at crawl time (2026-07-31 ~10:00-10:15 IST),high,
https://ambimat.com/tag/fast-identity-online-fido/,internal,"GET (allow_redirects=True, bounded body read)",200,,ok,not_recorded_per_url,raw/site_monitor/site_monitor_reports/per_site/ambimat_com/report_20260731_100005.json,status=200,reachable at crawl time (2026-07-31 ~10:00-10:15 IST),high,
https://ambimat.com/tag/universal-second-factor-u2f/,internal,"GET (allow_redirects=True, bounded body read)",200,,ok,not_recorded_per_url,raw/site_monitor/site_monitor_reports/per_site/ambimat_com/report_20260731_100005.json,status=200,reachable at crawl time (2026-07-31 ~10:00-10:15 IST),high,
https://ambimat.com/tag/ultraviolet/,internal,"GET (allow_redirects=True, bounded body read)",200,,ok,not_recorded_per_url,raw/site_monitor/site_monitor_reports/per_site/ambimat_com/report_20260731_100005.json,status=200,reachable at crawl time (2026-07-31 ~10:00-10:15 IST),high,
https://ambimat.com/tag/robots/,internal,"GET (allow_redirects=True, bounded body read)",200,,ok,not_recorded_per_url,raw/site_monitor/site_monitor_reports/per_site/ambimat_com/report_20260731_100005.json,status=200,reachable at crawl time (2026-07-31 ~10:00-10:15 IST),high,
https://ambimat.com/tag/medical/,internal,"GET (allow_redirects=True, bounded body read)",200,,ok,not_recorded_per_url,raw/site_monitor/site_monitor_reports/per_site/ambimat_com/report_20260731_100005.json,status=200,reachable at crawl time (2026-07-31 ~10:00-10:15 IST),high,
https://ambimat.com/tag/sanitizing/,internal,"GET (allow_redirects=True, bounded body read)",200,,ok,not_recorded_per_url,raw/site_monitor/site_monitor_reports/per_site/ambimat_com/report_20260731_100005.json,status=200,reachable at crawl time (2026-07-31 ~10:00-10:15 IST),high,
https://ambimat.com/tag/pandemic/,internal,"GET (allow_redirects=True, bounded body read)",200,,ok,not_recorded_per_url,raw/site_monitor/site_monitor_reports/per_site/ambimat_com/report_20260731_100005.json,status=200,reachable at crawl time (2026-07-31 ~10:00-10:15 IST),high,
https://ambimat.com/tag/healthcare/,internal,"GET (allow_redirects=True, bounded body read)",200,,ok,not_recorded_per_url,raw/site_monitor/site_monitor_reports/per_site/ambimat_com/report_20260731_100005.json,status=200,reachable at crawl time (2026-07-31 ~10:00-10:15 IST),high,
https://ambimat.com/tag/coronavirus/,internal,"GET (allow_redirects=True, bounded body read)",200,,ok,not_recorded_per_url,raw/site_monitor/site_monitor_reports/per_site/ambimat_com/report_20260731_100005.json,status=200,reachable at crawl time (2026-07-31 ~10:00-10:15 IST),high,
https://ambimat.com/tag/covid19/,internal,"GET (allow_redirects=True, bounded body read)",200,,ok,not_recorded_per_url,raw/site_monitor/site_monitor_reports/per_site/ambimat_com/report_20260731_100005.json,status=200,reachable at crawl time (2026-07-31 ~10:00-10:15 IST),high,
https://ambimat.com/tag/uvcdisinfection/,internal,"GET (allow_redirects=True, bounded body read)",200,,ok,not_recorded_per_url,raw/site_monitor/site_monitor_reports/per_site/ambimat_com/report_20260731_100005.json,status=200,reachable at crawl time (2026-07-31 ~10:00-10:15 IST),high,
https://ambimat.com/tag/inventory-management-tag-or-uhf-tag/,internal,"GET (allow_redirects=True, bounded body read)",200,,ok,not_recorded_per_url,raw/site_monitor/site_monitor_reports/per_site/ambimat_com/report_20260731_100005.json,status=200,reachable at crawl time (2026-07-31 ~10:00-10:15 IST),high,
https://ambimat.com/tag/pilferage-detection-tag/,internal,"GET (allow_redirects=True, bounded body read)",200,,ok,not_recorded_per_url,raw/site_monitor/site_monitor_reports/per_site/ambimat_com/report_20260731_100005.json,status=200,reachable at crawl time (2026-07-31 ~10:00-10:15 IST),high,
https://ambimat.com/tag/apdu/,internal,"GET (allow_redirects=True, bounded body read)",200,,ok,not_recorded_per_url,raw/site_monitor/site_monitor_reports/per_site/ambimat_com/report_20260731_100005.json,status=200,reachable at crawl time (2026-07-31 ~10:00-10:15 IST),high,
https://ambimat.com/tag/ticket-solutions/,internal,"GET (allow_redirects=True, bounded body read)",200,,ok,not_recorded_per_url,raw/site_monitor/site_monitor_reports/per_site/ambimat_com/report_20260731_100005.json,status=200,reachable at crawl time (2026-07-31 ~10:00-10:15 IST),high,
https://ambimat.com/tag/java-card/,internal,"GET (allow_redirects=True, bounded body read)",200,,ok,not_recorded_per_url,raw/site_monitor/site_monitor_reports/per_site/ambimat_com/report_20260731_100005.json,status=200,reachable at crawl time (2026-07-31 ~10:00-10:15 IST),high,
https://ambimat.com/tag/firmware/,internal,"GET (allow_redirects=True, bounded body read)",200,,ok,not_recorded_per_url,raw/site_monitor/site_monitor_reports/per_site/ambimat_com/report_20260731_100005.json,status=200,reachable at crawl time (2026-07-31 ~10:00-10:15 IST),high,
https://ambimat.com/tag/automation/,internal,"GET (allow_redirects=True, bounded body read)",200,,ok,not_recorded_per_url,raw/site_monitor/site_monitor_reports/per_site/ambimat_com/report_20260731_100005.json,status=200,reachable at crawl time (2026-07-31 ~10:00-10:15 IST),high,
https://ambimat.com/tag/automotive-security/,internal,"GET (allow_redirects=True, bounded body read)",200,,ok,not_recorded_per_url,raw/site_monitor/site_monitor_reports/per_site/ambimat_com/report_20260731_100005.json,status=200,reachable at crawl time (2026-07-31 ~10:00-10:15 IST),high,
https://ambimat.com/tag/smart-devices/,internal,"GET (allow_redirects=True, bounded body read)",200,,ok,not_recorded_per_url,raw/site_monitor/site_monitor_reports/per_site/ambimat_com/report_20260731_100005.json,status=200,reachable at crawl time (2026-07-31 ~10:00-10:15 IST),high,
https://ambimat.com/tag/nbiot/,internal,"GET (allow_redirects=True, bounded body read)",200,,ok,not_recorded_per_url,raw/site_monitor/site_monitor_reports/per_site/ambimat_com/report_20260731_100005.json,status=200,reachable at crawl time (2026-07-31 ~10:00-10:15 IST),high,
https://ambimat.com/tag/lte-m/,internal,"GET (allow_redirects=True, bounded body read)",200,,ok,not_recorded_per_url,raw/site_monitor/site_monitor_reports/per_site/ambimat_com/report_20260731_100005.json,status=200,reachable at crawl time (2026-07-31 ~10:00-10:15 IST),high,
https://ambimat.com/tag/lpwan/,internal,"GET (allow_redirects=True, bounded body read)",200,,ok,not_recorded_per_url,raw/site_monitor/site_monitor_reports/per_site/ambimat_com/report_20260731_100005.json,status=200,reachable at crawl time (2026-07-31 ~10:00-10:15 IST),high,
https://ambimat.com/tag/smart/,internal,"GET (allow_redirects=True, bounded body read)",200,,ok,not_recorded_per_url,raw/site_monitor/site_monitor_reports/per_site/ambimat_com/report_20260731_100005.json,status=200,reachable at crawl time (2026-07-31 ~10:00-10:15 IST),high,
https://ambimat.com/tag/industrial-automation/,internal,"GET (allow_redirects=True, bounded body read)",200,,ok,not_recorded_per_url,raw/site_monitor/site_monitor_reports/per_site/ambimat_com/report_20260731_100005.json,status=200,reachable at crawl time (2026-07-31 ~10:00-10:15 IST),high,
https://ambimat.com/tag/electronics/,internal,"GET (allow_redirects=True, bounded body read)",200,,ok,not_recorded_per_url,raw/site_monitor/site_monitor_reports/per_site/ambimat_com/report_20260731_100005.json,status=200,reachable at crawl time (2026-07-31 ~10:00-10:15 IST),high,
https://ambimat.com/tag/fido2/,internal,"GET (allow_redirects=True, bounded body read)",200,,ok,not_recorded_per_url,raw/site_monitor/site_monitor_reports/per_site/ambimat_com/report_20260731_100005.json,status=200,reachable at crawl time (2026-07-31 ~10:00-10:15 IST),high,
https://ambimat.com/tag/multifactor-authentication/,internal,"GET (allow_redirects=True, bounded body read)",200,,ok,not_recorded_per_url,raw/site_monitor/site_monitor_reports/per_site/ambimat_com/report_20260731_100005.json,status=200,reachable at crawl time (2026-07-31 ~10:00-10:15 IST),high,
https://ambimat.com/design/design-services/java-card-applet/,internal,"GET (allow_redirects=True, bounded body read)",200,,ok,not_recorded_per_url,raw/site_monitor/site_monitor_reports/per_site/ambimat_com/report_20260731_100005.json,status=200,reachable at crawl time (2026-07-31 ~10:00-10:15 IST),high,report also flags offsite-redirect: page redirected off-host to https://ambisecure.ambimat.com/services/javacard-development/; its links resolve against that host
https://ambimat.com/categories/ambi-pay,internal,"GET (allow_redirects=True, bounded body read)",200,,ok,not_recorded_per_url,raw/site_monitor/site_monitor_reports/per_site/ambimat_com/report_20260731_100005.json,status=200,reachable at crawl time (2026-07-31 ~10:00-10:15 IST),high,
https://ambimat.com/categories/smart-city/,internal,"GET (allow_redirects=True, bounded body read)",200,,ok,not_recorded_per_url,raw/site_monitor/site_monitor_reports/per_site/ambimat_com/report_20260731_100005.json,status=200,reachable at crawl time (2026-07-31 ~10:00-10:15 IST),high,
https://ambimat.com/categories/ambi-logistics/,internal,"GET (allow_redirects=True, bounded body read)",200,,ok,not_recorded_per_url,raw/site_monitor/site_monitor_reports/per_site/ambimat_com/report_20260731_100005.json,status=200,reachable at crawl time (2026-07-31 ~10:00-10:15 IST),high,
https://ambimat.com/categories/powered-card/,internal,"GET (allow_redirects=True, bounded body read)",200,,ok,not_recorded_per_url,raw/site_monitor/site_monitor_reports/per_site/ambimat_com/report_20260731_100005.json,status=200,reachable at crawl time (2026-07-31 ~10:00-10:15 IST),high,
https://ambimat.com/design/design-by-technology/sound/,internal,"GET (allow_redirects=True, bounded body read)",200,,ok,not_recorded_per_url,raw/site_monitor/site_monitor_reports/per_site/ambimat_com/report_20260731_100005.json,status=200,reachable at crawl time (2026-07-31 ~10:00-10:15 IST),high,
http://ambimat.com/contact/,internal,"GET (allow_redirects=True, bounded body read)",200,,ok,not_recorded_per_url,raw/site_monitor/site_monitor_reports/per_site/ambimat_com/report_20260731_100005.json,status=200,reachable at crawl time (2026-07-31 ~10:00-10:15 IST),high,
https://ambimat.com/design/ambi-iot/ambiiot-medicals/,internal,"GET (allow_redirects=True, bounded body read)",200,,ok,not_recorded_per_url,raw/site_monitor/site_monitor_reports/per_site/ambimat_com/report_20260731_100005.json,status=200,reachable at crawl time (2026-07-31 ~10:00-10:15 IST),high,
https://ambimat.com/design/ambi-iot/digital-receipt-printer/,internal,"GET (allow_redirects=True, bounded body read)",200,,ok,not_recorded_per_url,raw/site_monitor/site_monitor_reports/per_site/ambimat_com/report_20260731_100005.json,status=200,reachable at crawl time (2026-07-31 ~10:00-10:15 IST),high,
https://ambimat.com/categories/smart-label/,internal,"GET (allow_redirects=True, bounded body read)",200,,ok,not_recorded_per_url,raw/site_monitor/site_monitor_reports/per_site/ambimat_com/report_20260731_100005.json,status=200,reachable at crawl time (2026-07-31 ~10:00-10:15 IST),high,
https://ambimat.com/categories/as-300/,internal,"GET (allow_redirects=True, bounded body read)",200,,ok,not_recorded_per_url,raw/site_monitor/site_monitor_reports/per_site/ambimat_com/report_20260731_100005.json,status=200,reachable at crawl time (2026-07-31 ~10:00-10:15 IST),high,
https://ambimat.com/category/general/page/10/,internal,"GET (allow_redirects=True, bounded body read)",200,,ok,not_recorded_per_url,raw/site_monitor/site_monitor_reports/per_site/ambimat_com/report_20260731_100005.json,status=200,reachable at crawl time (2026-07-31 ~10:00-10:15 IST),high,"robots_meta=noindex, follow"
https://ambimat.com/category/general/page/2/,internal,"GET (allow_redirects=True, bounded body read)",200,,ok,not_recorded_per_url,raw/site_monitor/site_monitor_reports/per_site/ambimat_com/report_20260731_100005.json,status=200,reachable at crawl time (2026-07-31 ~10:00-10:15 IST),high,"robots_meta=noindex, follow"
https://ambimat.com/for-developer/blogs/page/3/,internal,"GET (allow_redirects=True, bounded body read)",200,,ok,not_recorded_per_url,raw/site_monitor/site_monitor_reports/per_site/ambimat_com/report_20260731_100005.json,status=200,reachable at crawl time (2026-07-31 ~10:00-10:15 IST),high,
https://ambimat.com/for-developer/blogs/page/9/,internal,"GET (allow_redirects=True, bounded body read)",200,,ok,not_recorded_per_url,raw/site_monitor/site_monitor_reports/per_site/ambimat_com/report_20260731_100005.json,status=200,reachable at crawl time (2026-07-31 ~10:00-10:15 IST),high,
https://ambimat.com/categories/industrial-automation/,internal,"GET (allow_redirects=True, bounded body read)",200,,ok,not_recorded_per_url,raw/site_monitor/site_monitor_reports/per_site/ambimat_com/report_20260731_100005.json,status=200,reachable at crawl time (2026-07-31 ~10:00-10:15 IST),high,
https://ambimat.com/categories/retail/,internal,"GET (allow_redirects=True, bounded body read)",200,,ok,not_recorded_per_url,raw/site_monitor/site_monitor_reports/per_site/ambimat_com/report_20260731_100005.json,status=200,reachable at crawl time (2026-07-31 ~10:00-10:15 IST),high,
https://ambimat.com/category/general/page/9/,internal,"GET (allow_redirects=True, bounded body read)",200,,ok,not_recorded_per_url,raw/site_monitor/site_monitor_reports/per_site/ambimat_com/report_20260731_100005.json,status=200,reachable at crawl time (2026-07-31 ~10:00-10:15 IST),high,"robots_meta=noindex, follow"
https://ambimat.com/category/general/page/3/,internal,"GET (allow_redirects=True, bounded body read)",200,,ok,not_recorded_per_url,raw/site_monitor/site_monitor_reports/per_site/ambimat_com/report_20260731_100005.json,status=200,reachable at crawl time (2026-07-31 ~10:00-10:15 IST),high,"robots_meta=noindex, follow"
https://ambimat.com/for-developer/blogs/page/4/,internal,"GET (allow_redirects=True, bounded body read)",200,,ok,not_recorded_per_url,raw/site_monitor/site_monitor_reports/per_site/ambimat_com/report_20260731_100005.json,status=200,reachable at crawl time (2026-07-31 ~10:00-10:15 IST),high,
https://ambimat.com/for-developer/blogs/page/8/,internal,"GET (allow_redirects=True, bounded body read)",200,,ok,not_recorded_per_url,raw/site_monitor/site_monitor_reports/per_site/ambimat_com/report_20260731_100005.json,status=200,reachable at crawl time (2026-07-31 ~10:00-10:15 IST),high,
https://ambimat.com/category/general/page/8/,internal,"GET (allow_redirects=True, bounded body read)",200,,ok,not_recorded_per_url,raw/site_monitor/site_monitor_reports/per_site/ambimat_com/report_20260731_100005.json,status=200,reachable at crawl time (2026-07-31 ~10:00-10:15 IST),high,"robots_meta=noindex, follow"
https://ambimat.com/category/general/page/4/,internal,"GET (allow_redirects=True, bounded body read)",200,,ok,not_recorded_per_url,raw/site_monitor/site_monitor_reports/per_site/ambimat_com/report_20260731_100005.json,status=200,reachable at crawl time (2026-07-31 ~10:00-10:15 IST),high,"robots_meta=noindex, follow"
https://ambimat.com/for-developer/blogs/page/5/,internal,"GET (allow_redirects=True, bounded body read)",200,,ok,not_recorded_per_url,raw/site_monitor/site_monitor_reports/per_site/ambimat_com/report_20260731_100005.json,status=200,reachable at crawl time (2026-07-31 ~10:00-10:15 IST),high,
https://ambimat.com/for-developer/blogs/page/7/,internal,"GET (allow_redirects=True, bounded body read)",200,,ok,not_recorded_per_url,raw/site_monitor/site_monitor_reports/per_site/ambimat_com/report_20260731_100005.json,status=200,reachable at crawl time (2026-07-31 ~10:00-10:15 IST),high,
https://ambimat.com/category/general/page/7/,internal,"GET (allow_redirects=True, bounded body read)",200,,ok,not_recorded_per_url,raw/site_monitor/site_monitor_reports/per_site/ambimat_com/report_20260731_100005.json,status=200,reachable at crawl time (2026-07-31 ~10:00-10:15 IST),high,"robots_meta=noindex, follow"
https://ambimat.com/category/general/page/5/,internal,"GET (allow_redirects=True, bounded body read)",200,,ok,not_recorded_per_url,raw/site_monitor/site_monitor_reports/per_site/ambimat_com/report_20260731_100005.json,status=200,reachable at crawl time (2026-07-31 ~10:00-10:15 IST),high,"robots_meta=noindex, follow"
https://ambimat.com/for-developer/blogs/page/6/,internal,"GET (allow_redirects=True, bounded body read)",200,,ok,not_recorded_per_url,raw/site_monitor/site_monitor_reports/per_site/ambimat_com/report_20260731_100005.json,status=200,reachable at crawl time (2026-07-31 ~10:00-10:15 IST),high,
https://ambimat.com/category/general/page/6/,internal,"GET (allow_redirects=True, bounded body read)",200,,ok,not_recorded_per_url,raw/site_monitor/site_monitor_reports/per_site/ambimat_com/report_20260731_100005.json,status=200,reachable at crawl time (2026-07-31 ~10:00-10:15 IST),high,"robots_meta=noindex, follow"
https://toshiba.semicon-storage.com/us/product.html,external,HEAD (GET fallback only on 405/5xx — not triggered for 403),403,,http_4xx_forbidden_head_only,not_recorded_per_url,raw/site_monitor/site_monitor_reports/per_site/ambimat_com/report_20260731_100005.json,status=403 found_on=https://ambimat.com/clients-vendors/,external host returned 403 to a HEAD request; NOT established as a broken link and NOT an ambimat.com defect,"low (HEAD-only, third-party host)",linked from https://ambimat.com/clients-vendors/; bot-hostile 403 is a common false positive
https://developer.apple.com/services-account/download?path=/iOS/Wallet_Support_Materials/WalletCompanionFiles.zip,external,HEAD (GET fallback only on 405/5xx — not triggered for 403),403,,http_4xx_forbidden_head_only,not_recorded_per_url,raw/site_monitor/site_monitor_reports/per_site/ambimat_com/report_20260731_100005.json,status=403 found_on=https://ambimat.com/applevas-about-pass-files/,external host returned 403 to a HEAD request; NOT established as a broken link and NOT an ambimat.com defect,"low (HEAD-only, third-party host)",linked from https://ambimat.com/applevas-about-pass-files/; bot-hostile 403 is a common false positive
https://www.businesswire.com/,external,"HEAD then GET fallback, 1 retry",,,timeout_read,not_recorded_per_url,raw/site_monitor/site_monitor_reports/per_site/ambimat_com/report_20260731_100005.json,"status=None error=HTTPSConnectionPool(host='www.businesswire.com', port=443): Read timed out. (read timeout=10)",UNVERIFIED — no HTTP status obtained; distinct from a failing status code and not an ambimat.com defect,low,linked from https://ambimat.com/worldnet-launches-gochipnow-to-deliver-plug-and-play-emv-solution/
https://indianarmy.nic.in/index.aspx,external,"HEAD then GET fallback, 1 retry",,,tls_certificate_verify_failed,not_recorded_per_url,raw/site_monitor/site_monitor_reports/per_site/ambimat_com/report_20260731_100005.json,"status=None error=HTTPSConnectionPool(host='indianarmy.nic.in', port=443): Max retries exceeded with url: /index.aspx (Caused by SSLError(SSLCertVerificationError(1, '[SSL: CERTIFICATE_VERIFY_FAILED] certificate verify failed: unable to get local issuer certificate (_ssl.c:1032)')))",UNVERIFIED — no HTTP status obtained; distinct from a failing status code and not an ambimat.com defect,low,linked from https://ambimat.com/clients-vendors/
http://scl.gov.in/,external,"HEAD then GET fallback, 1 retry",,,tls_certificate_verify_failed,not_recorded_per_url,raw/site_monitor/site_monitor_reports/per_site/ambimat_com/report_20260731_100005.json,"status=None error=HTTPSConnectionPool(host='www.scl.gov.in', port=443): Max retries exceeded with url: / (Caused by SSLError(SSLCertVerificationError(1, '[SSL: CERTIFICATE_VERIFY_FAILED] certificate verify failed: unable to get local issuer certificate (_ssl.c:1032)')))",UNVERIFIED — no HTTP status obtained; distinct from a failing status code and not an ambimat.com defect,low,linked from https://ambimat.com/clients-vendors/
