===== 2026-07-06 15:04:40 +0530 daily run start =====
[monitor] crawling Ambimat (https://ambimat.com) …
    WARN — 20 pages, 0 alerts, 22 warnings
[monitor] crawling AmbiSecure (https://ambisecure.ambimat.com) …
    OK — 20 pages, 0 alerts, 0 warnings
[monitor] crawling AmbiAutomation (https://ambiautomation.ambimat.com) …
    OK — 20 pages, 0 alerts, 0 warnings
[monitor] crawling Ambimat eSIM (https://esim.ambimat.com) …
    WARN — 20 pages, 0 alerts, 40 warnings

============================================================
WARN: 5 broken links, 62 suspicious warnings
[monitor] json:     /data/data/com.termux/files/home/site_monitor_reports/report_20260706_150444.json
[monitor] markdown: /data/data/com.termux/files/home/site_monitor_reports/report_20260706_150444.md
[monitor] latest:   /data/data/com.termux/files/home/site_monitor_reports/report_latest.html
============================================================
===== 2026-07-06 15:10:46 +0530 daily run end (rc=0) =====
===== 2026-07-07 10:30:04 +0530 daily run start =====
[monitor] crawling Ambimat (https://ambimat.com) …
    WARN — 20 pages, 0 alerts, 22 warnings
[monitor] crawling AmbiSecure (https://ambisecure.ambimat.com) …
    OK — 20 pages, 0 alerts, 0 warnings
[monitor] crawling AmbiAutomation (https://ambiautomation.ambimat.com) …
    OK — 20 pages, 0 alerts, 0 warnings
[monitor] crawling Ambimat eSIM (https://esim.ambimat.com) …
    WARN — 20 pages, 0 alerts, 40 warnings

============================================================
WARN: 6 broken links, 62 suspicious warnings
[monitor] json:     /data/data/com.termux/files/home/site_monitor_reports/report_20260707_103006.json
[monitor] markdown: /data/data/com.termux/files/home/site_monitor_reports/report_20260707_103006.md
[monitor] latest:   /data/data/com.termux/files/home/site_monitor_reports/report_latest.html
============================================================
===== 2026-07-07 10:36:27 +0530 daily run end (rc=0) =====
===== 2026-07-08 10:00:02 +0530 daily run start =====
[monitor] crawling Ambimat (https://ambimat.com) …
    WARN — 20 pages, 0 alerts, 22 warnings
[monitor] crawling AmbiSecure (https://ambisecure.ambimat.com) …
    OK — 20 pages, 0 alerts, 0 warnings
[monitor] crawling AmbiAutomation (https://ambiautomation.ambimat.com) …
    OK — 20 pages, 0 alerts, 0 warnings
[monitor] crawling Ambimat eSIM (https://esim.ambimat.com) …
    WARN — 20 pages, 0 alerts, 40 warnings

============================================================
WARN: 4 broken links, 62 suspicious warnings
[monitor] json:     /data/data/com.termux/files/home/site_monitor_reports/report_20260708_100004.json
[monitor] markdown: /data/data/com.termux/files/home/site_monitor_reports/report_20260708_100004.md
[monitor] latest:   /data/data/com.termux/files/home/site_monitor_reports/report_latest.html
============================================================
===== 2026-07-08 10:06:07 +0530 daily run end (rc=0) =====
===== 2026-07-09 10:00:02 +0530 daily run start =====
[monitor] crawling Ambimat (https://ambimat.com) …
    WARN — 20 pages, 0 alerts, 22 warnings
[monitor] crawling AmbiSecure (https://ambisecure.ambimat.com) …
    WARN — 20 pages, 0 alerts, 7 warnings
[monitor] crawling AmbiAutomation (https://ambiautomation.ambimat.com) …
    WARN — 19 pages, 0 alerts, 12 warnings
[monitor] crawling Ambimat eSIM (https://esim.ambimat.com) …
    WARN — 19 pages, 0 alerts, 42 warnings

============================================================
WARN: 8 broken links, 83 suspicious warnings
[monitor] json:     /data/data/com.termux/files/home/site_monitor_reports/report_20260709_100004.json
[monitor] markdown: /data/data/com.termux/files/home/site_monitor_reports/report_20260709_100004.md
[monitor] latest:   /data/data/com.termux/files/home/site_monitor_reports/report_latest.html
============================================================
===== 2026-07-09 10:06:44 +0530 daily run end (rc=0) =====
===== 2026-07-10 10:00:01 +0530 daily run start =====
[monitor] crawling Ambimat (https://ambimat.com) …
    WARN — 20 pages, 0 alerts, 22 warnings
[monitor] crawling AmbiSecure (https://ambisecure.ambimat.com) …
    OK — 20 pages, 0 alerts, 0 warnings
[monitor] crawling AmbiAutomation (https://ambiautomation.ambimat.com) …
    OK — 20 pages, 0 alerts, 0 warnings
[monitor] crawling Ambimat eSIM (https://esim.ambimat.com) …
    WARN — 20 pages, 0 alerts, 40 warnings

============================================================
WARN: 8 broken links, 62 suspicious warnings
[monitor] json:     /data/data/com.termux/files/home/site_monitor_reports/report_20260710_100003.json
[monitor] markdown: /data/data/com.termux/files/home/site_monitor_reports/report_20260710_100003.md
[monitor] latest:   /data/data/com.termux/files/home/site_monitor_reports/report_latest.html
============================================================
===== 2026-07-10 10:06:18 +0530 daily run end (rc=0) =====
===== 2026-07-11 10:00:02 +0530 daily run start =====
[monitor] crawling Ambimat (https://ambimat.com) …
    WARN — 20 pages, 0 alerts, 22 warnings
[monitor] crawling AmbiSecure (https://ambisecure.ambimat.com) …
    OK — 20 pages, 0 alerts, 0 warnings
[monitor] crawling AmbiAutomation (https://ambiautomation.ambimat.com) …
    OK — 20 pages, 0 alerts, 0 warnings
[monitor] crawling Ambimat eSIM (https://esim.ambimat.com) …
    WARN — 20 pages, 0 alerts, 40 warnings

============================================================
WARN: 7 broken links, 62 suspicious warnings
[monitor] json:     /data/data/com.termux/files/home/site_monitor_reports/report_20260711_100005.json
[monitor] markdown: /data/data/com.termux/files/home/site_monitor_reports/report_20260711_100005.md
[monitor] latest:   /data/data/com.termux/files/home/site_monitor_reports/report_latest.html
============================================================
===== 2026-07-11 10:06:03 +0530 daily run end (rc=0) =====
===== 2026-07-12 10:00:01 +0530 daily run start =====
[monitor] crawling Ambimat (https://ambimat.com) …
    ALERT — 20 pages, 1 alerts, 26 warnings
[monitor] crawling AmbiSecure (https://ambisecure.ambimat.com) …
    OK — 20 pages, 0 alerts, 0 warnings
[monitor] crawling AmbiAutomation (https://ambiautomation.ambimat.com) …
    OK — 20 pages, 0 alerts, 0 warnings
[monitor] crawling Ambimat eSIM (https://esim.ambimat.com) …
    WARN — 20 pages, 0 alerts, 40 warnings

============================================================
ALERT: 7 broken links, 66 suspicious warnings
[monitor] json:     /data/data/com.termux/files/home/site_monitor_reports/report_20260712_100003.json
[monitor] markdown: /data/data/com.termux/files/home/site_monitor_reports/report_20260712_100003.md
[monitor] latest:   /data/data/com.termux/files/home/site_monitor_reports/report_latest.html
============================================================
===== 2026-07-12 10:06:14 +0530 daily run end (rc=1) =====
===== 2026-07-12 10:30:04 +0530 daily run start =====
[monitor] crawling Ambimat (https://ambimat.com) …
    ALERT — 20 pages, 1 alerts, 22 warnings
[monitor] crawling AmbiSecure (https://ambisecure.ambimat.com) …
    OK — 20 pages, 0 alerts, 0 warnings
[monitor] crawling AmbiAutomation (https://ambiautomation.ambimat.com) …
    OK — 20 pages, 0 alerts, 0 warnings
[monitor] crawling Ambimat eSIM (https://esim.ambimat.com) …
    WARN — 20 pages, 0 alerts, 40 warnings

============================================================
ALERT: 6 broken links, 62 suspicious warnings
[monitor] json:     /data/data/com.termux/files/home/site_monitor_reports/report_20260712_103005.json
[monitor] markdown: /data/data/com.termux/files/home/site_monitor_reports/report_20260712_103005.md
[monitor] latest:   /data/data/com.termux/files/home/site_monitor_reports/report_latest.html
============================================================
===== 2026-07-12 10:36:02 +0530 daily run end (rc=1) =====
===== 2026-07-12 11:00:03 +0530 daily run start =====
[monitor] crawling Ambimat (https://ambimat.com) …
    ALERT — 20 pages, 1 alerts, 22 warnings
[monitor] crawling AmbiSecure (https://ambisecure.ambimat.com) …
    OK — 20 pages, 0 alerts, 0 warnings
[monitor] crawling AmbiAutomation (https://ambiautomation.ambimat.com) …
    OK — 20 pages, 0 alerts, 0 warnings
[monitor] crawling Ambimat eSIM (https://esim.ambimat.com) …
    WARN — 20 pages, 0 alerts, 40 warnings

============================================================
ALERT: 6 broken links, 62 suspicious warnings
[monitor] json:     /data/data/com.termux/files/home/site_monitor_reports/report_20260712_110005.json
[monitor] markdown: /data/data/com.termux/files/home/site_monitor_reports/report_20260712_110005.md
[monitor] latest:   /data/data/com.termux/files/home/site_monitor_reports/report_latest.html
============================================================
===== 2026-07-12 11:05:57 +0530 daily run end (rc=1) =====
===== 2026-07-12 11:30:03 +0530 daily run start =====
[monitor] crawling Ambimat (https://ambimat.com) …
    ALERT — 20 pages, 1 alerts, 22 warnings
[monitor] crawling AmbiSecure (https://ambisecure.ambimat.com) …
    OK — 20 pages, 0 alerts, 0 warnings
[monitor] crawling AmbiAutomation (https://ambiautomation.ambimat.com) …
    OK — 20 pages, 0 alerts, 0 warnings
[monitor] crawling Ambimat eSIM (https://esim.ambimat.com) …
    WARN — 19 pages, 0 alerts, 39 warnings

============================================================
ALERT: 6 broken links, 61 suspicious warnings
[monitor] json:     /data/data/com.termux/files/home/site_monitor_reports/report_20260712_113005.json
[monitor] markdown: /data/data/com.termux/files/home/site_monitor_reports/report_20260712_113005.md
[monitor] latest:   /data/data/com.termux/files/home/site_monitor_reports/report_latest.html
============================================================
===== 2026-07-12 11:35:59 +0530 daily run end (rc=1) =====
===== 2026-07-12 12:00:04 +0530 daily run start =====
[monitor] crawling Ambimat (https://ambimat.com) …
    ALERT — 20 pages, 1 alerts, 22 warnings
[monitor] crawling AmbiSecure (https://ambisecure.ambimat.com) …
    OK — 20 pages, 0 alerts, 0 warnings
[monitor] crawling AmbiAutomation (https://ambiautomation.ambimat.com) …
    OK — 20 pages, 0 alerts, 0 warnings
[monitor] crawling Ambimat eSIM (https://esim.ambimat.com) …
    WARN — 20 pages, 0 alerts, 40 warnings

============================================================
ALERT: 6 broken links, 62 suspicious warnings
[monitor] json:     /data/data/com.termux/files/home/site_monitor_reports/report_20260712_120005.json
[monitor] markdown: /data/data/com.termux/files/home/site_monitor_reports/report_20260712_120005.md
[monitor] latest:   /data/data/com.termux/files/home/site_monitor_reports/report_latest.html
============================================================
===== 2026-07-12 12:06:03 +0530 daily run end (rc=1) =====
===== 2026-07-12 12:30:07 +0530 daily run start =====
[monitor] crawling Ambimat (https://ambimat.com) …
    ALERT — 20 pages, 1 alerts, 22 warnings
[monitor] crawling AmbiSecure (https://ambisecure.ambimat.com) …
    OK — 20 pages, 0 alerts, 0 warnings
[monitor] crawling AmbiAutomation (https://ambiautomation.ambimat.com) …
    OK — 20 pages, 0 alerts, 0 warnings
[monitor] crawling Ambimat eSIM (https://esim.ambimat.com) …
    WARN — 20 pages, 0 alerts, 40 warnings

============================================================
ALERT: 7 broken links, 62 suspicious warnings
[monitor] json:     /data/data/com.termux/files/home/site_monitor_reports/report_20260712_123009.json
[monitor] markdown: /data/data/com.termux/files/home/site_monitor_reports/report_20260712_123009.md
[monitor] latest:   /data/data/com.termux/files/home/site_monitor_reports/report_latest.html
============================================================
===== 2026-07-12 12:36:15 +0530 daily run end (rc=1) =====
===== 2026-07-12 13:00:03 +0530 daily run start =====
[monitor] crawling Ambimat (https://ambimat.com) …
    ALERT — 20 pages, 1 alerts, 22 warnings
[monitor] crawling AmbiSecure (https://ambisecure.ambimat.com) …
    OK — 20 pages, 0 alerts, 0 warnings
[monitor] crawling AmbiAutomation (https://ambiautomation.ambimat.com) …
    OK — 20 pages, 0 alerts, 0 warnings
[monitor] crawling Ambimat eSIM (https://esim.ambimat.com) …
    WARN — 20 pages, 0 alerts, 40 warnings

============================================================
ALERT: 6 broken links, 62 suspicious warnings
[monitor] json:     /data/data/com.termux/files/home/site_monitor_reports/report_20260712_130005.json
[monitor] markdown: /data/data/com.termux/files/home/site_monitor_reports/report_20260712_130005.md
[monitor] latest:   /data/data/com.termux/files/home/site_monitor_reports/report_latest.html
============================================================
===== 2026-07-12 13:06:00 +0530 daily run end (rc=1) =====
===== 2026-07-12 13:30:04 +0530 daily run start =====
[monitor] crawling Ambimat (https://ambimat.com) …
    ALERT — 20 pages, 1 alerts, 22 warnings
[monitor] crawling AmbiSecure (https://ambisecure.ambimat.com) …
    OK — 20 pages, 0 alerts, 0 warnings
[monitor] crawling AmbiAutomation (https://ambiautomation.ambimat.com) …
    OK — 20 pages, 0 alerts, 0 warnings
[monitor] crawling Ambimat eSIM (https://esim.ambimat.com) …
    WARN — 20 pages, 0 alerts, 40 warnings

============================================================
ALERT: 7 broken links, 62 suspicious warnings
[monitor] json:     /data/data/com.termux/files/home/site_monitor_reports/report_20260712_133005.json
[monitor] markdown: /data/data/com.termux/files/home/site_monitor_reports/report_20260712_133005.md
[monitor] latest:   /data/data/com.termux/files/home/site_monitor_reports/report_latest.html
============================================================
===== 2026-07-12 13:36:01 +0530 daily run end (rc=1) =====
===== 2026-07-12 14:00:03 +0530 daily run start =====
[monitor] crawling Ambimat (https://ambimat.com) …
    ALERT — 20 pages, 1 alerts, 22 warnings
[monitor] crawling AmbiSecure (https://ambisecure.ambimat.com) …
    OK — 20 pages, 0 alerts, 0 warnings
[monitor] crawling AmbiAutomation (https://ambiautomation.ambimat.com) …
    OK — 20 pages, 0 alerts, 0 warnings
[monitor] crawling Ambimat eSIM (https://esim.ambimat.com) …
    WARN — 20 pages, 0 alerts, 40 warnings

============================================================
ALERT: 7 broken links, 62 suspicious warnings
[monitor] json:     /data/data/com.termux/files/home/site_monitor_reports/report_20260712_140005.json
[monitor] markdown: /data/data/com.termux/files/home/site_monitor_reports/report_20260712_140005.md
[monitor] latest:   /data/data/com.termux/files/home/site_monitor_reports/report_latest.html
============================================================
===== 2026-07-12 14:06:22 +0530 daily run end (rc=1) =====
===== 2026-07-12 14:30:04 +0530 daily run start =====
[monitor] crawling Ambimat (https://ambimat.com) …
    ALERT — 20 pages, 1 alerts, 22 warnings
[monitor] crawling AmbiSecure (https://ambisecure.ambimat.com) …
    OK — 20 pages, 0 alerts, 0 warnings
[monitor] crawling AmbiAutomation (https://ambiautomation.ambimat.com) …
    OK — 20 pages, 0 alerts, 0 warnings
[monitor] crawling Ambimat eSIM (https://esim.ambimat.com) …
    WARN — 20 pages, 0 alerts, 40 warnings

============================================================
ALERT: 7 broken links, 62 suspicious warnings
[monitor] json:     /data/data/com.termux/files/home/site_monitor_reports/report_20260712_143005.json
[monitor] markdown: /data/data/com.termux/files/home/site_monitor_reports/report_20260712_143005.md
[monitor] latest:   /data/data/com.termux/files/home/site_monitor_reports/report_latest.html
============================================================
===== 2026-07-12 14:36:08 +0530 daily run end (rc=1) =====
===== 2026-07-12 15:00:03 +0530 daily run start =====
[monitor] crawling Ambimat (https://ambimat.com) …
    ALERT — 20 pages, 1 alerts, 22 warnings
[monitor] crawling AmbiSecure (https://ambisecure.ambimat.com) …
    OK — 20 pages, 0 alerts, 0 warnings
[monitor] crawling AmbiAutomation (https://ambiautomation.ambimat.com) …
    OK — 20 pages, 0 alerts, 0 warnings
[monitor] crawling Ambimat eSIM (https://esim.ambimat.com) …
    WARN — 20 pages, 0 alerts, 40 warnings

============================================================
ALERT: 7 broken links, 62 suspicious warnings
[monitor] json:     /data/data/com.termux/files/home/site_monitor_reports/report_20260712_150005.json
[monitor] markdown: /data/data/com.termux/files/home/site_monitor_reports/report_20260712_150005.md
[monitor] latest:   /data/data/com.termux/files/home/site_monitor_reports/report_latest.html
============================================================
===== 2026-07-12 15:06:06 +0530 daily run end (rc=1) =====
===== 2026-07-12 15:30:03 +0530 daily run start =====
[monitor] crawling Ambimat (https://ambimat.com) …
    ALERT — 20 pages, 1 alerts, 22 warnings
[monitor] crawling AmbiSecure (https://ambisecure.ambimat.com) …
    OK — 20 pages, 0 alerts, 0 warnings
[monitor] crawling AmbiAutomation (https://ambiautomation.ambimat.com) …
    OK — 20 pages, 0 alerts, 0 warnings
[monitor] crawling Ambimat eSIM (https://esim.ambimat.com) …
    WARN — 20 pages, 0 alerts, 40 warnings

============================================================
ALERT: 6 broken links, 62 suspicious warnings
[monitor] json:     /data/data/com.termux/files/home/site_monitor_reports/report_20260712_153005.json
[monitor] markdown: /data/data/com.termux/files/home/site_monitor_reports/report_20260712_153005.md
[monitor] latest:   /data/data/com.termux/files/home/site_monitor_reports/report_latest.html
============================================================
===== 2026-07-12 15:35:58 +0530 daily run end (rc=1) =====
===== 2026-07-12 16:00:05 +0530 daily run start =====
[monitor] crawling Ambimat (https://ambimat.com) …
    ALERT — 20 pages, 1 alerts, 22 warnings
[monitor] crawling AmbiSecure (https://ambisecure.ambimat.com) …
    OK — 20 pages, 0 alerts, 0 warnings
[monitor] crawling AmbiAutomation (https://ambiautomation.ambimat.com) …
    OK — 20 pages, 0 alerts, 0 warnings
[monitor] crawling Ambimat eSIM (https://esim.ambimat.com) …
    WARN — 20 pages, 0 alerts, 40 warnings

============================================================
ALERT: 6 broken links, 62 suspicious warnings
[monitor] json:     /data/data/com.termux/files/home/site_monitor_reports/report_20260712_160007.json
[monitor] markdown: /data/data/com.termux/files/home/site_monitor_reports/report_20260712_160007.md
[monitor] latest:   /data/data/com.termux/files/home/site_monitor_reports/report_latest.html
============================================================
===== 2026-07-12 16:06:11 +0530 daily run end (rc=1) =====
===== 2026-07-12 16:30:05 +0530 daily run start =====
[monitor] crawling Ambimat (https://ambimat.com) …
    ALERT — 20 pages, 1 alerts, 22 warnings
[monitor] crawling AmbiSecure (https://ambisecure.ambimat.com) …
    WARN — 19 pages, 0 alerts, 1 warnings
[monitor] crawling AmbiAutomation (https://ambiautomation.ambimat.com) …
    OK — 20 pages, 0 alerts, 0 warnings
[monitor] crawling Ambimat eSIM (https://esim.ambimat.com) …
    WARN — 20 pages, 0 alerts, 40 warnings

============================================================
ALERT: 7 broken links, 63 suspicious warnings
[monitor] json:     /data/data/com.termux/files/home/site_monitor_reports/report_20260712_163007.json
[monitor] markdown: /data/data/com.termux/files/home/site_monitor_reports/report_20260712_163007.md
[monitor] latest:   /data/data/com.termux/files/home/site_monitor_reports/report_latest.html
============================================================
===== 2026-07-12 16:36:06 +0530 daily run end (rc=1) =====
===== 2026-07-12 17:00:05 +0530 daily run start =====
[monitor] crawling Ambimat (https://ambimat.com) …
    ALERT — 20 pages, 1 alerts, 22 warnings
[monitor] crawling AmbiSecure (https://ambisecure.ambimat.com) …
    OK — 20 pages, 0 alerts, 0 warnings
[monitor] crawling AmbiAutomation (https://ambiautomation.ambimat.com) …
    OK — 20 pages, 0 alerts, 0 warnings
[monitor] crawling Ambimat eSIM (https://esim.ambimat.com) …
    WARN — 20 pages, 0 alerts, 40 warnings

============================================================
ALERT: 6 broken links, 62 suspicious warnings
[monitor] json:     /data/data/com.termux/files/home/site_monitor_reports/report_20260712_170007.json
[monitor] markdown: /data/data/com.termux/files/home/site_monitor_reports/report_20260712_170007.md
[monitor] latest:   /data/data/com.termux/files/home/site_monitor_reports/report_latest.html
============================================================
===== 2026-07-12 17:05:55 +0530 daily run end (rc=1) =====
===== 2026-07-12 17:30:07 +0530 daily run start =====
[monitor] crawling Ambimat (https://ambimat.com) …
    ALERT — 20 pages, 1 alerts, 22 warnings
[monitor] crawling AmbiSecure (https://ambisecure.ambimat.com) …
    OK — 20 pages, 0 alerts, 0 warnings
[monitor] crawling AmbiAutomation (https://ambiautomation.ambimat.com) …
    OK — 20 pages, 0 alerts, 0 warnings
[monitor] crawling Ambimat eSIM (https://esim.ambimat.com) …
    WARN — 20 pages, 0 alerts, 40 warnings

============================================================
ALERT: 7 broken links, 62 suspicious warnings
[monitor] json:     /data/data/com.termux/files/home/site_monitor_reports/report_20260712_173008.json
[monitor] markdown: /data/data/com.termux/files/home/site_monitor_reports/report_20260712_173008.md
[monitor] latest:   /data/data/com.termux/files/home/site_monitor_reports/report_latest.html
============================================================
===== 2026-07-12 17:36:03 +0530 daily run end (rc=1) =====
===== 2026-07-12 18:00:03 +0530 daily run start =====
[monitor] crawling Ambimat (https://ambimat.com) …
    ALERT — 20 pages, 1 alerts, 22 warnings
[monitor] crawling AmbiSecure (https://ambisecure.ambimat.com) …
    OK — 20 pages, 0 alerts, 0 warnings
[monitor] crawling AmbiAutomation (https://ambiautomation.ambimat.com) …
    OK — 20 pages, 0 alerts, 0 warnings
[monitor] crawling Ambimat eSIM (https://esim.ambimat.com) …
    WARN — 20 pages, 0 alerts, 40 warnings

============================================================
ALERT: 6 broken links, 62 suspicious warnings
[monitor] json:     /data/data/com.termux/files/home/site_monitor_reports/report_20260712_180005.json
[monitor] markdown: /data/data/com.termux/files/home/site_monitor_reports/report_20260712_180005.md
[monitor] latest:   /data/data/com.termux/files/home/site_monitor_reports/report_latest.html
============================================================
===== 2026-07-12 18:06:05 +0530 daily run end (rc=1) =====
===== 2026-07-12 18:30:03 +0530 daily run start =====
[monitor] crawling Ambimat (https://ambimat.com) …
    ALERT — 20 pages, 1 alerts, 22 warnings
[monitor] crawling AmbiSecure (https://ambisecure.ambimat.com) …
    OK — 20 pages, 0 alerts, 0 warnings
[monitor] crawling AmbiAutomation (https://ambiautomation.ambimat.com) …
    OK — 20 pages, 0 alerts, 0 warnings
[monitor] crawling Ambimat eSIM (https://esim.ambimat.com) …
    WARN — 20 pages, 0 alerts, 40 warnings

============================================================
ALERT: 7 broken links, 62 suspicious warnings
[monitor] json:     /data/data/com.termux/files/home/site_monitor_reports/report_20260712_183005.json
[monitor] markdown: /data/data/com.termux/files/home/site_monitor_reports/report_20260712_183005.md
[monitor] latest:   /data/data/com.termux/files/home/site_monitor_reports/report_latest.html
============================================================
===== 2026-07-12 18:36:12 +0530 daily run end (rc=1) =====
===== 2026-07-12 19:00:03 +0530 daily run start =====
[monitor] crawling Ambimat (https://ambimat.com) …
    ALERT — 20 pages, 1 alerts, 22 warnings
[monitor] crawling AmbiSecure (https://ambisecure.ambimat.com) …
    OK — 20 pages, 0 alerts, 0 warnings
[monitor] crawling AmbiAutomation (https://ambiautomation.ambimat.com) …
    OK — 20 pages, 0 alerts, 0 warnings
[monitor] crawling Ambimat eSIM (https://esim.ambimat.com) …
    WARN — 20 pages, 0 alerts, 40 warnings

============================================================
ALERT: 6 broken links, 62 suspicious warnings
[monitor] json:     /data/data/com.termux/files/home/site_monitor_reports/report_20260712_190005.json
[monitor] markdown: /data/data/com.termux/files/home/site_monitor_reports/report_20260712_190005.md
[monitor] latest:   /data/data/com.termux/files/home/site_monitor_reports/report_latest.html
============================================================
===== 2026-07-12 19:06:13 +0530 daily run end (rc=1) =====
===== 2026-07-12 19:30:03 +0530 daily run start =====
[monitor] crawling Ambimat (https://ambimat.com) …
    ALERT — 20 pages, 1 alerts, 22 warnings
[monitor] crawling AmbiSecure (https://ambisecure.ambimat.com) …
    OK — 20 pages, 0 alerts, 0 warnings
[monitor] crawling AmbiAutomation (https://ambiautomation.ambimat.com) …
    OK — 20 pages, 0 alerts, 0 warnings
[monitor] crawling Ambimat eSIM (https://esim.ambimat.com) …
    WARN — 20 pages, 0 alerts, 40 warnings

============================================================
ALERT: 6 broken links, 62 suspicious warnings
[monitor] json:     /data/data/com.termux/files/home/site_monitor_reports/report_20260712_193005.json
[monitor] markdown: /data/data/com.termux/files/home/site_monitor_reports/report_20260712_193005.md
[monitor] latest:   /data/data/com.termux/files/home/site_monitor_reports/report_latest.html
============================================================
===== 2026-07-12 19:36:02 +0530 daily run end (rc=1) =====
===== 2026-07-12 20:00:07 +0530 daily run start =====
[monitor] crawling Ambimat (https://ambimat.com) …
    ALERT — 20 pages, 1 alerts, 22 warnings
[monitor] crawling AmbiSecure (https://ambisecure.ambimat.com) …
    OK — 20 pages, 0 alerts, 0 warnings
[monitor] crawling AmbiAutomation (https://ambiautomation.ambimat.com) …
    OK — 20 pages, 0 alerts, 0 warnings
[monitor] crawling Ambimat eSIM (https://esim.ambimat.com) …
    WARN — 20 pages, 0 alerts, 40 warnings

============================================================
ALERT: 7 broken links, 62 suspicious warnings
[monitor] json:     /data/data/com.termux/files/home/site_monitor_reports/report_20260712_200009.json
[monitor] markdown: /data/data/com.termux/files/home/site_monitor_reports/report_20260712_200009.md
[monitor] latest:   /data/data/com.termux/files/home/site_monitor_reports/report_latest.html
============================================================
===== 2026-07-12 20:06:06 +0530 daily run end (rc=1) =====
===== 2026-07-12 20:30:03 +0530 daily run start =====
[monitor] crawling Ambimat (https://ambimat.com) …
    ALERT — 20 pages, 1 alerts, 22 warnings
[monitor] crawling AmbiSecure (https://ambisecure.ambimat.com) …
    OK — 20 pages, 0 alerts, 0 warnings
[monitor] crawling AmbiAutomation (https://ambiautomation.ambimat.com) …
    OK — 20 pages, 0 alerts, 0 warnings
[monitor] crawling Ambimat eSIM (https://esim.ambimat.com) …
    WARN — 20 pages, 0 alerts, 40 warnings

============================================================
ALERT: 6 broken links, 62 suspicious warnings
[monitor] json:     /data/data/com.termux/files/home/site_monitor_reports/report_20260712_203005.json
[monitor] markdown: /data/data/com.termux/files/home/site_monitor_reports/report_20260712_203005.md
[monitor] latest:   /data/data/com.termux/files/home/site_monitor_reports/report_latest.html
============================================================
===== 2026-07-12 20:36:02 +0530 daily run end (rc=1) =====
===== 2026-07-12 21:00:03 +0530 daily run start =====
[monitor] crawling Ambimat (https://ambimat.com) …
    ALERT — 20 pages, 1 alerts, 22 warnings
[monitor] crawling AmbiSecure (https://ambisecure.ambimat.com) …
    OK — 20 pages, 0 alerts, 0 warnings
[monitor] crawling AmbiAutomation (https://ambiautomation.ambimat.com) …
    OK — 20 pages, 0 alerts, 0 warnings
[monitor] crawling Ambimat eSIM (https://esim.ambimat.com) …
    WARN — 20 pages, 0 alerts, 40 warnings

============================================================
ALERT: 7 broken links, 62 suspicious warnings
[monitor] json:     /data/data/com.termux/files/home/site_monitor_reports/report_20260712_210005.json
[monitor] markdown: /data/data/com.termux/files/home/site_monitor_reports/report_20260712_210005.md
[monitor] latest:   /data/data/com.termux/files/home/site_monitor_reports/report_latest.html
============================================================
===== 2026-07-12 21:06:03 +0530 daily run end (rc=1) =====
===== 2026-07-12 21:30:04 +0530 daily run start =====
[monitor] crawling Ambimat (https://ambimat.com) …
    ALERT — 20 pages, 1 alerts, 22 warnings
[monitor] crawling AmbiSecure (https://ambisecure.ambimat.com) …
    OK — 20 pages, 0 alerts, 0 warnings
[monitor] crawling AmbiAutomation (https://ambiautomation.ambimat.com) …
    OK — 20 pages, 0 alerts, 0 warnings
[monitor] crawling Ambimat eSIM (https://esim.ambimat.com) …
    WARN — 20 pages, 0 alerts, 40 warnings

============================================================
ALERT: 6 broken links, 62 suspicious warnings
[monitor] json:     /data/data/com.termux/files/home/site_monitor_reports/report_20260712_213005.json
[monitor] markdown: /data/data/com.termux/files/home/site_monitor_reports/report_20260712_213005.md
[monitor] latest:   /data/data/com.termux/files/home/site_monitor_reports/report_latest.html
============================================================
===== 2026-07-12 21:36:05 +0530 daily run end (rc=1) =====
===== 2026-07-12 22:00:04 +0530 daily run start =====
[monitor] crawling Ambimat (https://ambimat.com) …
    ALERT — 20 pages, 1 alerts, 22 warnings
[monitor] crawling AmbiSecure (https://ambisecure.ambimat.com) …
    OK — 20 pages, 0 alerts, 0 warnings
[monitor] crawling AmbiAutomation (https://ambiautomation.ambimat.com) …
    OK — 20 pages, 0 alerts, 0 warnings
[monitor] crawling Ambimat eSIM (https://esim.ambimat.com) …
    WARN — 20 pages, 0 alerts, 40 warnings

============================================================
ALERT: 7 broken links, 62 suspicious warnings
[monitor] json:     /data/data/com.termux/files/home/site_monitor_reports/report_20260712_220006.json
[monitor] markdown: /data/data/com.termux/files/home/site_monitor_reports/report_20260712_220006.md
[monitor] latest:   /data/data/com.termux/files/home/site_monitor_reports/report_latest.html
============================================================
===== 2026-07-12 22:06:00 +0530 daily run end (rc=1) =====
===== 2026-07-12 22:30:04 +0530 daily run start =====
[monitor] crawling Ambimat (https://ambimat.com) …
    ALERT — 20 pages, 1 alerts, 22 warnings
[monitor] crawling AmbiSecure (https://ambisecure.ambimat.com) …
    OK — 20 pages, 0 alerts, 0 warnings
[monitor] crawling AmbiAutomation (https://ambiautomation.ambimat.com) …
    OK — 20 pages, 0 alerts, 0 warnings
[monitor] crawling Ambimat eSIM (https://esim.ambimat.com) …
    WARN — 20 pages, 0 alerts, 40 warnings

============================================================
ALERT: 7 broken links, 62 suspicious warnings
[monitor] json:     /data/data/com.termux/files/home/site_monitor_reports/report_20260712_223006.json
[monitor] markdown: /data/data/com.termux/files/home/site_monitor_reports/report_20260712_223006.md
[monitor] latest:   /data/data/com.termux/files/home/site_monitor_reports/report_latest.html
============================================================
===== 2026-07-12 22:35:58 +0530 daily run end (rc=1) =====
===== 2026-07-12 23:00:04 +0530 daily run start =====
[monitor] crawling Ambimat (https://ambimat.com) …
    ALERT — 20 pages, 1 alerts, 22 warnings
[monitor] crawling AmbiSecure (https://ambisecure.ambimat.com) …
    OK — 20 pages, 0 alerts, 0 warnings
[monitor] crawling AmbiAutomation (https://ambiautomation.ambimat.com) …
    OK — 20 pages, 0 alerts, 0 warnings
[monitor] crawling Ambimat eSIM (https://esim.ambimat.com) …
    WARN — 20 pages, 0 alerts, 40 warnings

============================================================
ALERT: 7 broken links, 62 suspicious warnings
[monitor] json:     /data/data/com.termux/files/home/site_monitor_reports/report_20260712_230006.json
[monitor] markdown: /data/data/com.termux/files/home/site_monitor_reports/report_20260712_230006.md
[monitor] latest:   /data/data/com.termux/files/home/site_monitor_reports/report_latest.html
============================================================
===== 2026-07-12 23:06:03 +0530 daily run end (rc=1) =====
===== 2026-07-12 23:30:03 +0530 daily run start =====
[monitor] crawling Ambimat (https://ambimat.com) …
    ALERT — 20 pages, 1 alerts, 22 warnings
[monitor] crawling AmbiSecure (https://ambisecure.ambimat.com) …
    OK — 20 pages, 0 alerts, 0 warnings
[monitor] crawling AmbiAutomation (https://ambiautomation.ambimat.com) …
    OK — 20 pages, 0 alerts, 0 warnings
[monitor] crawling Ambimat eSIM (https://esim.ambimat.com) …
    WARN — 20 pages, 0 alerts, 40 warnings

============================================================
ALERT: 6 broken links, 62 suspicious warnings
[monitor] json:     /data/data/com.termux/files/home/site_monitor_reports/report_20260712_233005.json
[monitor] markdown: /data/data/com.termux/files/home/site_monitor_reports/report_20260712_233005.md
[monitor] latest:   /data/data/com.termux/files/home/site_monitor_reports/report_latest.html
============================================================
===== 2026-07-12 23:36:08 +0530 daily run end (rc=1) =====
===== 2026-07-13 10:00:01 +0530 daily run start =====
[monitor] crawling Ambimat (https://ambimat.com) …
    ALERT — 20 pages, 1 alerts, 22 warnings
[monitor] crawling AmbiSecure (https://ambisecure.ambimat.com) …
    OK — 20 pages, 0 alerts, 0 warnings
[monitor] crawling AmbiAutomation (https://ambiautomation.ambimat.com) …
    OK — 20 pages, 0 alerts, 0 warnings
[monitor] crawling Ambimat eSIM (https://esim.ambimat.com) …
    WARN — 20 pages, 0 alerts, 40 warnings

============================================================
ALERT: 6 broken links, 62 suspicious warnings
[monitor] json:     /data/data/com.termux/files/home/site_monitor_reports/report_20260713_100003.json
[monitor] markdown: /data/data/com.termux/files/home/site_monitor_reports/report_20260713_100003.md
[monitor] latest:   /data/data/com.termux/files/home/site_monitor_reports/report_latest.html
============================================================
===== 2026-07-13 10:06:17 +0530 daily run end (rc=1) =====
===== 2026-07-13 10:30:05 +0530 daily run start =====
[monitor] crawling Ambimat (https://ambimat.com) …
    ALERT — 20 pages, 1 alerts, 22 warnings
[monitor] crawling AmbiSecure (https://ambisecure.ambimat.com) …
    OK — 20 pages, 0 alerts, 0 warnings
[monitor] crawling AmbiAutomation (https://ambiautomation.ambimat.com) …
    OK — 20 pages, 0 alerts, 0 warnings
[monitor] crawling Ambimat eSIM (https://esim.ambimat.com) …
    WARN — 20 pages, 0 alerts, 40 warnings

============================================================
ALERT: 7 broken links, 62 suspicious warnings
[monitor] json:     /data/data/com.termux/files/home/site_monitor_reports/report_20260713_103007.json
[monitor] markdown: /data/data/com.termux/files/home/site_monitor_reports/report_20260713_103007.md
[monitor] latest:   /data/data/com.termux/files/home/site_monitor_reports/report_latest.html
============================================================
===== 2026-07-13 10:36:15 +0530 daily run end (rc=1) =====
===== 2026-07-13 11:00:06 +0530 daily run start =====
[monitor] crawling Ambimat (https://ambimat.com) …
    ALERT — 20 pages, 1 alerts, 22 warnings
[monitor] crawling AmbiSecure (https://ambisecure.ambimat.com) …
    OK — 20 pages, 0 alerts, 0 warnings
[monitor] crawling AmbiAutomation (https://ambiautomation.ambimat.com) …
    OK — 20 pages, 0 alerts, 0 warnings
[monitor] crawling Ambimat eSIM (https://esim.ambimat.com) …
    WARN — 20 pages, 0 alerts, 40 warnings

============================================================
ALERT: 6 broken links, 62 suspicious warnings
[monitor] json:     /data/data/com.termux/files/home/site_monitor_reports/report_20260713_110007.json
[monitor] markdown: /data/data/com.termux/files/home/site_monitor_reports/report_20260713_110007.md
[monitor] latest:   /data/data/com.termux/files/home/site_monitor_reports/report_latest.html
============================================================
===== 2026-07-13 11:06:08 +0530 daily run end (rc=1) =====
===== 2026-07-13 11:30:05 +0530 daily run start =====
[monitor] crawling Ambimat (https://ambimat.com) …
    ALERT — 20 pages, 1 alerts, 22 warnings
[monitor] crawling AmbiSecure (https://ambisecure.ambimat.com) …
    OK — 20 pages, 0 alerts, 0 warnings
[monitor] crawling AmbiAutomation (https://ambiautomation.ambimat.com) …
    OK — 20 pages, 0 alerts, 0 warnings
[monitor] crawling Ambimat eSIM (https://esim.ambimat.com) …
    WARN — 20 pages, 0 alerts, 40 warnings

============================================================
ALERT: 7 broken links, 62 suspicious warnings
[monitor] json:     /data/data/com.termux/files/home/site_monitor_reports/report_20260713_113007.json
[monitor] markdown: /data/data/com.termux/files/home/site_monitor_reports/report_20260713_113007.md
[monitor] latest:   /data/data/com.termux/files/home/site_monitor_reports/report_latest.html
============================================================
===== 2026-07-13 11:36:08 +0530 daily run end (rc=1) =====
===== 2026-07-13 12:00:04 +0530 daily run start =====
[monitor] crawling Ambimat (https://ambimat.com) …
    ALERT — 20 pages, 1 alerts, 22 warnings
[monitor] crawling AmbiSecure (https://ambisecure.ambimat.com) …
    OK — 20 pages, 0 alerts, 0 warnings
[monitor] crawling AmbiAutomation (https://ambiautomation.ambimat.com) …
    OK — 20 pages, 0 alerts, 0 warnings
[monitor] crawling Ambimat eSIM (https://esim.ambimat.com) …
    WARN — 20 pages, 0 alerts, 40 warnings

============================================================
ALERT: 7 broken links, 62 suspicious warnings
[monitor] json:     /data/data/com.termux/files/home/site_monitor_reports/report_20260713_120006.json
[monitor] markdown: /data/data/com.termux/files/home/site_monitor_reports/report_20260713_120006.md
[monitor] latest:   /data/data/com.termux/files/home/site_monitor_reports/report_latest.html
============================================================
===== 2026-07-13 12:06:21 +0530 daily run end (rc=1) =====
===== 2026-07-13 12:30:09 +0530 daily run start =====
[monitor] crawling Ambimat (https://ambimat.com) …
    ALERT — 20 pages, 1 alerts, 22 warnings
[monitor] crawling AmbiSecure (https://ambisecure.ambimat.com) …
    OK — 20 pages, 0 alerts, 0 warnings
[monitor] crawling AmbiAutomation (https://ambiautomation.ambimat.com) …
    OK — 20 pages, 0 alerts, 0 warnings
[monitor] crawling Ambimat eSIM (https://esim.ambimat.com) …
    WARN — 20 pages, 0 alerts, 40 warnings

============================================================
ALERT: 6 broken links, 62 suspicious warnings
[monitor] json:     /data/data/com.termux/files/home/site_monitor_reports/report_20260713_123011.json
[monitor] markdown: /data/data/com.termux/files/home/site_monitor_reports/report_20260713_123011.md
[monitor] latest:   /data/data/com.termux/files/home/site_monitor_reports/report_latest.html
============================================================
===== 2026-07-13 12:36:20 +0530 daily run end (rc=1) =====
===== 2026-07-13 13:00:06 +0530 daily run start =====
[monitor] crawling Ambimat (https://ambimat.com) …
    ALERT — 20 pages, 1 alerts, 22 warnings
[monitor] crawling AmbiSecure (https://ambisecure.ambimat.com) …
    OK — 20 pages, 0 alerts, 0 warnings
[monitor] crawling AmbiAutomation (https://ambiautomation.ambimat.com) …
    OK — 20 pages, 0 alerts, 0 warnings
[monitor] crawling Ambimat eSIM (https://esim.ambimat.com) …
    WARN — 20 pages, 0 alerts, 40 warnings

============================================================
ALERT: 6 broken links, 62 suspicious warnings
[monitor] json:     /data/data/com.termux/files/home/site_monitor_reports/report_20260713_130008.json
[monitor] markdown: /data/data/com.termux/files/home/site_monitor_reports/report_20260713_130008.md
[monitor] latest:   /data/data/com.termux/files/home/site_monitor_reports/report_latest.html
============================================================
===== 2026-07-13 13:06:13 +0530 daily run end (rc=1) =====
===== 2026-07-13 13:30:05 +0530 daily run start =====
[monitor] crawling Ambimat (https://ambimat.com) …
    ALERT — 20 pages, 1 alerts, 22 warnings
[monitor] crawling AmbiSecure (https://ambisecure.ambimat.com) …
    OK — 20 pages, 0 alerts, 0 warnings
[monitor] crawling AmbiAutomation (https://ambiautomation.ambimat.com) …
    OK — 20 pages, 0 alerts, 0 warnings
[monitor] crawling Ambimat eSIM (https://esim.ambimat.com) …
    WARN — 20 pages, 0 alerts, 40 warnings

============================================================
ALERT: 6 broken links, 62 suspicious warnings
[monitor] json:     /data/data/com.termux/files/home/site_monitor_reports/report_20260713_133006.json
[monitor] markdown: /data/data/com.termux/files/home/site_monitor_reports/report_20260713_133006.md
[monitor] latest:   /data/data/com.termux/files/home/site_monitor_reports/report_latest.html
============================================================
===== 2026-07-13 13:36:13 +0530 daily run end (rc=1) =====
===== 2026-07-13 14:00:06 +0530 daily run start =====
[monitor] crawling Ambimat (https://ambimat.com) …
    ALERT — 20 pages, 1 alerts, 22 warnings
[monitor] crawling AmbiSecure (https://ambisecure.ambimat.com) …
    OK — 20 pages, 0 alerts, 0 warnings
[monitor] crawling AmbiAutomation (https://ambiautomation.ambimat.com) …
    OK — 20 pages, 0 alerts, 0 warnings
[monitor] crawling Ambimat eSIM (https://esim.ambimat.com) …
    WARN — 20 pages, 0 alerts, 40 warnings

============================================================
ALERT: 7 broken links, 62 suspicious warnings
[monitor] json:     /data/data/com.termux/files/home/site_monitor_reports/report_20260713_140008.json
[monitor] markdown: /data/data/com.termux/files/home/site_monitor_reports/report_20260713_140008.md
[monitor] latest:   /data/data/com.termux/files/home/site_monitor_reports/report_latest.html
============================================================
===== 2026-07-13 14:06:14 +0530 daily run end (rc=1) =====
===== 2026-07-13 14:30:05 +0530 daily run start =====
[monitor] crawling Ambimat (https://ambimat.com) …
    ALERT — 20 pages, 1 alerts, 22 warnings
[monitor] crawling AmbiSecure (https://ambisecure.ambimat.com) …
    OK — 20 pages, 0 alerts, 0 warnings
[monitor] crawling AmbiAutomation (https://ambiautomation.ambimat.com) …
    OK — 20 pages, 0 alerts, 0 warnings
[monitor] crawling Ambimat eSIM (https://esim.ambimat.com) …
    WARN — 20 pages, 0 alerts, 40 warnings

============================================================
ALERT: 6 broken links, 62 suspicious warnings
[monitor] json:     /data/data/com.termux/files/home/site_monitor_reports/report_20260713_143007.json
[monitor] markdown: /data/data/com.termux/files/home/site_monitor_reports/report_20260713_143007.md
[monitor] latest:   /data/data/com.termux/files/home/site_monitor_reports/report_latest.html
============================================================
===== 2026-07-13 14:36:17 +0530 daily run end (rc=1) =====
===== 2026-07-13 15:00:05 +0530 daily run start =====
[monitor] crawling Ambimat (https://ambimat.com) …
    ALERT — 20 pages, 1 alerts, 22 warnings
[monitor] crawling AmbiSecure (https://ambisecure.ambimat.com) …
    OK — 20 pages, 0 alerts, 0 warnings
[monitor] crawling AmbiAutomation (https://ambiautomation.ambimat.com) …
    OK — 20 pages, 0 alerts, 0 warnings
[monitor] crawling Ambimat eSIM (https://esim.ambimat.com) …
    WARN — 20 pages, 0 alerts, 40 warnings

============================================================
ALERT: 7 broken links, 62 suspicious warnings
[monitor] json:     /data/data/com.termux/files/home/site_monitor_reports/report_20260713_150007.json
[monitor] markdown: /data/data/com.termux/files/home/site_monitor_reports/report_20260713_150007.md
[monitor] latest:   /data/data/com.termux/files/home/site_monitor_reports/report_latest.html
============================================================
===== 2026-07-13 15:06:18 +0530 daily run end (rc=1) =====
===== 2026-07-13 15:30:04 +0530 daily run start =====
[monitor] crawling Ambimat (https://ambimat.com) …
    ALERT — 20 pages, 1 alerts, 22 warnings
[monitor] crawling AmbiSecure (https://ambisecure.ambimat.com) …
    OK — 20 pages, 0 alerts, 0 warnings
[monitor] crawling AmbiAutomation (https://ambiautomation.ambimat.com) …
    OK — 20 pages, 0 alerts, 0 warnings
[monitor] crawling Ambimat eSIM (https://esim.ambimat.com) …
    WARN — 20 pages, 0 alerts, 40 warnings

============================================================
ALERT: 6 broken links, 62 suspicious warnings
[monitor] json:     /data/data/com.termux/files/home/site_monitor_reports/report_20260713_153006.json
[monitor] markdown: /data/data/com.termux/files/home/site_monitor_reports/report_20260713_153006.md
[monitor] latest:   /data/data/com.termux/files/home/site_monitor_reports/report_latest.html
============================================================
===== 2026-07-13 15:36:02 +0530 daily run end (rc=1) =====
===== 2026-07-13 16:00:04 +0530 daily run start =====
[monitor] crawling Ambimat (https://ambimat.com) …
    ALERT — 20 pages, 1 alerts, 22 warnings
[monitor] crawling AmbiSecure (https://ambisecure.ambimat.com) …
    OK — 20 pages, 0 alerts, 0 warnings
[monitor] crawling AmbiAutomation (https://ambiautomation.ambimat.com) …
    OK — 20 pages, 0 alerts, 0 warnings
[monitor] crawling Ambimat eSIM (https://esim.ambimat.com) …
    WARN — 20 pages, 0 alerts, 40 warnings

============================================================
ALERT: 6 broken links, 62 suspicious warnings
[monitor] json:     /data/data/com.termux/files/home/site_monitor_reports/report_20260713_160006.json
[monitor] markdown: /data/data/com.termux/files/home/site_monitor_reports/report_20260713_160006.md
[monitor] latest:   /data/data/com.termux/files/home/site_monitor_reports/report_latest.html
============================================================
===== 2026-07-13 16:06:06 +0530 daily run end (rc=1) =====
===== 2026-07-13 16:30:05 +0530 daily run start =====
[monitor] crawling Ambimat (https://ambimat.com) …
    ALERT — 20 pages, 1 alerts, 22 warnings
[monitor] crawling AmbiSecure (https://ambisecure.ambimat.com) …
    OK — 20 pages, 0 alerts, 0 warnings
[monitor] crawling AmbiAutomation (https://ambiautomation.ambimat.com) …
    OK — 20 pages, 0 alerts, 0 warnings
[monitor] crawling Ambimat eSIM (https://esim.ambimat.com) …
    WARN — 20 pages, 0 alerts, 40 warnings

============================================================
ALERT: 7 broken links, 62 suspicious warnings
[monitor] json:     /data/data/com.termux/files/home/site_monitor_reports/report_20260713_163007.json
[monitor] markdown: /data/data/com.termux/files/home/site_monitor_reports/report_20260713_163007.md
[monitor] latest:   /data/data/com.termux/files/home/site_monitor_reports/report_latest.html
============================================================
===== 2026-07-13 16:36:13 +0530 daily run end (rc=1) =====
===== 2026-07-13 17:00:11 +0530 daily run start =====
[monitor] crawling Ambimat (https://ambimat.com) …
    ALERT — 19 pages, 2 alerts, 21 warnings
[monitor] crawling AmbiSecure (https://ambisecure.ambimat.com) …
    OK — 20 pages, 0 alerts, 0 warnings
[monitor] crawling AmbiAutomation (https://ambiautomation.ambimat.com) …
    OK — 20 pages, 0 alerts, 0 warnings
[monitor] crawling Ambimat eSIM (https://esim.ambimat.com) …
    WARN — 20 pages, 0 alerts, 40 warnings

============================================================
ALERT: 1 broken pages, 6 broken links, 61 suspicious warnings
[monitor] json:     /data/data/com.termux/files/home/site_monitor_reports/report_20260713_170012.json
[monitor] markdown: /data/data/com.termux/files/home/site_monitor_reports/report_20260713_170012.md
[monitor] latest:   /data/data/com.termux/files/home/site_monitor_reports/report_latest.html
============================================================
===== 2026-07-13 17:06:25 +0530 daily run end (rc=1) =====
===== 2026-07-13 17:30:05 +0530 daily run start =====
[monitor] crawling Ambimat (https://ambimat.com) …
    ALERT — 20 pages, 1 alerts, 22 warnings
[monitor] crawling AmbiSecure (https://ambisecure.ambimat.com) …
    OK — 20 pages, 0 alerts, 0 warnings
[monitor] crawling AmbiAutomation (https://ambiautomation.ambimat.com) …
    OK — 20 pages, 0 alerts, 0 warnings
[monitor] crawling Ambimat eSIM (https://esim.ambimat.com) …
    WARN — 20 pages, 0 alerts, 40 warnings

============================================================
ALERT: 7 broken links, 62 suspicious warnings
[monitor] json:     /data/data/com.termux/files/home/site_monitor_reports/report_20260713_173007.json
[monitor] markdown: /data/data/com.termux/files/home/site_monitor_reports/report_20260713_173007.md
[monitor] latest:   /data/data/com.termux/files/home/site_monitor_reports/report_latest.html
============================================================
===== 2026-07-13 17:36:05 +0530 daily run end (rc=1) =====
===== 2026-07-13 18:00:05 +0530 daily run start =====
[monitor] crawling Ambimat (https://ambimat.com) …
    ALERT — 20 pages, 1 alerts, 22 warnings
[monitor] crawling AmbiSecure (https://ambisecure.ambimat.com) …
    OK — 20 pages, 0 alerts, 0 warnings
[monitor] crawling AmbiAutomation (https://ambiautomation.ambimat.com) …
    OK — 20 pages, 0 alerts, 0 warnings
[monitor] crawling Ambimat eSIM (https://esim.ambimat.com) …
    WARN — 20 pages, 0 alerts, 40 warnings

============================================================
ALERT: 7 broken links, 62 suspicious warnings
[monitor] json:     /data/data/com.termux/files/home/site_monitor_reports/report_20260713_180007.json
[monitor] markdown: /data/data/com.termux/files/home/site_monitor_reports/report_20260713_180007.md
[monitor] latest:   /data/data/com.termux/files/home/site_monitor_reports/report_latest.html
============================================================
===== 2026-07-13 18:06:18 +0530 daily run end (rc=1) =====
===== 2026-07-13 18:30:05 +0530 daily run start =====
[monitor] crawling Ambimat (https://ambimat.com) …
    ALERT — 20 pages, 1 alerts, 22 warnings
[monitor] crawling AmbiSecure (https://ambisecure.ambimat.com) …
    OK — 20 pages, 0 alerts, 0 warnings
[monitor] crawling AmbiAutomation (https://ambiautomation.ambimat.com) …
    OK — 20 pages, 0 alerts, 0 warnings
[monitor] crawling Ambimat eSIM (https://esim.ambimat.com) …
    WARN — 20 pages, 0 alerts, 40 warnings

============================================================
ALERT: 7 broken links, 62 suspicious warnings
[monitor] json:     /data/data/com.termux/files/home/site_monitor_reports/report_20260713_183007.json
[monitor] markdown: /data/data/com.termux/files/home/site_monitor_reports/report_20260713_183007.md
[monitor] latest:   /data/data/com.termux/files/home/site_monitor_reports/report_latest.html
============================================================
===== 2026-07-13 18:36:03 +0530 daily run end (rc=1) =====
===== 2026-07-13 19:00:03 +0530 daily run start =====
[monitor] crawling Ambimat (https://ambimat.com) …
    ALERT — 20 pages, 1 alerts, 22 warnings
[monitor] crawling AmbiSecure (https://ambisecure.ambimat.com) …
    OK — 20 pages, 0 alerts, 0 warnings
[monitor] crawling AmbiAutomation (https://ambiautomation.ambimat.com) …
    OK — 20 pages, 0 alerts, 0 warnings
[monitor] crawling Ambimat eSIM (https://esim.ambimat.com) …
    WARN — 20 pages, 0 alerts, 40 warnings

============================================================
ALERT: 8 broken links, 62 suspicious warnings
[monitor] json:     /data/data/com.termux/files/home/site_monitor_reports/report_20260713_190005.json
[monitor] markdown: /data/data/com.termux/files/home/site_monitor_reports/report_20260713_190005.md
[monitor] latest:   /data/data/com.termux/files/home/site_monitor_reports/report_latest.html
============================================================
===== 2026-07-13 19:06:10 +0530 daily run end (rc=1) =====
===== 2026-07-13 19:30:04 +0530 daily run start =====
[monitor] crawling Ambimat (https://ambimat.com) …
    ALERT — 20 pages, 1 alerts, 22 warnings
[monitor] crawling AmbiSecure (https://ambisecure.ambimat.com) …
    OK — 20 pages, 0 alerts, 0 warnings
[monitor] crawling AmbiAutomation (https://ambiautomation.ambimat.com) …
    OK — 20 pages, 0 alerts, 0 warnings
[monitor] crawling Ambimat eSIM (https://esim.ambimat.com) …
    WARN — 20 pages, 0 alerts, 40 warnings

============================================================
ALERT: 7 broken links, 62 suspicious warnings
[monitor] json:     /data/data/com.termux/files/home/site_monitor_reports/report_20260713_193005.json
[monitor] markdown: /data/data/com.termux/files/home/site_monitor_reports/report_20260713_193005.md
[monitor] latest:   /data/data/com.termux/files/home/site_monitor_reports/report_latest.html
============================================================
===== 2026-07-13 19:35:58 +0530 daily run end (rc=1) =====
===== 2026-07-13 20:00:03 +0530 daily run start =====
[monitor] crawling Ambimat (https://ambimat.com) …
    ALERT — 20 pages, 1 alerts, 22 warnings
[monitor] crawling AmbiSecure (https://ambisecure.ambimat.com) …
    OK — 20 pages, 0 alerts, 0 warnings
[monitor] crawling AmbiAutomation (https://ambiautomation.ambimat.com) …
    OK — 20 pages, 0 alerts, 0 warnings
[monitor] crawling Ambimat eSIM (https://esim.ambimat.com) …
    WARN — 20 pages, 0 alerts, 40 warnings

============================================================
ALERT: 7 broken links, 62 suspicious warnings
[monitor] json:     /data/data/com.termux/files/home/site_monitor_reports/report_20260713_200005.json
[monitor] markdown: /data/data/com.termux/files/home/site_monitor_reports/report_20260713_200005.md
[monitor] latest:   /data/data/com.termux/files/home/site_monitor_reports/report_latest.html
============================================================
===== 2026-07-13 20:06:13 +0530 daily run end (rc=1) =====
===== 2026-07-13 20:30:03 +0530 daily run start =====
[monitor] crawling Ambimat (https://ambimat.com) …
    ALERT — 20 pages, 1 alerts, 22 warnings
[monitor] crawling AmbiSecure (https://ambisecure.ambimat.com) …
    OK — 20 pages, 0 alerts, 0 warnings
[monitor] crawling AmbiAutomation (https://ambiautomation.ambimat.com) …
    OK — 20 pages, 0 alerts, 0 warnings
[monitor] crawling Ambimat eSIM (https://esim.ambimat.com) …
    WARN — 19 pages, 0 alerts, 39 warnings

============================================================
ALERT: 7 broken links, 61 suspicious warnings
[monitor] json:     /data/data/com.termux/files/home/site_monitor_reports/report_20260713_203005.json
[monitor] markdown: /data/data/com.termux/files/home/site_monitor_reports/report_20260713_203005.md
[monitor] latest:   /data/data/com.termux/files/home/site_monitor_reports/report_latest.html
============================================================
===== 2026-07-13 20:35:57 +0530 daily run end (rc=1) =====
===== 2026-07-13 21:00:04 +0530 daily run start =====
[monitor] crawling Ambimat (https://ambimat.com) …
    ALERT — 20 pages, 1 alerts, 22 warnings
[monitor] crawling AmbiSecure (https://ambisecure.ambimat.com) …
    OK — 20 pages, 0 alerts, 0 warnings
[monitor] crawling AmbiAutomation (https://ambiautomation.ambimat.com) …
    OK — 20 pages, 0 alerts, 0 warnings
[monitor] crawling Ambimat eSIM (https://esim.ambimat.com) …
    WARN — 20 pages, 0 alerts, 40 warnings

============================================================
ALERT: 7 broken links, 62 suspicious warnings
[monitor] json:     /data/data/com.termux/files/home/site_monitor_reports/report_20260713_210006.json
[monitor] markdown: /data/data/com.termux/files/home/site_monitor_reports/report_20260713_210006.md
[monitor] latest:   /data/data/com.termux/files/home/site_monitor_reports/report_latest.html
============================================================
===== 2026-07-13 21:06:05 +0530 daily run end (rc=1) =====
===== 2026-07-13 21:30:07 +0530 daily run start =====
[monitor] crawling Ambimat (https://ambimat.com) …
    ALERT — 20 pages, 1 alerts, 22 warnings
[monitor] crawling AmbiSecure (https://ambisecure.ambimat.com) …
    OK — 20 pages, 0 alerts, 0 warnings
[monitor] crawling AmbiAutomation (https://ambiautomation.ambimat.com) …
    OK — 20 pages, 0 alerts, 0 warnings
[monitor] crawling Ambimat eSIM (https://esim.ambimat.com) …
    WARN — 20 pages, 0 alerts, 40 warnings

============================================================
ALERT: 7 broken links, 62 suspicious warnings
[monitor] json:     /data/data/com.termux/files/home/site_monitor_reports/report_20260713_213009.json
[monitor] markdown: /data/data/com.termux/files/home/site_monitor_reports/report_20260713_213009.md
[monitor] latest:   /data/data/com.termux/files/home/site_monitor_reports/report_latest.html
============================================================
===== 2026-07-13 21:36:02 +0530 daily run end (rc=1) =====
===== 2026-07-13 22:00:06 +0530 daily run start =====
[monitor] crawling Ambimat (https://ambimat.com) …
    ALERT — 20 pages, 1 alerts, 22 warnings
[monitor] crawling AmbiSecure (https://ambisecure.ambimat.com) …
    OK — 20 pages, 0 alerts, 0 warnings
[monitor] crawling AmbiAutomation (https://ambiautomation.ambimat.com) …
    OK — 20 pages, 0 alerts, 0 warnings
[monitor] crawling Ambimat eSIM (https://esim.ambimat.com) …
    WARN — 20 pages, 0 alerts, 40 warnings

============================================================
ALERT: 6 broken links, 62 suspicious warnings
[monitor] json:     /data/data/com.termux/files/home/site_monitor_reports/report_20260713_220008.json
[monitor] markdown: /data/data/com.termux/files/home/site_monitor_reports/report_20260713_220008.md
[monitor] latest:   /data/data/com.termux/files/home/site_monitor_reports/report_latest.html
============================================================
===== 2026-07-13 22:06:08 +0530 daily run end (rc=1) =====
===== 2026-07-13 22:30:05 +0530 daily run start =====
[monitor] crawling Ambimat (https://ambimat.com) …
    ALERT — 20 pages, 1 alerts, 22 warnings
[monitor] crawling AmbiSecure (https://ambisecure.ambimat.com) …
    OK — 20 pages, 0 alerts, 0 warnings
[monitor] crawling AmbiAutomation (https://ambiautomation.ambimat.com) …
    OK — 20 pages, 0 alerts, 0 warnings
[monitor] crawling Ambimat eSIM (https://esim.ambimat.com) …
    WARN — 20 pages, 0 alerts, 40 warnings

============================================================
ALERT: 7 broken links, 62 suspicious warnings
[monitor] json:     /data/data/com.termux/files/home/site_monitor_reports/report_20260713_223007.json
[monitor] markdown: /data/data/com.termux/files/home/site_monitor_reports/report_20260713_223007.md
[monitor] latest:   /data/data/com.termux/files/home/site_monitor_reports/report_latest.html
============================================================
===== 2026-07-13 22:36:12 +0530 daily run end (rc=1) =====
===== 2026-07-13 23:00:05 +0530 daily run start =====
[monitor] crawling Ambimat (https://ambimat.com) …
    ALERT — 20 pages, 1 alerts, 22 warnings
[monitor] crawling AmbiSecure (https://ambisecure.ambimat.com) …
    OK — 20 pages, 0 alerts, 0 warnings
[monitor] crawling AmbiAutomation (https://ambiautomation.ambimat.com) …
    OK — 20 pages, 0 alerts, 0 warnings
[monitor] crawling Ambimat eSIM (https://esim.ambimat.com) …
    WARN — 20 pages, 0 alerts, 40 warnings

============================================================
ALERT: 7 broken links, 62 suspicious warnings
[monitor] json:     /data/data/com.termux/files/home/site_monitor_reports/report_20260713_230007.json
[monitor] markdown: /data/data/com.termux/files/home/site_monitor_reports/report_20260713_230007.md
[monitor] latest:   /data/data/com.termux/files/home/site_monitor_reports/report_latest.html
============================================================
===== 2026-07-13 23:06:09 +0530 daily run end (rc=1) =====
===== 2026-07-13 23:30:07 +0530 daily run start =====
[monitor] crawling Ambimat (https://ambimat.com) …
    ALERT — 20 pages, 1 alerts, 22 warnings
[monitor] crawling AmbiSecure (https://ambisecure.ambimat.com) …
    OK — 20 pages, 0 alerts, 0 warnings
[monitor] crawling AmbiAutomation (https://ambiautomation.ambimat.com) …
    OK — 20 pages, 0 alerts, 0 warnings
[monitor] crawling Ambimat eSIM (https://esim.ambimat.com) …
    WARN — 20 pages, 0 alerts, 40 warnings

============================================================
ALERT: 7 broken links, 62 suspicious warnings
[monitor] json:     /data/data/com.termux/files/home/site_monitor_reports/report_20260713_233009.json
[monitor] markdown: /data/data/com.termux/files/home/site_monitor_reports/report_20260713_233009.md
[monitor] latest:   /data/data/com.termux/files/home/site_monitor_reports/report_latest.html
============================================================
===== 2026-07-13 23:36:05 +0530 daily run end (rc=1) =====
===== 2026-07-14 10:00:03 +0530 daily run start =====
[monitor] crawling Ambimat (https://ambimat.com) …
    ALERT — 20 pages, 1 alerts, 22 warnings
[monitor] crawling AmbiSecure (https://ambisecure.ambimat.com) …
    OK — 20 pages, 0 alerts, 0 warnings
[monitor] crawling AmbiAutomation (https://ambiautomation.ambimat.com) …
    OK — 20 pages, 0 alerts, 0 warnings
[monitor] crawling Ambimat eSIM (https://esim.ambimat.com) …
    WARN — 20 pages, 0 alerts, 40 warnings

============================================================
ALERT: 6 broken links, 62 suspicious warnings
[monitor] json:     /data/data/com.termux/files/home/site_monitor_reports/report_20260714_100005.json
[monitor] markdown: /data/data/com.termux/files/home/site_monitor_reports/report_20260714_100005.md
[monitor] latest:   /data/data/com.termux/files/home/site_monitor_reports/report_latest.html
============================================================
===== 2026-07-14 10:06:15 +0530 daily run end (rc=1) =====
===== 2026-07-14 10:30:04 +0530 daily run start =====
[monitor] crawling Ambimat (https://ambimat.com) …
    ALERT — 20 pages, 1 alerts, 22 warnings
[monitor] crawling AmbiSecure (https://ambisecure.ambimat.com) …
    OK — 20 pages, 0 alerts, 0 warnings
[monitor] crawling AmbiAutomation (https://ambiautomation.ambimat.com) …
    OK — 20 pages, 0 alerts, 0 warnings
[monitor] crawling Ambimat eSIM (https://esim.ambimat.com) …
    WARN — 20 pages, 0 alerts, 40 warnings

============================================================
ALERT: 6 broken links, 62 suspicious warnings
[monitor] json:     /data/data/com.termux/files/home/site_monitor_reports/report_20260714_103006.json
[monitor] markdown: /data/data/com.termux/files/home/site_monitor_reports/report_20260714_103006.md
[monitor] latest:   /data/data/com.termux/files/home/site_monitor_reports/report_latest.html
============================================================
===== 2026-07-14 10:36:41 +0530 daily run end (rc=1) =====
===== 2026-07-14 11:00:04 +0530 daily run start =====
[monitor] crawling Ambimat (https://ambimat.com) …
    ALERT — 20 pages, 1 alerts, 22 warnings
[monitor] crawling AmbiSecure (https://ambisecure.ambimat.com) …
    OK — 20 pages, 0 alerts, 0 warnings
[monitor] crawling AmbiAutomation (https://ambiautomation.ambimat.com) …
    OK — 20 pages, 0 alerts, 0 warnings
[monitor] crawling Ambimat eSIM (https://esim.ambimat.com) …
    WARN — 20 pages, 0 alerts, 40 warnings

============================================================
ALERT: 7 broken links, 62 suspicious warnings
[monitor] json:     /data/data/com.termux/files/home/site_monitor_reports/report_20260714_110006.json
[monitor] markdown: /data/data/com.termux/files/home/site_monitor_reports/report_20260714_110006.md
[monitor] latest:   /data/data/com.termux/files/home/site_monitor_reports/report_latest.html
============================================================
===== 2026-07-14 11:06:06 +0530 daily run end (rc=1) =====
===== 2026-07-14 11:30:09 +0530 daily run start =====
[monitor] crawling Ambimat (https://ambimat.com) …
    ALERT — 20 pages, 1 alerts, 22 warnings
[monitor] crawling AmbiSecure (https://ambisecure.ambimat.com) …
    OK — 20 pages, 0 alerts, 0 warnings
[monitor] crawling AmbiAutomation (https://ambiautomation.ambimat.com) …
    OK — 20 pages, 0 alerts, 0 warnings
[monitor] crawling Ambimat eSIM (https://esim.ambimat.com) …
    WARN — 20 pages, 0 alerts, 40 warnings

============================================================
ALERT: 6 broken links, 62 suspicious warnings
[monitor] json:     /data/data/com.termux/files/home/site_monitor_reports/report_20260714_113011.json
[monitor] markdown: /data/data/com.termux/files/home/site_monitor_reports/report_20260714_113011.md
[monitor] latest:   /data/data/com.termux/files/home/site_monitor_reports/report_latest.html
============================================================
===== 2026-07-14 11:36:28 +0530 daily run end (rc=1) =====
===== 2026-07-14 12:00:07 +0530 daily run start =====
[monitor] crawling Ambimat (https://ambimat.com) …
    ALERT — 20 pages, 1 alerts, 22 warnings
[monitor] crawling AmbiSecure (https://ambisecure.ambimat.com) …
    OK — 20 pages, 0 alerts, 0 warnings
[monitor] crawling AmbiAutomation (https://ambiautomation.ambimat.com) …
    OK — 20 pages, 0 alerts, 0 warnings
[monitor] crawling Ambimat eSIM (https://esim.ambimat.com) …
    WARN — 20 pages, 0 alerts, 40 warnings

============================================================
ALERT: 7 broken links, 62 suspicious warnings
[monitor] json:     /data/data/com.termux/files/home/site_monitor_reports/report_20260714_120008.json
[monitor] markdown: /data/data/com.termux/files/home/site_monitor_reports/report_20260714_120008.md
[monitor] latest:   /data/data/com.termux/files/home/site_monitor_reports/report_latest.html
============================================================
===== 2026-07-14 12:06:14 +0530 daily run end (rc=1) =====
===== 2026-07-14 13:00:06 +0530 daily run start =====
[monitor] crawling Ambimat (https://ambimat.com) …
    ALERT — 20 pages, 1 alerts, 22 warnings
[monitor] crawling AmbiSecure (https://ambisecure.ambimat.com) …
    OK — 20 pages, 0 alerts, 0 warnings
[monitor] crawling AmbiAutomation (https://ambiautomation.ambimat.com) …
    OK — 20 pages, 0 alerts, 0 warnings
[monitor] crawling Ambimat eSIM (https://esim.ambimat.com) …
    WARN — 20 pages, 0 alerts, 40 warnings

============================================================
ALERT: 6 broken links, 62 suspicious warnings
[monitor] json:     /data/data/com.termux/files/home/site_monitor_reports/report_20260714_130008.json
[monitor] markdown: /data/data/com.termux/files/home/site_monitor_reports/report_20260714_130008.md
[monitor] latest:   /data/data/com.termux/files/home/site_monitor_reports/report_latest.html
============================================================
===== 2026-07-14 13:06:08 +0530 daily run end (rc=1) =====
===== 2026-07-14 13:30:07 +0530 daily run start =====
[monitor] crawling Ambimat (https://ambimat.com) …
    ALERT — 20 pages, 1 alerts, 22 warnings
[monitor] crawling AmbiSecure (https://ambisecure.ambimat.com) …
    OK — 20 pages, 0 alerts, 0 warnings
[monitor] crawling AmbiAutomation (https://ambiautomation.ambimat.com) …
    OK — 20 pages, 0 alerts, 0 warnings
[monitor] crawling Ambimat eSIM (https://esim.ambimat.com) …
    WARN — 20 pages, 0 alerts, 40 warnings

============================================================
ALERT: 7 broken links, 62 suspicious warnings
[monitor] json:     /data/data/com.termux/files/home/site_monitor_reports/report_20260714_133009.json
[monitor] markdown: /data/data/com.termux/files/home/site_monitor_reports/report_20260714_133009.md
[monitor] latest:   /data/data/com.termux/files/home/site_monitor_reports/report_latest.html
============================================================
===== 2026-07-14 13:36:14 +0530 daily run end (rc=1) =====
===== 2026-07-14 14:00:06 +0530 daily run start =====
[monitor] crawling Ambimat (https://ambimat.com) …
    ALERT — 20 pages, 1 alerts, 22 warnings
[monitor] crawling AmbiSecure (https://ambisecure.ambimat.com) …
    OK — 20 pages, 0 alerts, 0 warnings
[monitor] crawling AmbiAutomation (https://ambiautomation.ambimat.com) …
    OK — 20 pages, 0 alerts, 0 warnings
[monitor] crawling Ambimat eSIM (https://esim.ambimat.com) …
    WARN — 20 pages, 0 alerts, 40 warnings

============================================================
ALERT: 6 broken links, 62 suspicious warnings
[monitor] json:     /data/data/com.termux/files/home/site_monitor_reports/report_20260714_140007.json
[monitor] markdown: /data/data/com.termux/files/home/site_monitor_reports/report_20260714_140007.md
[monitor] latest:   /data/data/com.termux/files/home/site_monitor_reports/report_latest.html
============================================================
===== 2026-07-14 14:06:02 +0530 daily run end (rc=1) =====
===== 2026-07-14 14:30:05 +0530 daily run start =====
[monitor] crawling Ambimat (https://ambimat.com) …
    ALERT — 20 pages, 1 alerts, 22 warnings
[monitor] crawling AmbiSecure (https://ambisecure.ambimat.com) …
    OK — 20 pages, 0 alerts, 0 warnings
[monitor] crawling AmbiAutomation (https://ambiautomation.ambimat.com) …
    OK — 20 pages, 0 alerts, 0 warnings
[monitor] crawling Ambimat eSIM (https://esim.ambimat.com) …
    WARN — 20 pages, 0 alerts, 40 warnings

============================================================
ALERT: 6 broken links, 62 suspicious warnings
[monitor] json:     /data/data/com.termux/files/home/site_monitor_reports/report_20260714_143007.json
[monitor] markdown: /data/data/com.termux/files/home/site_monitor_reports/report_20260714_143007.md
[monitor] latest:   /data/data/com.termux/files/home/site_monitor_reports/report_latest.html
============================================================
===== 2026-07-14 14:36:19 +0530 daily run end (rc=1) =====
===== 2026-07-14 15:00:05 +0530 daily run start =====
[monitor] crawling Ambimat (https://ambimat.com) …
    ALERT — 20 pages, 1 alerts, 22 warnings
[monitor] crawling AmbiSecure (https://ambisecure.ambimat.com) …
    OK — 20 pages, 0 alerts, 0 warnings
[monitor] crawling AmbiAutomation (https://ambiautomation.ambimat.com) …
    OK — 20 pages, 0 alerts, 0 warnings
[monitor] crawling Ambimat eSIM (https://esim.ambimat.com) …
    WARN — 20 pages, 0 alerts, 40 warnings

============================================================
ALERT: 10 broken links, 62 suspicious warnings
[monitor] json:     /data/data/com.termux/files/home/site_monitor_reports/report_20260714_150007.json
[monitor] markdown: /data/data/com.termux/files/home/site_monitor_reports/report_20260714_150007.md
[monitor] latest:   /data/data/com.termux/files/home/site_monitor_reports/report_latest.html
============================================================
===== 2026-07-14 15:06:25 +0530 daily run end (rc=1) =====
===== 2026-07-14 15:30:11 +0530 daily run start =====
[monitor] crawling Ambimat (https://ambimat.com) …
    ALERT — 20 pages, 1 alerts, 22 warnings
[monitor] crawling AmbiSecure (https://ambisecure.ambimat.com) …
    OK — 20 pages, 0 alerts, 0 warnings
[monitor] crawling AmbiAutomation (https://ambiautomation.ambimat.com) …
    OK — 20 pages, 0 alerts, 0 warnings
[monitor] crawling Ambimat eSIM (https://esim.ambimat.com) …
    WARN — 20 pages, 0 alerts, 40 warnings

============================================================
ALERT: 8 broken links, 62 suspicious warnings
[monitor] json:     /data/data/com.termux/files/home/site_monitor_reports/report_20260714_153013.json
[monitor] markdown: /data/data/com.termux/files/home/site_monitor_reports/report_20260714_153013.md
[monitor] latest:   /data/data/com.termux/files/home/site_monitor_reports/report_latest.html
============================================================
===== 2026-07-14 15:36:39 +0530 daily run end (rc=1) =====
===== 2026-07-14 16:30:09 +0530 daily run start =====
[monitor] crawling Ambimat (https://ambimat.com) …
    ALERT — 20 pages, 1 alerts, 22 warnings
[monitor] crawling AmbiSecure (https://ambisecure.ambimat.com) …
    OK — 20 pages, 0 alerts, 0 warnings
[monitor] crawling AmbiAutomation (https://ambiautomation.ambimat.com) …
    OK — 20 pages, 0 alerts, 0 warnings
[monitor] crawling Ambimat eSIM (https://esim.ambimat.com) …
    WARN — 20 pages, 0 alerts, 40 warnings

============================================================
ALERT: 6 broken links, 62 suspicious warnings
[monitor] json:     /data/data/com.termux/files/home/site_monitor_reports/report_20260714_163011.json
[monitor] markdown: /data/data/com.termux/files/home/site_monitor_reports/report_20260714_163011.md
[monitor] latest:   /data/data/com.termux/files/home/site_monitor_reports/report_latest.html
============================================================
===== 2026-07-14 16:36:29 +0530 daily run end (rc=1) =====
===== 2026-07-14 17:00:08 +0530 daily run start =====
[monitor] crawling Ambimat (https://ambimat.com) …
    ALERT — 20 pages, 1 alerts, 22 warnings
[monitor] crawling AmbiSecure (https://ambisecure.ambimat.com) …
    OK — 20 pages, 0 alerts, 0 warnings
[monitor] crawling AmbiAutomation (https://ambiautomation.ambimat.com) …
    OK — 20 pages, 0 alerts, 0 warnings
[monitor] crawling Ambimat eSIM (https://esim.ambimat.com) …
    WARN — 20 pages, 0 alerts, 40 warnings

============================================================
ALERT: 6 broken links, 62 suspicious warnings
[monitor] json:     /data/data/com.termux/files/home/site_monitor_reports/report_20260714_170009.json
[monitor] markdown: /data/data/com.termux/files/home/site_monitor_reports/report_20260714_170009.md
[monitor] latest:   /data/data/com.termux/files/home/site_monitor_reports/report_latest.html
============================================================
===== 2026-07-14 17:07:12 +0530 daily run end (rc=1) =====
===== 2026-07-14 17:30:07 +0530 daily run start =====
[monitor] crawling Ambimat (https://ambimat.com) …
    ALERT — 20 pages, 1 alerts, 22 warnings
[monitor] crawling AmbiSecure (https://ambisecure.ambimat.com) …
    OK — 20 pages, 0 alerts, 0 warnings
[monitor] crawling AmbiAutomation (https://ambiautomation.ambimat.com) …
    OK — 20 pages, 0 alerts, 0 warnings
[monitor] crawling Ambimat eSIM (https://esim.ambimat.com) …
    WARN — 20 pages, 0 alerts, 40 warnings

============================================================
ALERT: 7 broken links, 62 suspicious warnings
[monitor] json:     /data/data/com.termux/files/home/site_monitor_reports/report_20260714_173009.json
[monitor] markdown: /data/data/com.termux/files/home/site_monitor_reports/report_20260714_173009.md
[monitor] latest:   /data/data/com.termux/files/home/site_monitor_reports/report_latest.html
============================================================
===== 2026-07-14 17:36:31 +0530 daily run end (rc=1) =====
===== 2026-07-14 18:00:04 +0530 daily run start =====
[monitor] crawling Ambimat (https://ambimat.com) …
    ALERT — 18 pages, 1 alerts, 22 warnings
[monitor] crawling AmbiSecure (https://ambisecure.ambimat.com) …
    OK — 20 pages, 0 alerts, 0 warnings
[monitor] crawling AmbiAutomation (https://ambiautomation.ambimat.com) …
    OK — 20 pages, 0 alerts, 0 warnings
[monitor] crawling Ambimat eSIM (https://esim.ambimat.com) …
    WARN — 20 pages, 0 alerts, 40 warnings

============================================================
ALERT: 6 broken links, 62 suspicious warnings
[monitor] json:     /data/data/com.termux/files/home/site_monitor_reports/report_20260714_180006.json
[monitor] markdown: /data/data/com.termux/files/home/site_monitor_reports/report_20260714_180006.md
[monitor] latest:   /data/data/com.termux/files/home/site_monitor_reports/report_latest.html
============================================================
===== 2026-07-14 18:06:53 +0530 daily run end (rc=1) =====
===== 2026-07-14 18:30:05 +0530 daily run start =====
[monitor] crawling Ambimat (https://ambimat.com) …
    ALERT — 20 pages, 1 alerts, 22 warnings
[monitor] crawling AmbiSecure (https://ambisecure.ambimat.com) …
    OK — 20 pages, 0 alerts, 0 warnings
[monitor] crawling AmbiAutomation (https://ambiautomation.ambimat.com) …
    OK — 20 pages, 0 alerts, 0 warnings
[monitor] crawling Ambimat eSIM (https://esim.ambimat.com) …
    WARN — 20 pages, 0 alerts, 40 warnings

============================================================
ALERT: 7 broken links, 62 suspicious warnings
[monitor] json:     /data/data/com.termux/files/home/site_monitor_reports/report_20260714_183007.json
[monitor] markdown: /data/data/com.termux/files/home/site_monitor_reports/report_20260714_183007.md
[monitor] latest:   /data/data/com.termux/files/home/site_monitor_reports/report_latest.html
============================================================
===== 2026-07-14 18:36:45 +0530 daily run end (rc=1) =====
===== 2026-07-14 19:00:07 +0530 daily run start =====
[monitor] crawling Ambimat (https://ambimat.com) …
    ALERT — 20 pages, 1 alerts, 22 warnings
[monitor] crawling AmbiSecure (https://ambisecure.ambimat.com) …
    OK — 20 pages, 0 alerts, 0 warnings
[monitor] crawling AmbiAutomation (https://ambiautomation.ambimat.com) …
    OK — 20 pages, 0 alerts, 0 warnings
[monitor] crawling Ambimat eSIM (https://esim.ambimat.com) …
    WARN — 20 pages, 0 alerts, 40 warnings

============================================================
ALERT: 7 broken links, 62 suspicious warnings
[monitor] json:     /data/data/com.termux/files/home/site_monitor_reports/report_20260714_190009.json
[monitor] markdown: /data/data/com.termux/files/home/site_monitor_reports/report_20260714_190009.md
[monitor] latest:   /data/data/com.termux/files/home/site_monitor_reports/report_latest.html
============================================================
===== 2026-07-14 19:06:36 +0530 daily run end (rc=1) =====
===== 2026-07-14 19:30:04 +0530 daily run start =====
[monitor] crawling Ambimat (https://ambimat.com) …
    ALERT — 20 pages, 1 alerts, 22 warnings
[monitor] crawling AmbiSecure (https://ambisecure.ambimat.com) …
    OK — 20 pages, 0 alerts, 0 warnings
[monitor] crawling AmbiAutomation (https://ambiautomation.ambimat.com) …
    OK — 20 pages, 0 alerts, 0 warnings
[monitor] crawling Ambimat eSIM (https://esim.ambimat.com) …
    WARN — 20 pages, 0 alerts, 40 warnings

============================================================
ALERT: 7 broken links, 62 suspicious warnings
[monitor] json:     /data/data/com.termux/files/home/site_monitor_reports/report_20260714_193006.json
[monitor] markdown: /data/data/com.termux/files/home/site_monitor_reports/report_20260714_193006.md
[monitor] latest:   /data/data/com.termux/files/home/site_monitor_reports/report_latest.html
============================================================
===== 2026-07-14 19:36:03 +0530 daily run end (rc=1) =====
===== 2026-07-14 20:00:04 +0530 daily run start =====
[monitor] crawling Ambimat (https://ambimat.com) …
    ALERT — 20 pages, 1 alerts, 22 warnings
[monitor] crawling AmbiSecure (https://ambisecure.ambimat.com) …
    OK — 20 pages, 0 alerts, 0 warnings
[monitor] crawling AmbiAutomation (https://ambiautomation.ambimat.com) …
    OK — 20 pages, 0 alerts, 0 warnings
[monitor] crawling Ambimat eSIM (https://esim.ambimat.com) …
    WARN — 20 pages, 0 alerts, 40 warnings

============================================================
ALERT: 6 broken links, 62 suspicious warnings
[monitor] json:     /data/data/com.termux/files/home/site_monitor_reports/report_20260714_200005.json
[monitor] markdown: /data/data/com.termux/files/home/site_monitor_reports/report_20260714_200005.md
[monitor] latest:   /data/data/com.termux/files/home/site_monitor_reports/report_latest.html
============================================================
===== 2026-07-14 20:06:04 +0530 daily run end (rc=1) =====
===== 2026-07-14 20:30:03 +0530 daily run start =====
[monitor] crawling Ambimat (https://ambimat.com) …
    ALERT — 20 pages, 1 alerts, 22 warnings
[monitor] crawling AmbiSecure (https://ambisecure.ambimat.com) …
    OK — 20 pages, 0 alerts, 0 warnings
[monitor] crawling AmbiAutomation (https://ambiautomation.ambimat.com) …
    OK — 20 pages, 0 alerts, 0 warnings
[monitor] crawling Ambimat eSIM (https://esim.ambimat.com) …
    WARN — 20 pages, 0 alerts, 40 warnings

============================================================
ALERT: 7 broken links, 62 suspicious warnings
[monitor] json:     /data/data/com.termux/files/home/site_monitor_reports/report_20260714_203005.json
[monitor] markdown: /data/data/com.termux/files/home/site_monitor_reports/report_20260714_203005.md
[monitor] latest:   /data/data/com.termux/files/home/site_monitor_reports/report_latest.html
============================================================
===== 2026-07-14 20:36:15 +0530 daily run end (rc=1) =====
===== 2026-07-14 21:00:03 +0530 daily run start =====
[monitor] crawling Ambimat (https://ambimat.com) …
    ALERT — 20 pages, 1 alerts, 22 warnings
[monitor] crawling AmbiSecure (https://ambisecure.ambimat.com) …
    OK — 20 pages, 0 alerts, 0 warnings
[monitor] crawling AmbiAutomation (https://ambiautomation.ambimat.com) …
    OK — 20 pages, 0 alerts, 0 warnings
[monitor] crawling Ambimat eSIM (https://esim.ambimat.com) …
    WARN — 20 pages, 0 alerts, 40 warnings

============================================================
ALERT: 6 broken links, 62 suspicious warnings
[monitor] json:     /data/data/com.termux/files/home/site_monitor_reports/report_20260714_210005.json
[monitor] markdown: /data/data/com.termux/files/home/site_monitor_reports/report_20260714_210005.md
[monitor] latest:   /data/data/com.termux/files/home/site_monitor_reports/report_latest.html
============================================================
===== 2026-07-14 21:06:01 +0530 daily run end (rc=1) =====
===== 2026-07-14 21:30:03 +0530 daily run start =====
[monitor] crawling Ambimat (https://ambimat.com) …
    ALERT — 20 pages, 1 alerts, 22 warnings
[monitor] crawling AmbiSecure (https://ambisecure.ambimat.com) …
    OK — 20 pages, 0 alerts, 0 warnings
[monitor] crawling AmbiAutomation (https://ambiautomation.ambimat.com) …
    OK — 20 pages, 0 alerts, 0 warnings
[monitor] crawling Ambimat eSIM (https://esim.ambimat.com) …
    WARN — 20 pages, 0 alerts, 40 warnings

============================================================
ALERT: 7 broken links, 62 suspicious warnings
[monitor] json:     /data/data/com.termux/files/home/site_monitor_reports/report_20260714_213005.json
[monitor] markdown: /data/data/com.termux/files/home/site_monitor_reports/report_20260714_213005.md
[monitor] latest:   /data/data/com.termux/files/home/site_monitor_reports/report_latest.html
============================================================
===== 2026-07-14 21:36:07 +0530 daily run end (rc=1) =====
===== 2026-07-14 22:00:05 +0530 daily run start =====
[monitor] crawling Ambimat (https://ambimat.com) …
    ALERT — 20 pages, 1 alerts, 22 warnings
[monitor] crawling AmbiSecure (https://ambisecure.ambimat.com) …
    OK — 20 pages, 0 alerts, 0 warnings
[monitor] crawling AmbiAutomation (https://ambiautomation.ambimat.com) …
    OK — 20 pages, 0 alerts, 0 warnings
[monitor] crawling Ambimat eSIM (https://esim.ambimat.com) …
    WARN — 20 pages, 0 alerts, 40 warnings

============================================================
ALERT: 8 broken links, 62 suspicious warnings
[monitor] json:     /data/data/com.termux/files/home/site_monitor_reports/report_20260714_220007.json
[monitor] markdown: /data/data/com.termux/files/home/site_monitor_reports/report_20260714_220007.md
[monitor] latest:   /data/data/com.termux/files/home/site_monitor_reports/report_latest.html
============================================================
===== 2026-07-14 22:06:05 +0530 daily run end (rc=1) =====
===== 2026-07-14 22:30:03 +0530 daily run start =====
[monitor] crawling Ambimat (https://ambimat.com) …
    ALERT — 20 pages, 1 alerts, 22 warnings
[monitor] crawling AmbiSecure (https://ambisecure.ambimat.com) …
    OK — 20 pages, 0 alerts, 0 warnings
[monitor] crawling AmbiAutomation (https://ambiautomation.ambimat.com) …
    OK — 20 pages, 0 alerts, 0 warnings
[monitor] crawling Ambimat eSIM (https://esim.ambimat.com) …
    WARN — 20 pages, 0 alerts, 40 warnings

============================================================
ALERT: 7 broken links, 62 suspicious warnings
[monitor] json:     /data/data/com.termux/files/home/site_monitor_reports/report_20260714_223005.json
[monitor] markdown: /data/data/com.termux/files/home/site_monitor_reports/report_20260714_223005.md
[monitor] latest:   /data/data/com.termux/files/home/site_monitor_reports/report_latest.html
============================================================
===== 2026-07-14 22:36:10 +0530 daily run end (rc=1) =====
===== 2026-07-14 23:00:11 +0530 daily run start =====
[monitor] crawling Ambimat (https://ambimat.com) …
    ALERT — 20 pages, 1 alerts, 22 warnings
[monitor] crawling AmbiSecure (https://ambisecure.ambimat.com) …
    OK — 20 pages, 0 alerts, 0 warnings
[monitor] crawling AmbiAutomation (https://ambiautomation.ambimat.com) …
    OK — 20 pages, 0 alerts, 0 warnings
[monitor] crawling Ambimat eSIM (https://esim.ambimat.com) …
    WARN — 20 pages, 0 alerts, 40 warnings

============================================================
ALERT: 8 broken links, 62 suspicious warnings
[monitor] json:     /data/data/com.termux/files/home/site_monitor_reports/report_20260714_230013.json
[monitor] markdown: /data/data/com.termux/files/home/site_monitor_reports/report_20260714_230013.md
[monitor] latest:   /data/data/com.termux/files/home/site_monitor_reports/report_latest.html
============================================================
===== 2026-07-14 23:06:09 +0530 daily run end (rc=1) =====
===== 2026-07-14 23:30:04 +0530 daily run start =====
[monitor] crawling Ambimat (https://ambimat.com) …
    ALERT — 20 pages, 1 alerts, 22 warnings
[monitor] crawling AmbiSecure (https://ambisecure.ambimat.com) …
    OK — 20 pages, 0 alerts, 0 warnings
[monitor] crawling AmbiAutomation (https://ambiautomation.ambimat.com) …
    OK — 20 pages, 0 alerts, 0 warnings
[monitor] crawling Ambimat eSIM (https://esim.ambimat.com) …
    WARN — 20 pages, 0 alerts, 40 warnings

============================================================
ALERT: 8 broken links, 62 suspicious warnings
[monitor] json:     /data/data/com.termux/files/home/site_monitor_reports/report_20260714_233006.json
[monitor] markdown: /data/data/com.termux/files/home/site_monitor_reports/report_20260714_233006.md
[monitor] latest:   /data/data/com.termux/files/home/site_monitor_reports/report_latest.html
============================================================
===== 2026-07-14 23:35:58 +0530 daily run end (rc=1) =====
===== 2026-07-15 10:00:04 +0530 daily run start =====
[monitor] crawling Ambimat (https://ambimat.com) …
    ALERT — 20 pages, 1 alerts, 22 warnings
[monitor] crawling AmbiSecure (https://ambisecure.ambimat.com) …
    OK — 20 pages, 0 alerts, 0 warnings
[monitor] crawling AmbiAutomation (https://ambiautomation.ambimat.com) …
    WARN — 19 pages, 0 alerts, 1 warnings
[monitor] crawling Ambimat eSIM (https://esim.ambimat.com) …
    WARN — 20 pages, 0 alerts, 40 warnings

============================================================
ALERT: 6 broken links, 63 suspicious warnings
[monitor] json:     /data/data/com.termux/files/home/site_monitor_reports/report_20260715_100007.json
[monitor] markdown: /data/data/com.termux/files/home/site_monitor_reports/report_20260715_100007.md
[monitor] latest:   /data/data/com.termux/files/home/site_monitor_reports/report_latest.html
============================================================
===== 2026-07-15 10:06:37 +0530 daily run end (rc=1) =====
===== 2026-07-15 10:30:03 +0530 daily run start =====
[monitor] crawling Ambimat (https://ambimat.com) …
    ALERT — 20 pages, 1 alerts, 22 warnings
[monitor] crawling AmbiSecure (https://ambisecure.ambimat.com) …
    OK — 20 pages, 0 alerts, 0 warnings
[monitor] crawling AmbiAutomation (https://ambiautomation.ambimat.com) …
    OK — 20 pages, 0 alerts, 0 warnings
[monitor] crawling Ambimat eSIM (https://esim.ambimat.com) …
    WARN — 20 pages, 0 alerts, 40 warnings

============================================================
ALERT: 7 broken links, 62 suspicious warnings
[monitor] json:     /data/data/com.termux/files/home/site_monitor_reports/report_20260715_103005.json
[monitor] markdown: /data/data/com.termux/files/home/site_monitor_reports/report_20260715_103005.md
[monitor] latest:   /data/data/com.termux/files/home/site_monitor_reports/report_latest.html
============================================================
===== 2026-07-15 10:36:28 +0530 daily run end (rc=1) =====
===== 2026-07-15 11:00:04 +0530 daily run start =====
[monitor] crawling Ambimat (https://ambimat.com) …
    ALERT — 20 pages, 1 alerts, 22 warnings
[monitor] crawling AmbiSecure (https://ambisecure.ambimat.com) …
    OK — 20 pages, 0 alerts, 0 warnings
[monitor] crawling AmbiAutomation (https://ambiautomation.ambimat.com) …
    OK — 20 pages, 0 alerts, 0 warnings
[monitor] crawling Ambimat eSIM (https://esim.ambimat.com) …
    WARN — 20 pages, 0 alerts, 40 warnings

============================================================
ALERT: 7 broken links, 62 suspicious warnings
[monitor] json:     /data/data/com.termux/files/home/site_monitor_reports/report_20260715_110006.json
[monitor] markdown: /data/data/com.termux/files/home/site_monitor_reports/report_20260715_110006.md
[monitor] latest:   /data/data/com.termux/files/home/site_monitor_reports/report_latest.html
============================================================
===== 2026-07-15 11:06:02 +0530 daily run end (rc=1) =====
===== 2026-07-15 11:30:05 +0530 daily run start =====
[monitor] crawling Ambimat (https://ambimat.com) …
    ALERT — 20 pages, 1 alerts, 22 warnings
[monitor] crawling AmbiSecure (https://ambisecure.ambimat.com) …
    OK — 20 pages, 0 alerts, 0 warnings
[monitor] crawling AmbiAutomation (https://ambiautomation.ambimat.com) …
    OK — 20 pages, 0 alerts, 0 warnings
[monitor] crawling Ambimat eSIM (https://esim.ambimat.com) …
    WARN — 20 pages, 0 alerts, 40 warnings

============================================================
ALERT: 7 broken links, 62 suspicious warnings
[monitor] json:     /data/data/com.termux/files/home/site_monitor_reports/report_20260715_113007.json
[monitor] markdown: /data/data/com.termux/files/home/site_monitor_reports/report_20260715_113007.md
[monitor] latest:   /data/data/com.termux/files/home/site_monitor_reports/report_latest.html
============================================================
===== 2026-07-15 11:36:18 +0530 daily run end (rc=1) =====
===== 2026-07-15 12:00:04 +0530 daily run start =====
[monitor] crawling Ambimat (https://ambimat.com) …
    ALERT — 20 pages, 1 alerts, 22 warnings
[monitor] crawling AmbiSecure (https://ambisecure.ambimat.com) …
    OK — 20 pages, 0 alerts, 0 warnings
[monitor] crawling AmbiAutomation (https://ambiautomation.ambimat.com) …
    OK — 20 pages, 0 alerts, 0 warnings
[monitor] crawling Ambimat eSIM (https://esim.ambimat.com) …
    WARN — 20 pages, 0 alerts, 40 warnings

============================================================
ALERT: 6 broken links, 62 suspicious warnings
[monitor] json:     /data/data/com.termux/files/home/site_monitor_reports/report_20260715_120006.json
[monitor] markdown: /data/data/com.termux/files/home/site_monitor_reports/report_20260715_120006.md
[monitor] latest:   /data/data/com.termux/files/home/site_monitor_reports/report_latest.html
============================================================
===== 2026-07-15 12:06:15 +0530 daily run end (rc=1) =====
===== 2026-07-15 12:30:04 +0530 daily run start =====
[monitor] crawling Ambimat (https://ambimat.com) …
    ALERT — 20 pages, 1 alerts, 22 warnings
[monitor] crawling AmbiSecure (https://ambisecure.ambimat.com) …
    OK — 20 pages, 0 alerts, 0 warnings
[monitor] crawling AmbiAutomation (https://ambiautomation.ambimat.com) …
    OK — 20 pages, 0 alerts, 0 warnings
[monitor] crawling Ambimat eSIM (https://esim.ambimat.com) …
    WARN — 20 pages, 0 alerts, 40 warnings

============================================================
ALERT: 7 broken links, 62 suspicious warnings
[monitor] json:     /data/data/com.termux/files/home/site_monitor_reports/report_20260715_123006.json
[monitor] markdown: /data/data/com.termux/files/home/site_monitor_reports/report_20260715_123006.md
[monitor] latest:   /data/data/com.termux/files/home/site_monitor_reports/report_latest.html
============================================================
===== 2026-07-15 12:36:08 +0530 daily run end (rc=1) =====
===== 2026-07-15 13:00:05 +0530 daily run start =====
[monitor] crawling Ambimat (https://ambimat.com) …
    ALERT — 20 pages, 1 alerts, 22 warnings
[monitor] crawling AmbiSecure (https://ambisecure.ambimat.com) …
    OK — 20 pages, 0 alerts, 0 warnings
[monitor] crawling AmbiAutomation (https://ambiautomation.ambimat.com) …
    OK — 20 pages, 0 alerts, 0 warnings
[monitor] crawling Ambimat eSIM (https://esim.ambimat.com) …
    WARN — 20 pages, 0 alerts, 40 warnings

============================================================
ALERT: 8 broken links, 62 suspicious warnings
[monitor] json:     /data/data/com.termux/files/home/site_monitor_reports/report_20260715_130006.json
[monitor] markdown: /data/data/com.termux/files/home/site_monitor_reports/report_20260715_130006.md
[monitor] latest:   /data/data/com.termux/files/home/site_monitor_reports/report_latest.html
============================================================
===== 2026-07-15 13:06:01 +0530 daily run end (rc=1) =====
===== 2026-07-15 13:30:04 +0530 daily run start =====
[monitor] crawling Ambimat (https://ambimat.com) …
    ALERT — 20 pages, 1 alerts, 22 warnings
[monitor] crawling AmbiSecure (https://ambisecure.ambimat.com) …
    OK — 20 pages, 0 alerts, 0 warnings
[monitor] crawling AmbiAutomation (https://ambiautomation.ambimat.com) …
    OK — 20 pages, 0 alerts, 0 warnings
[monitor] crawling Ambimat eSIM (https://esim.ambimat.com) …
    WARN — 19 pages, 0 alerts, 39 warnings

============================================================
ALERT: 7 broken links, 61 suspicious warnings
[monitor] json:     /data/data/com.termux/files/home/site_monitor_reports/report_20260715_133006.json
[monitor] markdown: /data/data/com.termux/files/home/site_monitor_reports/report_20260715_133006.md
[monitor] latest:   /data/data/com.termux/files/home/site_monitor_reports/report_latest.html
============================================================
===== 2026-07-15 13:35:59 +0530 daily run end (rc=1) =====
===== 2026-07-15 14:00:03 +0530 daily run start =====
[monitor] crawling Ambimat (https://ambimat.com) …
    ALERT — 20 pages, 1 alerts, 22 warnings
[monitor] crawling AmbiSecure (https://ambisecure.ambimat.com) …
    OK — 20 pages, 0 alerts, 0 warnings
[monitor] crawling AmbiAutomation (https://ambiautomation.ambimat.com) …
    OK — 20 pages, 0 alerts, 0 warnings
[monitor] crawling Ambimat eSIM (https://esim.ambimat.com) …
    WARN — 20 pages, 0 alerts, 40 warnings

============================================================
ALERT: 6 broken links, 62 suspicious warnings
[monitor] json:     /data/data/com.termux/files/home/site_monitor_reports/report_20260715_140005.json
[monitor] markdown: /data/data/com.termux/files/home/site_monitor_reports/report_20260715_140005.md
[monitor] latest:   /data/data/com.termux/files/home/site_monitor_reports/report_latest.html
============================================================
===== 2026-07-15 14:06:17 +0530 daily run end (rc=1) =====
===== 2026-07-15 14:30:05 +0530 daily run start =====
[monitor] crawling Ambimat (https://ambimat.com) …
    ALERT — 20 pages, 1 alerts, 22 warnings
[monitor] crawling AmbiSecure (https://ambisecure.ambimat.com) …
    OK — 20 pages, 0 alerts, 0 warnings
[monitor] crawling AmbiAutomation (https://ambiautomation.ambimat.com) …
    OK — 20 pages, 0 alerts, 0 warnings
[monitor] crawling Ambimat eSIM (https://esim.ambimat.com) …
    WARN — 20 pages, 0 alerts, 40 warnings

============================================================
ALERT: 8 broken links, 62 suspicious warnings
[monitor] json:     /data/data/com.termux/files/home/site_monitor_reports/report_20260715_143007.json
[monitor] markdown: /data/data/com.termux/files/home/site_monitor_reports/report_20260715_143007.md
[monitor] latest:   /data/data/com.termux/files/home/site_monitor_reports/report_latest.html
============================================================
===== 2026-07-15 14:36:10 +0530 daily run end (rc=1) =====
===== 2026-07-15 15:30:05 +0530 daily run start =====
[monitor] crawling Ambimat (https://ambimat.com) …
    ALERT — 20 pages, 1 alerts, 22 warnings
[monitor] crawling AmbiSecure (https://ambisecure.ambimat.com) …
    OK — 20 pages, 0 alerts, 0 warnings
[monitor] crawling AmbiAutomation (https://ambiautomation.ambimat.com) …
    OK — 20 pages, 0 alerts, 0 warnings
[monitor] crawling Ambimat eSIM (https://esim.ambimat.com) …
    WARN — 20 pages, 0 alerts, 40 warnings

============================================================
ALERT: 7 broken links, 62 suspicious warnings
[monitor] json:     /data/data/com.termux/files/home/site_monitor_reports/report_20260715_153007.json
[monitor] markdown: /data/data/com.termux/files/home/site_monitor_reports/report_20260715_153007.md
[monitor] latest:   /data/data/com.termux/files/home/site_monitor_reports/report_latest.html
============================================================
===== 2026-07-15 15:36:06 +0530 daily run end (rc=1) =====
===== 2026-07-15 16:00:04 +0530 daily run start =====
[monitor] crawling Ambimat (https://ambimat.com) …
    ALERT — 20 pages, 1 alerts, 22 warnings
[monitor] crawling AmbiSecure (https://ambisecure.ambimat.com) …
    OK — 20 pages, 0 alerts, 0 warnings
[monitor] crawling AmbiAutomation (https://ambiautomation.ambimat.com) …
    OK — 20 pages, 0 alerts, 0 warnings
[monitor] crawling Ambimat eSIM (https://esim.ambimat.com) …
    WARN — 20 pages, 0 alerts, 40 warnings

============================================================
ALERT: 7 broken links, 62 suspicious warnings
[monitor] json:     /data/data/com.termux/files/home/site_monitor_reports/report_20260715_160006.json
[monitor] markdown: /data/data/com.termux/files/home/site_monitor_reports/report_20260715_160006.md
[monitor] latest:   /data/data/com.termux/files/home/site_monitor_reports/report_latest.html
============================================================
===== 2026-07-15 16:06:14 +0530 daily run end (rc=1) =====
===== 2026-07-15 16:30:04 +0530 daily run start =====
[monitor] crawling Ambimat (https://ambimat.com) …
    ALERT — 20 pages, 1 alerts, 22 warnings
[monitor] crawling AmbiSecure (https://ambisecure.ambimat.com) …
    OK — 20 pages, 0 alerts, 0 warnings
[monitor] crawling AmbiAutomation (https://ambiautomation.ambimat.com) …
    OK — 20 pages, 0 alerts, 0 warnings
[monitor] crawling Ambimat eSIM (https://esim.ambimat.com) …
    WARN — 20 pages, 0 alerts, 40 warnings

============================================================
ALERT: 7 broken links, 62 suspicious warnings
[monitor] json:     /data/data/com.termux/files/home/site_monitor_reports/report_20260715_163006.json
[monitor] markdown: /data/data/com.termux/files/home/site_monitor_reports/report_20260715_163006.md
[monitor] latest:   /data/data/com.termux/files/home/site_monitor_reports/report_latest.html
============================================================
===== 2026-07-15 16:36:30 +0530 daily run end (rc=1) =====
===== 2026-07-15 17:00:04 +0530 daily run start =====
[monitor] crawling Ambimat (https://ambimat.com) …
    ALERT — 20 pages, 1 alerts, 22 warnings
[monitor] crawling AmbiSecure (https://ambisecure.ambimat.com) …
    OK — 20 pages, 0 alerts, 0 warnings
[monitor] crawling AmbiAutomation (https://ambiautomation.ambimat.com) …
    OK — 20 pages, 0 alerts, 0 warnings
[monitor] crawling Ambimat eSIM (https://esim.ambimat.com) …
    WARN — 20 pages, 0 alerts, 40 warnings

============================================================
ALERT: 6 broken links, 62 suspicious warnings
[monitor] json:     /data/data/com.termux/files/home/site_monitor_reports/report_20260715_170006.json
[monitor] markdown: /data/data/com.termux/files/home/site_monitor_reports/report_20260715_170006.md
[monitor] latest:   /data/data/com.termux/files/home/site_monitor_reports/report_latest.html
============================================================
===== 2026-07-15 17:06:41 +0530 daily run end (rc=1) =====
===== 2026-07-15 17:30:03 +0530 daily run start =====
[monitor] crawling Ambimat (https://ambimat.com) …
    ALERT — 20 pages, 1 alerts, 22 warnings
[monitor] crawling AmbiSecure (https://ambisecure.ambimat.com) …
    OK — 20 pages, 0 alerts, 0 warnings
[monitor] crawling AmbiAutomation (https://ambiautomation.ambimat.com) …
    OK — 20 pages, 0 alerts, 0 warnings
[monitor] crawling Ambimat eSIM (https://esim.ambimat.com) …
    WARN — 20 pages, 0 alerts, 40 warnings

============================================================
ALERT: 6 broken links, 62 suspicious warnings
[monitor] json:     /data/data/com.termux/files/home/site_monitor_reports/report_20260715_173005.json
[monitor] markdown: /data/data/com.termux/files/home/site_monitor_reports/report_20260715_173005.md
[monitor] latest:   /data/data/com.termux/files/home/site_monitor_reports/report_latest.html
============================================================
===== 2026-07-15 17:35:56 +0530 daily run end (rc=1) =====
===== 2026-07-15 18:00:03 +0530 daily run start =====
[monitor] crawling Ambimat (https://ambimat.com) …
    ALERT — 20 pages, 1 alerts, 22 warnings
[monitor] crawling AmbiSecure (https://ambisecure.ambimat.com) …
    OK — 20 pages, 0 alerts, 0 warnings
[monitor] crawling AmbiAutomation (https://ambiautomation.ambimat.com) …
    OK — 20 pages, 0 alerts, 0 warnings
[monitor] crawling Ambimat eSIM (https://esim.ambimat.com) …
    WARN — 20 pages, 0 alerts, 40 warnings

============================================================
ALERT: 6 broken links, 62 suspicious warnings
[monitor] json:     /data/data/com.termux/files/home/site_monitor_reports/report_20260715_180005.json
[monitor] markdown: /data/data/com.termux/files/home/site_monitor_reports/report_20260715_180005.md
[monitor] latest:   /data/data/com.termux/files/home/site_monitor_reports/report_latest.html
============================================================
===== 2026-07-15 18:06:05 +0530 daily run end (rc=1) =====
===== 2026-07-15 18:30:04 +0530 daily run start =====
[monitor] crawling Ambimat (https://ambimat.com) …
    ALERT — 20 pages, 1 alerts, 22 warnings
[monitor] crawling AmbiSecure (https://ambisecure.ambimat.com) …
    OK — 20 pages, 0 alerts, 0 warnings
[monitor] crawling AmbiAutomation (https://ambiautomation.ambimat.com) …
    OK — 20 pages, 0 alerts, 0 warnings
[monitor] crawling Ambimat eSIM (https://esim.ambimat.com) …
    WARN — 20 pages, 0 alerts, 40 warnings

============================================================
ALERT: 7 broken links, 62 suspicious warnings
[monitor] json:     /data/data/com.termux/files/home/site_monitor_reports/report_20260715_183006.json
[monitor] markdown: /data/data/com.termux/files/home/site_monitor_reports/report_20260715_183006.md
[monitor] latest:   /data/data/com.termux/files/home/site_monitor_reports/report_latest.html
============================================================
===== 2026-07-15 18:36:17 +0530 daily run end (rc=1) =====
===== 2026-07-15 19:00:08 +0530 daily run start =====
[monitor] crawling Ambimat (https://ambimat.com) …
    ALERT — 20 pages, 1 alerts, 22 warnings
[monitor] crawling AmbiSecure (https://ambisecure.ambimat.com) …
    OK — 20 pages, 0 alerts, 0 warnings
[monitor] crawling AmbiAutomation (https://ambiautomation.ambimat.com) …
    OK — 20 pages, 0 alerts, 0 warnings
[monitor] crawling Ambimat eSIM (https://esim.ambimat.com) …
    WARN — 20 pages, 0 alerts, 40 warnings

============================================================
ALERT: 6 broken links, 62 suspicious warnings
[monitor] json:     /data/data/com.termux/files/home/site_monitor_reports/report_20260715_190010.json
[monitor] markdown: /data/data/com.termux/files/home/site_monitor_reports/report_20260715_190010.md
[monitor] latest:   /data/data/com.termux/files/home/site_monitor_reports/report_latest.html
============================================================
===== 2026-07-15 19:06:16 +0530 daily run end (rc=1) =====
===== 2026-07-15 19:30:04 +0530 daily run start =====
[monitor] crawling Ambimat (https://ambimat.com) …
    ALERT — 20 pages, 1 alerts, 22 warnings
[monitor] crawling AmbiSecure (https://ambisecure.ambimat.com) …
    OK — 20 pages, 0 alerts, 0 warnings
[monitor] crawling AmbiAutomation (https://ambiautomation.ambimat.com) …
    OK — 20 pages, 0 alerts, 0 warnings
[monitor] crawling Ambimat eSIM (https://esim.ambimat.com) …
    WARN — 20 pages, 0 alerts, 40 warnings

============================================================
ALERT: 6 broken links, 62 suspicious warnings
[monitor] json:     /data/data/com.termux/files/home/site_monitor_reports/report_20260715_193006.json
[monitor] markdown: /data/data/com.termux/files/home/site_monitor_reports/report_20260715_193006.md
[monitor] latest:   /data/data/com.termux/files/home/site_monitor_reports/report_latest.html
============================================================
===== 2026-07-15 19:35:57 +0530 daily run end (rc=1) =====
===== 2026-07-15 20:00:04 +0530 daily run start =====
[monitor] crawling Ambimat (https://ambimat.com) …
    ALERT — 20 pages, 1 alerts, 22 warnings
[monitor] crawling AmbiSecure (https://ambisecure.ambimat.com) …
    OK — 20 pages, 0 alerts, 0 warnings
[monitor] crawling AmbiAutomation (https://ambiautomation.ambimat.com) …
    OK — 20 pages, 0 alerts, 0 warnings
[monitor] crawling Ambimat eSIM (https://esim.ambimat.com) …
    WARN — 20 pages, 0 alerts, 40 warnings

============================================================
ALERT: 7 broken links, 62 suspicious warnings
[monitor] json:     /data/data/com.termux/files/home/site_monitor_reports/report_20260715_200006.json
[monitor] markdown: /data/data/com.termux/files/home/site_monitor_reports/report_20260715_200006.md
[monitor] latest:   /data/data/com.termux/files/home/site_monitor_reports/report_latest.html
============================================================
===== 2026-07-15 20:06:07 +0530 daily run end (rc=1) =====
===== 2026-07-15 20:30:04 +0530 daily run start =====
[monitor] crawling Ambimat (https://ambimat.com) …
    ALERT — 20 pages, 1 alerts, 22 warnings
[monitor] crawling AmbiSecure (https://ambisecure.ambimat.com) …
    OK — 20 pages, 0 alerts, 0 warnings
[monitor] crawling AmbiAutomation (https://ambiautomation.ambimat.com) …
    OK — 20 pages, 0 alerts, 0 warnings
[monitor] crawling Ambimat eSIM (https://esim.ambimat.com) …
    WARN — 20 pages, 0 alerts, 40 warnings

============================================================
ALERT: 7 broken links, 62 suspicious warnings
[monitor] json:     /data/data/com.termux/files/home/site_monitor_reports/report_20260715_203006.json
[monitor] markdown: /data/data/com.termux/files/home/site_monitor_reports/report_20260715_203006.md
[monitor] latest:   /data/data/com.termux/files/home/site_monitor_reports/report_latest.html
============================================================
===== 2026-07-15 20:36:20 +0530 daily run end (rc=1) =====
===== 2026-07-15 21:00:04 +0530 daily run start =====
[monitor] crawling Ambimat (https://ambimat.com) …
    ALERT — 20 pages, 1 alerts, 22 warnings
[monitor] crawling AmbiSecure (https://ambisecure.ambimat.com) …
    OK — 20 pages, 0 alerts, 0 warnings
[monitor] crawling AmbiAutomation (https://ambiautomation.ambimat.com) …
    OK — 20 pages, 0 alerts, 0 warnings
[monitor] crawling Ambimat eSIM (https://esim.ambimat.com) …
    WARN — 20 pages, 0 alerts, 40 warnings

============================================================
ALERT: 6 broken links, 62 suspicious warnings
[monitor] json:     /data/data/com.termux/files/home/site_monitor_reports/report_20260715_210006.json
[monitor] markdown: /data/data/com.termux/files/home/site_monitor_reports/report_20260715_210006.md
[monitor] latest:   /data/data/com.termux/files/home/site_monitor_reports/report_latest.html
============================================================
===== 2026-07-15 21:05:58 +0530 daily run end (rc=1) =====
===== 2026-07-15 21:30:03 +0530 daily run start =====
[monitor] crawling Ambimat (https://ambimat.com) …
    ALERT — 20 pages, 1 alerts, 22 warnings
[monitor] crawling AmbiSecure (https://ambisecure.ambimat.com) …
    OK — 20 pages, 0 alerts, 0 warnings
[monitor] crawling AmbiAutomation (https://ambiautomation.ambimat.com) …
    OK — 20 pages, 0 alerts, 0 warnings
[monitor] crawling Ambimat eSIM (https://esim.ambimat.com) …
    WARN — 20 pages, 0 alerts, 40 warnings

============================================================
ALERT: 7 broken links, 62 suspicious warnings
[monitor] json:     /data/data/com.termux/files/home/site_monitor_reports/report_20260715_213005.json
[monitor] markdown: /data/data/com.termux/files/home/site_monitor_reports/report_20260715_213005.md
[monitor] latest:   /data/data/com.termux/files/home/site_monitor_reports/report_latest.html
============================================================
===== 2026-07-15 21:35:58 +0530 daily run end (rc=1) =====
===== 2026-07-15 22:00:04 +0530 daily run start =====
[monitor] crawling Ambimat (https://ambimat.com) …
    ALERT — 20 pages, 1 alerts, 22 warnings
[monitor] crawling AmbiSecure (https://ambisecure.ambimat.com) …
    OK — 20 pages, 0 alerts, 0 warnings
[monitor] crawling AmbiAutomation (https://ambiautomation.ambimat.com) …
    OK — 20 pages, 0 alerts, 0 warnings
[monitor] crawling Ambimat eSIM (https://esim.ambimat.com) …
    WARN — 20 pages, 0 alerts, 40 warnings

============================================================
ALERT: 6 broken links, 62 suspicious warnings
[monitor] json:     /data/data/com.termux/files/home/site_monitor_reports/report_20260715_220006.json
[monitor] markdown: /data/data/com.termux/files/home/site_monitor_reports/report_20260715_220006.md
[monitor] latest:   /data/data/com.termux/files/home/site_monitor_reports/report_latest.html
============================================================
===== 2026-07-15 22:05:59 +0530 daily run end (rc=1) =====
===== 2026-07-15 22:30:03 +0530 daily run start =====
[monitor] crawling Ambimat (https://ambimat.com) …
    ALERT — 20 pages, 1 alerts, 22 warnings
[monitor] crawling AmbiSecure (https://ambisecure.ambimat.com) …
    OK — 20 pages, 0 alerts, 0 warnings
[monitor] crawling AmbiAutomation (https://ambiautomation.ambimat.com) …
    OK — 20 pages, 0 alerts, 0 warnings
[monitor] crawling Ambimat eSIM (https://esim.ambimat.com) …
    WARN — 20 pages, 0 alerts, 40 warnings

============================================================
ALERT: 8 broken links, 62 suspicious warnings
[monitor] json:     /data/data/com.termux/files/home/site_monitor_reports/report_20260715_223005.json
[monitor] markdown: /data/data/com.termux/files/home/site_monitor_reports/report_20260715_223005.md
[monitor] latest:   /data/data/com.termux/files/home/site_monitor_reports/report_latest.html
============================================================
===== 2026-07-15 22:36:02 +0530 daily run end (rc=1) =====
===== 2026-07-15 23:00:03 +0530 daily run start =====
[monitor] crawling Ambimat (https://ambimat.com) …
    ALERT — 20 pages, 1 alerts, 22 warnings
[monitor] crawling AmbiSecure (https://ambisecure.ambimat.com) …
    OK — 20 pages, 0 alerts, 0 warnings
[monitor] crawling AmbiAutomation (https://ambiautomation.ambimat.com) …
    OK — 20 pages, 0 alerts, 0 warnings
[monitor] crawling Ambimat eSIM (https://esim.ambimat.com) …
    WARN — 20 pages, 0 alerts, 40 warnings

============================================================
ALERT: 6 broken links, 62 suspicious warnings
[monitor] json:     /data/data/com.termux/files/home/site_monitor_reports/report_20260715_230005.json
[monitor] markdown: /data/data/com.termux/files/home/site_monitor_reports/report_20260715_230005.md
[monitor] latest:   /data/data/com.termux/files/home/site_monitor_reports/report_latest.html
============================================================
===== 2026-07-15 23:05:55 +0530 daily run end (rc=1) =====
===== 2026-07-15 23:30:03 +0530 daily run start =====
[monitor] crawling Ambimat (https://ambimat.com) …
    ALERT — 20 pages, 1 alerts, 22 warnings
[monitor] crawling AmbiSecure (https://ambisecure.ambimat.com) …
    OK — 20 pages, 0 alerts, 0 warnings
[monitor] crawling AmbiAutomation (https://ambiautomation.ambimat.com) …
    OK — 20 pages, 0 alerts, 0 warnings
[monitor] crawling Ambimat eSIM (https://esim.ambimat.com) …
    WARN — 20 pages, 0 alerts, 40 warnings

============================================================
ALERT: 8 broken links, 62 suspicious warnings
[monitor] json:     /data/data/com.termux/files/home/site_monitor_reports/report_20260715_233005.json
[monitor] markdown: /data/data/com.termux/files/home/site_monitor_reports/report_20260715_233005.md
[monitor] latest:   /data/data/com.termux/files/home/site_monitor_reports/report_latest.html
============================================================
===== 2026-07-15 23:35:57 +0530 daily run end (rc=1) =====
===== 2026-07-16 10:00:05 +0530 daily run start =====
[monitor] crawling Ambimat (https://ambimat.com) …
    ALERT — 20 pages, 1 alerts, 22 warnings
[monitor] crawling AmbiSecure (https://ambisecure.ambimat.com) …
    OK — 20 pages, 0 alerts, 0 warnings
[monitor] crawling AmbiAutomation (https://ambiautomation.ambimat.com) …
    OK — 20 pages, 0 alerts, 0 warnings
[monitor] crawling Ambimat eSIM (https://esim.ambimat.com) …
    WARN — 20 pages, 0 alerts, 40 warnings

============================================================
ALERT: 7 broken links, 62 suspicious warnings
[monitor] json:     /data/data/com.termux/files/home/site_monitor_reports/report_20260716_100007.json
[monitor] markdown: /data/data/com.termux/files/home/site_monitor_reports/report_20260716_100007.md
[monitor] latest:   /data/data/com.termux/files/home/site_monitor_reports/report_latest.html
============================================================
===== 2026-07-16 10:06:00 +0530 daily run end (rc=1) =====
===== 2026-07-16 10:30:04 +0530 daily run start =====
[monitor] crawling Ambimat (https://ambimat.com) …
    ALERT — 20 pages, 1 alerts, 22 warnings
[monitor] crawling AmbiSecure (https://ambisecure.ambimat.com) …
    OK — 20 pages, 0 alerts, 0 warnings
[monitor] crawling AmbiAutomation (https://ambiautomation.ambimat.com) …
    OK — 20 pages, 0 alerts, 0 warnings
[monitor] crawling Ambimat eSIM (https://esim.ambimat.com) …
    WARN — 20 pages, 0 alerts, 40 warnings

============================================================
ALERT: 6 broken links, 62 suspicious warnings
[monitor] json:     /data/data/com.termux/files/home/site_monitor_reports/report_20260716_103006.json
[monitor] markdown: /data/data/com.termux/files/home/site_monitor_reports/report_20260716_103006.md
[monitor] latest:   /data/data/com.termux/files/home/site_monitor_reports/report_latest.html
============================================================
===== 2026-07-16 10:36:10 +0530 daily run end (rc=1) =====
===== 2026-07-16 11:00:03 +0530 daily run start =====
[monitor] crawling Ambimat (https://ambimat.com) …
    ALERT — 20 pages, 1 alerts, 22 warnings
[monitor] crawling AmbiSecure (https://ambisecure.ambimat.com) …
    OK — 20 pages, 0 alerts, 0 warnings
[monitor] crawling AmbiAutomation (https://ambiautomation.ambimat.com) …
    OK — 20 pages, 0 alerts, 0 warnings
[monitor] crawling Ambimat eSIM (https://esim.ambimat.com) …
    WARN — 20 pages, 0 alerts, 40 warnings

============================================================
ALERT: 6 broken links, 62 suspicious warnings
[monitor] json:     /data/data/com.termux/files/home/site_monitor_reports/report_20260716_110005.json
[monitor] markdown: /data/data/com.termux/files/home/site_monitor_reports/report_20260716_110005.md
[monitor] latest:   /data/data/com.termux/files/home/site_monitor_reports/report_latest.html
============================================================
===== 2026-07-16 11:06:21 +0530 daily run end (rc=1) =====
===== 2026-07-16 11:30:04 +0530 daily run start =====
[monitor] crawling Ambimat (https://ambimat.com) …
    ALERT — 20 pages, 1 alerts, 22 warnings
[monitor] crawling AmbiSecure (https://ambisecure.ambimat.com) …
    OK — 20 pages, 0 alerts, 0 warnings
[monitor] crawling AmbiAutomation (https://ambiautomation.ambimat.com) …
    OK — 20 pages, 0 alerts, 0 warnings
[monitor] crawling Ambimat eSIM (https://esim.ambimat.com) …
    WARN — 20 pages, 0 alerts, 40 warnings

============================================================
ALERT: 8 broken links, 62 suspicious warnings
[monitor] json:     /data/data/com.termux/files/home/site_monitor_reports/report_20260716_113006.json
[monitor] markdown: /data/data/com.termux/files/home/site_monitor_reports/report_20260716_113006.md
[monitor] latest:   /data/data/com.termux/files/home/site_monitor_reports/report_latest.html
============================================================
===== 2026-07-16 11:36:35 +0530 daily run end (rc=1) =====
===== 2026-07-16 12:00:05 +0530 daily run start =====
[monitor] crawling Ambimat (https://ambimat.com) …
    ALERT — 20 pages, 1 alerts, 22 warnings
[monitor] crawling AmbiSecure (https://ambisecure.ambimat.com) …
    OK — 20 pages, 0 alerts, 0 warnings
[monitor] crawling AmbiAutomation (https://ambiautomation.ambimat.com) …
    OK — 20 pages, 0 alerts, 0 warnings
[monitor] crawling Ambimat eSIM (https://esim.ambimat.com) …
    WARN — 20 pages, 0 alerts, 40 warnings

============================================================
ALERT: 6 broken links, 62 suspicious warnings
[monitor] json:     /data/data/com.termux/files/home/site_monitor_reports/report_20260716_120006.json
[monitor] markdown: /data/data/com.termux/files/home/site_monitor_reports/report_20260716_120006.md
[monitor] latest:   /data/data/com.termux/files/home/site_monitor_reports/report_latest.html
============================================================
===== 2026-07-16 12:06:05 +0530 daily run end (rc=1) =====
===== 2026-07-16 12:30:09 +0530 daily run start =====
[monitor] crawling Ambimat (https://ambimat.com) …
    ALERT — 20 pages, 1 alerts, 22 warnings
[monitor] crawling AmbiSecure (https://ambisecure.ambimat.com) …
    OK — 20 pages, 0 alerts, 0 warnings
[monitor] crawling AmbiAutomation (https://ambiautomation.ambimat.com) …
    OK — 20 pages, 0 alerts, 0 warnings
[monitor] crawling Ambimat eSIM (https://esim.ambimat.com) …
    WARN — 20 pages, 0 alerts, 40 warnings

============================================================
ALERT: 7 broken links, 62 suspicious warnings
[monitor] json:     /data/data/com.termux/files/home/site_monitor_reports/report_20260716_123010.json
[monitor] markdown: /data/data/com.termux/files/home/site_monitor_reports/report_20260716_123010.md
[monitor] latest:   /data/data/com.termux/files/home/site_monitor_reports/report_latest.html
============================================================
===== 2026-07-16 12:36:31 +0530 daily run end (rc=1) =====
===== 2026-07-16 13:00:05 +0530 daily run start =====
[monitor] crawling Ambimat (https://ambimat.com) …
    ALERT — 20 pages, 1 alerts, 22 warnings
[monitor] crawling AmbiSecure (https://ambisecure.ambimat.com) …
    OK — 20 pages, 0 alerts, 0 warnings
[monitor] crawling AmbiAutomation (https://ambiautomation.ambimat.com) …
    OK — 20 pages, 0 alerts, 0 warnings
[monitor] crawling Ambimat eSIM (https://esim.ambimat.com) …
    WARN — 20 pages, 0 alerts, 40 warnings

============================================================
ALERT: 8 broken links, 62 suspicious warnings
[monitor] json:     /data/data/com.termux/files/home/site_monitor_reports/report_20260716_130006.json
[monitor] markdown: /data/data/com.termux/files/home/site_monitor_reports/report_20260716_130006.md
[monitor] latest:   /data/data/com.termux/files/home/site_monitor_reports/report_latest.html
============================================================
===== 2026-07-16 13:06:00 +0530 daily run end (rc=1) =====
===== 2026-07-16 13:30:08 +0530 daily run start =====
[monitor] crawling Ambimat (https://ambimat.com) …
    ALERT — 20 pages, 1 alerts, 22 warnings
[monitor] crawling AmbiSecure (https://ambisecure.ambimat.com) …
    OK — 20 pages, 0 alerts, 0 warnings
[monitor] crawling AmbiAutomation (https://ambiautomation.ambimat.com) …
    OK — 20 pages, 0 alerts, 0 warnings
[monitor] crawling Ambimat eSIM (https://esim.ambimat.com) …
    WARN — 20 pages, 0 alerts, 40 warnings

============================================================
ALERT: 7 broken links, 62 suspicious warnings
[monitor] json:     /data/data/com.termux/files/home/site_monitor_reports/report_20260716_133010.json
[monitor] markdown: /data/data/com.termux/files/home/site_monitor_reports/report_20260716_133010.md
[monitor] latest:   /data/data/com.termux/files/home/site_monitor_reports/report_latest.html
============================================================
===== 2026-07-16 13:36:05 +0530 daily run end (rc=1) =====
===== 2026-07-16 14:00:06 +0530 daily run start =====
[monitor] crawling Ambimat (https://ambimat.com) …
    ALERT — 20 pages, 1 alerts, 22 warnings
[monitor] crawling AmbiSecure (https://ambisecure.ambimat.com) …
    OK — 20 pages, 0 alerts, 0 warnings
[monitor] crawling AmbiAutomation (https://ambiautomation.ambimat.com) …
    OK — 20 pages, 0 alerts, 0 warnings
[monitor] crawling Ambimat eSIM (https://esim.ambimat.com) …
    WARN — 20 pages, 0 alerts, 40 warnings

============================================================
ALERT: 6 broken links, 62 suspicious warnings
[monitor] json:     /data/data/com.termux/files/home/site_monitor_reports/report_20260716_140007.json
[monitor] markdown: /data/data/com.termux/files/home/site_monitor_reports/report_20260716_140007.md
[monitor] latest:   /data/data/com.termux/files/home/site_monitor_reports/report_latest.html
============================================================
===== 2026-07-16 14:06:10 +0530 daily run end (rc=1) =====
===== 2026-07-16 14:30:03 +0530 daily run start =====
[monitor] crawling Ambimat (https://ambimat.com) …
    ALERT — 20 pages, 1 alerts, 22 warnings
[monitor] crawling AmbiSecure (https://ambisecure.ambimat.com) …
    OK — 20 pages, 0 alerts, 0 warnings
[monitor] crawling AmbiAutomation (https://ambiautomation.ambimat.com) …
    OK — 20 pages, 0 alerts, 0 warnings
[monitor] crawling Ambimat eSIM (https://esim.ambimat.com) …
    WARN — 20 pages, 0 alerts, 40 warnings

============================================================
ALERT: 7 broken links, 62 suspicious warnings
[monitor] json:     /data/data/com.termux/files/home/site_monitor_reports/report_20260716_143005.json
[monitor] markdown: /data/data/com.termux/files/home/site_monitor_reports/report_20260716_143005.md
[monitor] latest:   /data/data/com.termux/files/home/site_monitor_reports/report_latest.html
============================================================
===== 2026-07-16 14:36:09 +0530 daily run end (rc=1) =====
===== 2026-07-16 15:00:06 +0530 daily run start =====
[monitor] crawling Ambimat (https://ambimat.com) …
    ALERT — 20 pages, 1 alerts, 22 warnings
[monitor] crawling AmbiSecure (https://ambisecure.ambimat.com) …
    OK — 20 pages, 0 alerts, 0 warnings
[monitor] crawling AmbiAutomation (https://ambiautomation.ambimat.com) …
    OK — 20 pages, 0 alerts, 0 warnings
[monitor] crawling Ambimat eSIM (https://esim.ambimat.com) …
    WARN — 20 pages, 0 alerts, 40 warnings

============================================================
ALERT: 6 broken links, 62 suspicious warnings
[monitor] json:     /data/data/com.termux/files/home/site_monitor_reports/report_20260716_150007.json
[monitor] markdown: /data/data/com.termux/files/home/site_monitor_reports/report_20260716_150007.md
[monitor] latest:   /data/data/com.termux/files/home/site_monitor_reports/report_latest.html
============================================================
===== 2026-07-16 15:06:11 +0530 daily run end (rc=1) =====
===== 2026-07-16 15:30:04 +0530 daily run start =====
[monitor] crawling Ambimat (https://ambimat.com) …
    ALERT — 20 pages, 1 alerts, 22 warnings
[monitor] crawling AmbiSecure (https://ambisecure.ambimat.com) …
    OK — 20 pages, 0 alerts, 0 warnings
[monitor] crawling AmbiAutomation (https://ambiautomation.ambimat.com) …
    OK — 20 pages, 0 alerts, 0 warnings
[monitor] crawling Ambimat eSIM (https://esim.ambimat.com) …
    WARN — 20 pages, 0 alerts, 40 warnings

============================================================
ALERT: 7 broken links, 62 suspicious warnings
[monitor] json:     /data/data/com.termux/files/home/site_monitor_reports/report_20260716_153006.json
[monitor] markdown: /data/data/com.termux/files/home/site_monitor_reports/report_20260716_153006.md
[monitor] latest:   /data/data/com.termux/files/home/site_monitor_reports/report_latest.html
============================================================
===== 2026-07-16 15:36:03 +0530 daily run end (rc=1) =====
===== 2026-07-16 16:00:05 +0530 daily run start =====
[monitor] crawling Ambimat (https://ambimat.com) …
    ALERT — 20 pages, 1 alerts, 22 warnings
[monitor] crawling AmbiSecure (https://ambisecure.ambimat.com) …
    OK — 20 pages, 0 alerts, 0 warnings
[monitor] crawling AmbiAutomation (https://ambiautomation.ambimat.com) …
    OK — 20 pages, 0 alerts, 0 warnings
[monitor] crawling Ambimat eSIM (https://esim.ambimat.com) …
    WARN — 20 pages, 0 alerts, 40 warnings

============================================================
ALERT: 6 broken links, 62 suspicious warnings
[monitor] json:     /data/data/com.termux/files/home/site_monitor_reports/report_20260716_160007.json
[monitor] markdown: /data/data/com.termux/files/home/site_monitor_reports/report_20260716_160007.md
[monitor] latest:   /data/data/com.termux/files/home/site_monitor_reports/report_latest.html
============================================================
===== 2026-07-16 16:06:05 +0530 daily run end (rc=1) =====
===== 2026-07-16 16:30:05 +0530 daily run start =====
[monitor] crawling Ambimat (https://ambimat.com) …
    ALERT — 20 pages, 1 alerts, 22 warnings
[monitor] crawling AmbiSecure (https://ambisecure.ambimat.com) …
    OK — 20 pages, 0 alerts, 0 warnings
[monitor] crawling AmbiAutomation (https://ambiautomation.ambimat.com) …
    OK — 20 pages, 0 alerts, 0 warnings
[monitor] crawling Ambimat eSIM (https://esim.ambimat.com) …
    WARN — 20 pages, 0 alerts, 40 warnings

============================================================
ALERT: 6 broken links, 62 suspicious warnings
[monitor] json:     /data/data/com.termux/files/home/site_monitor_reports/report_20260716_163007.json
[monitor] markdown: /data/data/com.termux/files/home/site_monitor_reports/report_20260716_163007.md
[monitor] latest:   /data/data/com.termux/files/home/site_monitor_reports/report_latest.html
============================================================
===== 2026-07-16 16:36:12 +0530 daily run end (rc=1) =====
===== 2026-07-16 17:00:04 +0530 daily run start =====
[monitor] crawling Ambimat (https://ambimat.com) …
    ALERT — 20 pages, 1 alerts, 22 warnings
[monitor] crawling AmbiSecure (https://ambisecure.ambimat.com) …
    OK — 20 pages, 0 alerts, 0 warnings
[monitor] crawling AmbiAutomation (https://ambiautomation.ambimat.com) …
    OK — 20 pages, 0 alerts, 0 warnings
[monitor] crawling Ambimat eSIM (https://esim.ambimat.com) …
    WARN — 20 pages, 0 alerts, 40 warnings

============================================================
ALERT: 7 broken links, 62 suspicious warnings
[monitor] json:     /data/data/com.termux/files/home/site_monitor_reports/report_20260716_170006.json
[monitor] markdown: /data/data/com.termux/files/home/site_monitor_reports/report_20260716_170006.md
[monitor] latest:   /data/data/com.termux/files/home/site_monitor_reports/report_latest.html
============================================================
===== 2026-07-16 17:05:57 +0530 daily run end (rc=1) =====
===== 2026-07-16 17:30:04 +0530 daily run start =====
[monitor] crawling Ambimat (https://ambimat.com) …
    ALERT — 20 pages, 1 alerts, 22 warnings
[monitor] crawling AmbiSecure (https://ambisecure.ambimat.com) …
    OK — 20 pages, 0 alerts, 0 warnings
[monitor] crawling AmbiAutomation (https://ambiautomation.ambimat.com) …
    OK — 20 pages, 0 alerts, 0 warnings
[monitor] crawling Ambimat eSIM (https://esim.ambimat.com) …
    WARN — 20 pages, 0 alerts, 40 warnings

============================================================
ALERT: 6 broken links, 62 suspicious warnings
[monitor] json:     /data/data/com.termux/files/home/site_monitor_reports/report_20260716_173006.json
[monitor] markdown: /data/data/com.termux/files/home/site_monitor_reports/report_20260716_173006.md
[monitor] latest:   /data/data/com.termux/files/home/site_monitor_reports/report_latest.html
============================================================
===== 2026-07-16 17:35:58 +0530 daily run end (rc=1) =====
===== 2026-07-16 18:00:05 +0530 daily run start =====
[monitor] crawling Ambimat (https://ambimat.com) …
    ALERT — 20 pages, 1 alerts, 22 warnings
[monitor] crawling AmbiSecure (https://ambisecure.ambimat.com) …
    OK — 20 pages, 0 alerts, 0 warnings
[monitor] crawling AmbiAutomation (https://ambiautomation.ambimat.com) …
    OK — 20 pages, 0 alerts, 0 warnings
[monitor] crawling Ambimat eSIM (https://esim.ambimat.com) …
    WARN — 20 pages, 0 alerts, 40 warnings

============================================================
ALERT: 8 broken links, 62 suspicious warnings
[monitor] json:     /data/data/com.termux/files/home/site_monitor_reports/report_20260716_180007.json
[monitor] markdown: /data/data/com.termux/files/home/site_monitor_reports/report_20260716_180007.md
[monitor] latest:   /data/data/com.termux/files/home/site_monitor_reports/report_latest.html
============================================================
===== 2026-07-16 18:06:17 +0530 daily run end (rc=1) =====
===== 2026-07-16 18:30:04 +0530 daily run start =====
[monitor] crawling Ambimat (https://ambimat.com) …
    ALERT — 20 pages, 1 alerts, 22 warnings
[monitor] crawling AmbiSecure (https://ambisecure.ambimat.com) …
    OK — 20 pages, 0 alerts, 0 warnings
[monitor] crawling AmbiAutomation (https://ambiautomation.ambimat.com) …
    OK — 20 pages, 0 alerts, 0 warnings
[monitor] crawling Ambimat eSIM (https://esim.ambimat.com) …
    WARN — 20 pages, 0 alerts, 40 warnings

============================================================
ALERT: 6 broken links, 62 suspicious warnings
[monitor] json:     /data/data/com.termux/files/home/site_monitor_reports/report_20260716_183006.json
[monitor] markdown: /data/data/com.termux/files/home/site_monitor_reports/report_20260716_183006.md
[monitor] latest:   /data/data/com.termux/files/home/site_monitor_reports/report_latest.html
============================================================
===== 2026-07-16 18:35:59 +0530 daily run end (rc=1) =====
===== 2026-07-16 19:00:09 +0530 daily run start =====
[monitor] crawling Ambimat (https://ambimat.com) …
    ALERT — 20 pages, 1 alerts, 22 warnings
[monitor] crawling AmbiSecure (https://ambisecure.ambimat.com) …
    OK — 20 pages, 0 alerts, 0 warnings
[monitor] crawling AmbiAutomation (https://ambiautomation.ambimat.com) …
    OK — 20 pages, 0 alerts, 0 warnings
[monitor] crawling Ambimat eSIM (https://esim.ambimat.com) …
    WARN — 20 pages, 0 alerts, 40 warnings

============================================================
ALERT: 8 broken links, 62 suspicious warnings
[monitor] json:     /data/data/com.termux/files/home/site_monitor_reports/report_20260716_190011.json
[monitor] markdown: /data/data/com.termux/files/home/site_monitor_reports/report_20260716_190011.md
[monitor] latest:   /data/data/com.termux/files/home/site_monitor_reports/report_latest.html
============================================================
===== 2026-07-16 19:06:19 +0530 daily run end (rc=1) =====
===== 2026-07-16 19:30:04 +0530 daily run start =====
[monitor] crawling Ambimat (https://ambimat.com) …
    ALERT — 20 pages, 1 alerts, 22 warnings
[monitor] crawling AmbiSecure (https://ambisecure.ambimat.com) …
    OK — 20 pages, 0 alerts, 0 warnings
[monitor] crawling AmbiAutomation (https://ambiautomation.ambimat.com) …
    OK — 20 pages, 0 alerts, 0 warnings
[monitor] crawling Ambimat eSIM (https://esim.ambimat.com) …
    WARN — 20 pages, 0 alerts, 40 warnings

============================================================
ALERT: 7 broken links, 62 suspicious warnings
[monitor] json:     /data/data/com.termux/files/home/site_monitor_reports/report_20260716_193006.json
[monitor] markdown: /data/data/com.termux/files/home/site_monitor_reports/report_20260716_193006.md
[monitor] latest:   /data/data/com.termux/files/home/site_monitor_reports/report_latest.html
============================================================
===== 2026-07-16 19:35:56 +0530 daily run end (rc=1) =====
===== 2026-07-16 20:00:03 +0530 daily run start =====
[monitor] crawling Ambimat (https://ambimat.com) …
    ALERT — 20 pages, 1 alerts, 22 warnings
[monitor] crawling AmbiSecure (https://ambisecure.ambimat.com) …
    OK — 20 pages, 0 alerts, 0 warnings
[monitor] crawling AmbiAutomation (https://ambiautomation.ambimat.com) …
    OK — 20 pages, 0 alerts, 0 warnings
[monitor] crawling Ambimat eSIM (https://esim.ambimat.com) …
    WARN — 20 pages, 0 alerts, 40 warnings

============================================================
ALERT: 8 broken links, 62 suspicious warnings
[monitor] json:     /data/data/com.termux/files/home/site_monitor_reports/report_20260716_200005.json
[monitor] markdown: /data/data/com.termux/files/home/site_monitor_reports/report_20260716_200005.md
[monitor] latest:   /data/data/com.termux/files/home/site_monitor_reports/report_latest.html
============================================================
===== 2026-07-16 20:06:01 +0530 daily run end (rc=1) =====
===== 2026-07-16 20:30:04 +0530 daily run start =====
[monitor] crawling Ambimat (https://ambimat.com) …
    ALERT — 20 pages, 1 alerts, 22 warnings
[monitor] crawling AmbiSecure (https://ambisecure.ambimat.com) …
    OK — 20 pages, 0 alerts, 0 warnings
[monitor] crawling AmbiAutomation (https://ambiautomation.ambimat.com) …
    OK — 20 pages, 0 alerts, 0 warnings
[monitor] crawling Ambimat eSIM (https://esim.ambimat.com) …
    WARN — 20 pages, 0 alerts, 40 warnings

============================================================
ALERT: 6 broken links, 62 suspicious warnings
[monitor] json:     /data/data/com.termux/files/home/site_monitor_reports/report_20260716_203006.json
[monitor] markdown: /data/data/com.termux/files/home/site_monitor_reports/report_20260716_203006.md
[monitor] latest:   /data/data/com.termux/files/home/site_monitor_reports/report_latest.html
============================================================
===== 2026-07-16 20:35:55 +0530 daily run end (rc=1) =====
===== 2026-07-16 21:00:03 +0530 daily run start =====
[monitor] crawling Ambimat (https://ambimat.com) …
    ALERT — 20 pages, 1 alerts, 22 warnings
[monitor] crawling AmbiSecure (https://ambisecure.ambimat.com) …
    OK — 20 pages, 0 alerts, 0 warnings
[monitor] crawling AmbiAutomation (https://ambiautomation.ambimat.com) …
    OK — 20 pages, 0 alerts, 0 warnings
[monitor] crawling Ambimat eSIM (https://esim.ambimat.com) …
    WARN — 20 pages, 0 alerts, 40 warnings

============================================================
ALERT: 6 broken links, 62 suspicious warnings
[monitor] json:     /data/data/com.termux/files/home/site_monitor_reports/report_20260716_210005.json
[monitor] markdown: /data/data/com.termux/files/home/site_monitor_reports/report_20260716_210005.md
[monitor] latest:   /data/data/com.termux/files/home/site_monitor_reports/report_latest.html
============================================================
===== 2026-07-16 21:06:04 +0530 daily run end (rc=1) =====
===== 2026-07-16 21:30:03 +0530 daily run start =====
[monitor] crawling Ambimat (https://ambimat.com) …
    ALERT — 20 pages, 1 alerts, 22 warnings
[monitor] crawling AmbiSecure (https://ambisecure.ambimat.com) …
    OK — 20 pages, 0 alerts, 0 warnings
[monitor] crawling AmbiAutomation (https://ambiautomation.ambimat.com) …
    WARN — 19 pages, 0 alerts, 1 warnings
[monitor] crawling Ambimat eSIM (https://esim.ambimat.com) …
    WARN — 20 pages, 0 alerts, 40 warnings

============================================================
ALERT: 7 broken links, 63 suspicious warnings
[monitor] json:     /data/data/com.termux/files/home/site_monitor_reports/report_20260716_213005.json
[monitor] markdown: /data/data/com.termux/files/home/site_monitor_reports/report_20260716_213005.md
[monitor] latest:   /data/data/com.termux/files/home/site_monitor_reports/report_latest.html
============================================================
===== 2026-07-16 21:36:01 +0530 daily run end (rc=1) =====
===== 2026-07-16 22:00:04 +0530 daily run start =====
[monitor] crawling Ambimat (https://ambimat.com) …
    ALERT — 20 pages, 1 alerts, 22 warnings
[monitor] crawling AmbiSecure (https://ambisecure.ambimat.com) …
    OK — 20 pages, 0 alerts, 0 warnings
[monitor] crawling AmbiAutomation (https://ambiautomation.ambimat.com) …
    OK — 20 pages, 0 alerts, 0 warnings
[monitor] crawling Ambimat eSIM (https://esim.ambimat.com) …
    WARN — 20 pages, 0 alerts, 40 warnings

============================================================
ALERT: 7 broken links, 62 suspicious warnings
[monitor] json:     /data/data/com.termux/files/home/site_monitor_reports/report_20260716_220006.json
[monitor] markdown: /data/data/com.termux/files/home/site_monitor_reports/report_20260716_220006.md
[monitor] latest:   /data/data/com.termux/files/home/site_monitor_reports/report_latest.html
============================================================
===== 2026-07-16 22:06:00 +0530 daily run end (rc=1) =====
===== 2026-07-16 22:30:08 +0530 daily run start =====
[monitor] crawling Ambimat (https://ambimat.com) …
    ALERT — 20 pages, 1 alerts, 22 warnings
[monitor] crawling AmbiSecure (https://ambisecure.ambimat.com) …
    OK — 20 pages, 0 alerts, 0 warnings
[monitor] crawling AmbiAutomation (https://ambiautomation.ambimat.com) …
    OK — 20 pages, 0 alerts, 0 warnings
[monitor] crawling Ambimat eSIM (https://esim.ambimat.com) …
    WARN — 20 pages, 0 alerts, 40 warnings

============================================================
ALERT: 7 broken links, 62 suspicious warnings
[monitor] json:     /data/data/com.termux/files/home/site_monitor_reports/report_20260716_223010.json
[monitor] markdown: /data/data/com.termux/files/home/site_monitor_reports/report_20260716_223010.md
[monitor] latest:   /data/data/com.termux/files/home/site_monitor_reports/report_latest.html
============================================================
===== 2026-07-16 22:36:02 +0530 daily run end (rc=1) =====
===== 2026-07-16 23:00:03 +0530 daily run start =====
[monitor] crawling Ambimat (https://ambimat.com) …
    ALERT — 20 pages, 1 alerts, 22 warnings
[monitor] crawling AmbiSecure (https://ambisecure.ambimat.com) …
    OK — 20 pages, 0 alerts, 0 warnings
[monitor] crawling AmbiAutomation (https://ambiautomation.ambimat.com) …
    OK — 20 pages, 0 alerts, 0 warnings
[monitor] crawling Ambimat eSIM (https://esim.ambimat.com) …
    WARN — 20 pages, 0 alerts, 40 warnings

============================================================
ALERT: 8 broken links, 62 suspicious warnings
[monitor] json:     /data/data/com.termux/files/home/site_monitor_reports/report_20260716_230005.json
[monitor] markdown: /data/data/com.termux/files/home/site_monitor_reports/report_20260716_230005.md
[monitor] latest:   /data/data/com.termux/files/home/site_monitor_reports/report_latest.html
============================================================
===== 2026-07-16 23:05:57 +0530 daily run end (rc=1) =====
===== 2026-07-16 23:30:04 +0530 daily run start =====
[monitor] crawling Ambimat (https://ambimat.com) …
    ALERT — 20 pages, 1 alerts, 22 warnings
[monitor] crawling AmbiSecure (https://ambisecure.ambimat.com) …
    OK — 20 pages, 0 alerts, 0 warnings
[monitor] crawling AmbiAutomation (https://ambiautomation.ambimat.com) …
    OK — 20 pages, 0 alerts, 0 warnings
[monitor] crawling Ambimat eSIM (https://esim.ambimat.com) …
    WARN — 20 pages, 0 alerts, 40 warnings

============================================================
ALERT: 7 broken links, 62 suspicious warnings
[monitor] json:     /data/data/com.termux/files/home/site_monitor_reports/report_20260716_233006.json
[monitor] markdown: /data/data/com.termux/files/home/site_monitor_reports/report_20260716_233006.md
[monitor] latest:   /data/data/com.termux/files/home/site_monitor_reports/report_latest.html
============================================================
===== 2026-07-16 23:35:53 +0530 daily run end (rc=1) =====
===== 2026-07-17 10:00:01 +0530 daily run start =====
[monitor] crawling Ambimat (https://ambimat.com) …
    ALERT — 20 pages, 1 alerts, 22 warnings
[monitor] crawling AmbiSecure (https://ambisecure.ambimat.com) …
    OK — 20 pages, 0 alerts, 0 warnings
[monitor] crawling AmbiAutomation (https://ambiautomation.ambimat.com) …
    OK — 20 pages, 0 alerts, 0 warnings
[monitor] crawling Ambimat eSIM (https://esim.ambimat.com) …
    WARN — 20 pages, 0 alerts, 40 warnings

============================================================
ALERT: 6 broken links, 62 suspicious warnings
[monitor] json:     /data/data/com.termux/files/home/site_monitor_reports/report_20260717_100003.json
[monitor] markdown: /data/data/com.termux/files/home/site_monitor_reports/report_20260717_100003.md
[monitor] latest:   /data/data/com.termux/files/home/site_monitor_reports/report_latest.html
============================================================
===== 2026-07-17 10:05:57 +0530 daily run end (rc=1) =====
===== 2026-07-17 10:30:03 +0530 daily run start =====
[monitor] crawling Ambimat (https://ambimat.com) …
    WARN — 19 pages, 0 alerts, 29 warnings
[monitor] crawling AmbiSecure (https://ambisecure.ambimat.com) …
    OK — 20 pages, 0 alerts, 0 warnings
[monitor] crawling AmbiAutomation (https://ambiautomation.ambimat.com) …
    OK — 20 pages, 0 alerts, 0 warnings
[monitor] crawling Ambimat eSIM (https://esim.ambimat.com) …
    WARN — 20 pages, 0 alerts, 40 warnings

============================================================
WARN: 7 broken links, 69 suspicious warnings
[monitor] json:     /data/data/com.termux/files/home/site_monitor_reports/report_20260717_103005.json
[monitor] markdown: /data/data/com.termux/files/home/site_monitor_reports/report_20260717_103005.md
[monitor] latest:   /data/data/com.termux/files/home/site_monitor_reports/report_latest.html
============================================================
===== 2026-07-17 10:36:09 +0530 daily run end (rc=0) =====
===== 2026-07-18 10:00:01 +0530 daily run start =====
[monitor] crawling Ambimat (https://ambimat.com) …
    ALERT — 20 pages, 1 alerts, 22 warnings
[monitor] crawling AmbiSecure (https://ambisecure.ambimat.com) …
    OK — 20 pages, 0 alerts, 0 warnings
[monitor] crawling AmbiAutomation (https://ambiautomation.ambimat.com) …
    OK — 20 pages, 0 alerts, 0 warnings
[monitor] crawling Ambimat eSIM (https://esim.ambimat.com) …
    WARN — 20 pages, 0 alerts, 40 warnings

============================================================
ALERT: 7 broken links, 62 suspicious warnings
[monitor] json:     /data/data/com.termux/files/home/site_monitor_reports/report_20260718_100003.json
[monitor] markdown: /data/data/com.termux/files/home/site_monitor_reports/report_20260718_100003.md
[monitor] latest:   /data/data/com.termux/files/home/site_monitor_reports/report_latest.html
============================================================
===== 2026-07-18 10:05:58 +0530 daily run end (rc=1) =====
===== 2026-07-18 10:30:04 +0530 daily run start =====
[monitor] crawling Ambimat (https://ambimat.com) …
    ALERT — 20 pages, 1 alerts, 22 warnings
[monitor] crawling AmbiSecure (https://ambisecure.ambimat.com) …
    OK — 20 pages, 0 alerts, 0 warnings
[monitor] crawling AmbiAutomation (https://ambiautomation.ambimat.com) …
    OK — 20 pages, 0 alerts, 0 warnings
[monitor] crawling Ambimat eSIM (https://esim.ambimat.com) …
    WARN — 20 pages, 0 alerts, 40 warnings

============================================================
ALERT: 6 broken links, 62 suspicious warnings
[monitor] json:     /data/data/com.termux/files/home/site_monitor_reports/report_20260718_103006.json
[monitor] markdown: /data/data/com.termux/files/home/site_monitor_reports/report_20260718_103006.md
[monitor] latest:   /data/data/com.termux/files/home/site_monitor_reports/report_latest.html
============================================================
===== 2026-07-18 10:36:10 +0530 daily run end (rc=1) =====
===== 2026-07-18 11:00:04 +0530 daily run start =====
[monitor] crawling Ambimat (https://ambimat.com) …
    ALERT — 17 pages, 1 alerts, 21 warnings
[monitor] crawling AmbiSecure (https://ambisecure.ambimat.com) …
    OK — 20 pages, 0 alerts, 0 warnings
[monitor] crawling AmbiAutomation (https://ambiautomation.ambimat.com) …
    OK — 20 pages, 0 alerts, 0 warnings
[monitor] crawling Ambimat eSIM (https://esim.ambimat.com) …
    WARN — 20 pages, 0 alerts, 40 warnings

============================================================
ALERT: 1 broken pages, 6 broken links, 61 suspicious warnings
[monitor] json:     /data/data/com.termux/files/home/site_monitor_reports/report_20260718_110006.json
[monitor] markdown: /data/data/com.termux/files/home/site_monitor_reports/report_20260718_110006.md
[monitor] latest:   /data/data/com.termux/files/home/site_monitor_reports/report_latest.html
============================================================
===== 2026-07-18 11:06:11 +0530 daily run end (rc=1) =====
===== 2026-07-18 11:30:04 +0530 daily run start =====
[monitor] crawling Ambimat (https://ambimat.com) …
    ALERT — 20 pages, 1 alerts, 22 warnings
[monitor] crawling AmbiSecure (https://ambisecure.ambimat.com) …
    OK — 20 pages, 0 alerts, 0 warnings
[monitor] crawling AmbiAutomation (https://ambiautomation.ambimat.com) …
    OK — 20 pages, 0 alerts, 0 warnings
[monitor] crawling Ambimat eSIM (https://esim.ambimat.com) …
    WARN — 20 pages, 0 alerts, 40 warnings

============================================================
ALERT: 6 broken links, 62 suspicious warnings
[monitor] json:     /data/data/com.termux/files/home/site_monitor_reports/report_20260718_113006.json
[monitor] markdown: /data/data/com.termux/files/home/site_monitor_reports/report_20260718_113006.md
[monitor] latest:   /data/data/com.termux/files/home/site_monitor_reports/report_latest.html
============================================================
===== 2026-07-18 11:36:10 +0530 daily run end (rc=1) =====
===== 2026-07-18 12:00:03 +0530 daily run start =====
[monitor] crawling Ambimat (https://ambimat.com) …
    ALERT — 20 pages, 1 alerts, 22 warnings
[monitor] crawling AmbiSecure (https://ambisecure.ambimat.com) …
    OK — 20 pages, 0 alerts, 0 warnings
[monitor] crawling AmbiAutomation (https://ambiautomation.ambimat.com) …
    OK — 20 pages, 0 alerts, 0 warnings
[monitor] crawling Ambimat eSIM (https://esim.ambimat.com) …
    WARN — 20 pages, 0 alerts, 40 warnings

============================================================
ALERT: 6 broken links, 62 suspicious warnings
[monitor] json:     /data/data/com.termux/files/home/site_monitor_reports/report_20260718_120005.json
[monitor] markdown: /data/data/com.termux/files/home/site_monitor_reports/report_20260718_120005.md
[monitor] latest:   /data/data/com.termux/files/home/site_monitor_reports/report_latest.html
============================================================
===== 2026-07-18 12:05:57 +0530 daily run end (rc=1) =====
===== 2026-07-18 12:30:03 +0530 daily run start =====
[monitor] crawling Ambimat (https://ambimat.com) …
    ALERT — 20 pages, 1 alerts, 22 warnings
[monitor] crawling AmbiSecure (https://ambisecure.ambimat.com) …
    OK — 20 pages, 0 alerts, 0 warnings
[monitor] crawling AmbiAutomation (https://ambiautomation.ambimat.com) …
    OK — 20 pages, 0 alerts, 0 warnings
[monitor] crawling Ambimat eSIM (https://esim.ambimat.com) …
    WARN — 20 pages, 0 alerts, 40 warnings

============================================================
ALERT: 6 broken links, 62 suspicious warnings
[monitor] json:     /data/data/com.termux/files/home/site_monitor_reports/report_20260718_123005.json
[monitor] markdown: /data/data/com.termux/files/home/site_monitor_reports/report_20260718_123005.md
[monitor] latest:   /data/data/com.termux/files/home/site_monitor_reports/report_latest.html
============================================================
===== 2026-07-18 12:36:00 +0530 daily run end (rc=1) =====
===== 2026-07-18 13:00:05 +0530 daily run start =====
[monitor] crawling Ambimat (https://ambimat.com) …
    ALERT — 20 pages, 1 alerts, 22 warnings
[monitor] crawling AmbiSecure (https://ambisecure.ambimat.com) …
    OK — 20 pages, 0 alerts, 0 warnings
[monitor] crawling AmbiAutomation (https://ambiautomation.ambimat.com) …
    OK — 20 pages, 0 alerts, 0 warnings
[monitor] crawling Ambimat eSIM (https://esim.ambimat.com) …
    WARN — 20 pages, 0 alerts, 40 warnings

============================================================
ALERT: 6 broken links, 62 suspicious warnings
[monitor] json:     /data/data/com.termux/files/home/site_monitor_reports/report_20260718_130007.json
[monitor] markdown: /data/data/com.termux/files/home/site_monitor_reports/report_20260718_130007.md
[monitor] latest:   /data/data/com.termux/files/home/site_monitor_reports/report_latest.html
============================================================
===== 2026-07-18 13:06:03 +0530 daily run end (rc=1) =====
===== 2026-07-18 13:30:10 +0530 daily run start =====
[monitor] crawling Ambimat (https://ambimat.com) …
    ALERT — 20 pages, 1 alerts, 22 warnings
[monitor] crawling AmbiSecure (https://ambisecure.ambimat.com) …
    OK — 20 pages, 0 alerts, 0 warnings
[monitor] crawling AmbiAutomation (https://ambiautomation.ambimat.com) …
    OK — 20 pages, 0 alerts, 0 warnings
[monitor] crawling Ambimat eSIM (https://esim.ambimat.com) …
    WARN — 20 pages, 0 alerts, 40 warnings

============================================================
ALERT: 6 broken links, 62 suspicious warnings
[monitor] json:     /data/data/com.termux/files/home/site_monitor_reports/report_20260718_133012.json
[monitor] markdown: /data/data/com.termux/files/home/site_monitor_reports/report_20260718_133012.md
[monitor] latest:   /data/data/com.termux/files/home/site_monitor_reports/report_latest.html
============================================================
===== 2026-07-18 13:36:12 +0530 daily run end (rc=1) =====
===== 2026-07-18 14:00:03 +0530 daily run start =====
[monitor] crawling Ambimat (https://ambimat.com) …
    ALERT — 20 pages, 1 alerts, 22 warnings
[monitor] crawling AmbiSecure (https://ambisecure.ambimat.com) …
    OK — 20 pages, 0 alerts, 0 warnings
[monitor] crawling AmbiAutomation (https://ambiautomation.ambimat.com) …
    OK — 20 pages, 0 alerts, 0 warnings
[monitor] crawling Ambimat eSIM (https://esim.ambimat.com) …
    WARN — 20 pages, 0 alerts, 40 warnings

============================================================
ALERT: 6 broken links, 62 suspicious warnings
[monitor] json:     /data/data/com.termux/files/home/site_monitor_reports/report_20260718_140005.json
[monitor] markdown: /data/data/com.termux/files/home/site_monitor_reports/report_20260718_140005.md
[monitor] latest:   /data/data/com.termux/files/home/site_monitor_reports/report_latest.html
============================================================
===== 2026-07-18 14:06:08 +0530 daily run end (rc=1) =====
===== 2026-07-18 14:30:04 +0530 daily run start =====
[monitor] crawling Ambimat (https://ambimat.com) …
    ALERT — 20 pages, 1 alerts, 22 warnings
[monitor] crawling AmbiSecure (https://ambisecure.ambimat.com) …
    OK — 20 pages, 0 alerts, 0 warnings
[monitor] crawling AmbiAutomation (https://ambiautomation.ambimat.com) …
    OK — 20 pages, 0 alerts, 0 warnings
[monitor] crawling Ambimat eSIM (https://esim.ambimat.com) …
    WARN — 20 pages, 0 alerts, 40 warnings

============================================================
ALERT: 6 broken links, 62 suspicious warnings
[monitor] json:     /data/data/com.termux/files/home/site_monitor_reports/report_20260718_143005.json
[monitor] markdown: /data/data/com.termux/files/home/site_monitor_reports/report_20260718_143005.md
[monitor] latest:   /data/data/com.termux/files/home/site_monitor_reports/report_latest.html
============================================================
===== 2026-07-18 14:36:09 +0530 daily run end (rc=1) =====
===== 2026-07-18 15:30:04 +0530 daily run start =====
[monitor] crawling Ambimat (https://ambimat.com) …
    ALERT — 20 pages, 1 alerts, 22 warnings
[monitor] crawling AmbiSecure (https://ambisecure.ambimat.com) …
    OK — 20 pages, 0 alerts, 0 warnings
[monitor] crawling AmbiAutomation (https://ambiautomation.ambimat.com) …
    OK — 20 pages, 0 alerts, 0 warnings
[monitor] crawling Ambimat eSIM (https://esim.ambimat.com) …
    WARN — 20 pages, 0 alerts, 40 warnings

============================================================
ALERT: 6 broken links, 62 suspicious warnings
[monitor] json:     /data/data/com.termux/files/home/site_monitor_reports/report_20260718_153006.json
[monitor] markdown: /data/data/com.termux/files/home/site_monitor_reports/report_20260718_153006.md
[monitor] latest:   /data/data/com.termux/files/home/site_monitor_reports/report_latest.html
============================================================
===== 2026-07-18 15:36:18 +0530 daily run end (rc=1) =====
===== 2026-07-18 16:00:05 +0530 daily run start =====
[monitor] crawling Ambimat (https://ambimat.com) …
    ALERT — 20 pages, 1 alerts, 22 warnings
[monitor] crawling AmbiSecure (https://ambisecure.ambimat.com) …
    OK — 20 pages, 0 alerts, 0 warnings
[monitor] crawling AmbiAutomation (https://ambiautomation.ambimat.com) …
    OK — 20 pages, 0 alerts, 0 warnings
[monitor] crawling Ambimat eSIM (https://esim.ambimat.com) …
    WARN — 20 pages, 0 alerts, 40 warnings

============================================================
ALERT: 6 broken links, 62 suspicious warnings
[monitor] json:     /data/data/com.termux/files/home/site_monitor_reports/report_20260718_160007.json
[monitor] markdown: /data/data/com.termux/files/home/site_monitor_reports/report_20260718_160007.md
[monitor] latest:   /data/data/com.termux/files/home/site_monitor_reports/report_latest.html
============================================================
===== 2026-07-18 16:06:11 +0530 daily run end (rc=1) =====
===== 2026-07-18 16:30:09 +0530 daily run start =====
[monitor] crawling Ambimat (https://ambimat.com) …
    ALERT — 20 pages, 1 alerts, 22 warnings
[monitor] crawling AmbiSecure (https://ambisecure.ambimat.com) …
    OK — 20 pages, 0 alerts, 0 warnings
[monitor] crawling AmbiAutomation (https://ambiautomation.ambimat.com) …
    OK — 20 pages, 0 alerts, 0 warnings
[monitor] crawling Ambimat eSIM (https://esim.ambimat.com) …
    WARN — 20 pages, 0 alerts, 40 warnings

============================================================
ALERT: 6 broken links, 62 suspicious warnings
[monitor] json:     /data/data/com.termux/files/home/site_monitor_reports/report_20260718_163011.json
[monitor] markdown: /data/data/com.termux/files/home/site_monitor_reports/report_20260718_163011.md
[monitor] latest:   /data/data/com.termux/files/home/site_monitor_reports/report_latest.html
============================================================
===== 2026-07-18 16:36:08 +0530 daily run end (rc=1) =====
===== 2026-07-18 17:00:03 +0530 daily run start =====
[monitor] crawling Ambimat (https://ambimat.com) …
    ALERT — 0 pages, 1 alerts, 1 warnings
[monitor] crawling AmbiSecure (https://ambisecure.ambimat.com) …
    OK — 20 pages, 0 alerts, 0 warnings
[monitor] crawling AmbiAutomation (https://ambiautomation.ambimat.com) …
    OK — 20 pages, 0 alerts, 0 warnings
[monitor] crawling Ambimat eSIM (https://esim.ambimat.com) …
    WARN — 20 pages, 0 alerts, 40 warnings

============================================================
ALERT: 1 broken pages, 12 broken links, 41 suspicious warnings
[monitor] json:     /data/data/com.termux/files/home/site_monitor_reports/report_20260718_170005.json
[monitor] markdown: /data/data/com.termux/files/home/site_monitor_reports/report_20260718_170005.md
[monitor] latest:   /data/data/com.termux/files/home/site_monitor_reports/report_latest.html
============================================================
===== 2026-07-18 17:03:02 +0530 daily run end (rc=1) =====
===== 2026-07-18 17:30:04 +0530 daily run start =====
[monitor] crawling Ambimat (https://ambimat.com) …
    ALERT — 0 pages, 1 alerts, 1 warnings
[monitor] crawling AmbiSecure (https://ambisecure.ambimat.com) …
    OK — 20 pages, 0 alerts, 0 warnings
[monitor] crawling AmbiAutomation (https://ambiautomation.ambimat.com) …
    OK — 20 pages, 0 alerts, 0 warnings
[monitor] crawling Ambimat eSIM (https://esim.ambimat.com) …
    WARN — 20 pages, 0 alerts, 40 warnings

============================================================
ALERT: 1 broken pages, 12 broken links, 41 suspicious warnings
[monitor] json:     /data/data/com.termux/files/home/site_monitor_reports/report_20260718_173006.json
[monitor] markdown: /data/data/com.termux/files/home/site_monitor_reports/report_20260718_173006.md
[monitor] latest:   /data/data/com.termux/files/home/site_monitor_reports/report_latest.html
============================================================
===== 2026-07-18 17:33:02 +0530 daily run end (rc=1) =====
===== 2026-07-18 18:00:04 +0530 daily run start =====
[monitor] crawling Ambimat (https://ambimat.com) …
    ALERT — 0 pages, 1 alerts, 1 warnings
[monitor] crawling AmbiSecure (https://ambisecure.ambimat.com) …
    OK — 20 pages, 0 alerts, 0 warnings
[monitor] crawling AmbiAutomation (https://ambiautomation.ambimat.com) …
    OK — 20 pages, 0 alerts, 0 warnings
[monitor] crawling Ambimat eSIM (https://esim.ambimat.com) …
    WARN — 20 pages, 0 alerts, 40 warnings

============================================================
ALERT: 1 broken pages, 12 broken links, 41 suspicious warnings
[monitor] json:     /data/data/com.termux/files/home/site_monitor_reports/report_20260718_180006.json
[monitor] markdown: /data/data/com.termux/files/home/site_monitor_reports/report_20260718_180006.md
[monitor] latest:   /data/data/com.termux/files/home/site_monitor_reports/report_latest.html
============================================================
===== 2026-07-18 18:03:06 +0530 daily run end (rc=1) =====
===== 2026-07-18 18:30:04 +0530 daily run start =====
[monitor] crawling Ambimat (https://ambimat.com) …
    ALERT — 0 pages, 1 alerts, 1 warnings
[monitor] crawling AmbiSecure (https://ambisecure.ambimat.com) …
    OK — 20 pages, 0 alerts, 0 warnings
[monitor] crawling AmbiAutomation (https://ambiautomation.ambimat.com) …
    OK — 20 pages, 0 alerts, 0 warnings
[monitor] crawling Ambimat eSIM (https://esim.ambimat.com) …
    WARN — 20 pages, 0 alerts, 40 warnings

============================================================
ALERT: 1 broken pages, 12 broken links, 41 suspicious warnings
[monitor] json:     /data/data/com.termux/files/home/site_monitor_reports/report_20260718_183006.json
[monitor] markdown: /data/data/com.termux/files/home/site_monitor_reports/report_20260718_183006.md
[monitor] latest:   /data/data/com.termux/files/home/site_monitor_reports/report_latest.html
============================================================
===== 2026-07-18 18:33:11 +0530 daily run end (rc=1) =====
===== 2026-07-18 19:00:04 +0530 daily run start =====
[monitor] crawling Ambimat (https://ambimat.com) …
    ALERT — 0 pages, 1 alerts, 1 warnings
[monitor] crawling AmbiSecure (https://ambisecure.ambimat.com) …
    OK — 20 pages, 0 alerts, 0 warnings
[monitor] crawling AmbiAutomation (https://ambiautomation.ambimat.com) …
    OK — 20 pages, 0 alerts, 0 warnings
[monitor] crawling Ambimat eSIM (https://esim.ambimat.com) …
    WARN — 20 pages, 0 alerts, 40 warnings

============================================================
ALERT: 1 broken pages, 12 broken links, 41 suspicious warnings
[monitor] json:     /data/data/com.termux/files/home/site_monitor_reports/report_20260718_190006.json
[monitor] markdown: /data/data/com.termux/files/home/site_monitor_reports/report_20260718_190006.md
[monitor] latest:   /data/data/com.termux/files/home/site_monitor_reports/report_latest.html
============================================================
===== 2026-07-18 19:03:03 +0530 daily run end (rc=1) =====
===== 2026-07-18 19:30:03 +0530 daily run start =====
[monitor] crawling Ambimat (https://ambimat.com) …
    ALERT — 0 pages, 1 alerts, 1 warnings
[monitor] crawling AmbiSecure (https://ambisecure.ambimat.com) …
    OK — 20 pages, 0 alerts, 0 warnings
[monitor] crawling AmbiAutomation (https://ambiautomation.ambimat.com) …
    WARN — 19 pages, 0 alerts, 1 warnings
[monitor] crawling Ambimat eSIM (https://esim.ambimat.com) …
    WARN — 20 pages, 0 alerts, 40 warnings

============================================================
ALERT: 1 broken pages, 12 broken links, 42 suspicious warnings
[monitor] json:     /data/data/com.termux/files/home/site_monitor_reports/report_20260718_193005.json
[monitor] markdown: /data/data/com.termux/files/home/site_monitor_reports/report_20260718_193005.md
[monitor] latest:   /data/data/com.termux/files/home/site_monitor_reports/report_latest.html
============================================================
===== 2026-07-18 19:33:03 +0530 daily run end (rc=1) =====
===== 2026-07-18 20:00:04 +0530 daily run start =====
[monitor] crawling Ambimat (https://ambimat.com) …
    ALERT — 0 pages, 1 alerts, 1 warnings
[monitor] crawling AmbiSecure (https://ambisecure.ambimat.com) …
    OK — 20 pages, 0 alerts, 0 warnings
[monitor] crawling AmbiAutomation (https://ambiautomation.ambimat.com) …
    OK — 20 pages, 0 alerts, 0 warnings
[monitor] crawling Ambimat eSIM (https://esim.ambimat.com) …
    WARN — 20 pages, 0 alerts, 40 warnings

============================================================
ALERT: 1 broken pages, 12 broken links, 41 suspicious warnings
[monitor] json:     /data/data/com.termux/files/home/site_monitor_reports/report_20260718_200006.json
[monitor] markdown: /data/data/com.termux/files/home/site_monitor_reports/report_20260718_200006.md
[monitor] latest:   /data/data/com.termux/files/home/site_monitor_reports/report_latest.html
============================================================
===== 2026-07-18 20:03:03 +0530 daily run end (rc=1) =====
===== 2026-07-18 20:30:04 +0530 daily run start =====
[monitor] crawling Ambimat (https://ambimat.com) …
    ALERT — 0 pages, 1 alerts, 1 warnings
[monitor] crawling AmbiSecure (https://ambisecure.ambimat.com) …
    OK — 20 pages, 0 alerts, 0 warnings
[monitor] crawling AmbiAutomation (https://ambiautomation.ambimat.com) …
    OK — 20 pages, 0 alerts, 0 warnings
[monitor] crawling Ambimat eSIM (https://esim.ambimat.com) …
    WARN — 20 pages, 0 alerts, 40 warnings

============================================================
ALERT: 1 broken pages, 12 broken links, 41 suspicious warnings
[monitor] json:     /data/data/com.termux/files/home/site_monitor_reports/report_20260718_203006.json
[monitor] markdown: /data/data/com.termux/files/home/site_monitor_reports/report_20260718_203006.md
[monitor] latest:   /data/data/com.termux/files/home/site_monitor_reports/report_latest.html
============================================================
===== 2026-07-18 20:33:05 +0530 daily run end (rc=1) =====
===== 2026-07-18 21:00:04 +0530 daily run start =====
[monitor] crawling Ambimat (https://ambimat.com) …
    ALERT — 0 pages, 1 alerts, 1 warnings
[monitor] crawling AmbiSecure (https://ambisecure.ambimat.com) …
    OK — 20 pages, 0 alerts, 0 warnings
[monitor] crawling AmbiAutomation (https://ambiautomation.ambimat.com) …
    OK — 20 pages, 0 alerts, 0 warnings
[monitor] crawling Ambimat eSIM (https://esim.ambimat.com) …
    WARN — 20 pages, 0 alerts, 40 warnings

============================================================
ALERT: 1 broken pages, 12 broken links, 41 suspicious warnings
[monitor] json:     /data/data/com.termux/files/home/site_monitor_reports/report_20260718_210005.json
[monitor] markdown: /data/data/com.termux/files/home/site_monitor_reports/report_20260718_210005.md
[monitor] latest:   /data/data/com.termux/files/home/site_monitor_reports/report_latest.html
============================================================
===== 2026-07-18 21:03:01 +0530 daily run end (rc=1) =====
===== 2026-07-18 21:30:04 +0530 daily run start =====
[monitor] crawling Ambimat (https://ambimat.com) …
    ALERT — 0 pages, 1 alerts, 1 warnings
[monitor] crawling AmbiSecure (https://ambisecure.ambimat.com) …
    OK — 20 pages, 0 alerts, 0 warnings
[monitor] crawling AmbiAutomation (https://ambiautomation.ambimat.com) …
    OK — 20 pages, 0 alerts, 0 warnings
[monitor] crawling Ambimat eSIM (https://esim.ambimat.com) …
    WARN — 20 pages, 0 alerts, 40 warnings

============================================================
ALERT: 1 broken pages, 12 broken links, 41 suspicious warnings
[monitor] json:     /data/data/com.termux/files/home/site_monitor_reports/report_20260718_213006.json
[monitor] markdown: /data/data/com.termux/files/home/site_monitor_reports/report_20260718_213006.md
[monitor] latest:   /data/data/com.termux/files/home/site_monitor_reports/report_latest.html
============================================================
===== 2026-07-18 21:33:03 +0530 daily run end (rc=1) =====
===== 2026-07-18 22:00:03 +0530 daily run start =====
[monitor] crawling Ambimat (https://ambimat.com) …
    ALERT — 0 pages, 1 alerts, 1 warnings
[monitor] crawling AmbiSecure (https://ambisecure.ambimat.com) …
    OK — 20 pages, 0 alerts, 0 warnings
[monitor] crawling AmbiAutomation (https://ambiautomation.ambimat.com) …
    OK — 20 pages, 0 alerts, 0 warnings
[monitor] crawling Ambimat eSIM (https://esim.ambimat.com) …
    WARN — 20 pages, 0 alerts, 40 warnings

============================================================
ALERT: 1 broken pages, 12 broken links, 41 suspicious warnings
[monitor] json:     /data/data/com.termux/files/home/site_monitor_reports/report_20260718_220005.json
[monitor] markdown: /data/data/com.termux/files/home/site_monitor_reports/report_20260718_220005.md
[monitor] latest:   /data/data/com.termux/files/home/site_monitor_reports/report_latest.html
============================================================
===== 2026-07-18 22:03:06 +0530 daily run end (rc=1) =====
===== 2026-07-18 22:30:04 +0530 daily run start =====
[monitor] crawling Ambimat (https://ambimat.com) …
    ALERT — 0 pages, 1 alerts, 1 warnings
[monitor] crawling AmbiSecure (https://ambisecure.ambimat.com) …
    OK — 20 pages, 0 alerts, 0 warnings
[monitor] crawling AmbiAutomation (https://ambiautomation.ambimat.com) …
    OK — 20 pages, 0 alerts, 0 warnings
[monitor] crawling Ambimat eSIM (https://esim.ambimat.com) …
    WARN — 20 pages, 0 alerts, 40 warnings

============================================================
ALERT: 1 broken pages, 12 broken links, 41 suspicious warnings
[monitor] json:     /data/data/com.termux/files/home/site_monitor_reports/report_20260718_223006.json
[monitor] markdown: /data/data/com.termux/files/home/site_monitor_reports/report_20260718_223006.md
[monitor] latest:   /data/data/com.termux/files/home/site_monitor_reports/report_latest.html
============================================================
===== 2026-07-18 22:33:03 +0530 daily run end (rc=1) =====
===== 2026-07-18 23:00:03 +0530 daily run start =====
[monitor] crawling Ambimat (https://ambimat.com) …
    ALERT — 0 pages, 1 alerts, 1 warnings
[monitor] crawling AmbiSecure (https://ambisecure.ambimat.com) …
    OK — 20 pages, 0 alerts, 0 warnings
[monitor] crawling AmbiAutomation (https://ambiautomation.ambimat.com) …
    OK — 20 pages, 0 alerts, 0 warnings
[monitor] crawling Ambimat eSIM (https://esim.ambimat.com) …
    WARN — 20 pages, 0 alerts, 40 warnings

============================================================
ALERT: 1 broken pages, 12 broken links, 41 suspicious warnings
[monitor] json:     /data/data/com.termux/files/home/site_monitor_reports/report_20260718_230005.json
[monitor] markdown: /data/data/com.termux/files/home/site_monitor_reports/report_20260718_230005.md
[monitor] latest:   /data/data/com.termux/files/home/site_monitor_reports/report_latest.html
============================================================
===== 2026-07-18 23:03:04 +0530 daily run end (rc=1) =====
===== 2026-07-18 23:30:04 +0530 daily run start =====
[monitor] crawling Ambimat (https://ambimat.com) …
    ALERT — 0 pages, 1 alerts, 1 warnings
[monitor] crawling AmbiSecure (https://ambisecure.ambimat.com) …
    OK — 20 pages, 0 alerts, 0 warnings
[monitor] crawling AmbiAutomation (https://ambiautomation.ambimat.com) …
    OK — 20 pages, 0 alerts, 0 warnings
[monitor] crawling Ambimat eSIM (https://esim.ambimat.com) …
    WARN — 20 pages, 0 alerts, 40 warnings

============================================================
ALERT: 1 broken pages, 12 broken links, 41 suspicious warnings
[monitor] json:     /data/data/com.termux/files/home/site_monitor_reports/report_20260718_233006.json
[monitor] markdown: /data/data/com.termux/files/home/site_monitor_reports/report_20260718_233006.md
[monitor] latest:   /data/data/com.termux/files/home/site_monitor_reports/report_latest.html
============================================================
===== 2026-07-18 23:33:05 +0530 daily run end (rc=1) =====
===== 2026-07-19 10:00:03 +0530 daily run start =====
[monitor] crawling Ambimat (https://ambimat.com) …
    ALERT — 20 pages, 1 alerts, 22 warnings
[monitor] crawling AmbiSecure (https://ambisecure.ambimat.com) …
    OK — 20 pages, 0 alerts, 0 warnings
[monitor] crawling AmbiAutomation (https://ambiautomation.ambimat.com) …
    OK — 20 pages, 0 alerts, 0 warnings
[monitor] crawling Ambimat eSIM (https://esim.ambimat.com) …
    WARN — 20 pages, 0 alerts, 40 warnings

============================================================
ALERT: 6 broken links, 62 suspicious warnings
[monitor] json:     /data/data/com.termux/files/home/site_monitor_reports/report_20260719_100007.json
[monitor] markdown: /data/data/com.termux/files/home/site_monitor_reports/report_20260719_100007.md
[monitor] latest:   /data/data/com.termux/files/home/site_monitor_reports/report_latest.html
============================================================
===== 2026-07-19 10:06:12 +0530 daily run end (rc=1) =====
===== 2026-07-19 10:30:07 +0530 daily run start =====
[monitor] crawling Ambimat (https://ambimat.com) …
    ALERT — 20 pages, 1 alerts, 22 warnings
[monitor] crawling AmbiSecure (https://ambisecure.ambimat.com) …
    OK — 20 pages, 0 alerts, 0 warnings
[monitor] crawling AmbiAutomation (https://ambiautomation.ambimat.com) …
    OK — 20 pages, 0 alerts, 0 warnings
[monitor] crawling Ambimat eSIM (https://esim.ambimat.com) …
    WARN — 20 pages, 0 alerts, 40 warnings

============================================================
ALERT: 6 broken links, 62 suspicious warnings
[monitor] json:     /data/data/com.termux/files/home/site_monitor_reports/report_20260719_103009.json
[monitor] markdown: /data/data/com.termux/files/home/site_monitor_reports/report_20260719_103009.md
[monitor] latest:   /data/data/com.termux/files/home/site_monitor_reports/report_latest.html
============================================================
===== 2026-07-19 10:36:07 +0530 daily run end (rc=1) =====
===== 2026-07-19 11:00:04 +0530 daily run start =====
[monitor] crawling Ambimat (https://ambimat.com) …
    ALERT — 20 pages, 1 alerts, 22 warnings
[monitor] crawling AmbiSecure (https://ambisecure.ambimat.com) …
    OK — 20 pages, 0 alerts, 0 warnings
[monitor] crawling AmbiAutomation (https://ambiautomation.ambimat.com) …
    OK — 20 pages, 0 alerts, 0 warnings
[monitor] crawling Ambimat eSIM (https://esim.ambimat.com) …
    WARN — 20 pages, 0 alerts, 40 warnings

============================================================
ALERT: 6 broken links, 62 suspicious warnings
[monitor] json:     /data/data/com.termux/files/home/site_monitor_reports/report_20260719_110006.json
[monitor] markdown: /data/data/com.termux/files/home/site_monitor_reports/report_20260719_110006.md
[monitor] latest:   /data/data/com.termux/files/home/site_monitor_reports/report_latest.html
============================================================
===== 2026-07-19 11:05:50 +0530 daily run end (rc=1) =====
===== 2026-07-19 11:30:03 +0530 daily run start =====
[monitor] crawling Ambimat (https://ambimat.com) …
    ALERT — 20 pages, 1 alerts, 22 warnings
[monitor] crawling AmbiSecure (https://ambisecure.ambimat.com) …
    OK — 20 pages, 0 alerts, 0 warnings
[monitor] crawling AmbiAutomation (https://ambiautomation.ambimat.com) …
    OK — 20 pages, 0 alerts, 0 warnings
[monitor] crawling Ambimat eSIM (https://esim.ambimat.com) …
    WARN — 20 pages, 0 alerts, 40 warnings

============================================================
ALERT: 6 broken links, 62 suspicious warnings
[monitor] json:     /data/data/com.termux/files/home/site_monitor_reports/report_20260719_113005.json
[monitor] markdown: /data/data/com.termux/files/home/site_monitor_reports/report_20260719_113005.md
[monitor] latest:   /data/data/com.termux/files/home/site_monitor_reports/report_latest.html
============================================================
===== 2026-07-19 11:35:59 +0530 daily run end (rc=1) =====
===== 2026-07-19 12:00:03 +0530 daily run start =====
[monitor] crawling Ambimat (https://ambimat.com) …
    ALERT — 20 pages, 1 alerts, 22 warnings
[monitor] crawling AmbiSecure (https://ambisecure.ambimat.com) …
    OK — 20 pages, 0 alerts, 0 warnings
[monitor] crawling AmbiAutomation (https://ambiautomation.ambimat.com) …
    OK — 20 pages, 0 alerts, 0 warnings
[monitor] crawling Ambimat eSIM (https://esim.ambimat.com) …
    WARN — 20 pages, 0 alerts, 40 warnings

============================================================
ALERT: 6 broken links, 62 suspicious warnings
[monitor] json:     /data/data/com.termux/files/home/site_monitor_reports/report_20260719_120005.json
[monitor] markdown: /data/data/com.termux/files/home/site_monitor_reports/report_20260719_120005.md
[monitor] latest:   /data/data/com.termux/files/home/site_monitor_reports/report_latest.html
============================================================
===== 2026-07-19 12:05:58 +0530 daily run end (rc=1) =====
===== 2026-07-19 12:30:09 +0530 daily run start =====
[monitor] crawling Ambimat (https://ambimat.com) …
    ALERT — 20 pages, 1 alerts, 22 warnings
[monitor] crawling AmbiSecure (https://ambisecure.ambimat.com) …
    OK — 20 pages, 0 alerts, 0 warnings
[monitor] crawling AmbiAutomation (https://ambiautomation.ambimat.com) …
    OK — 20 pages, 0 alerts, 0 warnings
[monitor] crawling Ambimat eSIM (https://esim.ambimat.com) …
    WARN — 20 pages, 0 alerts, 40 warnings

============================================================
ALERT: 6 broken links, 62 suspicious warnings
[monitor] json:     /data/data/com.termux/files/home/site_monitor_reports/report_20260719_123011.json
[monitor] markdown: /data/data/com.termux/files/home/site_monitor_reports/report_20260719_123011.md
[monitor] latest:   /data/data/com.termux/files/home/site_monitor_reports/report_latest.html
============================================================
===== 2026-07-19 12:36:00 +0530 daily run end (rc=1) =====
===== 2026-07-19 13:00:03 +0530 daily run start =====
[monitor] crawling Ambimat (https://ambimat.com) …
    ALERT — 20 pages, 1 alerts, 22 warnings
[monitor] crawling AmbiSecure (https://ambisecure.ambimat.com) …
    OK — 20 pages, 0 alerts, 0 warnings
[monitor] crawling AmbiAutomation (https://ambiautomation.ambimat.com) …
    OK — 20 pages, 0 alerts, 0 warnings
[monitor] crawling Ambimat eSIM (https://esim.ambimat.com) …
    WARN — 20 pages, 0 alerts, 40 warnings

============================================================
ALERT: 6 broken links, 62 suspicious warnings
[monitor] json:     /data/data/com.termux/files/home/site_monitor_reports/report_20260719_130005.json
[monitor] markdown: /data/data/com.termux/files/home/site_monitor_reports/report_20260719_130005.md
[monitor] latest:   /data/data/com.termux/files/home/site_monitor_reports/report_latest.html
============================================================
===== 2026-07-19 13:05:55 +0530 daily run end (rc=1) =====
===== 2026-07-19 13:30:04 +0530 daily run start =====
[monitor] crawling Ambimat (https://ambimat.com) …
    ALERT — 20 pages, 1 alerts, 22 warnings
[monitor] crawling AmbiSecure (https://ambisecure.ambimat.com) …
    OK — 20 pages, 0 alerts, 0 warnings
[monitor] crawling AmbiAutomation (https://ambiautomation.ambimat.com) …
    OK — 20 pages, 0 alerts, 0 warnings
[monitor] crawling Ambimat eSIM (https://esim.ambimat.com) …
    WARN — 20 pages, 0 alerts, 40 warnings

============================================================
ALERT: 6 broken links, 62 suspicious warnings
[monitor] json:     /data/data/com.termux/files/home/site_monitor_reports/report_20260719_133006.json
[monitor] markdown: /data/data/com.termux/files/home/site_monitor_reports/report_20260719_133006.md
[monitor] latest:   /data/data/com.termux/files/home/site_monitor_reports/report_latest.html
============================================================
===== 2026-07-19 13:35:59 +0530 daily run end (rc=1) =====
===== 2026-07-19 14:00:03 +0530 daily run start =====
[monitor] crawling Ambimat (https://ambimat.com) …
    ALERT — 20 pages, 1 alerts, 22 warnings
[monitor] crawling AmbiSecure (https://ambisecure.ambimat.com) …
    OK — 20 pages, 0 alerts, 0 warnings
[monitor] crawling AmbiAutomation (https://ambiautomation.ambimat.com) …
    OK — 20 pages, 0 alerts, 0 warnings
[monitor] crawling Ambimat eSIM (https://esim.ambimat.com) …
    WARN — 19 pages, 0 alerts, 39 warnings

============================================================
ALERT: 6 broken links, 61 suspicious warnings
[monitor] json:     /data/data/com.termux/files/home/site_monitor_reports/report_20260719_140005.json
[monitor] markdown: /data/data/com.termux/files/home/site_monitor_reports/report_20260719_140005.md
[monitor] latest:   /data/data/com.termux/files/home/site_monitor_reports/report_latest.html
============================================================
===== 2026-07-19 14:05:56 +0530 daily run end (rc=1) =====
===== 2026-07-19 14:30:03 +0530 daily run start =====
[monitor] crawling Ambimat (https://ambimat.com) …
    ALERT — 20 pages, 1 alerts, 22 warnings
[monitor] crawling AmbiSecure (https://ambisecure.ambimat.com) …
    OK — 20 pages, 0 alerts, 0 warnings
[monitor] crawling AmbiAutomation (https://ambiautomation.ambimat.com) …
    OK — 20 pages, 0 alerts, 0 warnings
[monitor] crawling Ambimat eSIM (https://esim.ambimat.com) …
    WARN — 20 pages, 0 alerts, 40 warnings

============================================================
ALERT: 6 broken links, 62 suspicious warnings
[monitor] json:     /data/data/com.termux/files/home/site_monitor_reports/report_20260719_143005.json
[monitor] markdown: /data/data/com.termux/files/home/site_monitor_reports/report_20260719_143005.md
[monitor] latest:   /data/data/com.termux/files/home/site_monitor_reports/report_latest.html
============================================================
===== 2026-07-19 14:35:57 +0530 daily run end (rc=1) =====
===== 2026-07-19 15:00:07 +0530 daily run start =====
[monitor] crawling Ambimat (https://ambimat.com) …
    ALERT — 20 pages, 1 alerts, 22 warnings
[monitor] crawling AmbiSecure (https://ambisecure.ambimat.com) …
    OK — 20 pages, 0 alerts, 0 warnings
[monitor] crawling AmbiAutomation (https://ambiautomation.ambimat.com) …
    OK — 20 pages, 0 alerts, 0 warnings
[monitor] crawling Ambimat eSIM (https://esim.ambimat.com) …
    WARN — 20 pages, 0 alerts, 40 warnings

============================================================
ALERT: 6 broken links, 62 suspicious warnings
[monitor] json:     /data/data/com.termux/files/home/site_monitor_reports/report_20260719_150009.json
[monitor] markdown: /data/data/com.termux/files/home/site_monitor_reports/report_20260719_150009.md
[monitor] latest:   /data/data/com.termux/files/home/site_monitor_reports/report_latest.html
============================================================
===== 2026-07-19 15:05:57 +0530 daily run end (rc=1) =====
===== 2026-07-19 15:30:03 +0530 daily run start =====
[monitor] crawling Ambimat (https://ambimat.com) …
    ALERT — 20 pages, 1 alerts, 22 warnings
[monitor] crawling AmbiSecure (https://ambisecure.ambimat.com) …
    OK — 20 pages, 0 alerts, 0 warnings
[monitor] crawling AmbiAutomation (https://ambiautomation.ambimat.com) …
    OK — 20 pages, 0 alerts, 0 warnings
[monitor] crawling Ambimat eSIM (https://esim.ambimat.com) …
    WARN — 20 pages, 0 alerts, 40 warnings

============================================================
ALERT: 6 broken links, 62 suspicious warnings
[monitor] json:     /data/data/com.termux/files/home/site_monitor_reports/report_20260719_153005.json
[monitor] markdown: /data/data/com.termux/files/home/site_monitor_reports/report_20260719_153005.md
[monitor] latest:   /data/data/com.termux/files/home/site_monitor_reports/report_latest.html
============================================================
===== 2026-07-19 15:36:03 +0530 daily run end (rc=1) =====
===== 2026-07-19 16:00:04 +0530 daily run start =====
[monitor] crawling Ambimat (https://ambimat.com) …
    ALERT — 20 pages, 1 alerts, 22 warnings
[monitor] crawling AmbiSecure (https://ambisecure.ambimat.com) …
    OK — 20 pages, 0 alerts, 0 warnings
[monitor] crawling AmbiAutomation (https://ambiautomation.ambimat.com) …
    OK — 20 pages, 0 alerts, 0 warnings
[monitor] crawling Ambimat eSIM (https://esim.ambimat.com) …
    WARN — 20 pages, 0 alerts, 40 warnings

============================================================
ALERT: 6 broken links, 62 suspicious warnings
[monitor] json:     /data/data/com.termux/files/home/site_monitor_reports/report_20260719_160005.json
[monitor] markdown: /data/data/com.termux/files/home/site_monitor_reports/report_20260719_160005.md
[monitor] latest:   /data/data/com.termux/files/home/site_monitor_reports/report_latest.html
============================================================
===== 2026-07-19 16:05:55 +0530 daily run end (rc=1) =====
===== 2026-07-19 16:30:03 +0530 daily run start =====
[monitor] crawling Ambimat (https://ambimat.com) …
    ALERT — 20 pages, 1 alerts, 22 warnings
[monitor] crawling AmbiSecure (https://ambisecure.ambimat.com) …
    OK — 20 pages, 0 alerts, 0 warnings
[monitor] crawling AmbiAutomation (https://ambiautomation.ambimat.com) …
    OK — 20 pages, 0 alerts, 0 warnings
[monitor] crawling Ambimat eSIM (https://esim.ambimat.com) …
    WARN — 20 pages, 0 alerts, 40 warnings

============================================================
ALERT: 6 broken links, 62 suspicious warnings
[monitor] json:     /data/data/com.termux/files/home/site_monitor_reports/report_20260719_163005.json
[monitor] markdown: /data/data/com.termux/files/home/site_monitor_reports/report_20260719_163005.md
[monitor] latest:   /data/data/com.termux/files/home/site_monitor_reports/report_latest.html
============================================================
===== 2026-07-19 16:35:58 +0530 daily run end (rc=1) =====
===== 2026-07-19 17:00:04 +0530 daily run start =====
[monitor] crawling Ambimat (https://ambimat.com) …
    ALERT — 20 pages, 1 alerts, 22 warnings
[monitor] crawling AmbiSecure (https://ambisecure.ambimat.com) …
    OK — 20 pages, 0 alerts, 0 warnings
[monitor] crawling AmbiAutomation (https://ambiautomation.ambimat.com) …
    OK — 20 pages, 0 alerts, 0 warnings
[monitor] crawling Ambimat eSIM (https://esim.ambimat.com) …
    WARN — 20 pages, 0 alerts, 40 warnings

============================================================
ALERT: 6 broken links, 62 suspicious warnings
[monitor] json:     /data/data/com.termux/files/home/site_monitor_reports/report_20260719_170006.json
[monitor] markdown: /data/data/com.termux/files/home/site_monitor_reports/report_20260719_170006.md
[monitor] latest:   /data/data/com.termux/files/home/site_monitor_reports/report_latest.html
============================================================
===== 2026-07-19 17:06:01 +0530 daily run end (rc=1) =====
===== 2026-07-19 17:30:06 +0530 daily run start =====
[monitor] crawling Ambimat (https://ambimat.com) …
    ALERT — 20 pages, 1 alerts, 22 warnings
[monitor] crawling AmbiSecure (https://ambisecure.ambimat.com) …
    OK — 20 pages, 0 alerts, 0 warnings
[monitor] crawling AmbiAutomation (https://ambiautomation.ambimat.com) …
    OK — 20 pages, 0 alerts, 0 warnings
[monitor] crawling Ambimat eSIM (https://esim.ambimat.com) …
    WARN — 20 pages, 0 alerts, 40 warnings

============================================================
ALERT: 6 broken links, 62 suspicious warnings
[monitor] json:     /data/data/com.termux/files/home/site_monitor_reports/report_20260719_173008.json
[monitor] markdown: /data/data/com.termux/files/home/site_monitor_reports/report_20260719_173008.md
[monitor] latest:   /data/data/com.termux/files/home/site_monitor_reports/report_latest.html
============================================================
===== 2026-07-19 17:35:58 +0530 daily run end (rc=1) =====
===== 2026-07-19 18:00:04 +0530 daily run start =====
[monitor] crawling Ambimat (https://ambimat.com) …
    ALERT — 20 pages, 1 alerts, 22 warnings
[monitor] crawling AmbiSecure (https://ambisecure.ambimat.com) …
    OK — 20 pages, 0 alerts, 0 warnings
[monitor] crawling AmbiAutomation (https://ambiautomation.ambimat.com) …
    OK — 20 pages, 0 alerts, 0 warnings
[monitor] crawling Ambimat eSIM (https://esim.ambimat.com) …
    WARN — 20 pages, 0 alerts, 40 warnings

============================================================
ALERT: 6 broken links, 62 suspicious warnings
[monitor] json:     /data/data/com.termux/files/home/site_monitor_reports/report_20260719_180006.json
[monitor] markdown: /data/data/com.termux/files/home/site_monitor_reports/report_20260719_180006.md
[monitor] latest:   /data/data/com.termux/files/home/site_monitor_reports/report_latest.html
============================================================
===== 2026-07-19 18:06:02 +0530 daily run end (rc=1) =====
===== 2026-07-19 18:30:03 +0530 daily run start =====
[monitor] crawling Ambimat (https://ambimat.com) …
    ALERT — 20 pages, 1 alerts, 22 warnings
[monitor] crawling AmbiSecure (https://ambisecure.ambimat.com) …
    OK — 20 pages, 0 alerts, 0 warnings
[monitor] crawling AmbiAutomation (https://ambiautomation.ambimat.com) …
    OK — 20 pages, 0 alerts, 0 warnings
[monitor] crawling Ambimat eSIM (https://esim.ambimat.com) …
    WARN — 20 pages, 0 alerts, 40 warnings

============================================================
ALERT: 6 broken links, 62 suspicious warnings
[monitor] json:     /data/data/com.termux/files/home/site_monitor_reports/report_20260719_183005.json
[monitor] markdown: /data/data/com.termux/files/home/site_monitor_reports/report_20260719_183005.md
[monitor] latest:   /data/data/com.termux/files/home/site_monitor_reports/report_latest.html
============================================================
===== 2026-07-19 18:35:58 +0530 daily run end (rc=1) =====
===== 2026-07-19 19:00:04 +0530 daily run start =====
[monitor] crawling Ambimat (https://ambimat.com) …
    ALERT — 20 pages, 1 alerts, 22 warnings
[monitor] crawling AmbiSecure (https://ambisecure.ambimat.com) …
    OK — 20 pages, 0 alerts, 0 warnings
[monitor] crawling AmbiAutomation (https://ambiautomation.ambimat.com) …
    OK — 20 pages, 0 alerts, 0 warnings
[monitor] crawling Ambimat eSIM (https://esim.ambimat.com) …
    WARN — 20 pages, 0 alerts, 40 warnings

============================================================
ALERT: 6 broken links, 62 suspicious warnings
[monitor] json:     /data/data/com.termux/files/home/site_monitor_reports/report_20260719_190006.json
[monitor] markdown: /data/data/com.termux/files/home/site_monitor_reports/report_20260719_190006.md
[monitor] latest:   /data/data/com.termux/files/home/site_monitor_reports/report_latest.html
============================================================
===== 2026-07-19 19:05:59 +0530 daily run end (rc=1) =====
===== 2026-07-19 19:30:04 +0530 daily run start =====
[monitor] crawling Ambimat (https://ambimat.com) …
    ALERT — 20 pages, 1 alerts, 22 warnings
[monitor] crawling AmbiSecure (https://ambisecure.ambimat.com) …
    OK — 20 pages, 0 alerts, 0 warnings
[monitor] crawling AmbiAutomation (https://ambiautomation.ambimat.com) …
    OK — 20 pages, 0 alerts, 0 warnings
[monitor] crawling Ambimat eSIM (https://esim.ambimat.com) …
    WARN — 20 pages, 0 alerts, 40 warnings

============================================================
ALERT: 6 broken links, 62 suspicious warnings
[monitor] json:     /data/data/com.termux/files/home/site_monitor_reports/report_20260719_193006.json
[monitor] markdown: /data/data/com.termux/files/home/site_monitor_reports/report_20260719_193006.md
[monitor] latest:   /data/data/com.termux/files/home/site_monitor_reports/report_latest.html
============================================================
===== 2026-07-19 19:35:54 +0530 daily run end (rc=1) =====
===== 2026-07-19 20:00:04 +0530 daily run start =====
[monitor] crawling Ambimat (https://ambimat.com) …
    ALERT — 20 pages, 1 alerts, 22 warnings
[monitor] crawling AmbiSecure (https://ambisecure.ambimat.com) …
    OK — 20 pages, 0 alerts, 0 warnings
[monitor] crawling AmbiAutomation (https://ambiautomation.ambimat.com) …
    OK — 20 pages, 0 alerts, 0 warnings
[monitor] crawling Ambimat eSIM (https://esim.ambimat.com) …
    WARN — 20 pages, 0 alerts, 40 warnings

============================================================
ALERT: 6 broken links, 62 suspicious warnings
[monitor] json:     /data/data/com.termux/files/home/site_monitor_reports/report_20260719_200006.json
[monitor] markdown: /data/data/com.termux/files/home/site_monitor_reports/report_20260719_200006.md
[monitor] latest:   /data/data/com.termux/files/home/site_monitor_reports/report_latest.html
============================================================
===== 2026-07-19 20:06:01 +0530 daily run end (rc=1) =====
===== 2026-07-19 20:30:04 +0530 daily run start =====
[monitor] crawling Ambimat (https://ambimat.com) …
    ALERT — 13 pages, 7 alerts, 16 warnings
[monitor] crawling AmbiSecure (https://ambisecure.ambimat.com) …
    OK — 20 pages, 0 alerts, 0 warnings
[monitor] crawling AmbiAutomation (https://ambiautomation.ambimat.com) …
    OK — 20 pages, 0 alerts, 0 warnings
[monitor] crawling Ambimat eSIM (https://esim.ambimat.com) …
    WARN — 20 pages, 0 alerts, 40 warnings

============================================================
ALERT: 6 broken pages, 6 broken links, 56 suspicious warnings
[monitor] json:     /data/data/com.termux/files/home/site_monitor_reports/report_20260719_203006.json
[monitor] markdown: /data/data/com.termux/files/home/site_monitor_reports/report_20260719_203006.md
[monitor] latest:   /data/data/com.termux/files/home/site_monitor_reports/report_latest.html
============================================================
===== 2026-07-19 20:35:55 +0530 daily run end (rc=1) =====
===== 2026-07-19 21:00:07 +0530 daily run start =====
[monitor] crawling Ambimat (https://ambimat.com) …
    ALERT — 20 pages, 1 alerts, 22 warnings
[monitor] crawling AmbiSecure (https://ambisecure.ambimat.com) …
    OK — 20 pages, 0 alerts, 0 warnings
[monitor] crawling AmbiAutomation (https://ambiautomation.ambimat.com) …
    OK — 20 pages, 0 alerts, 0 warnings
[monitor] crawling Ambimat eSIM (https://esim.ambimat.com) …
    WARN — 20 pages, 0 alerts, 40 warnings

============================================================
ALERT: 6 broken links, 62 suspicious warnings
[monitor] json:     /data/data/com.termux/files/home/site_monitor_reports/report_20260719_210009.json
[monitor] markdown: /data/data/com.termux/files/home/site_monitor_reports/report_20260719_210009.md
[monitor] latest:   /data/data/com.termux/files/home/site_monitor_reports/report_latest.html
============================================================
===== 2026-07-19 21:06:08 +0530 daily run end (rc=1) =====
===== 2026-07-19 21:30:07 +0530 daily run start =====
[monitor] crawling Ambimat (https://ambimat.com) …
    ALERT — 20 pages, 1 alerts, 22 warnings
[monitor] crawling AmbiSecure (https://ambisecure.ambimat.com) …
    OK — 20 pages, 0 alerts, 0 warnings
[monitor] crawling AmbiAutomation (https://ambiautomation.ambimat.com) …
    OK — 20 pages, 0 alerts, 0 warnings
[monitor] crawling Ambimat eSIM (https://esim.ambimat.com) …
    WARN — 20 pages, 0 alerts, 40 warnings

============================================================
ALERT: 6 broken links, 62 suspicious warnings
[monitor] json:     /data/data/com.termux/files/home/site_monitor_reports/report_20260719_213009.json
[monitor] markdown: /data/data/com.termux/files/home/site_monitor_reports/report_20260719_213009.md
[monitor] latest:   /data/data/com.termux/files/home/site_monitor_reports/report_latest.html
============================================================
===== 2026-07-19 21:36:02 +0530 daily run end (rc=1) =====
===== 2026-07-19 22:00:03 +0530 daily run start =====
[monitor] crawling Ambimat (https://ambimat.com) …
    ALERT — 20 pages, 1 alerts, 22 warnings
[monitor] crawling AmbiSecure (https://ambisecure.ambimat.com) …
    OK — 20 pages, 0 alerts, 0 warnings
[monitor] crawling AmbiAutomation (https://ambiautomation.ambimat.com) …
    OK — 20 pages, 0 alerts, 0 warnings
[monitor] crawling Ambimat eSIM (https://esim.ambimat.com) …
    WARN — 20 pages, 0 alerts, 40 warnings

============================================================
ALERT: 6 broken links, 62 suspicious warnings
[monitor] json:     /data/data/com.termux/files/home/site_monitor_reports/report_20260719_220005.json
[monitor] markdown: /data/data/com.termux/files/home/site_monitor_reports/report_20260719_220005.md
[monitor] latest:   /data/data/com.termux/files/home/site_monitor_reports/report_latest.html
============================================================
===== 2026-07-19 22:05:55 +0530 daily run end (rc=1) =====
===== 2026-07-19 22:30:03 +0530 daily run start =====
[monitor] crawling Ambimat (https://ambimat.com) …
    ALERT — 20 pages, 1 alerts, 22 warnings
[monitor] crawling AmbiSecure (https://ambisecure.ambimat.com) …
    OK — 20 pages, 0 alerts, 0 warnings
[monitor] crawling AmbiAutomation (https://ambiautomation.ambimat.com) …
    OK — 20 pages, 0 alerts, 0 warnings
[monitor] crawling Ambimat eSIM (https://esim.ambimat.com) …
    WARN — 20 pages, 0 alerts, 40 warnings

============================================================
ALERT: 6 broken links, 62 suspicious warnings
[monitor] json:     /data/data/com.termux/files/home/site_monitor_reports/report_20260719_223005.json
[monitor] markdown: /data/data/com.termux/files/home/site_monitor_reports/report_20260719_223005.md
[monitor] latest:   /data/data/com.termux/files/home/site_monitor_reports/report_latest.html
============================================================
===== 2026-07-19 22:35:58 +0530 daily run end (rc=1) =====
===== 2026-07-19 23:00:03 +0530 daily run start =====
[monitor] crawling Ambimat (https://ambimat.com) …
    ALERT — 20 pages, 1 alerts, 22 warnings
[monitor] crawling AmbiSecure (https://ambisecure.ambimat.com) …
    OK — 20 pages, 0 alerts, 0 warnings
[monitor] crawling AmbiAutomation (https://ambiautomation.ambimat.com) …
    OK — 20 pages, 0 alerts, 0 warnings
[monitor] crawling Ambimat eSIM (https://esim.ambimat.com) …
    WARN — 20 pages, 0 alerts, 40 warnings

============================================================
ALERT: 6 broken links, 62 suspicious warnings
[monitor] json:     /data/data/com.termux/files/home/site_monitor_reports/report_20260719_230005.json
[monitor] markdown: /data/data/com.termux/files/home/site_monitor_reports/report_20260719_230005.md
[monitor] latest:   /data/data/com.termux/files/home/site_monitor_reports/report_latest.html
============================================================
===== 2026-07-19 23:05:53 +0530 daily run end (rc=1) =====
===== 2026-07-19 23:30:06 +0530 daily run start =====
[monitor] crawling Ambimat (https://ambimat.com) …
    ALERT — 20 pages, 1 alerts, 22 warnings
[monitor] crawling AmbiSecure (https://ambisecure.ambimat.com) …
    OK — 20 pages, 0 alerts, 0 warnings
[monitor] crawling AmbiAutomation (https://ambiautomation.ambimat.com) …
    OK — 20 pages, 0 alerts, 0 warnings
[monitor] crawling Ambimat eSIM (https://esim.ambimat.com) …
    WARN — 20 pages, 0 alerts, 40 warnings

============================================================
ALERT: 6 broken links, 62 suspicious warnings
[monitor] json:     /data/data/com.termux/files/home/site_monitor_reports/report_20260719_233008.json
[monitor] markdown: /data/data/com.termux/files/home/site_monitor_reports/report_20260719_233008.md
[monitor] latest:   /data/data/com.termux/files/home/site_monitor_reports/report_latest.html
============================================================
===== 2026-07-19 23:35:58 +0530 daily run end (rc=1) =====
===== 2026-07-20 16:20:55 +0530 daily run start =====
[monitor] crawling Ambimat (https://ambimat.com) …
    ALERT — 20 pages, 1 alerts, 22 warnings
[monitor] crawling AmbiSecure (https://ambisecure.ambimat.com) …
    OK — 20 pages, 0 alerts, 0 warnings
[monitor] crawling AmbiAutomation (https://ambiautomation.ambimat.com) …
    OK — 20 pages, 0 alerts, 0 warnings
[monitor] crawling Ambimat eSIM (https://esim.ambimat.com) …
    WARN — 20 pages, 0 alerts, 40 warnings

============================================================
ALERT: 6 broken links, 62 suspicious warnings
[monitor] json:     /data/data/com.termux/files/home/site_monitor_reports/report_20260720_162058.json
[monitor] markdown: /data/data/com.termux/files/home/site_monitor_reports/report_20260720_162058.md
[monitor] latest:   /data/data/com.termux/files/home/site_monitor_reports/report_latest.html
============================================================
===== 2026-07-20 16:26:58 +0530 daily run end (rc=1) =====
===== 2026-07-20 17:00:04 +0530 daily run start =====
[monitor] crawling Ambimat (https://ambimat.com) …
    ALERT — 20 pages, 1 alerts, 22 warnings
[monitor] crawling AmbiSecure (https://ambisecure.ambimat.com) …
    WARN — 17 pages, 0 alerts, 3 warnings
[monitor] crawling AmbiAutomation (https://ambiautomation.ambimat.com) …
    OK — 20 pages, 0 alerts, 0 warnings
[monitor] crawling Ambimat eSIM (https://esim.ambimat.com) …
    WARN — 20 pages, 0 alerts, 40 warnings

============================================================
ALERT: 9 broken links, 65 suspicious warnings
[monitor] json:     /data/data/com.termux/files/home/site_monitor_reports/report_20260720_170006.json
[monitor] markdown: /data/data/com.termux/files/home/site_monitor_reports/report_20260720_170006.md
[monitor] latest:   /data/data/com.termux/files/home/site_monitor_reports/report_latest.html
============================================================
===== 2026-07-20 17:07:23 +0530 daily run end (rc=1) =====
===== 2026-07-20 17:30:06 +0530 daily run start =====
[monitor] crawling Ambimat (https://ambimat.com) …
    ALERT — 17 pages, 1 alerts, 22 warnings
[monitor] crawling AmbiSecure (https://ambisecure.ambimat.com) …
    OK — 20 pages, 0 alerts, 0 warnings
[monitor] crawling AmbiAutomation (https://ambiautomation.ambimat.com) …
    OK — 20 pages, 0 alerts, 0 warnings
[monitor] crawling Ambimat eSIM (https://esim.ambimat.com) …
    WARN — 19 pages, 0 alerts, 39 warnings

============================================================
ALERT: 7 broken links, 61 suspicious warnings
[monitor] json:     /data/data/com.termux/files/home/site_monitor_reports/report_20260720_173009.json
[monitor] markdown: /data/data/com.termux/files/home/site_monitor_reports/report_20260720_173009.md
[monitor] latest:   /data/data/com.termux/files/home/site_monitor_reports/report_latest.html
============================================================
===== 2026-07-20 17:36:57 +0530 daily run end (rc=1) =====
===== 2026-07-20 18:00:08 +0530 daily run start =====
[monitor] crawling Ambimat (https://ambimat.com) …
    ALERT — 18 pages, 1 alerts, 22 warnings
[monitor] crawling AmbiSecure (https://ambisecure.ambimat.com) …
    OK — 20 pages, 0 alerts, 0 warnings
[monitor] crawling AmbiAutomation (https://ambiautomation.ambimat.com) …
    OK — 20 pages, 0 alerts, 0 warnings
[monitor] crawling Ambimat eSIM (https://esim.ambimat.com) …
    WARN — 20 pages, 0 alerts, 40 warnings

============================================================
ALERT: 6 broken links, 62 suspicious warnings
[monitor] json:     /data/data/com.termux/files/home/site_monitor_reports/report_20260720_180010.json
[monitor] markdown: /data/data/com.termux/files/home/site_monitor_reports/report_20260720_180010.md
[monitor] latest:   /data/data/com.termux/files/home/site_monitor_reports/report_latest.html
============================================================
===== 2026-07-20 18:06:35 +0530 daily run end (rc=1) =====
===== 2026-07-20 19:30:04 +0530 daily run start =====
[monitor] crawling Ambimat (https://ambimat.com) …
    ALERT — 20 pages, 1 alerts, 22 warnings
[monitor] crawling AmbiSecure (https://ambisecure.ambimat.com) …
    OK — 20 pages, 0 alerts, 0 warnings
[monitor] crawling AmbiAutomation (https://ambiautomation.ambimat.com) …
    OK — 20 pages, 0 alerts, 0 warnings
[monitor] crawling Ambimat eSIM (https://esim.ambimat.com) …
    WARN — 20 pages, 0 alerts, 40 warnings

============================================================
ALERT: 6 broken links, 62 suspicious warnings
[monitor] json:     /data/data/com.termux/files/home/site_monitor_reports/report_20260720_193005.json
[monitor] markdown: /data/data/com.termux/files/home/site_monitor_reports/report_20260720_193005.md
[monitor] latest:   /data/data/com.termux/files/home/site_monitor_reports/report_latest.html
============================================================
===== 2026-07-20 19:35:58 +0530 daily run end (rc=1) =====
===== 2026-07-20 20:00:04 +0530 daily run start =====
[monitor] crawling Ambimat (https://ambimat.com) …
    ALERT — 20 pages, 1 alerts, 22 warnings
[monitor] crawling AmbiSecure (https://ambisecure.ambimat.com) …
    OK — 20 pages, 0 alerts, 0 warnings
[monitor] crawling AmbiAutomation (https://ambiautomation.ambimat.com) …
    OK — 20 pages, 0 alerts, 0 warnings
[monitor] crawling Ambimat eSIM (https://esim.ambimat.com) …
    WARN — 20 pages, 0 alerts, 40 warnings

============================================================
ALERT: 6 broken links, 62 suspicious warnings
[monitor] json:     /data/data/com.termux/files/home/site_monitor_reports/report_20260720_200006.json
[monitor] markdown: /data/data/com.termux/files/home/site_monitor_reports/report_20260720_200006.md
[monitor] latest:   /data/data/com.termux/files/home/site_monitor_reports/report_latest.html
============================================================
===== 2026-07-20 20:06:01 +0530 daily run end (rc=1) =====
===== 2026-07-20 20:30:08 +0530 daily run start =====
[monitor] crawling Ambimat (https://ambimat.com) …
    ALERT — 20 pages, 1 alerts, 22 warnings
[monitor] crawling AmbiSecure (https://ambisecure.ambimat.com) …
    OK — 20 pages, 0 alerts, 0 warnings
[monitor] crawling AmbiAutomation (https://ambiautomation.ambimat.com) …
    OK — 20 pages, 0 alerts, 0 warnings
[monitor] crawling Ambimat eSIM (https://esim.ambimat.com) …
    WARN — 20 pages, 0 alerts, 40 warnings

============================================================
ALERT: 6 broken links, 62 suspicious warnings
[monitor] json:     /data/data/com.termux/files/home/site_monitor_reports/report_20260720_203010.json
[monitor] markdown: /data/data/com.termux/files/home/site_monitor_reports/report_20260720_203010.md
[monitor] latest:   /data/data/com.termux/files/home/site_monitor_reports/report_latest.html
============================================================
===== 2026-07-20 20:36:01 +0530 daily run end (rc=1) =====
===== 2026-07-20 21:00:03 +0530 daily run start =====
[monitor] crawling Ambimat (https://ambimat.com) …
    ALERT — 20 pages, 1 alerts, 22 warnings
[monitor] crawling AmbiSecure (https://ambisecure.ambimat.com) …
    WARN — 19 pages, 0 alerts, 1 warnings
[monitor] crawling AmbiAutomation (https://ambiautomation.ambimat.com) …
    OK — 20 pages, 0 alerts, 0 warnings
[monitor] crawling Ambimat eSIM (https://esim.ambimat.com) …
    WARN — 20 pages, 0 alerts, 40 warnings

============================================================
ALERT: 6 broken links, 63 suspicious warnings
[monitor] json:     /data/data/com.termux/files/home/site_monitor_reports/report_20260720_210005.json
[monitor] markdown: /data/data/com.termux/files/home/site_monitor_reports/report_20260720_210005.md
[monitor] latest:   /data/data/com.termux/files/home/site_monitor_reports/report_latest.html
============================================================
===== 2026-07-20 21:05:54 +0530 daily run end (rc=1) =====
===== 2026-07-20 21:30:04 +0530 daily run start =====
[monitor] crawling Ambimat (https://ambimat.com) …
    ALERT — 20 pages, 1 alerts, 22 warnings
[monitor] crawling AmbiSecure (https://ambisecure.ambimat.com) …
    OK — 20 pages, 0 alerts, 0 warnings
[monitor] crawling AmbiAutomation (https://ambiautomation.ambimat.com) …
    OK — 20 pages, 0 alerts, 0 warnings
[monitor] crawling Ambimat eSIM (https://esim.ambimat.com) …
    WARN — 20 pages, 0 alerts, 40 warnings

============================================================
ALERT: 6 broken links, 62 suspicious warnings
[monitor] json:     /data/data/com.termux/files/home/site_monitor_reports/report_20260720_213006.json
[monitor] markdown: /data/data/com.termux/files/home/site_monitor_reports/report_20260720_213006.md
[monitor] latest:   /data/data/com.termux/files/home/site_monitor_reports/report_latest.html
============================================================
===== 2026-07-20 21:35:53 +0530 daily run end (rc=1) =====
===== 2026-07-20 22:00:03 +0530 daily run start =====
[monitor] crawling Ambimat (https://ambimat.com) …
    ALERT — 20 pages, 1 alerts, 22 warnings
[monitor] crawling AmbiSecure (https://ambisecure.ambimat.com) …
    OK — 20 pages, 0 alerts, 0 warnings
[monitor] crawling AmbiAutomation (https://ambiautomation.ambimat.com) …
    OK — 20 pages, 0 alerts, 0 warnings
[monitor] crawling Ambimat eSIM (https://esim.ambimat.com) …
    WARN — 20 pages, 0 alerts, 40 warnings

============================================================
ALERT: 6 broken links, 62 suspicious warnings
[monitor] json:     /data/data/com.termux/files/home/site_monitor_reports/report_20260720_220005.json
[monitor] markdown: /data/data/com.termux/files/home/site_monitor_reports/report_20260720_220005.md
[monitor] latest:   /data/data/com.termux/files/home/site_monitor_reports/report_latest.html
============================================================
===== 2026-07-20 22:05:56 +0530 daily run end (rc=1) =====
===== 2026-07-20 22:30:06 +0530 daily run start =====
[monitor] crawling Ambimat (https://ambimat.com) …
    ALERT — 20 pages, 1 alerts, 22 warnings
[monitor] crawling AmbiSecure (https://ambisecure.ambimat.com) …
    OK — 20 pages, 0 alerts, 0 warnings
[monitor] crawling AmbiAutomation (https://ambiautomation.ambimat.com) …
    OK — 20 pages, 0 alerts, 0 warnings
[monitor] crawling Ambimat eSIM (https://esim.ambimat.com) …
    WARN — 20 pages, 0 alerts, 40 warnings

============================================================
ALERT: 6 broken links, 62 suspicious warnings
[monitor] json:     /data/data/com.termux/files/home/site_monitor_reports/report_20260720_223008.json
[monitor] markdown: /data/data/com.termux/files/home/site_monitor_reports/report_20260720_223008.md
[monitor] latest:   /data/data/com.termux/files/home/site_monitor_reports/report_latest.html
============================================================
===== 2026-07-20 22:35:56 +0530 daily run end (rc=1) =====
===== 2026-07-20 23:00:04 +0530 daily run start =====
[monitor] crawling Ambimat (https://ambimat.com) …
    ALERT — 20 pages, 1 alerts, 22 warnings
[monitor] crawling AmbiSecure (https://ambisecure.ambimat.com) …
    OK — 20 pages, 0 alerts, 0 warnings
[monitor] crawling AmbiAutomation (https://ambiautomation.ambimat.com) …
    OK — 20 pages, 0 alerts, 0 warnings
[monitor] crawling Ambimat eSIM (https://esim.ambimat.com) …
    WARN — 20 pages, 0 alerts, 40 warnings

============================================================
ALERT: 6 broken links, 62 suspicious warnings
[monitor] json:     /data/data/com.termux/files/home/site_monitor_reports/report_20260720_230006.json
[monitor] markdown: /data/data/com.termux/files/home/site_monitor_reports/report_20260720_230006.md
[monitor] latest:   /data/data/com.termux/files/home/site_monitor_reports/report_latest.html
============================================================
===== 2026-07-20 23:05:59 +0530 daily run end (rc=1) =====
===== 2026-07-20 23:30:04 +0530 daily run start =====
[monitor] crawling Ambimat (https://ambimat.com) …
    ALERT — 20 pages, 1 alerts, 22 warnings
[monitor] crawling AmbiSecure (https://ambisecure.ambimat.com) …
    OK — 20 pages, 0 alerts, 0 warnings
[monitor] crawling AmbiAutomation (https://ambiautomation.ambimat.com) …
    OK — 20 pages, 0 alerts, 0 warnings
[monitor] crawling Ambimat eSIM (https://esim.ambimat.com) …
    WARN — 20 pages, 0 alerts, 40 warnings

============================================================
ALERT: 6 broken links, 62 suspicious warnings
[monitor] json:     /data/data/com.termux/files/home/site_monitor_reports/report_20260720_233006.json
[monitor] markdown: /data/data/com.termux/files/home/site_monitor_reports/report_20260720_233006.md
[monitor] latest:   /data/data/com.termux/files/home/site_monitor_reports/report_latest.html
============================================================
===== 2026-07-20 23:36:00 +0530 daily run end (rc=1) =====
===== 2026-07-21 10:00:01 +0530 daily run start =====
[monitor] crawling Ambimat (https://ambimat.com) …
    ALERT — 17 pages, 1 alerts, 22 warnings
[monitor] crawling AmbiSecure (https://ambisecure.ambimat.com) …
    OK — 20 pages, 0 alerts, 0 warnings
[monitor] crawling AmbiAutomation (https://ambiautomation.ambimat.com) …
    OK — 20 pages, 0 alerts, 0 warnings
[monitor] crawling Ambimat eSIM (https://esim.ambimat.com) …
    WARN — 20 pages, 0 alerts, 40 warnings

============================================================
ALERT: 6 broken links, 62 suspicious warnings
[monitor] json:     /data/data/com.termux/files/home/site_monitor_reports/report_20260721_100004.json
[monitor] markdown: /data/data/com.termux/files/home/site_monitor_reports/report_20260721_100004.md
[monitor] latest:   /data/data/com.termux/files/home/site_monitor_reports/report_latest.html
============================================================
===== 2026-07-21 10:06:10 +0530 daily run end (rc=1) =====
===== 2026-07-21 10:30:04 +0530 daily run start =====
[monitor] crawling Ambimat (https://ambimat.com) …
    ALERT — 20 pages, 1 alerts, 22 warnings
[monitor] crawling AmbiSecure (https://ambisecure.ambimat.com) …
    OK — 20 pages, 0 alerts, 0 warnings
[monitor] crawling AmbiAutomation (https://ambiautomation.ambimat.com) …
    OK — 20 pages, 0 alerts, 0 warnings
[monitor] crawling Ambimat eSIM (https://esim.ambimat.com) …
    WARN — 20 pages, 0 alerts, 40 warnings

============================================================
ALERT: 6 broken links, 62 suspicious warnings
[monitor] json:     /data/data/com.termux/files/home/site_monitor_reports/report_20260721_103006.json
[monitor] markdown: /data/data/com.termux/files/home/site_monitor_reports/report_20260721_103006.md
[monitor] latest:   /data/data/com.termux/files/home/site_monitor_reports/report_latest.html
============================================================
===== 2026-07-21 10:36:17 +0530 daily run end (rc=1) =====
===== 2026-07-21 11:00:03 +0530 daily run start =====
[monitor] crawling Ambimat (https://ambimat.com) …
    ALERT — 19 pages, 1 alerts, 22 warnings
[monitor] crawling AmbiSecure (https://ambisecure.ambimat.com) …
    OK — 20 pages, 0 alerts, 0 warnings
[monitor] crawling AmbiAutomation (https://ambiautomation.ambimat.com) …
    OK — 20 pages, 0 alerts, 0 warnings
[monitor] crawling Ambimat eSIM (https://esim.ambimat.com) …
    WARN — 20 pages, 0 alerts, 40 warnings

============================================================
ALERT: 6 broken links, 62 suspicious warnings
[monitor] json:     /data/data/com.termux/files/home/site_monitor_reports/report_20260721_110004.json
[monitor] markdown: /data/data/com.termux/files/home/site_monitor_reports/report_20260721_110004.md
[monitor] latest:   /data/data/com.termux/files/home/site_monitor_reports/report_latest.html
============================================================
===== 2026-07-21 11:06:24 +0530 daily run end (rc=1) =====
===== 2026-07-21 11:30:05 +0530 daily run start =====
[monitor] crawling Ambimat (https://ambimat.com) …
    ALERT — 15 pages, 1 alerts, 22 warnings
[monitor] crawling AmbiSecure (https://ambisecure.ambimat.com) …
    OK — 20 pages, 0 alerts, 0 warnings
[monitor] crawling AmbiAutomation (https://ambiautomation.ambimat.com) …
    OK — 20 pages, 0 alerts, 0 warnings
[monitor] crawling Ambimat eSIM (https://esim.ambimat.com) …
    WARN — 20 pages, 0 alerts, 40 warnings

============================================================
ALERT: 7 broken links, 62 suspicious warnings
[monitor] json:     /data/data/com.termux/files/home/site_monitor_reports/report_20260721_113007.json
[monitor] markdown: /data/data/com.termux/files/home/site_monitor_reports/report_20260721_113007.md
[monitor] latest:   /data/data/com.termux/files/home/site_monitor_reports/report_latest.html
============================================================
===== 2026-07-21 11:36:30 +0530 daily run end (rc=1) =====
===== 2026-07-21 12:00:07 +0530 daily run start =====
[monitor] crawling Ambimat (https://ambimat.com) …
    ALERT — 19 pages, 1 alerts, 22 warnings
[monitor] crawling AmbiSecure (https://ambisecure.ambimat.com) …
    OK — 20 pages, 0 alerts, 0 warnings
[monitor] crawling AmbiAutomation (https://ambiautomation.ambimat.com) …
    OK — 20 pages, 0 alerts, 0 warnings
[monitor] crawling Ambimat eSIM (https://esim.ambimat.com) …
    WARN — 20 pages, 0 alerts, 40 warnings

============================================================
ALERT: 6 broken links, 62 suspicious warnings
[monitor] json:     /data/data/com.termux/files/home/site_monitor_reports/report_20260721_120009.json
[monitor] markdown: /data/data/com.termux/files/home/site_monitor_reports/report_20260721_120009.md
[monitor] latest:   /data/data/com.termux/files/home/site_monitor_reports/report_latest.html
============================================================
===== 2026-07-21 12:06:24 +0530 daily run end (rc=1) =====
===== 2026-07-21 12:30:03 +0530 daily run start =====
[monitor] crawling Ambimat (https://ambimat.com) …
    ALERT — 20 pages, 1 alerts, 22 warnings
[monitor] crawling AmbiSecure (https://ambisecure.ambimat.com) …
    OK — 20 pages, 0 alerts, 0 warnings
[monitor] crawling AmbiAutomation (https://ambiautomation.ambimat.com) …
    OK — 20 pages, 0 alerts, 0 warnings
[monitor] crawling Ambimat eSIM (https://esim.ambimat.com) …
    WARN — 20 pages, 0 alerts, 40 warnings

============================================================
ALERT: 6 broken links, 62 suspicious warnings
[monitor] json:     /data/data/com.termux/files/home/site_monitor_reports/report_20260721_123005.json
[monitor] markdown: /data/data/com.termux/files/home/site_monitor_reports/report_20260721_123005.md
[monitor] latest:   /data/data/com.termux/files/home/site_monitor_reports/report_latest.html
============================================================
===== 2026-07-21 12:36:23 +0530 daily run end (rc=1) =====
===== 2026-07-21 13:00:04 +0530 daily run start =====
[monitor] crawling Ambimat (https://ambimat.com) …
    ALERT — 20 pages, 1 alerts, 22 warnings
[monitor] crawling AmbiSecure (https://ambisecure.ambimat.com) …
    OK — 20 pages, 0 alerts, 0 warnings
[monitor] crawling AmbiAutomation (https://ambiautomation.ambimat.com) …
    OK — 20 pages, 0 alerts, 0 warnings
[monitor] crawling Ambimat eSIM (https://esim.ambimat.com) …
    WARN — 20 pages, 0 alerts, 40 warnings

============================================================
ALERT: 6 broken links, 62 suspicious warnings
[monitor] json:     /data/data/com.termux/files/home/site_monitor_reports/report_20260721_130006.json
[monitor] markdown: /data/data/com.termux/files/home/site_monitor_reports/report_20260721_130006.md
[monitor] latest:   /data/data/com.termux/files/home/site_monitor_reports/report_latest.html
============================================================
===== 2026-07-21 13:05:58 +0530 daily run end (rc=1) =====
===== 2026-07-21 13:30:04 +0530 daily run start =====
[monitor] crawling Ambimat (https://ambimat.com) …
    ALERT — 20 pages, 1 alerts, 22 warnings
[monitor] crawling AmbiSecure (https://ambisecure.ambimat.com) …
    OK — 20 pages, 0 alerts, 0 warnings
[monitor] crawling AmbiAutomation (https://ambiautomation.ambimat.com) …
    OK — 20 pages, 0 alerts, 0 warnings
[monitor] crawling Ambimat eSIM (https://esim.ambimat.com) …
    WARN — 20 pages, 0 alerts, 40 warnings

============================================================
ALERT: 6 broken links, 62 suspicious warnings
[monitor] json:     /data/data/com.termux/files/home/site_monitor_reports/report_20260721_133006.json
[monitor] markdown: /data/data/com.termux/files/home/site_monitor_reports/report_20260721_133006.md
[monitor] latest:   /data/data/com.termux/files/home/site_monitor_reports/report_latest.html
============================================================
===== 2026-07-21 13:36:04 +0530 daily run end (rc=1) =====
===== 2026-07-21 14:00:04 +0530 daily run start =====
[monitor] crawling Ambimat (https://ambimat.com) …
    ALERT — 20 pages, 1 alerts, 22 warnings
[monitor] crawling AmbiSecure (https://ambisecure.ambimat.com) …
    OK — 20 pages, 0 alerts, 0 warnings
[monitor] crawling AmbiAutomation (https://ambiautomation.ambimat.com) …
    OK — 20 pages, 0 alerts, 0 warnings
[monitor] crawling Ambimat eSIM (https://esim.ambimat.com) …
    WARN — 20 pages, 0 alerts, 40 warnings

============================================================
ALERT: 6 broken links, 62 suspicious warnings
[monitor] json:     /data/data/com.termux/files/home/site_monitor_reports/report_20260721_140005.json
[monitor] markdown: /data/data/com.termux/files/home/site_monitor_reports/report_20260721_140005.md
[monitor] latest:   /data/data/com.termux/files/home/site_monitor_reports/report_latest.html
============================================================
===== 2026-07-21 14:06:11 +0530 daily run end (rc=1) =====
===== 2026-07-21 14:30:04 +0530 daily run start =====
[monitor] crawling Ambimat (https://ambimat.com) …
    ALERT — 18 pages, 1 alerts, 22 warnings
[monitor] crawling AmbiSecure (https://ambisecure.ambimat.com) …
    OK — 20 pages, 0 alerts, 0 warnings
[monitor] crawling AmbiAutomation (https://ambiautomation.ambimat.com) …
    OK — 20 pages, 0 alerts, 0 warnings
[monitor] crawling Ambimat eSIM (https://esim.ambimat.com) …
    WARN — 19 pages, 0 alerts, 39 warnings

============================================================
ALERT: 7 broken links, 61 suspicious warnings
[monitor] json:     /data/data/com.termux/files/home/site_monitor_reports/report_20260721_143006.json
[monitor] markdown: /data/data/com.termux/files/home/site_monitor_reports/report_20260721_143006.md
[monitor] latest:   /data/data/com.termux/files/home/site_monitor_reports/report_latest.html
============================================================
===== 2026-07-21 14:36:08 +0530 daily run end (rc=1) =====
===== 2026-07-21 15:00:03 +0530 daily run start =====
[monitor] crawling Ambimat (https://ambimat.com) …
    ALERT — 20 pages, 1 alerts, 22 warnings
[monitor] crawling AmbiSecure (https://ambisecure.ambimat.com) …
    WARN — 18 pages, 0 alerts, 2 warnings
[monitor] crawling AmbiAutomation (https://ambiautomation.ambimat.com) …
    OK — 20 pages, 0 alerts, 0 warnings
[monitor] crawling Ambimat eSIM (https://esim.ambimat.com) …
    WARN — 20 pages, 0 alerts, 40 warnings

============================================================
ALERT: 6 broken links, 64 suspicious warnings
[monitor] json:     /data/data/com.termux/files/home/site_monitor_reports/report_20260721_150005.json
[monitor] markdown: /data/data/com.termux/files/home/site_monitor_reports/report_20260721_150005.md
[monitor] latest:   /data/data/com.termux/files/home/site_monitor_reports/report_latest.html
============================================================
===== 2026-07-21 15:07:17 +0530 daily run end (rc=1) =====
===== 2026-07-21 15:30:11 +0530 daily run start =====
[monitor] crawling Ambimat (https://ambimat.com) …
    ALERT — 19 pages, 1 alerts, 22 warnings
[monitor] crawling AmbiSecure (https://ambisecure.ambimat.com) …
    WARN — 18 pages, 0 alerts, 2 warnings
[monitor] crawling AmbiAutomation (https://ambiautomation.ambimat.com) …
    OK — 20 pages, 0 alerts, 0 warnings
[monitor] crawling Ambimat eSIM (https://esim.ambimat.com) …
    WARN — 20 pages, 0 alerts, 40 warnings

============================================================
ALERT: 6 broken links, 64 suspicious warnings
[monitor] json:     /data/data/com.termux/files/home/site_monitor_reports/report_20260721_153013.json
[monitor] markdown: /data/data/com.termux/files/home/site_monitor_reports/report_20260721_153013.md
[monitor] latest:   /data/data/com.termux/files/home/site_monitor_reports/report_latest.html
============================================================
===== 2026-07-21 15:37:54 +0530 daily run end (rc=1) =====
===== 2026-07-21 16:30:04 +0530 daily run start =====
[monitor] crawling Ambimat (https://ambimat.com) …
    ALERT — 20 pages, 1 alerts, 22 warnings
[monitor] crawling AmbiSecure (https://ambisecure.ambimat.com) …
    OK — 20 pages, 0 alerts, 0 warnings
[monitor] crawling AmbiAutomation (https://ambiautomation.ambimat.com) …
    OK — 20 pages, 0 alerts, 0 warnings
[monitor] crawling Ambimat eSIM (https://esim.ambimat.com) …
    UNREACHABLE — 0 pages, 1 alerts, 0 warnings

============================================================
ALERT: 1 unreachable, 4 broken links, 22 suspicious warnings
[monitor] json:     /data/data/com.termux/files/home/site_monitor_reports/report_20260721_163006.json
[monitor] markdown: /data/data/com.termux/files/home/site_monitor_reports/report_20260721_163006.md
[monitor] latest:   /data/data/com.termux/files/home/site_monitor_reports/report_latest.html
============================================================
===== 2026-07-21 16:35:22 +0530 daily run end (rc=1) =====
===== 2026-07-21 17:00:05 +0530 daily run start =====
[monitor] crawling Ambimat (https://ambimat.com) …
    ALERT — 20 pages, 1 alerts, 22 warnings
[monitor] crawling AmbiSecure (https://ambisecure.ambimat.com) …
    UNREACHABLE — 0 pages, 1 alerts, 0 warnings
[monitor] crawling AmbiAutomation (https://ambiautomation.ambimat.com) …
    OK — 20 pages, 0 alerts, 0 warnings
[monitor] crawling Ambimat eSIM (https://esim.ambimat.com) …
    WARN — 20 pages, 0 alerts, 40 warnings

============================================================
ALERT: 1 unreachable, 4 broken links, 62 suspicious warnings
[monitor] json:     /data/data/com.termux/files/home/site_monitor_reports/report_20260721_170006.json
[monitor] markdown: /data/data/com.termux/files/home/site_monitor_reports/report_20260721_170006.md
[monitor] latest:   /data/data/com.termux/files/home/site_monitor_reports/report_latest.html
============================================================
===== 2026-07-21 17:04:56 +0530 daily run end (rc=1) =====
===== 2026-07-21 17:30:08 +0530 daily run start =====
[monitor] crawling Ambimat (https://ambimat.com) …
    ALERT — 20 pages, 1 alerts, 22 warnings
[monitor] crawling AmbiSecure (https://ambisecure.ambimat.com) …
    OK — 20 pages, 0 alerts, 0 warnings
[monitor] crawling AmbiAutomation (https://ambiautomation.ambimat.com) …
    OK — 20 pages, 0 alerts, 0 warnings
[monitor] crawling Ambimat eSIM (https://esim.ambimat.com) …
    WARN — 20 pages, 0 alerts, 40 warnings

============================================================
ALERT: 6 broken links, 62 suspicious warnings
[monitor] json:     /data/data/com.termux/files/home/site_monitor_reports/report_20260721_173010.json
[monitor] markdown: /data/data/com.termux/files/home/site_monitor_reports/report_20260721_173010.md
[monitor] latest:   /data/data/com.termux/files/home/site_monitor_reports/report_latest.html
============================================================
===== 2026-07-21 17:36:24 +0530 daily run end (rc=1) =====
===== 2026-07-21 18:00:13 +0530 daily run start =====
[monitor] crawling Ambimat (https://ambimat.com) …
    ALERT — 20 pages, 1 alerts, 22 warnings
[monitor] crawling AmbiSecure (https://ambisecure.ambimat.com) …
    OK — 20 pages, 0 alerts, 0 warnings
[monitor] crawling AmbiAutomation (https://ambiautomation.ambimat.com) …
    OK — 20 pages, 0 alerts, 0 warnings
[monitor] crawling Ambimat eSIM (https://esim.ambimat.com) …
    WARN — 20 pages, 0 alerts, 40 warnings

============================================================
ALERT: 6 broken links, 62 suspicious warnings
[monitor] json:     /data/data/com.termux/files/home/site_monitor_reports/report_20260721_180015.json
[monitor] markdown: /data/data/com.termux/files/home/site_monitor_reports/report_20260721_180015.md
[monitor] latest:   /data/data/com.termux/files/home/site_monitor_reports/report_latest.html
============================================================
===== 2026-07-21 18:06:19 +0530 daily run end (rc=1) =====
===== 2026-07-21 18:30:04 +0530 daily run start =====
[monitor] crawling Ambimat (https://ambimat.com) …
    ALERT — 20 pages, 1 alerts, 22 warnings
[monitor] crawling AmbiSecure (https://ambisecure.ambimat.com) …
    OK — 20 pages, 0 alerts, 0 warnings
[monitor] crawling AmbiAutomation (https://ambiautomation.ambimat.com) …
    OK — 20 pages, 0 alerts, 0 warnings
[monitor] crawling Ambimat eSIM (https://esim.ambimat.com) …
    WARN — 20 pages, 0 alerts, 40 warnings

============================================================
ALERT: 6 broken links, 62 suspicious warnings
[monitor] json:     /data/data/com.termux/files/home/site_monitor_reports/report_20260721_183006.json
[monitor] markdown: /data/data/com.termux/files/home/site_monitor_reports/report_20260721_183006.md
[monitor] latest:   /data/data/com.termux/files/home/site_monitor_reports/report_latest.html
============================================================
===== 2026-07-21 18:36:25 +0530 daily run end (rc=1) =====
===== 2026-07-21 19:00:03 +0530 daily run start =====
[monitor] crawling Ambimat (https://ambimat.com) …
    ALERT — 20 pages, 1 alerts, 22 warnings
[monitor] crawling AmbiSecure (https://ambisecure.ambimat.com) …
    OK — 20 pages, 0 alerts, 0 warnings
[monitor] crawling AmbiAutomation (https://ambiautomation.ambimat.com) …
    OK — 20 pages, 0 alerts, 0 warnings
[monitor] crawling Ambimat eSIM (https://esim.ambimat.com) …
    WARN — 20 pages, 0 alerts, 40 warnings

============================================================
ALERT: 6 broken links, 62 suspicious warnings
[monitor] json:     /data/data/com.termux/files/home/site_monitor_reports/report_20260721_190005.json
[monitor] markdown: /data/data/com.termux/files/home/site_monitor_reports/report_20260721_190005.md
[monitor] latest:   /data/data/com.termux/files/home/site_monitor_reports/report_latest.html
============================================================
===== 2026-07-21 19:06:13 +0530 daily run end (rc=1) =====
===== 2026-07-21 19:30:06 +0530 daily run start =====
[monitor] crawling Ambimat (https://ambimat.com) …
    ALERT — 20 pages, 1 alerts, 22 warnings
[monitor] crawling AmbiSecure (https://ambisecure.ambimat.com) …
    OK — 20 pages, 0 alerts, 0 warnings
[monitor] crawling AmbiAutomation (https://ambiautomation.ambimat.com) …
    OK — 20 pages, 0 alerts, 0 warnings
[monitor] crawling Ambimat eSIM (https://esim.ambimat.com) …
    WARN — 20 pages, 0 alerts, 40 warnings

============================================================
ALERT: 6 broken links, 62 suspicious warnings
[monitor] json:     /data/data/com.termux/files/home/site_monitor_reports/report_20260721_193008.json
[monitor] markdown: /data/data/com.termux/files/home/site_monitor_reports/report_20260721_193008.md
[monitor] latest:   /data/data/com.termux/files/home/site_monitor_reports/report_latest.html
============================================================
===== 2026-07-21 19:36:06 +0530 daily run end (rc=1) =====
===== 2026-07-21 20:00:03 +0530 daily run start =====
[monitor] crawling Ambimat (https://ambimat.com) …
    ALERT — 20 pages, 1 alerts, 22 warnings
[monitor] crawling AmbiSecure (https://ambisecure.ambimat.com) …
    OK — 20 pages, 0 alerts, 0 warnings
[monitor] crawling AmbiAutomation (https://ambiautomation.ambimat.com) …
    OK — 20 pages, 0 alerts, 0 warnings
[monitor] crawling Ambimat eSIM (https://esim.ambimat.com) …
    WARN — 20 pages, 0 alerts, 40 warnings

============================================================
ALERT: 6 broken links, 62 suspicious warnings
[monitor] json:     /data/data/com.termux/files/home/site_monitor_reports/report_20260721_200005.json
[monitor] markdown: /data/data/com.termux/files/home/site_monitor_reports/report_20260721_200005.md
[monitor] latest:   /data/data/com.termux/files/home/site_monitor_reports/report_latest.html
============================================================
===== 2026-07-21 20:06:02 +0530 daily run end (rc=1) =====
===== 2026-07-21 20:30:04 +0530 daily run start =====
[monitor] crawling Ambimat (https://ambimat.com) …
    ALERT — 20 pages, 1 alerts, 22 warnings
[monitor] crawling AmbiSecure (https://ambisecure.ambimat.com) …
    OK — 20 pages, 0 alerts, 0 warnings
[monitor] crawling AmbiAutomation (https://ambiautomation.ambimat.com) …
    OK — 20 pages, 0 alerts, 0 warnings
[monitor] crawling Ambimat eSIM (https://esim.ambimat.com) …
    WARN — 20 pages, 0 alerts, 40 warnings

============================================================
ALERT: 6 broken links, 62 suspicious warnings
[monitor] json:     /data/data/com.termux/files/home/site_monitor_reports/report_20260721_203005.json
[monitor] markdown: /data/data/com.termux/files/home/site_monitor_reports/report_20260721_203005.md
[monitor] latest:   /data/data/com.termux/files/home/site_monitor_reports/report_latest.html
============================================================
===== 2026-07-21 20:36:04 +0530 daily run end (rc=1) =====
===== 2026-07-21 21:00:04 +0530 daily run start =====
[monitor] crawling Ambimat (https://ambimat.com) …
    ALERT — 20 pages, 1 alerts, 22 warnings
[monitor] crawling AmbiSecure (https://ambisecure.ambimat.com) …
    OK — 20 pages, 0 alerts, 0 warnings
[monitor] crawling AmbiAutomation (https://ambiautomation.ambimat.com) …
    WARN — 19 pages, 0 alerts, 1 warnings
[monitor] crawling Ambimat eSIM (https://esim.ambimat.com) …
    WARN — 20 pages, 0 alerts, 40 warnings

============================================================
ALERT: 6 broken links, 63 suspicious warnings
[monitor] json:     /data/data/com.termux/files/home/site_monitor_reports/report_20260721_210006.json
[monitor] markdown: /data/data/com.termux/files/home/site_monitor_reports/report_20260721_210006.md
[monitor] latest:   /data/data/com.termux/files/home/site_monitor_reports/report_latest.html
============================================================
===== 2026-07-21 21:06:00 +0530 daily run end (rc=1) =====
===== 2026-07-21 21:30:05 +0530 daily run start =====
[monitor] crawling Ambimat (https://ambimat.com) …
    ALERT — 20 pages, 1 alerts, 22 warnings
[monitor] crawling AmbiSecure (https://ambisecure.ambimat.com) …
    OK — 20 pages, 0 alerts, 0 warnings
[monitor] crawling AmbiAutomation (https://ambiautomation.ambimat.com) …
    OK — 20 pages, 0 alerts, 0 warnings
[monitor] crawling Ambimat eSIM (https://esim.ambimat.com) …
    WARN — 20 pages, 0 alerts, 40 warnings

============================================================
ALERT: 6 broken links, 62 suspicious warnings
[monitor] json:     /data/data/com.termux/files/home/site_monitor_reports/report_20260721_213006.json
[monitor] markdown: /data/data/com.termux/files/home/site_monitor_reports/report_20260721_213006.md
[monitor] latest:   /data/data/com.termux/files/home/site_monitor_reports/report_latest.html
============================================================
===== 2026-07-21 21:36:07 +0530 daily run end (rc=1) =====
===== 2026-07-21 22:00:03 +0530 daily run start =====
[monitor] crawling Ambimat (https://ambimat.com) …
    ALERT — 20 pages, 1 alerts, 22 warnings
[monitor] crawling AmbiSecure (https://ambisecure.ambimat.com) …
    OK — 20 pages, 0 alerts, 0 warnings
[monitor] crawling AmbiAutomation (https://ambiautomation.ambimat.com) …
    OK — 20 pages, 0 alerts, 0 warnings
[monitor] crawling Ambimat eSIM (https://esim.ambimat.com) …
    WARN — 20 pages, 0 alerts, 40 warnings

============================================================
ALERT: 6 broken links, 62 suspicious warnings
[monitor] json:     /data/data/com.termux/files/home/site_monitor_reports/report_20260721_220005.json
[monitor] markdown: /data/data/com.termux/files/home/site_monitor_reports/report_20260721_220005.md
[monitor] latest:   /data/data/com.termux/files/home/site_monitor_reports/report_latest.html
============================================================
===== 2026-07-21 22:06:01 +0530 daily run end (rc=1) =====
===== 2026-07-21 22:30:04 +0530 daily run start =====
[monitor] crawling Ambimat (https://ambimat.com) …
    ALERT — 20 pages, 1 alerts, 22 warnings
[monitor] crawling AmbiSecure (https://ambisecure.ambimat.com) …
    OK — 20 pages, 0 alerts, 0 warnings
[monitor] crawling AmbiAutomation (https://ambiautomation.ambimat.com) …
    OK — 20 pages, 0 alerts, 0 warnings
[monitor] crawling Ambimat eSIM (https://esim.ambimat.com) …
    WARN — 20 pages, 0 alerts, 40 warnings

============================================================
ALERT: 6 broken links, 62 suspicious warnings
[monitor] json:     /data/data/com.termux/files/home/site_monitor_reports/report_20260721_223006.json
[monitor] markdown: /data/data/com.termux/files/home/site_monitor_reports/report_20260721_223006.md
[monitor] latest:   /data/data/com.termux/files/home/site_monitor_reports/report_latest.html
============================================================
===== 2026-07-21 22:35:59 +0530 daily run end (rc=1) =====
===== 2026-07-21 23:00:07 +0530 daily run start =====
[monitor] crawling Ambimat (https://ambimat.com) …
    ALERT — 20 pages, 1 alerts, 22 warnings
[monitor] crawling AmbiSecure (https://ambisecure.ambimat.com) …
    OK — 20 pages, 0 alerts, 0 warnings
[monitor] crawling AmbiAutomation (https://ambiautomation.ambimat.com) …
    OK — 20 pages, 0 alerts, 0 warnings
[monitor] crawling Ambimat eSIM (https://esim.ambimat.com) …
    WARN — 20 pages, 0 alerts, 40 warnings

============================================================
ALERT: 6 broken links, 62 suspicious warnings
[monitor] json:     /data/data/com.termux/files/home/site_monitor_reports/report_20260721_230009.json
[monitor] markdown: /data/data/com.termux/files/home/site_monitor_reports/report_20260721_230009.md
[monitor] latest:   /data/data/com.termux/files/home/site_monitor_reports/report_latest.html
============================================================
===== 2026-07-21 23:05:57 +0530 daily run end (rc=1) =====
===== 2026-07-21 23:30:05 +0530 daily run start =====
[monitor] crawling Ambimat (https://ambimat.com) …
    ALERT — 20 pages, 1 alerts, 22 warnings
[monitor] crawling AmbiSecure (https://ambisecure.ambimat.com) …
    OK — 20 pages, 0 alerts, 0 warnings
[monitor] crawling AmbiAutomation (https://ambiautomation.ambimat.com) …
    WARN — 18 pages, 0 alerts, 2 warnings
[monitor] crawling Ambimat eSIM (https://esim.ambimat.com) …
    WARN — 20 pages, 0 alerts, 40 warnings

============================================================
ALERT: 6 broken links, 64 suspicious warnings
[monitor] json:     /data/data/com.termux/files/home/site_monitor_reports/report_20260721_233006.json
[monitor] markdown: /data/data/com.termux/files/home/site_monitor_reports/report_20260721_233006.md
[monitor] latest:   /data/data/com.termux/files/home/site_monitor_reports/report_latest.html
============================================================
===== 2026-07-21 23:36:02 +0530 daily run end (rc=1) =====
===== 2026-07-22 10:00:02 +0530 daily run start =====
[monitor] crawling Ambimat (https://ambimat.com) …
    WARN — 20 pages, 0 alerts, 27 warnings
[monitor] crawling AmbiSecure (https://ambisecure.ambimat.com) …
    OK — 20 pages, 0 alerts, 0 warnings
[monitor] crawling AmbiAutomation (https://ambiautomation.ambimat.com) …
    OK — 20 pages, 0 alerts, 0 warnings
[monitor] crawling Ambimat eSIM (https://esim.ambimat.com) …
    WARN — 20 pages, 0 alerts, 40 warnings

============================================================
WARN: 6 broken links, 67 suspicious warnings
[monitor] json:     /data/data/com.termux/files/home/site_monitor_reports/report_20260722_100004.json
[monitor] markdown: /data/data/com.termux/files/home/site_monitor_reports/report_20260722_100004.md
[monitor] latest:   /data/data/com.termux/files/home/site_monitor_reports/report_latest.html
============================================================
===== 2026-07-22 10:06:16 +0530 daily run end (rc=0) =====
===== 2026-07-23 10:00:02 +0530 daily run start =====
[monitor] crawling Ambimat (https://ambimat.com) …
    ALERT — 20 pages, 1 alerts, 22 warnings
[monitor] crawling AmbiSecure (https://ambisecure.ambimat.com) …
    OK — 20 pages, 0 alerts, 0 warnings
[monitor] crawling AmbiAutomation (https://ambiautomation.ambimat.com) …
    OK — 20 pages, 0 alerts, 0 warnings
[monitor] crawling Ambimat eSIM (https://esim.ambimat.com) …
    WARN — 20 pages, 0 alerts, 40 warnings

============================================================
ALERT: 8 broken links, 62 suspicious warnings
[monitor] json:     /data/data/com.termux/files/home/site_monitor_reports/report_20260723_100004.json
[monitor] markdown: /data/data/com.termux/files/home/site_monitor_reports/report_20260723_100004.md
[monitor] latest:   /data/data/com.termux/files/home/site_monitor_reports/report_latest.html
============================================================
===== 2026-07-23 10:06:04 +0530 daily run end (rc=1) =====
===== 2026-07-23 10:30:05 +0530 daily run start =====
[monitor] crawling Ambimat (https://ambimat.com) …
    ALERT — 20 pages, 1 alerts, 22 warnings
[monitor] crawling AmbiSecure (https://ambisecure.ambimat.com) …
    OK — 20 pages, 0 alerts, 0 warnings
[monitor] crawling AmbiAutomation (https://ambiautomation.ambimat.com) …
    OK — 20 pages, 0 alerts, 0 warnings
[monitor] crawling Ambimat eSIM (https://esim.ambimat.com) …
    WARN — 20 pages, 0 alerts, 40 warnings

============================================================
ALERT: 10 broken links, 62 suspicious warnings
[monitor] json:     /data/data/com.termux/files/home/site_monitor_reports/report_20260723_103007.json
[monitor] markdown: /data/data/com.termux/files/home/site_monitor_reports/report_20260723_103007.md
[monitor] latest:   /data/data/com.termux/files/home/site_monitor_reports/report_latest.html
============================================================
===== 2026-07-23 10:36:17 +0530 daily run end (rc=1) =====
===== 2026-07-23 11:00:05 +0530 daily run start =====
[monitor] crawling Ambimat (https://ambimat.com) …
    ALERT — 20 pages, 1 alerts, 22 warnings
[monitor] crawling AmbiSecure (https://ambisecure.ambimat.com) …
    OK — 20 pages, 0 alerts, 0 warnings
[monitor] crawling AmbiAutomation (https://ambiautomation.ambimat.com) …
    OK — 20 pages, 0 alerts, 0 warnings
[monitor] crawling Ambimat eSIM (https://esim.ambimat.com) …
    WARN — 20 pages, 0 alerts, 40 warnings

============================================================
ALERT: 10 broken links, 62 suspicious warnings
[monitor] json:     /data/data/com.termux/files/home/site_monitor_reports/report_20260723_110006.json
[monitor] markdown: /data/data/com.termux/files/home/site_monitor_reports/report_20260723_110006.md
[monitor] latest:   /data/data/com.termux/files/home/site_monitor_reports/report_latest.html
============================================================
===== 2026-07-23 11:06:16 +0530 daily run end (rc=1) =====
===== 2026-07-23 11:30:04 +0530 daily run start =====
[monitor] crawling Ambimat (https://ambimat.com) …
    ALERT — 20 pages, 1 alerts, 22 warnings
[monitor] crawling AmbiSecure (https://ambisecure.ambimat.com) …
    OK — 20 pages, 0 alerts, 0 warnings
[monitor] crawling AmbiAutomation (https://ambiautomation.ambimat.com) …
    OK — 20 pages, 0 alerts, 0 warnings
[monitor] crawling Ambimat eSIM (https://esim.ambimat.com) …
    WARN — 20 pages, 0 alerts, 40 warnings

============================================================
ALERT: 9 broken links, 62 suspicious warnings
[monitor] json:     /data/data/com.termux/files/home/site_monitor_reports/report_20260723_113006.json
[monitor] markdown: /data/data/com.termux/files/home/site_monitor_reports/report_20260723_113006.md
[monitor] latest:   /data/data/com.termux/files/home/site_monitor_reports/report_latest.html
============================================================
===== 2026-07-23 11:36:24 +0530 daily run end (rc=1) =====
===== 2026-07-23 12:00:05 +0530 daily run start =====
[monitor] crawling Ambimat (https://ambimat.com) …
    ALERT — 20 pages, 1 alerts, 22 warnings
[monitor] crawling AmbiSecure (https://ambisecure.ambimat.com) …
    WARN — 19 pages, 0 alerts, 1 warnings
[monitor] crawling AmbiAutomation (https://ambiautomation.ambimat.com) …
    OK — 20 pages, 0 alerts, 0 warnings
[monitor] crawling Ambimat eSIM (https://esim.ambimat.com) …
    WARN — 20 pages, 0 alerts, 40 warnings

============================================================
ALERT: 8 broken links, 63 suspicious warnings
[monitor] json:     /data/data/com.termux/files/home/site_monitor_reports/report_20260723_120007.json
[monitor] markdown: /data/data/com.termux/files/home/site_monitor_reports/report_20260723_120007.md
[monitor] latest:   /data/data/com.termux/files/home/site_monitor_reports/report_latest.html
============================================================
===== 2026-07-23 12:06:12 +0530 daily run end (rc=1) =====
===== 2026-07-23 12:30:05 +0530 daily run start =====
[monitor] crawling Ambimat (https://ambimat.com) …
    ALERT — 20 pages, 1 alerts, 22 warnings
[monitor] crawling AmbiSecure (https://ambisecure.ambimat.com) …
    OK — 20 pages, 0 alerts, 0 warnings
[monitor] crawling AmbiAutomation (https://ambiautomation.ambimat.com) …
    OK — 20 pages, 0 alerts, 0 warnings
[monitor] crawling Ambimat eSIM (https://esim.ambimat.com) …
    WARN — 20 pages, 0 alerts, 40 warnings

============================================================
ALERT: 11 broken links, 62 suspicious warnings
[monitor] json:     /data/data/com.termux/files/home/site_monitor_reports/report_20260723_123007.json
[monitor] markdown: /data/data/com.termux/files/home/site_monitor_reports/report_20260723_123007.md
[monitor] latest:   /data/data/com.termux/files/home/site_monitor_reports/report_latest.html
============================================================
===== 2026-07-23 12:36:12 +0530 daily run end (rc=1) =====
===== 2026-07-23 13:00:06 +0530 daily run start =====
[monitor] crawling Ambimat (https://ambimat.com) …
    ALERT — 20 pages, 1 alerts, 22 warnings
[monitor] crawling AmbiSecure (https://ambisecure.ambimat.com) …
    OK — 20 pages, 0 alerts, 0 warnings
[monitor] crawling AmbiAutomation (https://ambiautomation.ambimat.com) …
    OK — 20 pages, 0 alerts, 0 warnings
[monitor] crawling Ambimat eSIM (https://esim.ambimat.com) …
    WARN — 19 pages, 0 alerts, 39 warnings

============================================================
ALERT: 7 broken links, 61 suspicious warnings
[monitor] json:     /data/data/com.termux/files/home/site_monitor_reports/report_20260723_130008.json
[monitor] markdown: /data/data/com.termux/files/home/site_monitor_reports/report_20260723_130008.md
[monitor] latest:   /data/data/com.termux/files/home/site_monitor_reports/report_latest.html
============================================================
===== 2026-07-23 13:06:02 +0530 daily run end (rc=1) =====
===== 2026-07-23 13:30:05 +0530 daily run start =====
[monitor] crawling Ambimat (https://ambimat.com) …
    ALERT — 20 pages, 1 alerts, 22 warnings
[monitor] crawling AmbiSecure (https://ambisecure.ambimat.com) …
    OK — 20 pages, 0 alerts, 0 warnings
[monitor] crawling AmbiAutomation (https://ambiautomation.ambimat.com) …
    OK — 20 pages, 0 alerts, 0 warnings
[monitor] crawling Ambimat eSIM (https://esim.ambimat.com) …
    WARN — 20 pages, 0 alerts, 40 warnings

============================================================
ALERT: 8 broken links, 62 suspicious warnings
[monitor] json:     /data/data/com.termux/files/home/site_monitor_reports/report_20260723_133006.json
[monitor] markdown: /data/data/com.termux/files/home/site_monitor_reports/report_20260723_133006.md
[monitor] latest:   /data/data/com.termux/files/home/site_monitor_reports/report_latest.html
============================================================
===== 2026-07-23 13:36:25 +0530 daily run end (rc=1) =====
===== 2026-07-23 14:00:04 +0530 daily run start =====
[monitor] crawling Ambimat (https://ambimat.com) …
    ALERT — 20 pages, 1 alerts, 22 warnings
[monitor] crawling AmbiSecure (https://ambisecure.ambimat.com) …
    OK — 20 pages, 0 alerts, 0 warnings
[monitor] crawling AmbiAutomation (https://ambiautomation.ambimat.com) …
    OK — 20 pages, 0 alerts, 0 warnings
[monitor] crawling Ambimat eSIM (https://esim.ambimat.com) …
    WARN — 20 pages, 0 alerts, 40 warnings

============================================================
ALERT: 10 broken links, 62 suspicious warnings
[monitor] json:     /data/data/com.termux/files/home/site_monitor_reports/report_20260723_140006.json
[monitor] markdown: /data/data/com.termux/files/home/site_monitor_reports/report_20260723_140006.md
[monitor] latest:   /data/data/com.termux/files/home/site_monitor_reports/report_latest.html
============================================================
===== 2026-07-23 14:06:07 +0530 daily run end (rc=1) =====
===== 2026-07-23 14:30:05 +0530 daily run start =====
[monitor] crawling Ambimat (https://ambimat.com) …
    ALERT — 20 pages, 1 alerts, 22 warnings
[monitor] crawling AmbiSecure (https://ambisecure.ambimat.com) …
    OK — 20 pages, 0 alerts, 0 warnings
[monitor] crawling AmbiAutomation (https://ambiautomation.ambimat.com) …
    OK — 20 pages, 0 alerts, 0 warnings
[monitor] crawling Ambimat eSIM (https://esim.ambimat.com) …
    WARN — 20 pages, 0 alerts, 40 warnings

============================================================
ALERT: 11 broken links, 62 suspicious warnings
[monitor] json:     /data/data/com.termux/files/home/site_monitor_reports/report_20260723_143007.json
[monitor] markdown: /data/data/com.termux/files/home/site_monitor_reports/report_20260723_143007.md
[monitor] latest:   /data/data/com.termux/files/home/site_monitor_reports/report_latest.html
============================================================
===== 2026-07-23 14:36:06 +0530 daily run end (rc=1) =====
===== 2026-07-23 15:00:05 +0530 daily run start =====
[monitor] crawling Ambimat (https://ambimat.com) …
    ALERT — 20 pages, 1 alerts, 22 warnings
[monitor] crawling AmbiSecure (https://ambisecure.ambimat.com) …
    OK — 20 pages, 0 alerts, 0 warnings
[monitor] crawling AmbiAutomation (https://ambiautomation.ambimat.com) …
    OK — 20 pages, 0 alerts, 0 warnings
[monitor] crawling Ambimat eSIM (https://esim.ambimat.com) …
    WARN — 20 pages, 0 alerts, 40 warnings

============================================================
ALERT: 12 broken links, 62 suspicious warnings
[monitor] json:     /data/data/com.termux/files/home/site_monitor_reports/report_20260723_150007.json
[monitor] markdown: /data/data/com.termux/files/home/site_monitor_reports/report_20260723_150007.md
[monitor] latest:   /data/data/com.termux/files/home/site_monitor_reports/report_latest.html
============================================================
===== 2026-07-23 15:06:38 +0530 daily run end (rc=1) =====
===== 2026-07-23 15:30:04 +0530 daily run start =====
[monitor] crawling Ambimat (https://ambimat.com) …
    ALERT — 20 pages, 1 alerts, 22 warnings
[monitor] crawling AmbiSecure (https://ambisecure.ambimat.com) …
    OK — 20 pages, 0 alerts, 0 warnings
[monitor] crawling AmbiAutomation (https://ambiautomation.ambimat.com) …
    OK — 20 pages, 0 alerts, 0 warnings
[monitor] crawling Ambimat eSIM (https://esim.ambimat.com) …
    WARN — 20 pages, 0 alerts, 40 warnings

============================================================
ALERT: 11 broken links, 62 suspicious warnings
[monitor] json:     /data/data/com.termux/files/home/site_monitor_reports/report_20260723_153006.json
[monitor] markdown: /data/data/com.termux/files/home/site_monitor_reports/report_20260723_153006.md
[monitor] latest:   /data/data/com.termux/files/home/site_monitor_reports/report_latest.html
============================================================
===== 2026-07-23 15:36:03 +0530 daily run end (rc=1) =====
===== 2026-07-23 16:00:05 +0530 daily run start =====
[monitor] crawling Ambimat (https://ambimat.com) …
    ALERT — 16 pages, 5 alerts, 17 warnings
[monitor] crawling AmbiSecure (https://ambisecure.ambimat.com) …
    OK — 20 pages, 0 alerts, 0 warnings
[monitor] crawling AmbiAutomation (https://ambiautomation.ambimat.com) …
    OK — 20 pages, 0 alerts, 0 warnings
[monitor] crawling Ambimat eSIM (https://esim.ambimat.com) …
    WARN — 20 pages, 0 alerts, 40 warnings

============================================================
ALERT: 4 broken pages, 6 broken links, 57 suspicious warnings
[monitor] json:     /data/data/com.termux/files/home/site_monitor_reports/report_20260723_160007.json
[monitor] markdown: /data/data/com.termux/files/home/site_monitor_reports/report_20260723_160007.md
[monitor] latest:   /data/data/com.termux/files/home/site_monitor_reports/report_latest.html
============================================================
===== 2026-07-23 16:06:15 +0530 daily run end (rc=1) =====
===== 2026-07-23 16:30:05 +0530 daily run start =====
[monitor] crawling Ambimat (https://ambimat.com) …
    ALERT — 20 pages, 1 alerts, 22 warnings
[monitor] crawling AmbiSecure (https://ambisecure.ambimat.com) …
    OK — 20 pages, 0 alerts, 0 warnings
[monitor] crawling AmbiAutomation (https://ambiautomation.ambimat.com) …
    OK — 20 pages, 0 alerts, 0 warnings
[monitor] crawling Ambimat eSIM (https://esim.ambimat.com) …
    WARN — 20 pages, 0 alerts, 40 warnings

============================================================
ALERT: 9 broken links, 62 suspicious warnings
[monitor] json:     /data/data/com.termux/files/home/site_monitor_reports/report_20260723_163007.json
[monitor] markdown: /data/data/com.termux/files/home/site_monitor_reports/report_20260723_163007.md
[monitor] latest:   /data/data/com.termux/files/home/site_monitor_reports/report_latest.html
============================================================
===== 2026-07-23 16:35:34 +0530 daily run end (rc=1) =====
===== 2026-07-23 17:00:03 +0530 daily run start =====
[monitor] crawling Ambimat (https://ambimat.com) …
    ALERT — 20 pages, 1 alerts, 22 warnings
[monitor] crawling AmbiSecure (https://ambisecure.ambimat.com) …
    OK — 20 pages, 0 alerts, 0 warnings
[monitor] crawling AmbiAutomation (https://ambiautomation.ambimat.com) …
    OK — 20 pages, 0 alerts, 0 warnings
[monitor] crawling Ambimat eSIM (https://esim.ambimat.com) …
    WARN — 20 pages, 0 alerts, 40 warnings

============================================================
ALERT: 12 broken links, 62 suspicious warnings
[monitor] json:     /data/data/com.termux/files/home/site_monitor_reports/report_20260723_170005.json
[monitor] markdown: /data/data/com.termux/files/home/site_monitor_reports/report_20260723_170005.md
[monitor] latest:   /data/data/com.termux/files/home/site_monitor_reports/report_latest.html
============================================================
===== 2026-07-23 17:05:12 +0530 daily run end (rc=1) =====
===== 2026-07-23 17:30:03 +0530 daily run start =====
[monitor] crawling Ambimat (https://ambimat.com) …
    ALERT — 20 pages, 1 alerts, 22 warnings
[monitor] crawling AmbiSecure (https://ambisecure.ambimat.com) …
    OK — 20 pages, 0 alerts, 0 warnings
[monitor] crawling AmbiAutomation (https://ambiautomation.ambimat.com) …
    OK — 20 pages, 0 alerts, 0 warnings
[monitor] crawling Ambimat eSIM (https://esim.ambimat.com) …
    WARN — 20 pages, 0 alerts, 40 warnings

============================================================
ALERT: 14 broken links, 62 suspicious warnings
[monitor] json:     /data/data/com.termux/files/home/site_monitor_reports/report_20260723_173005.json
[monitor] markdown: /data/data/com.termux/files/home/site_monitor_reports/report_20260723_173005.md
[monitor] latest:   /data/data/com.termux/files/home/site_monitor_reports/report_latest.html
============================================================
===== 2026-07-23 17:35:47 +0530 daily run end (rc=1) =====
===== 2026-07-23 18:00:03 +0530 daily run start =====
[monitor] crawling Ambimat (https://ambimat.com) …
    ALERT — 20 pages, 1 alerts, 22 warnings
[monitor] crawling AmbiSecure (https://ambisecure.ambimat.com) …
    OK — 20 pages, 0 alerts, 0 warnings
[monitor] crawling AmbiAutomation (https://ambiautomation.ambimat.com) …
    OK — 20 pages, 0 alerts, 0 warnings
[monitor] crawling Ambimat eSIM (https://esim.ambimat.com) …
    WARN — 20 pages, 0 alerts, 40 warnings

============================================================
ALERT: 13 broken links, 62 suspicious warnings
[monitor] json:     /data/data/com.termux/files/home/site_monitor_reports/report_20260723_180005.json
[monitor] markdown: /data/data/com.termux/files/home/site_monitor_reports/report_20260723_180005.md
[monitor] latest:   /data/data/com.termux/files/home/site_monitor_reports/report_latest.html
============================================================
===== 2026-07-23 18:05:51 +0530 daily run end (rc=1) =====
===== 2026-07-23 18:30:04 +0530 daily run start =====
[monitor] crawling Ambimat (https://ambimat.com) …
    ALERT — 20 pages, 1 alerts, 22 warnings
[monitor] crawling AmbiSecure (https://ambisecure.ambimat.com) …
    OK — 20 pages, 0 alerts, 0 warnings
[monitor] crawling AmbiAutomation (https://ambiautomation.ambimat.com) …
    OK — 20 pages, 0 alerts, 0 warnings
[monitor] crawling Ambimat eSIM (https://esim.ambimat.com) …
    WARN — 20 pages, 0 alerts, 40 warnings

============================================================
ALERT: 11 broken links, 62 suspicious warnings
[monitor] json:     /data/data/com.termux/files/home/site_monitor_reports/report_20260723_183006.json
[monitor] markdown: /data/data/com.termux/files/home/site_monitor_reports/report_20260723_183006.md
[monitor] latest:   /data/data/com.termux/files/home/site_monitor_reports/report_latest.html
============================================================
===== 2026-07-23 18:36:10 +0530 daily run end (rc=1) =====
===== 2026-07-23 19:00:04 +0530 daily run start =====
[monitor] crawling Ambimat (https://ambimat.com) …
    ALERT — 20 pages, 1 alerts, 22 warnings
[monitor] crawling AmbiSecure (https://ambisecure.ambimat.com) …
    OK — 20 pages, 0 alerts, 0 warnings
[monitor] crawling AmbiAutomation (https://ambiautomation.ambimat.com) …
    OK — 20 pages, 0 alerts, 0 warnings
[monitor] crawling Ambimat eSIM (https://esim.ambimat.com) …
    WARN — 20 pages, 0 alerts, 40 warnings

============================================================
ALERT: 10 broken links, 62 suspicious warnings
[monitor] json:     /data/data/com.termux/files/home/site_monitor_reports/report_20260723_190005.json
[monitor] markdown: /data/data/com.termux/files/home/site_monitor_reports/report_20260723_190005.md
[monitor] latest:   /data/data/com.termux/files/home/site_monitor_reports/report_latest.html
============================================================
===== 2026-07-23 19:06:06 +0530 daily run end (rc=1) =====
===== 2026-07-23 19:30:03 +0530 daily run start =====
[monitor] crawling Ambimat (https://ambimat.com) …
    ALERT — 20 pages, 1 alerts, 22 warnings
[monitor] crawling AmbiSecure (https://ambisecure.ambimat.com) …
    OK — 20 pages, 0 alerts, 0 warnings
[monitor] crawling AmbiAutomation (https://ambiautomation.ambimat.com) …
    OK — 20 pages, 0 alerts, 0 warnings
[monitor] crawling Ambimat eSIM (https://esim.ambimat.com) …
    WARN — 20 pages, 0 alerts, 40 warnings

============================================================
ALERT: 12 broken links, 62 suspicious warnings
[monitor] json:     /data/data/com.termux/files/home/site_monitor_reports/report_20260723_193005.json
[monitor] markdown: /data/data/com.termux/files/home/site_monitor_reports/report_20260723_193005.md
[monitor] latest:   /data/data/com.termux/files/home/site_monitor_reports/report_latest.html
============================================================
===== 2026-07-23 19:36:03 +0530 daily run end (rc=1) =====
===== 2026-07-23 20:00:03 +0530 daily run start =====
[monitor] crawling Ambimat (https://ambimat.com) …
    ALERT — 20 pages, 1 alerts, 22 warnings
[monitor] crawling AmbiSecure (https://ambisecure.ambimat.com) …
    OK — 20 pages, 0 alerts, 0 warnings
[monitor] crawling AmbiAutomation (https://ambiautomation.ambimat.com) …
    OK — 20 pages, 0 alerts, 0 warnings
[monitor] crawling Ambimat eSIM (https://esim.ambimat.com) …
    WARN — 20 pages, 0 alerts, 40 warnings

============================================================
ALERT: 13 broken links, 62 suspicious warnings
[monitor] json:     /data/data/com.termux/files/home/site_monitor_reports/report_20260723_200005.json
[monitor] markdown: /data/data/com.termux/files/home/site_monitor_reports/report_20260723_200005.md
[monitor] latest:   /data/data/com.termux/files/home/site_monitor_reports/report_latest.html
============================================================
===== 2026-07-23 20:06:01 +0530 daily run end (rc=1) =====
===== 2026-07-23 20:30:03 +0530 daily run start =====
[monitor] crawling Ambimat (https://ambimat.com) …
    ALERT — 20 pages, 1 alerts, 22 warnings
[monitor] crawling AmbiSecure (https://ambisecure.ambimat.com) …
    OK — 20 pages, 0 alerts, 0 warnings
[monitor] crawling AmbiAutomation (https://ambiautomation.ambimat.com) …
    OK — 20 pages, 0 alerts, 0 warnings
[monitor] crawling Ambimat eSIM (https://esim.ambimat.com) …
    WARN — 20 pages, 0 alerts, 40 warnings

============================================================
ALERT: 12 broken links, 62 suspicious warnings
[monitor] json:     /data/data/com.termux/files/home/site_monitor_reports/report_20260723_203005.json
[monitor] markdown: /data/data/com.termux/files/home/site_monitor_reports/report_20260723_203005.md
[monitor] latest:   /data/data/com.termux/files/home/site_monitor_reports/report_latest.html
============================================================
===== 2026-07-23 20:36:10 +0530 daily run end (rc=1) =====
===== 2026-07-23 21:00:04 +0530 daily run start =====
[monitor] crawling Ambimat (https://ambimat.com) …
    ALERT — 20 pages, 1 alerts, 22 warnings
[monitor] crawling AmbiSecure (https://ambisecure.ambimat.com) …
    OK — 20 pages, 0 alerts, 0 warnings
[monitor] crawling AmbiAutomation (https://ambiautomation.ambimat.com) …
    OK — 20 pages, 0 alerts, 0 warnings
[monitor] crawling Ambimat eSIM (https://esim.ambimat.com) …
    WARN — 20 pages, 0 alerts, 40 warnings

============================================================
ALERT: 11 broken links, 62 suspicious warnings
[monitor] json:     /data/data/com.termux/files/home/site_monitor_reports/report_20260723_210006.json
[monitor] markdown: /data/data/com.termux/files/home/site_monitor_reports/report_20260723_210006.md
[monitor] latest:   /data/data/com.termux/files/home/site_monitor_reports/report_latest.html
============================================================
===== 2026-07-23 21:06:19 +0530 daily run end (rc=1) =====
===== 2026-07-23 21:30:04 +0530 daily run start =====
[monitor] crawling Ambimat (https://ambimat.com) …
    ALERT — 20 pages, 1 alerts, 22 warnings
[monitor] crawling AmbiSecure (https://ambisecure.ambimat.com) …
    OK — 20 pages, 0 alerts, 0 warnings
[monitor] crawling AmbiAutomation (https://ambiautomation.ambimat.com) …
    OK — 20 pages, 0 alerts, 0 warnings
[monitor] crawling Ambimat eSIM (https://esim.ambimat.com) …
    WARN — 20 pages, 0 alerts, 40 warnings

============================================================
ALERT: 11 broken links, 62 suspicious warnings
[monitor] json:     /data/data/com.termux/files/home/site_monitor_reports/report_20260723_213006.json
[monitor] markdown: /data/data/com.termux/files/home/site_monitor_reports/report_20260723_213006.md
[monitor] latest:   /data/data/com.termux/files/home/site_monitor_reports/report_latest.html
============================================================
===== 2026-07-23 21:35:48 +0530 daily run end (rc=1) =====
===== 2026-07-23 22:00:04 +0530 daily run start =====
[monitor] crawling Ambimat (https://ambimat.com) …
    ALERT — 20 pages, 1 alerts, 22 warnings
[monitor] crawling AmbiSecure (https://ambisecure.ambimat.com) …
    OK — 20 pages, 0 alerts, 0 warnings
[monitor] crawling AmbiAutomation (https://ambiautomation.ambimat.com) …
    OK — 20 pages, 0 alerts, 0 warnings
[monitor] crawling Ambimat eSIM (https://esim.ambimat.com) …
    WARN — 20 pages, 0 alerts, 40 warnings

============================================================
ALERT: 11 broken links, 62 suspicious warnings
[monitor] json:     /data/data/com.termux/files/home/site_monitor_reports/report_20260723_220005.json
[monitor] markdown: /data/data/com.termux/files/home/site_monitor_reports/report_20260723_220005.md
[monitor] latest:   /data/data/com.termux/files/home/site_monitor_reports/report_latest.html
============================================================
===== 2026-07-23 22:06:00 +0530 daily run end (rc=1) =====
===== 2026-07-23 22:30:03 +0530 daily run start =====
[monitor] crawling Ambimat (https://ambimat.com) …
    ALERT — 20 pages, 1 alerts, 22 warnings
[monitor] crawling AmbiSecure (https://ambisecure.ambimat.com) …
    OK — 20 pages, 0 alerts, 0 warnings
[monitor] crawling AmbiAutomation (https://ambiautomation.ambimat.com) …
    OK — 20 pages, 0 alerts, 0 warnings
[monitor] crawling Ambimat eSIM (https://esim.ambimat.com) …
    WARN — 20 pages, 0 alerts, 40 warnings

============================================================
ALERT: 12 broken links, 62 suspicious warnings
[monitor] json:     /data/data/com.termux/files/home/site_monitor_reports/report_20260723_223005.json
[monitor] markdown: /data/data/com.termux/files/home/site_monitor_reports/report_20260723_223005.md
[monitor] latest:   /data/data/com.termux/files/home/site_monitor_reports/report_latest.html
============================================================
===== 2026-07-23 22:36:02 +0530 daily run end (rc=1) =====
===== 2026-07-23 23:00:04 +0530 daily run start =====
[monitor] crawling Ambimat (https://ambimat.com) …
    ALERT — 20 pages, 1 alerts, 22 warnings
[monitor] crawling AmbiSecure (https://ambisecure.ambimat.com) …
    OK — 20 pages, 0 alerts, 0 warnings
[monitor] crawling AmbiAutomation (https://ambiautomation.ambimat.com) …
    OK — 20 pages, 0 alerts, 0 warnings
[monitor] crawling Ambimat eSIM (https://esim.ambimat.com) …
    WARN — 19 pages, 0 alerts, 39 warnings

============================================================
ALERT: 10 broken links, 61 suspicious warnings
[monitor] json:     /data/data/com.termux/files/home/site_monitor_reports/report_20260723_230006.json
[monitor] markdown: /data/data/com.termux/files/home/site_monitor_reports/report_20260723_230006.md
[monitor] latest:   /data/data/com.termux/files/home/site_monitor_reports/report_latest.html
============================================================
===== 2026-07-23 23:05:34 +0530 daily run end (rc=1) =====
===== 2026-07-23 23:30:03 +0530 daily run start =====
[monitor] crawling Ambimat (https://ambimat.com) …
    ALERT — 20 pages, 1 alerts, 22 warnings
[monitor] crawling AmbiSecure (https://ambisecure.ambimat.com) …
    OK — 20 pages, 0 alerts, 0 warnings
[monitor] crawling AmbiAutomation (https://ambiautomation.ambimat.com) …
    OK — 20 pages, 0 alerts, 0 warnings
[monitor] crawling Ambimat eSIM (https://esim.ambimat.com) …
    WARN — 20 pages, 0 alerts, 40 warnings

============================================================
ALERT: 12 broken links, 62 suspicious warnings
[monitor] json:     /data/data/com.termux/files/home/site_monitor_reports/report_20260723_233005.json
[monitor] markdown: /data/data/com.termux/files/home/site_monitor_reports/report_20260723_233005.md
[monitor] latest:   /data/data/com.termux/files/home/site_monitor_reports/report_latest.html
============================================================
===== 2026-07-23 23:35:49 +0530 daily run end (rc=1) =====
===== 2026-07-24 10:00:01 +0530 daily run start =====
[monitor] crawling Ambimat (https://ambimat.com) …
    ALERT — 20 pages, 1 alerts, 22 warnings
[monitor] crawling AmbiSecure (https://ambisecure.ambimat.com) …
    OK — 20 pages, 0 alerts, 0 warnings
[monitor] crawling AmbiAutomation (https://ambiautomation.ambimat.com) …
    OK — 20 pages, 0 alerts, 0 warnings
[monitor] crawling Ambimat eSIM (https://esim.ambimat.com) …
    WARN — 20 pages, 0 alerts, 40 warnings

============================================================
ALERT: 11 broken links, 62 suspicious warnings
[monitor] json:     /data/data/com.termux/files/home/site_monitor_reports/report_20260724_100004.json
[monitor] markdown: /data/data/com.termux/files/home/site_monitor_reports/report_20260724_100004.md
[monitor] latest:   /data/data/com.termux/files/home/site_monitor_reports/report_latest.html
============================================================
===== 2026-07-24 10:05:58 +0530 daily run end (rc=1) =====
===== 2026-07-24 10:30:05 +0530 daily run start =====
[monitor] crawling Ambimat (https://ambimat.com) …
    ALERT — 20 pages, 1 alerts, 22 warnings
[monitor] crawling AmbiSecure (https://ambisecure.ambimat.com) …
    OK — 20 pages, 0 alerts, 0 warnings
[monitor] crawling AmbiAutomation (https://ambiautomation.ambimat.com) …
    OK — 20 pages, 0 alerts, 0 warnings
[monitor] crawling Ambimat eSIM (https://esim.ambimat.com) …
    WARN — 20 pages, 0 alerts, 40 warnings

============================================================
ALERT: 10 broken links, 62 suspicious warnings
[monitor] json:     /data/data/com.termux/files/home/site_monitor_reports/report_20260724_103008.json
[monitor] markdown: /data/data/com.termux/files/home/site_monitor_reports/report_20260724_103008.md
[monitor] latest:   /data/data/com.termux/files/home/site_monitor_reports/report_latest.html
============================================================
===== 2026-07-24 10:36:18 +0530 daily run end (rc=1) =====
===== 2026-07-24 11:00:04 +0530 daily run start =====
[monitor] crawling Ambimat (https://ambimat.com) …
    ALERT — 20 pages, 1 alerts, 22 warnings
[monitor] crawling AmbiSecure (https://ambisecure.ambimat.com) …
    OK — 20 pages, 0 alerts, 0 warnings
[monitor] crawling AmbiAutomation (https://ambiautomation.ambimat.com) …
    OK — 20 pages, 0 alerts, 0 warnings
[monitor] crawling Ambimat eSIM (https://esim.ambimat.com) …
    WARN — 20 pages, 0 alerts, 40 warnings

============================================================
ALERT: 9 broken links, 62 suspicious warnings
[monitor] json:     /data/data/com.termux/files/home/site_monitor_reports/report_20260724_110006.json
[monitor] markdown: /data/data/com.termux/files/home/site_monitor_reports/report_20260724_110006.md
[monitor] latest:   /data/data/com.termux/files/home/site_monitor_reports/report_latest.html
============================================================
===== 2026-07-24 11:05:55 +0530 daily run end (rc=1) =====
===== 2026-07-24 11:30:04 +0530 daily run start =====
[monitor] crawling Ambimat (https://ambimat.com) …
    ALERT — 20 pages, 1 alerts, 22 warnings
[monitor] crawling AmbiSecure (https://ambisecure.ambimat.com) …
    OK — 20 pages, 0 alerts, 0 warnings
[monitor] crawling AmbiAutomation (https://ambiautomation.ambimat.com) …
    OK — 20 pages, 0 alerts, 0 warnings
[monitor] crawling Ambimat eSIM (https://esim.ambimat.com) …
    WARN — 20 pages, 0 alerts, 40 warnings

============================================================
ALERT: 12 broken links, 62 suspicious warnings
[monitor] json:     /data/data/com.termux/files/home/site_monitor_reports/report_20260724_113006.json
[monitor] markdown: /data/data/com.termux/files/home/site_monitor_reports/report_20260724_113006.md
[monitor] latest:   /data/data/com.termux/files/home/site_monitor_reports/report_latest.html
============================================================
===== 2026-07-24 11:36:09 +0530 daily run end (rc=1) =====
===== 2026-07-24 12:00:03 +0530 daily run start =====
[monitor] crawling Ambimat (https://ambimat.com) …
    ALERT — 20 pages, 1 alerts, 22 warnings
[monitor] crawling AmbiSecure (https://ambisecure.ambimat.com) …
    OK — 20 pages, 0 alerts, 0 warnings
[monitor] crawling AmbiAutomation (https://ambiautomation.ambimat.com) …
    OK — 20 pages, 0 alerts, 0 warnings
[monitor] crawling Ambimat eSIM (https://esim.ambimat.com) …
    WARN — 20 pages, 0 alerts, 40 warnings

============================================================
ALERT: 10 broken links, 62 suspicious warnings
[monitor] json:     /data/data/com.termux/files/home/site_monitor_reports/report_20260724_120006.json
[monitor] markdown: /data/data/com.termux/files/home/site_monitor_reports/report_20260724_120006.md
[monitor] latest:   /data/data/com.termux/files/home/site_monitor_reports/report_latest.html
============================================================
===== 2026-07-24 12:06:05 +0530 daily run end (rc=1) =====
===== 2026-07-24 12:30:10 +0530 daily run start =====
[monitor] crawling Ambimat (https://ambimat.com) …
    ALERT — 20 pages, 1 alerts, 22 warnings
[monitor] crawling AmbiSecure (https://ambisecure.ambimat.com) …
    OK — 20 pages, 0 alerts, 0 warnings
[monitor] crawling AmbiAutomation (https://ambiautomation.ambimat.com) …
    OK — 20 pages, 0 alerts, 0 warnings
[monitor] crawling Ambimat eSIM (https://esim.ambimat.com) …
    WARN — 20 pages, 0 alerts, 40 warnings

============================================================
ALERT: 9 broken links, 62 suspicious warnings
[monitor] json:     /data/data/com.termux/files/home/site_monitor_reports/report_20260724_123013.json
[monitor] markdown: /data/data/com.termux/files/home/site_monitor_reports/report_20260724_123013.md
[monitor] latest:   /data/data/com.termux/files/home/site_monitor_reports/report_latest.html
============================================================
===== 2026-07-24 12:36:20 +0530 daily run end (rc=1) =====
===== 2026-07-24 13:00:04 +0530 daily run start =====
[monitor] crawling Ambimat (https://ambimat.com) …
===== 2026-07-27 11:39:20 +0530 daily run start =====
[monitor] crawling Ambimat (https://ambimat.com) …
    ALERT — 20 pages, 1 alerts, 22 warnings
[monitor] crawling AmbiSecure (https://ambisecure.ambimat.com) …
    OK — 20 pages, 0 alerts, 0 warnings
[monitor] crawling AmbiAutomation (https://ambiautomation.ambimat.com) …
    OK — 20 pages, 0 alerts, 0 warnings
[monitor] crawling Ambimat eSIM (https://esim.ambimat.com) …
    WARN — 20 pages, 0 alerts, 40 warnings

============================================================
ALERT: 7 broken links, 62 suspicious warnings
[monitor] json:     /data/data/com.termux/files/home/site_monitor_reports/report_20260727_113922.json
[monitor] markdown: /data/data/com.termux/files/home/site_monitor_reports/report_20260727_113922.md
[monitor] latest:   /data/data/com.termux/files/home/site_monitor_reports/report_latest.html
============================================================
===== 2026-07-27 11:45:33 +0530 daily run end (rc=1) =====
===== 2026-07-27 12:00:03 +0530 daily run start =====
[monitor] crawling Ambimat (https://ambimat.com) …
    ALERT — 20 pages, 1 alerts, 22 warnings
[monitor] crawling AmbiSecure (https://ambisecure.ambimat.com) …
    OK — 20 pages, 0 alerts, 0 warnings
[monitor] crawling AmbiAutomation (https://ambiautomation.ambimat.com) …
    OK — 20 pages, 0 alerts, 0 warnings
[monitor] crawling Ambimat eSIM (https://esim.ambimat.com) …
    WARN — 20 pages, 0 alerts, 40 warnings

============================================================
ALERT: 9 broken links, 62 suspicious warnings
[monitor] json:     /data/data/com.termux/files/home/site_monitor_reports/report_20260727_120005.json
[monitor] markdown: /data/data/com.termux/files/home/site_monitor_reports/report_20260727_120005.md
[monitor] latest:   /data/data/com.termux/files/home/site_monitor_reports/report_latest.html
============================================================
===== 2026-07-27 12:05:38 +0530 daily run end (rc=1) =====
===== 2026-07-27 12:30:09 +0530 daily run start =====
[monitor] crawling Ambimat (https://ambimat.com) …
    ALERT — 20 pages, 1 alerts, 22 warnings
[monitor] crawling AmbiSecure (https://ambisecure.ambimat.com) …
    OK — 20 pages, 0 alerts, 0 warnings
[monitor] crawling AmbiAutomation (https://ambiautomation.ambimat.com) …
    OK — 20 pages, 0 alerts, 0 warnings
[monitor] crawling Ambimat eSIM (https://esim.ambimat.com) …
    WARN — 20 pages, 0 alerts, 40 warnings

============================================================
ALERT: 17 broken links, 62 suspicious warnings
[monitor] json:     /data/data/com.termux/files/home/site_monitor_reports/report_20260727_123011.json
[monitor] markdown: /data/data/com.termux/files/home/site_monitor_reports/report_20260727_123011.md
[monitor] latest:   /data/data/com.termux/files/home/site_monitor_reports/report_latest.html
============================================================
===== 2026-07-27 12:36:16 +0530 daily run end (rc=1) =====
===== 2026-07-27 13:00:03 +0530 daily run start =====
[monitor] crawling Ambimat (https://ambimat.com) …
    WARN — 20 pages, 0 alerts, 23 warnings
[monitor] crawling AmbiSecure (https://ambisecure.ambimat.com) …
    OK — 20 pages, 0 alerts, 0 warnings
[monitor] crawling AmbiAutomation (https://ambiautomation.ambimat.com) …
    OK — 20 pages, 0 alerts, 0 warnings
[monitor] crawling Ambimat eSIM (https://esim.ambimat.com) …
    WARN — 20 pages, 0 alerts, 40 warnings

============================================================
WARN: 9 unverified links, 63 suspicious warnings
[monitor] json:     /data/data/com.termux/files/home/site_monitor_reports/report_20260727_130005.json
[monitor] markdown: /data/data/com.termux/files/home/site_monitor_reports/report_20260727_130005.md
[monitor] latest:   /data/data/com.termux/files/home/site_monitor_reports/report_latest.html
============================================================
===== 2026-07-27 13:06:11 +0530 daily run end (rc=0) =====
===== 2026-07-27 14:03:02 +0530 daily run start (per-site mode) =====
----- 2026-07-27 14:03:02 +0530 site START: Ambimat (ambimat_com) -----
[monitor] crawling Ambimat (https://ambimat.com) …
    ALERT — 458 pages, 5 alerts, 489 warnings

============================================================
ALERT: 5 broken pages, 3 broken links, 1 unverified links, 489 suspicious warnings
[monitor] json:     /data/data/com.termux/files/home/site_monitor_reports/per_site/ambimat_com/report_20260727_140304.json
[monitor] markdown: /data/data/com.termux/files/home/site_monitor_reports/per_site/ambimat_com/report_20260727_140304.md
[monitor] latest:   /data/data/com.termux/files/home/site_monitor_reports/per_site/ambimat_com/report_latest.html
============================================================
----- 2026-07-27 14:13:19 +0530 site END:   Ambimat (crawler rc=1; alert=1 is a finding, not a job failure) -----
----- 2026-07-27 14:13:19 +0530 site START: AmbiSecure (ambisecure_ambimat_com) -----
[monitor] crawling AmbiSecure (https://ambisecure.ambimat.com) …
    WARN — 318 pages, 0 alerts, 72 warnings

============================================================
WARN: 1 unverified links, 72 suspicious warnings
[monitor] json:     /data/data/com.termux/files/home/site_monitor_reports/per_site/ambisecure_ambimat_com/report_20260727_141321.json
[monitor] markdown: /data/data/com.termux/files/home/site_monitor_reports/per_site/ambisecure_ambimat_com/report_20260727_141321.md
[monitor] latest:   /data/data/com.termux/files/home/site_monitor_reports/per_site/ambisecure_ambimat_com/report_latest.html
============================================================
----- 2026-07-27 14:18:04 +0530 site END:   AmbiSecure (crawler rc=0; alert=1 is a finding, not a job failure) -----
----- 2026-07-27 14:18:04 +0530 site START: AmbiAutomation (ambiautomation_ambimat_com) -----
[monitor] crawling AmbiAutomation (https://ambiautomation.ambimat.com) …
    OK — 28 pages, 0 alerts, 0 warnings

============================================================
OK: all 1 sites healthy — no public-page compromise indicators detected.
[monitor] json:     /data/data/com.termux/files/home/site_monitor_reports/per_site/ambiautomation_ambimat_com/report_20260727_141806.json
[monitor] markdown: /data/data/com.termux/files/home/site_monitor_reports/per_site/ambiautomation_ambimat_com/report_20260727_141806.md
[monitor] latest:   /data/data/com.termux/files/home/site_monitor_reports/per_site/ambiautomation_ambimat_com/report_latest.html
============================================================
----- 2026-07-27 14:18:42 +0530 site END:   AmbiAutomation (crawler rc=0; alert=1 is a finding, not a job failure) -----
----- 2026-07-27 14:18:42 +0530 site START: Ambimat eSIM (esim_ambimat_com) -----
[monitor] crawling Ambimat eSIM (https://esim.ambimat.com) …
    WARN — 33 pages, 0 alerts, 67 warnings

============================================================
WARN: 3 broken links, 1 unverified links, 67 suspicious warnings
[monitor] json:     /data/data/com.termux/files/home/site_monitor_reports/per_site/esim_ambimat_com/report_20260727_141844.json
[monitor] markdown: /data/data/com.termux/files/home/site_monitor_reports/per_site/esim_ambimat_com/report_20260727_141844.md
[monitor] latest:   /data/data/com.termux/files/home/site_monitor_reports/per_site/esim_ambimat_com/report_latest.html
============================================================
----- 2026-07-27 14:19:40 +0530 site END:   Ambimat eSIM (crawler rc=0; alert=1 is a finding, not a job failure) -----
----- 2026-07-27 14:19:40 +0530 site START: AmbiPower (ambipower_ambimat_com) -----
[monitor] crawling AmbiPower (https://ambipower.ambimat.com) …
    WARN — 27 pages, 0 alerts, 3 warnings

============================================================
WARN: 1 broken links, 1 unverified links, 3 suspicious warnings
[monitor] json:     /data/data/com.termux/files/home/site_monitor_reports/per_site/ambipower_ambimat_com/report_20260727_141942.json
[monitor] markdown: /data/data/com.termux/files/home/site_monitor_reports/per_site/ambipower_ambimat_com/report_20260727_141942.md
[monitor] latest:   /data/data/com.termux/files/home/site_monitor_reports/per_site/ambipower_ambimat_com/report_latest.html
============================================================
----- 2026-07-27 14:20:13 +0530 site END:   AmbiPower (crawler rc=0; alert=1 is a finding, not a job failure) -----
----- 2026-07-27 14:20:13 +0530 site START: Orders (orders_ambimat_com) -----
[monitor] crawling Orders (https://orders.ambimat.com) …
    WARN — 50 pages, 0 alerts, 61 warnings

============================================================
WARN: 15 broken links, 2 unverified links, 61 suspicious warnings
[monitor] json:     /data/data/com.termux/files/home/site_monitor_reports/per_site/orders_ambimat_com/report_20260727_142015.json
[monitor] markdown: /data/data/com.termux/files/home/site_monitor_reports/per_site/orders_ambimat_com/report_20260727_142015.md
[monitor] latest:   /data/data/com.termux/files/home/site_monitor_reports/per_site/orders_ambimat_com/report_latest.html
============================================================
----- 2026-07-27 14:22:06 +0530 site END:   Orders (crawler rc=0; alert=1 is a finding, not a job failure) -----
----- 2026-07-27 14:22:06 +0530 site START: RoboRacer (roboracer_ambimat_com) -----
[monitor] crawling RoboRacer (https://roboracer.ambimat.com) …
    OK — 3 pages, 0 alerts, 0 warnings

============================================================
OK: all 1 sites healthy — no public-page compromise indicators detected.
[monitor] json:     /data/data/com.termux/files/home/site_monitor_reports/per_site/roboracer_ambimat_com/report_20260727_142208.json
[monitor] markdown: /data/data/com.termux/files/home/site_monitor_reports/per_site/roboracer_ambimat_com/report_20260727_142208.md
[monitor] latest:   /data/data/com.termux/files/home/site_monitor_reports/per_site/roboracer_ambimat_com/report_latest.html
============================================================
----- 2026-07-27 14:22:18 +0530 site END:   RoboRacer (crawler rc=0; alert=1 is a finding, not a job failure) -----
ALERT: 5 broken pages, 23 broken links, 8 unverified links, 692 suspicious warnings
[merge] combined 7 sites -> /data/data/com.termux/files/home/site_monitor_reports/report_latest.json
===== 2026-07-27 14:22:21 +0530 daily run end (merge rc=0) =====
ORCH_DONE rc=0 at 2026-07-27 14:22:21 +0530
===== 2026-07-28 10:00:02 +0530 daily run start (per-site mode) =====
----- 2026-07-28 10:00:02 +0530 site START: Ambimat (ambimat_com) -----
[monitor] crawling Ambimat (https://ambimat.com) …
    ALERT — 462 pages, 22 alerts, 492 warnings

============================================================
ALERT: 22 broken pages, 4 broken links, 492 suspicious warnings
[monitor] json:     /data/data/com.termux/files/home/site_monitor_reports/per_site/ambimat_com/report_20260728_100005.json
[monitor] markdown: /data/data/com.termux/files/home/site_monitor_reports/per_site/ambimat_com/report_20260728_100005.md
[monitor] latest:   /data/data/com.termux/files/home/site_monitor_reports/per_site/ambimat_com/report_latest.html
============================================================
----- 2026-07-28 10:15:09 +0530 site END:   Ambimat (crawler rc=1; alert=1 is a finding, not a job failure) -----
----- 2026-07-28 10:15:09 +0530 site START: AmbiSecure (ambisecure_ambimat_com) -----
[monitor] crawling AmbiSecure (https://ambisecure.ambimat.com) …
    WARN — 318 pages, 0 alerts, 72 warnings

============================================================
WARN: 2 broken links, 1 unverified links, 72 suspicious warnings
[monitor] json:     /data/data/com.termux/files/home/site_monitor_reports/per_site/ambisecure_ambimat_com/report_20260728_101511.json
[monitor] markdown: /data/data/com.termux/files/home/site_monitor_reports/per_site/ambisecure_ambimat_com/report_20260728_101511.md
[monitor] latest:   /data/data/com.termux/files/home/site_monitor_reports/per_site/ambisecure_ambimat_com/report_latest.html
============================================================
----- 2026-07-28 10:19:59 +0530 site END:   AmbiSecure (crawler rc=0; alert=1 is a finding, not a job failure) -----
----- 2026-07-28 10:19:59 +0530 site START: AmbiAutomation (ambiautomation_ambimat_com) -----
[monitor] crawling AmbiAutomation (https://ambiautomation.ambimat.com) …
    OK — 28 pages, 0 alerts, 0 warnings

============================================================
OK: all 1 sites healthy — no public-page compromise indicators detected.
[monitor] json:     /data/data/com.termux/files/home/site_monitor_reports/per_site/ambiautomation_ambimat_com/report_20260728_102001.json
[monitor] markdown: /data/data/com.termux/files/home/site_monitor_reports/per_site/ambiautomation_ambimat_com/report_20260728_102001.md
[monitor] latest:   /data/data/com.termux/files/home/site_monitor_reports/per_site/ambiautomation_ambimat_com/report_latest.html
============================================================
----- 2026-07-28 10:20:33 +0530 site END:   AmbiAutomation (crawler rc=0; alert=1 is a finding, not a job failure) -----
----- 2026-07-28 10:20:33 +0530 site START: Ambimat eSIM (esim_ambimat_com) -----
[monitor] crawling Ambimat eSIM (https://esim.ambimat.com) …
    WARN — 33 pages, 0 alerts, 67 warnings

============================================================
WARN: 4 broken links, 67 suspicious warnings
[monitor] json:     /data/data/com.termux/files/home/site_monitor_reports/per_site/esim_ambimat_com/report_20260728_102035.json
[monitor] markdown: /data/data/com.termux/files/home/site_monitor_reports/per_site/esim_ambimat_com/report_20260728_102035.md
[monitor] latest:   /data/data/com.termux/files/home/site_monitor_reports/per_site/esim_ambimat_com/report_latest.html
============================================================
----- 2026-07-28 10:21:32 +0530 site END:   Ambimat eSIM (crawler rc=0; alert=1 is a finding, not a job failure) -----
----- 2026-07-28 10:21:32 +0530 site START: AmbiPower (ambipower_ambimat_com) -----
[monitor] crawling AmbiPower (https://ambipower.ambimat.com) …
    WARN — 27 pages, 0 alerts, 3 warnings

============================================================
WARN: 1 broken links, 1 unverified links, 3 suspicious warnings
[monitor] json:     /data/data/com.termux/files/home/site_monitor_reports/per_site/ambipower_ambimat_com/report_20260728_102134.json
[monitor] markdown: /data/data/com.termux/files/home/site_monitor_reports/per_site/ambipower_ambimat_com/report_20260728_102134.md
[monitor] latest:   /data/data/com.termux/files/home/site_monitor_reports/per_site/ambipower_ambimat_com/report_latest.html
============================================================
----- 2026-07-28 10:22:07 +0530 site END:   AmbiPower (crawler rc=0; alert=1 is a finding, not a job failure) -----
----- 2026-07-28 10:22:07 +0530 site START: Orders (orders_ambimat_com) -----
[monitor] crawling Orders (https://orders.ambimat.com) …
    WARN — 50 pages, 0 alerts, 61 warnings

============================================================
WARN: 17 broken links, 1 unverified links, 61 suspicious warnings
[monitor] json:     /data/data/com.termux/files/home/site_monitor_reports/per_site/orders_ambimat_com/report_20260728_102209.json
[monitor] markdown: /data/data/com.termux/files/home/site_monitor_reports/per_site/orders_ambimat_com/report_20260728_102209.md
[monitor] latest:   /data/data/com.termux/files/home/site_monitor_reports/per_site/orders_ambimat_com/report_latest.html
============================================================
----- 2026-07-28 10:24:02 +0530 site END:   Orders (crawler rc=0; alert=1 is a finding, not a job failure) -----
----- 2026-07-28 10:24:02 +0530 site START: RoboRacer (roboracer_ambimat_com) -----
[monitor] crawling RoboRacer (https://roboracer.ambimat.com) …
    OK — 3 pages, 0 alerts, 0 warnings

============================================================
OK: all 1 sites healthy — no public-page compromise indicators detected.
[monitor] json:     /data/data/com.termux/files/home/site_monitor_reports/per_site/roboracer_ambimat_com/report_20260728_102404.json
[monitor] markdown: /data/data/com.termux/files/home/site_monitor_reports/per_site/roboracer_ambimat_com/report_20260728_102404.md
[monitor] latest:   /data/data/com.termux/files/home/site_monitor_reports/per_site/roboracer_ambimat_com/report_latest.html
============================================================
----- 2026-07-28 10:24:17 +0530 site END:   RoboRacer (crawler rc=0; alert=1 is a finding, not a job failure) -----
ALERT: 22 broken pages, 29 broken links, 5 unverified links, 695 suspicious warnings
[merge] combined 7 sites -> /data/data/com.termux/files/home/site_monitor_reports/report_latest.json
===== 2026-07-28 10:24:20 +0530 daily run end (merge rc=0) =====
===== 2026-07-29 10:00:01 +0530 daily run start (per-site mode) =====
----- 2026-07-29 10:00:02 +0530 site START: Ambimat (ambimat_com) -----
[monitor] crawling Ambimat (https://ambimat.com) …
    WARN — 461 pages, 0 alerts, 492 warnings

============================================================
WARN: 1 broken links, 492 suspicious warnings
[monitor] json:     /data/data/com.termux/files/home/site_monitor_reports/per_site/ambimat_com/report_20260729_100005.json
[monitor] markdown: /data/data/com.termux/files/home/site_monitor_reports/per_site/ambimat_com/report_20260729_100005.md
[monitor] latest:   /data/data/com.termux/files/home/site_monitor_reports/per_site/ambimat_com/report_latest.html
============================================================
----- 2026-07-29 10:16:22 +0530 site END:   Ambimat (crawler rc=0; alert=1 is a finding, not a job failure) -----
----- 2026-07-29 10:16:22 +0530 site START: AmbiSecure (ambisecure_ambimat_com) -----
[monitor] crawling AmbiSecure (https://ambisecure.ambimat.com) …
    WARN — 317 pages, 0 alerts, 80 warnings

============================================================
WARN: 1 broken links, 1 unverified links, 80 suspicious warnings
[monitor] json:     /data/data/com.termux/files/home/site_monitor_reports/per_site/ambisecure_ambimat_com/report_20260729_101624.json
[monitor] markdown: /data/data/com.termux/files/home/site_monitor_reports/per_site/ambisecure_ambimat_com/report_20260729_101624.md
[monitor] latest:   /data/data/com.termux/files/home/site_monitor_reports/per_site/ambisecure_ambimat_com/report_latest.html
============================================================
----- 2026-07-29 10:21:09 +0530 site END:   AmbiSecure (crawler rc=0; alert=1 is a finding, not a job failure) -----
----- 2026-07-29 10:21:09 +0530 site START: AmbiAutomation (ambiautomation_ambimat_com) -----
[monitor] crawling AmbiAutomation (https://ambiautomation.ambimat.com) …
    WARN — 28 pages, 0 alerts, 6 warnings

============================================================
WARN: 2 unverified links, 6 suspicious warnings
[monitor] json:     /data/data/com.termux/files/home/site_monitor_reports/per_site/ambiautomation_ambimat_com/report_20260729_102111.json
[monitor] markdown: /data/data/com.termux/files/home/site_monitor_reports/per_site/ambiautomation_ambimat_com/report_20260729_102111.md
[monitor] latest:   /data/data/com.termux/files/home/site_monitor_reports/per_site/ambiautomation_ambimat_com/report_latest.html
============================================================
----- 2026-07-29 10:21:47 +0530 site END:   AmbiAutomation (crawler rc=0; alert=1 is a finding, not a job failure) -----
----- 2026-07-29 10:21:47 +0530 site START: Ambimat eSIM (esim_ambimat_com) -----
[monitor] crawling Ambimat eSIM (https://esim.ambimat.com) …
    WARN — 33 pages, 0 alerts, 68 warnings

============================================================
WARN: 2 broken links, 1 unverified links, 68 suspicious warnings
[monitor] json:     /data/data/com.termux/files/home/site_monitor_reports/per_site/esim_ambimat_com/report_20260729_102148.json
[monitor] markdown: /data/data/com.termux/files/home/site_monitor_reports/per_site/esim_ambimat_com/report_20260729_102148.md
[monitor] latest:   /data/data/com.termux/files/home/site_monitor_reports/per_site/esim_ambimat_com/report_latest.html
============================================================
----- 2026-07-29 10:22:57 +0530 site END:   Ambimat eSIM (crawler rc=0; alert=1 is a finding, not a job failure) -----
----- 2026-07-29 10:22:57 +0530 site START: AmbiPower (ambipower_ambimat_com) -----
[monitor] crawling AmbiPower (https://ambipower.ambimat.com) …
    WARN — 27 pages, 0 alerts, 1 warnings

============================================================
WARN: 1 unverified links, 1 suspicious warnings
[monitor] json:     /data/data/com.termux/files/home/site_monitor_reports/per_site/ambipower_ambimat_com/report_20260729_102259.json
[monitor] markdown: /data/data/com.termux/files/home/site_monitor_reports/per_site/ambipower_ambimat_com/report_20260729_102259.md
[monitor] latest:   /data/data/com.termux/files/home/site_monitor_reports/per_site/ambipower_ambimat_com/report_latest.html
============================================================
----- 2026-07-29 10:23:34 +0530 site END:   AmbiPower (crawler rc=0; alert=1 is a finding, not a job failure) -----
----- 2026-07-29 10:23:34 +0530 site START: Orders (orders_ambimat_com) -----
[monitor] crawling Orders (https://orders.ambimat.com) …
    WARN — 54 pages, 0 alerts, 55 warnings

============================================================
WARN: 16 broken links, 1 unverified links, 55 suspicious warnings
[monitor] json:     /data/data/com.termux/files/home/site_monitor_reports/per_site/orders_ambimat_com/report_20260729_102336.json
[monitor] markdown: /data/data/com.termux/files/home/site_monitor_reports/per_site/orders_ambimat_com/report_20260729_102336.md
[monitor] latest:   /data/data/com.termux/files/home/site_monitor_reports/per_site/orders_ambimat_com/report_latest.html
============================================================
----- 2026-07-29 10:25:51 +0530 site END:   Orders (crawler rc=0; alert=1 is a finding, not a job failure) -----
----- 2026-07-29 10:25:51 +0530 site START: RoboRacer (roboracer_ambimat_com) -----
[monitor] crawling RoboRacer (https://roboracer.ambimat.com) …
    OK — 3 pages, 0 alerts, 0 warnings

============================================================
OK: all 1 sites healthy — no public-page compromise indicators detected.
[monitor] json:     /data/data/com.termux/files/home/site_monitor_reports/per_site/roboracer_ambimat_com/report_20260729_102553.json
[monitor] markdown: /data/data/com.termux/files/home/site_monitor_reports/per_site/roboracer_ambimat_com/report_20260729_102553.md
[monitor] latest:   /data/data/com.termux/files/home/site_monitor_reports/per_site/roboracer_ambimat_com/report_latest.html
============================================================
----- 2026-07-29 10:26:05 +0530 site END:   RoboRacer (crawler rc=0; alert=1 is a finding, not a job failure) -----
WARN: 21 broken links, 6 unverified links, 702 suspicious warnings
[merge] combined 7 sites -> /data/data/com.termux/files/home/site_monitor_reports/report_latest.json
===== 2026-07-29 10:26:08 +0530 daily run end (merge rc=0) =====
===== 2026-07-30 10:00:01 +0530 daily run start (per-site mode) =====
----- 2026-07-30 10:00:01 +0530 site START: Ambimat (ambimat_com) -----
[monitor] crawling Ambimat (https://ambimat.com) …
    WARN — 461 pages, 0 alerts, 492 warnings

============================================================
WARN: 5 broken links, 1 unverified links, 492 suspicious warnings
[monitor] json:     /data/data/com.termux/files/home/site_monitor_reports/per_site/ambimat_com/report_20260730_100004.json
[monitor] markdown: /data/data/com.termux/files/home/site_monitor_reports/per_site/ambimat_com/report_20260730_100004.md
[monitor] latest:   /data/data/com.termux/files/home/site_monitor_reports/per_site/ambimat_com/report_latest.html
============================================================
----- 2026-07-30 10:14:30 +0530 site END:   Ambimat (crawler rc=0; alert=1 is a finding, not a job failure) -----
----- 2026-07-30 10:14:30 +0530 site START: AmbiSecure (ambisecure_ambimat_com) -----
[monitor] crawling AmbiSecure (https://ambisecure.ambimat.com) …
    WARN — 314 pages, 0 alerts, 70 warnings

============================================================
WARN: 1 broken links, 2 unverified links, 70 suspicious warnings
[monitor] json:     /data/data/com.termux/files/home/site_monitor_reports/per_site/ambisecure_ambimat_com/report_20260730_101432.json
[monitor] markdown: /data/data/com.termux/files/home/site_monitor_reports/per_site/ambisecure_ambimat_com/report_20260730_101432.md
[monitor] latest:   /data/data/com.termux/files/home/site_monitor_reports/per_site/ambisecure_ambimat_com/report_latest.html
============================================================
----- 2026-07-30 10:19:39 +0530 site END:   AmbiSecure (crawler rc=0; alert=1 is a finding, not a job failure) -----
----- 2026-07-30 10:19:39 +0530 site START: AmbiAutomation (ambiautomation_ambimat_com) -----
[monitor] crawling AmbiAutomation (https://ambiautomation.ambimat.com) …
    WARN — 28 pages, 0 alerts, 2 warnings

============================================================
WARN: 2 unverified links, 2 suspicious warnings
[monitor] json:     /data/data/com.termux/files/home/site_monitor_reports/per_site/ambiautomation_ambimat_com/report_20260730_101940.json
[monitor] markdown: /data/data/com.termux/files/home/site_monitor_reports/per_site/ambiautomation_ambimat_com/report_20260730_101940.md
[monitor] latest:   /data/data/com.termux/files/home/site_monitor_reports/per_site/ambiautomation_ambimat_com/report_latest.html
============================================================
----- 2026-07-30 10:20:15 +0530 site END:   AmbiAutomation (crawler rc=0; alert=1 is a finding, not a job failure) -----
----- 2026-07-30 10:20:15 +0530 site START: Ambimat eSIM (esim_ambimat_com) -----
[monitor] crawling Ambimat eSIM (https://esim.ambimat.com) …
    WARN — 33 pages, 0 alerts, 67 warnings

============================================================
WARN: 1 unverified links, 67 suspicious warnings
[monitor] json:     /data/data/com.termux/files/home/site_monitor_reports/per_site/esim_ambimat_com/report_20260730_102017.json
[monitor] markdown: /data/data/com.termux/files/home/site_monitor_reports/per_site/esim_ambimat_com/report_20260730_102017.md
[monitor] latest:   /data/data/com.termux/files/home/site_monitor_reports/per_site/esim_ambimat_com/report_latest.html
============================================================
----- 2026-07-30 10:21:50 +0530 site END:   Ambimat eSIM (crawler rc=0; alert=1 is a finding, not a job failure) -----
----- 2026-07-30 10:21:50 +0530 site START: AmbiPower (ambipower_ambimat_com) -----
[monitor] crawling AmbiPower (https://ambipower.ambimat.com) …
    WARN — 27 pages, 0 alerts, 1 warnings

============================================================
WARN: 1 unverified links, 1 suspicious warnings
[monitor] json:     /data/data/com.termux/files/home/site_monitor_reports/per_site/ambipower_ambimat_com/report_20260730_102152.json
[monitor] markdown: /data/data/com.termux/files/home/site_monitor_reports/per_site/ambipower_ambimat_com/report_20260730_102152.md
[monitor] latest:   /data/data/com.termux/files/home/site_monitor_reports/per_site/ambipower_ambimat_com/report_latest.html
============================================================
----- 2026-07-30 10:22:30 +0530 site END:   AmbiPower (crawler rc=0; alert=1 is a finding, not a job failure) -----
----- 2026-07-30 10:22:30 +0530 site START: Orders (orders_ambimat_com) -----
[monitor] crawling Orders (https://orders.ambimat.com) …
    WARN — 54 pages, 0 alerts, 60 warnings

============================================================
WARN: 15 broken links, 2 unverified links, 60 suspicious warnings
[monitor] json:     /data/data/com.termux/files/home/site_monitor_reports/per_site/orders_ambimat_com/report_20260730_102232.json
[monitor] markdown: /data/data/com.termux/files/home/site_monitor_reports/per_site/orders_ambimat_com/report_20260730_102232.md
[monitor] latest:   /data/data/com.termux/files/home/site_monitor_reports/per_site/orders_ambimat_com/report_latest.html
============================================================
----- 2026-07-30 10:24:27 +0530 site END:   Orders (crawler rc=0; alert=1 is a finding, not a job failure) -----
----- 2026-07-30 10:24:27 +0530 site START: RoboRacer (roboracer_ambimat_com) -----
[monitor] crawling RoboRacer (https://roboracer.ambimat.com) …
    WARN — 7 pages, 0 alerts, 2 warnings

============================================================
WARN: 1 broken links, 2 suspicious warnings
[monitor] json:     /data/data/com.termux/files/home/site_monitor_reports/per_site/roboracer_ambimat_com/report_20260730_102429.json
[monitor] markdown: /data/data/com.termux/files/home/site_monitor_reports/per_site/roboracer_ambimat_com/report_20260730_102429.md
[monitor] latest:   /data/data/com.termux/files/home/site_monitor_reports/per_site/roboracer_ambimat_com/report_latest.html
============================================================
----- 2026-07-30 10:24:43 +0530 site END:   RoboRacer (crawler rc=0; alert=1 is a finding, not a job failure) -----
WARN: 22 broken links, 9 unverified links, 694 suspicious warnings
[merge] combined 7 sites -> /data/data/com.termux/files/home/site_monitor_reports/report_latest.json
===== 2026-07-30 10:24:46 +0530 daily run end (merge rc=0) =====
===== 2026-07-31 10:00:02 +0530 daily run start (per-site mode) =====
----- 2026-07-31 10:00:03 +0530 site START: Ambimat (ambimat_com) -----
[monitor] crawling Ambimat (https://ambimat.com) …
    WARN — 461 pages, 0 alerts, 492 warnings

============================================================
WARN: 2 broken links, 3 unverified links, 492 suspicious warnings
[monitor] json:     /data/data/com.termux/files/home/site_monitor_reports/per_site/ambimat_com/report_20260731_100005.json
[monitor] markdown: /data/data/com.termux/files/home/site_monitor_reports/per_site/ambimat_com/report_20260731_100005.md
[monitor] latest:   /data/data/com.termux/files/home/site_monitor_reports/per_site/ambimat_com/report_latest.html
============================================================
----- 2026-07-31 10:15:56 +0530 site END:   Ambimat (crawler rc=0; alert=1 is a finding, not a job failure) -----
----- 2026-07-31 10:15:56 +0530 site START: AmbiSecure (ambisecure_ambimat_com) -----
[monitor] crawling AmbiSecure (https://ambisecure.ambimat.com) …
    WARN — 314 pages, 0 alerts, 74 warnings

============================================================
WARN: 2 broken links, 2 unverified links, 74 suspicious warnings
[monitor] json:     /data/data/com.termux/files/home/site_monitor_reports/per_site/ambisecure_ambimat_com/report_20260731_101558.json
[monitor] markdown: /data/data/com.termux/files/home/site_monitor_reports/per_site/ambisecure_ambimat_com/report_20260731_101558.md
[monitor] latest:   /data/data/com.termux/files/home/site_monitor_reports/per_site/ambisecure_ambimat_com/report_latest.html
============================================================
----- 2026-07-31 10:20:56 +0530 site END:   AmbiSecure (crawler rc=0; alert=1 is a finding, not a job failure) -----
----- 2026-07-31 10:20:56 +0530 site START: AmbiAutomation (ambiautomation_ambimat_com) -----
[monitor] crawling AmbiAutomation (https://ambiautomation.ambimat.com) …
    WARN — 28 pages, 0 alerts, 2 warnings

============================================================
WARN: 2 unverified links, 2 suspicious warnings
[monitor] json:     /data/data/com.termux/files/home/site_monitor_reports/per_site/ambiautomation_ambimat_com/report_20260731_102058.json
[monitor] markdown: /data/data/com.termux/files/home/site_monitor_reports/per_site/ambiautomation_ambimat_com/report_20260731_102058.md
[monitor] latest:   /data/data/com.termux/files/home/site_monitor_reports/per_site/ambiautomation_ambimat_com/report_latest.html
============================================================
----- 2026-07-31 10:21:31 +0530 site END:   AmbiAutomation (crawler rc=0; alert=1 is a finding, not a job failure) -----
----- 2026-07-31 10:21:31 +0530 site START: Ambimat eSIM (esim_ambimat_com) -----
[monitor] crawling Ambimat eSIM (https://esim.ambimat.com) …
    WARN — 33 pages, 0 alerts, 67 warnings

============================================================
WARN: 4 broken links, 67 suspicious warnings
[monitor] json:     /data/data/com.termux/files/home/site_monitor_reports/per_site/esim_ambimat_com/report_20260731_102132.json
[monitor] markdown: /data/data/com.termux/files/home/site_monitor_reports/per_site/esim_ambimat_com/report_20260731_102132.md
[monitor] latest:   /data/data/com.termux/files/home/site_monitor_reports/per_site/esim_ambimat_com/report_latest.html
============================================================
----- 2026-07-31 10:22:33 +0530 site END:   Ambimat eSIM (crawler rc=0; alert=1 is a finding, not a job failure) -----
----- 2026-07-31 10:22:33 +0530 site START: AmbiPower (ambipower_ambimat_com) -----
[monitor] crawling AmbiPower (https://ambipower.ambimat.com) …
    WARN — 27 pages, 0 alerts, 1 warnings

============================================================
WARN: 1 unverified links, 1 suspicious warnings
[monitor] json:     /data/data/com.termux/files/home/site_monitor_reports/per_site/ambipower_ambimat_com/report_20260731_102235.json
[monitor] markdown: /data/data/com.termux/files/home/site_monitor_reports/per_site/ambipower_ambimat_com/report_20260731_102235.md
[monitor] latest:   /data/data/com.termux/files/home/site_monitor_reports/per_site/ambipower_ambimat_com/report_latest.html
============================================================
----- 2026-07-31 10:23:05 +0530 site END:   AmbiPower (crawler rc=0; alert=1 is a finding, not a job failure) -----
----- 2026-07-31 10:23:05 +0530 site START: Orders (orders_ambimat_com) -----
[monitor] crawling Orders (https://orders.ambimat.com) …
    WARN — 36 pages, 0 alerts, 38 warnings

============================================================
WARN: 16 broken links, 1 unverified links, 38 suspicious warnings
[monitor] json:     /data/data/com.termux/files/home/site_monitor_reports/per_site/orders_ambimat_com/report_20260731_102307.json
[monitor] markdown: /data/data/com.termux/files/home/site_monitor_reports/per_site/orders_ambimat_com/report_20260731_102307.md
[monitor] latest:   /data/data/com.termux/files/home/site_monitor_reports/per_site/orders_ambimat_com/report_latest.html
============================================================
----- 2026-07-31 10:24:41 +0530 site END:   Orders (crawler rc=0; alert=1 is a finding, not a job failure) -----
----- 2026-07-31 10:24:41 +0530 site START: RoboRacer (roboracer_ambimat_com) -----
[monitor] crawling RoboRacer (https://roboracer.ambimat.com) …
    OK — 7 pages, 0 alerts, 0 warnings

============================================================
OK: all 1 sites healthy — no public-page compromise indicators detected.
[monitor] json:     /data/data/com.termux/files/home/site_monitor_reports/per_site/roboracer_ambimat_com/report_20260731_102443.json
[monitor] markdown: /data/data/com.termux/files/home/site_monitor_reports/per_site/roboracer_ambimat_com/report_20260731_102443.md
[monitor] latest:   /data/data/com.termux/files/home/site_monitor_reports/per_site/roboracer_ambimat_com/report_latest.html
============================================================
----- 2026-07-31 10:25:01 +0530 site END:   RoboRacer (crawler rc=0; alert=1 is a finding, not a job failure) -----
WARN: 25 broken links, 9 unverified links, 674 suspicious warnings
[merge] combined 7 sites -> /data/data/com.termux/files/home/site_monitor_reports/report_latest.json
===== 2026-07-31 10:25:04 +0530 daily run end (merge rc=0) =====
